{
    "pageUrl": "/catalog/legkovye/?arCatalogFilter_458_1500340406=Y&set_filter=Y&sort%5Brecommendations%5D=asc&PAGEN_1=2",
    "items": [
        {
            "id": 143911,
            "isNew": false,
            "EDIT_LINK": null,
            "DELETE_LINK": null,
            "props": [
                {
                    "name": "Ширина",
                    "value": "175 "
                },
                {
                    "name": "Диаметр",
                    "value": "13 "
                }
            ],
            "type": "tires",
            "isPromo": null,
            "amount": 2,
            "season": "Летние",
            "price": 3320,
            "name": "175/70 R13 82T KORMORAN Road TL",
            "sectionId": 7278,
            "sectionName": "Легковые",
            "sectionPath": [
                {
                    "ID": "7278",
                    "NAME": "Легковые"
                },
                {
                    "ID": "7267",
                    "NAME": "Шины"
                }
            ],
            "imgSrc": "/upload/resize_cache/rembg-image/b20/275_275_1/cdm3lpuq5k37op7vg0uwnx5emsyph58y.png",
            "url": "/catalog/legkovye/17570r13-82t-road-tl/",
            "promo": [],
            "discountStores": [],
            "externalStores": [],
            "commonStores": [],
            "brand": "KORMORAN",
            "brandCode": "",
            "vendorCode": "569032",
            "model": "Road",
            "raznItems": [
                {
                    "id": "143911",
                    "name": "175/70 R13",
                    "price": 3320,
                    "amount": "2",
                    "quantity": 1,
                    "url": "/catalog/legkovye/17570r13-82t-road-tl/"
                }
            ]
        },
        {
            "id": 130999,
            "isNew": false,
            "EDIT_LINK": null,
            "DELETE_LINK": null,
            "props": [
                {
                    "name": "Ширина",
                    "value": "205 "
                },
                {
                    "name": "Диаметр",
                    "value": "16 "
                }
            ],
            "type": "tires",
            "isPromo": null,
            "amount": 253,
            "season": "Летние",
            "price": 3330,
            "name": "205/55 R16  КАМА Кама-365 (НК-241) TL",
            "sectionId": 7278,
            "sectionName": "Легковые",
            "sectionPath": [
                {
                    "ID": "7278",
                    "NAME": "Легковые"
                },
                {
                    "ID": "7267",
                    "NAME": "Шины"
                }
            ],
            "imgSrc": "/upload/resize_cache/rembg-image/3a2/275_275_1/xyo6i2leen5mfmpxbyjt67ijusyn2um6.png",
            "url": "/catalog/legkovye/20555-r16-kama-kama-365-nk-241-tl70136/",
            "promo": [],
            "discountStores": [],
            "externalStores": [],
            "commonStores": [
                {
                    "STORE_ID": "158",
                    "PRODUCT_ID": "130999",
                    "AMOUNT": "249",
                    "PRODUCT_XML_ID": "70136",
                    "STORE_XML_ID": "351",
                    "STORE_NAME": "Оптовый Склад",
                    "PRICE": "3330.00",
                    "PRICE_ID": "9"
                },
                {
                    "STORE_ID": "160",
                    "PRODUCT_ID": "130999",
                    "AMOUNT": "4",
                    "PRODUCT_XML_ID": "70136",
                    "STORE_XML_ID": "407",
                    "STORE_NAME": "г. Челябинск, ул. Пионерская, 4",
                    "PRICE": "3330.00",
                    "PRICE_ID": "11"
                }
            ],
            "brand": "KAMA",
            "brandCode": "",
            "vendorCode": "1150023",
            "model": "Кама-365 (НК-241)",
            "raznItems": [
                {
                    "id": "130999",
                    "name": "205/55 R16",
                    "price": 3330,
                    "amount": "4",
                    "quantity": 1,
                    "url": "/catalog/legkovye/20555-r16-kama-kama-365-nk-241-tl70136/"
                }
            ]
        },
        {
            "id": 102371,
            "isNew": false,
            "EDIT_LINK": null,
            "DELETE_LINK": null,
            "props": [
                {
                    "name": "Ширина",
                    "value": "185 "
                },
                {
                    "name": "Диаметр",
                    "value": "15 "
                }
            ],
            "type": "tires",
            "isPromo": null,
            "amount": 218,
            "season": "Летние",
            "price": 3350,
            "name": "185/60 R15 84H БЕЛШИНА BEL-286 TL",
            "sectionId": 7278,
            "sectionName": "Легковые",
            "sectionPath": [
                {
                    "ID": "7278",
                    "NAME": "Легковые"
                },
                {
                    "ID": "7267",
                    "NAME": "Шины"
                }
            ],
            "imgSrc": "/upload/resize_cache/rembg-image/26c/275_275_1/1xq0pt53stlwfv48r2lbt9ejh3p0yrhu.png",
            "url": "/catalog/legkovye/18560-r15-84h-belshina-bel-286-tl73074/",
            "promo": [],
            "discountStores": [],
            "externalStores": [],
            "commonStores": [
                {
                    "STORE_ID": "158",
                    "PRODUCT_ID": "102371",
                    "AMOUNT": "218",
                    "PRODUCT_XML_ID": "73074",
                    "STORE_XML_ID": "351",
                    "STORE_NAME": "Оптовый Склад",
                    "PRICE": "3350.00",
                    "PRICE_ID": "9"
                }
            ],
            "brand": "БЕЛШИНА",
            "brandCode": "406",
            "vendorCode": "259002116",
            "model": "BEL-286",
            "raznItems": [
                {
                    "id": "102371",
                    "name": "185/60 R15",
                    "price": 3350,
                    "amount": "218",
                    "quantity": 1,
                    "url": "/catalog/legkovye/18560-r15-84h-belshina-bel-286-tl73074/"
                }
            ]
        },
        {
            "id": 160496,
            "isNew": false,
            "EDIT_LINK": null,
            "DELETE_LINK": null,
            "props": [
                {
                    "name": "Ширина",
                    "value": "175 "
                },
                {
                    "name": "Диаметр",
                    "value": "14 "
                }
            ],
            "type": "tires",
            "isPromo": null,
            "amount": 2,
            "season": "Летние",
            "price": 3360,
            "name": "175/80 R14 88T SAILUN Atrezzo Eco TL",
            "sectionId": 7278,
            "sectionName": "Легковые",
            "sectionPath": [
                {
                    "ID": "7278",
                    "NAME": "Легковые"
                },
                {
                    "ID": "7267",
                    "NAME": "Шины"
                }
            ],
            "imgSrc": "/upload/resize_cache/rembg-image/68f/275_275_1/v2p1i9s6n6b9ys4lz0n5u0fl7sj63u2j.png",
            "url": "/catalog/legkovye/17580r14-88t-atrezzo-eco-tl/",
            "promo": [],
            "discountStores": [],
            "externalStores": [],
            "commonStores": [],
            "brand": "SAILUN",
            "brandCode": "",
            "vendorCode": "3220010762",
            "model": "Atrezzo Eco",
            "raznItems": [
                {
                    "id": "160496",
                    "name": "175/80 R14",
                    "price": 3360,
                    "amount": "2",
                    "quantity": 1,
                    "url": "/catalog/legkovye/17580r14-88t-atrezzo-eco-tl/"
                }
            ]
        },
        {
            "id": 168426,
            "isNew": false,
            "EDIT_LINK": null,
            "DELETE_LINK": null,
            "props": [
                {
                    "name": "Ширина",
                    "value": "155 "
                },
                {
                    "name": "Диаметр",
                    "value": "14 "
                }
            ],
            "type": "tires",
            "isPromo": null,
            "amount": 4,
            "season": "Летние",
            "price": 3390,
            "name": "155/65 R14 75T KORMORAN All Season TL",
            "sectionId": 7278,
            "sectionName": "Легковые",
            "sectionPath": [
                {
                    "ID": "7278",
                    "NAME": "Легковые"
                },
                {
                    "ID": "7267",
                    "NAME": "Шины"
                }
            ],
            "imgSrc": "/upload/resize_cache/iblock/819/275_275_1/o1j5radsu7hysk14bqv2fh9ph33o55lh.png",
            "url": "/catalog/legkovye/15565-r14-75t-kormoran-all-season-tl-905387/",
            "promo": [],
            "discountStores": [],
            "externalStores": [],
            "commonStores": [],
            "brand": "KORMORAN",
            "brandCode": "",
            "vendorCode": "905387",
            "model": "All Season",
            "raznItems": [
                {
                    "id": "168426",
                    "name": "155/65 R14",
                    "price": 3390,
                    "amount": "4",
                    "quantity": 1,
                    "url": "/catalog/legkovye/15565-r14-75t-kormoran-all-season-tl-905387/"
                }
            ]
        },
        {
            "id": 91960,
            "isNew": false,
            "EDIT_LINK": null,
            "DELETE_LINK": null,
            "props": [
                {
                    "name": "Ширина",
                    "value": "175 "
                },
                {
                    "name": "Диаметр",
                    "value": "13 "
                }
            ],
            "type": "tires",
            "isPromo": null,
            "amount": 1466,
            "season": "Летние",
            "price": 2540,
            "name": "175/70 R13 82T КАМА Breeze (НК-132) TL",
            "sectionId": 7278,
            "sectionName": "Легковые",
            "sectionPath": [
                {
                    "ID": "7278",
                    "NAME": "Легковые"
                },
                {
                    "ID": "7267",
                    "NAME": "Шины"
                }
            ],
            "imgSrc": "/upload/resize_cache/rembg-image/16b/275_275_1/rkgqycuz2tcttp0gosd1kc634psl4yhp.png",
            "url": "/catalog/legkovye/17570-r13-82t-kama-breeze-nk-132-tl87212/",
            "promo": [],
            "discountStores": [],
            "externalStores": [],
            "commonStores": [
                {
                    "STORE_ID": "158",
                    "PRODUCT_ID": "91960",
                    "AMOUNT": "1462",
                    "PRODUCT_XML_ID": "FORTOCHKI_1110001",
                    "STORE_XML_ID": "351",
                    "STORE_NAME": "Оптовый Склад",
                    "PRICE": "2540.00",
                    "PRICE_ID": "9"
                },
                {
                    "STORE_ID": "174",
                    "PRODUCT_ID": "91960",
                    "AMOUNT": "4",
                    "PRODUCT_XML_ID": "FORTOCHKI_1110001",
                    "STORE_XML_ID": "423",
                    "STORE_NAME": "г. Челябинск, ул. Комарова, 34",
                    "PRICE": null,
                    "PRICE_ID": null
                }
            ],
            "brand": "КАМА",
            "brandCode": "",
            "vendorCode": "1110001",
            "model": "Breeze (НК-132)",
            "raznItems": [
                {
                    "id": "91960",
                    "name": "175/70 R13",
                    "price": 2540,
                    "amount": "4",
                    "quantity": 1,
                    "url": "/catalog/legkovye/17570-r13-82t-kama-breeze-nk-132-tl87212/"
                }
            ]
        },
        {
            "id": 100058,
            "isNew": false,
            "EDIT_LINK": null,
            "DELETE_LINK": null,
            "props": [
                {
                    "name": "Ширина",
                    "value": "185 "
                },
                {
                    "name": "Диаметр",
                    "value": "15 "
                }
            ],
            "type": "tires",
            "isPromo": null,
            "amount": 6,
            "season": "Летние",
            "price": 3410,
            "name": "185/55 R15 82H VIATTI Strada Asimmetrico (V-130) TL",
            "sectionId": 7278,
            "sectionName": "Легковые",
            "sectionPath": [
                {
                    "ID": "7278",
                    "NAME": "Легковые"
                },
                {
                    "ID": "7267",
                    "NAME": "Шины"
                }
            ],
            "imgSrc": "/upload/resize_cache/rembg-image/581/275_275_1/stoel6hadwyzfiy422466xanvns1uc8w.png",
            "url": "/catalog/legkovye/18555-r15-82h-viatti-strada-asimmetrico-v-130-tl55722/",
            "promo": [],
            "discountStores": [],
            "externalStores": [],
            "commonStores": [
                {
                    "STORE_ID": "158",
                    "PRODUCT_ID": "100058",
                    "AMOUNT": "2",
                    "PRODUCT_XML_ID": "55722",
                    "STORE_XML_ID": "351",
                    "STORE_NAME": "Оптовый Склад",
                    "PRICE": "3410.00",
                    "PRICE_ID": "9"
                },
                {
                    "STORE_ID": "174",
                    "PRODUCT_ID": "100058",
                    "AMOUNT": "4",
                    "PRODUCT_XML_ID": "55722",
                    "STORE_XML_ID": "423",
                    "STORE_NAME": "г. Челябинск, ул. Комарова, 34",
                    "PRICE": "3410.00",
                    "PRICE_ID": "25"
                }
            ],
            "brand": "VIATTI",
            "brandCode": "389",
            "vendorCode": "3110007",
            "model": "Strada Asimmetrico (V-130)",
            "raznItems": [
                {
                    "id": "92768",
                    "name": "185/60 R15",
                    "price": 3020,
                    "amount": "824",
                    "quantity": 1,
                    "url": "/catalog/legkovye/18560-r15-84h-viatti-strada-asimmetrico-v-130-tl07060/"
                },
                {
                    "id": "93656",
                    "name": "185/65 R15",
                    "price": 3260,
                    "amount": "1835",
                    "quantity": 1,
                    "url": "/catalog/legkovye/18565-r15-88h-viatti-strada-asimmetrico-v-130-tl42459/"
                },
                {
                    "id": "100058",
                    "name": "185/55 R15",
                    "price": 3410,
                    "amount": "4",
                    "quantity": 1,
                    "url": "/catalog/legkovye/18555-r15-82h-viatti-strada-asimmetrico-v-130-tl55722/"
                },
                {
                    "id": "100060",
                    "name": "195/60 R15",
                    "price": 3770,
                    "amount": "1",
                    "quantity": 1,
                    "url": "/catalog/legkovye/19560-r15-88v-viatti-strada-asimmetrico-v-130-tl55724/"
                },
                {
                    "id": "102503",
                    "name": "205/65 R15",
                    "price": 3960,
                    "amount": "9",
                    "quantity": 1,
                    "url": "/catalog/legkovye/20565-r15-94v-viatti-strada-asimmetrico-v-130-tl73488/"
                }
            ]
        },
        {
            "id": 155516,
            "isNew": false,
            "EDIT_LINK": null,
            "DELETE_LINK": null,
            "props": [
                {
                    "name": "Ширина",
                    "value": "155 "
                },
                {
                    "name": "Диаметр",
                    "value": "13 "
                }
            ],
            "type": "tires",
            "isPromo": null,
            "amount": 3,
            "season": "Летние",
            "price": 3450,
            "name": "155/80 R13 79T NOKIAN TYRES Nordman SX 3 TL",
            "sectionId": 7278,
            "sectionName": "Легковые",
            "sectionPath": [
                {
                    "ID": "7278",
                    "NAME": "Легковые"
                },
                {
                    "ID": "7267",
                    "NAME": "Шины"
                }
            ],
            "imgSrc": "/upload/resize_cache/rembg-image/309/275_275_1/ld8r087a8fkz8p2nymoo9odh49w5my0w.png",
            "url": "/catalog/legkovye/15580-r13-79t-nokian-tyres-nordman-sx-3-tl24459/",
            "promo": [],
            "discountStores": [],
            "externalStores": [],
            "commonStores": [
                {
                    "STORE_ID": "158",
                    "PRODUCT_ID": "155516",
                    "AMOUNT": "3",
                    "PRODUCT_XML_ID": "24459",
                    "STORE_XML_ID": "351",
                    "STORE_NAME": "Оптовый Склад",
                    "PRICE": "3450.00",
                    "PRICE_ID": "9"
                }
            ],
            "brand": "NOKIAN TYRES",
            "brandCode": "277",
            "vendorCode": "T432316",
            "model": "Nordman SX 3",
            "raznItems": [
                {
                    "id": "96916",
                    "name": "175/70 R13",
                    "price": 3450,
                    "amount": "4",
                    "quantity": 1,
                    "url": "/catalog/legkovye/17570-r13-82t-nokian-tyres-nordman-sx-3-tl22412/"
                },
                {
                    "id": "155516",
                    "name": "155/80 R13",
                    "price": 3450,
                    "amount": "3",
                    "quantity": 1,
                    "url": "/catalog/legkovye/15580-r13-79t-nokian-tyres-nordman-sx-3-tl24459/"
                }
            ]
        },
        {
            "id": 138413,
            "isNew": false,
            "EDIT_LINK": null,
            "DELETE_LINK": null,
            "props": [
                {
                    "name": "Ширина",
                    "value": "185 "
                },
                {
                    "name": "Диаметр",
                    "value": "15 "
                }
            ],
            "type": "tires",
            "isPromo": null,
            "amount": 868,
            "season": "Летние",
            "price": 3460,
            "name": "185/65 R15 88H БЕЛШИНА BEL-280 TL",
            "sectionId": 7278,
            "sectionName": "Легковые",
            "sectionPath": [
                {
                    "ID": "7278",
                    "NAME": "Легковые"
                },
                {
                    "ID": "7267",
                    "NAME": "Шины"
                }
            ],
            "imgSrc": "/upload/resize_cache/rembg-image/fe0/275_275_1/169avqv5j0w6qwnqil4i4zib3ebymzei.png",
            "url": "/catalog/legkovye/18565-r15-88h-belshina-bel-280-tl54100/",
            "promo": [],
            "discountStores": [],
            "externalStores": [],
            "commonStores": [
                {
                    "STORE_ID": "158",
                    "PRODUCT_ID": "138413",
                    "AMOUNT": "868",
                    "PRODUCT_XML_ID": "54100",
                    "STORE_XML_ID": "351",
                    "STORE_NAME": "Оптовый Склад",
                    "PRICE": "3460.00",
                    "PRICE_ID": "9"
                }
            ],
            "brand": "БЕЛШИНА",
            "brandCode": "406",
            "vendorCode": "259002084",
            "model": "BEL-280",
            "raznItems": [
                {
                    "id": "138413",
                    "name": "185/65 R15",
                    "price": 3460,
                    "amount": "868",
                    "quantity": 1,
                    "url": "/catalog/legkovye/18565-r15-88h-belshina-bel-280-tl54100/"
                }
            ]
        },
        {
            "id": 109453,
            "isNew": false,
            "EDIT_LINK": null,
            "DELETE_LINK": null,
            "props": [
                {
                    "name": "Ширина",
                    "value": "175 "
                },
                {
                    "name": "Диаметр",
                    "value": "13 "
                }
            ],
            "type": "tires",
            "isPromo": null,
            "amount": 1805,
            "season": "Летние",
            "price": 2590,
            "name": "175/70 R13 82H КАМА Кама-365 (НК-241) TL",
            "sectionId": 7278,
            "sectionName": "Легковые",
            "sectionPath": [
                {
                    "ID": "7278",
                    "NAME": "Легковые"
                },
                {
                    "ID": "7267",
                    "NAME": "Шины"
                }
            ],
            "imgSrc": "/upload/resize_cache/rembg-image/0a2/275_275_1/1gh4na26k5ylaun1bs1ga408oqi3wvkl.png",
            "url": "/catalog/legkovye/17570-r13-82h-kama-kama-365-nk-241-tl06861/",
            "promo": [],
            "discountStores": [],
            "externalStores": [],
            "commonStores": [
                {
                    "STORE_ID": "158",
                    "PRODUCT_ID": "109453",
                    "AMOUNT": "1803",
                    "PRODUCT_XML_ID": "FORTOCHKI_1150016",
                    "STORE_XML_ID": "351",
                    "STORE_NAME": "Оптовый Склад",
                    "PRICE": "2590.00",
                    "PRICE_ID": "9"
                },
                {
                    "STORE_ID": "159",
                    "PRODUCT_ID": "109453",
                    "AMOUNT": "2",
                    "PRODUCT_XML_ID": "FORTOCHKI_1150016",
                    "STORE_XML_ID": "387",
                    "STORE_NAME": "г. Челябинск, ул. Бр.Кашириных, 134б",
                    "PRICE": null,
                    "PRICE_ID": null
                }
            ],
            "brand": "КАМА",
            "brandCode": "",
            "vendorCode": "1150016",
            "model": "Кама-365 (НК-241)",
            "raznItems": [
                {
                    "id": "109453",
                    "name": "175/70 R13",
                    "price": 2590,
                    "amount": "2",
                    "quantity": 1,
                    "url": "/catalog/legkovye/17570-r13-82h-kama-kama-365-nk-241-tl06861/"
                }
            ]
        },
        {
            "id": 161744,
            "isNew": false,
            "EDIT_LINK": null,
            "DELETE_LINK": null,
            "props": [
                {
                    "name": "Ширина",
                    "value": "205 "
                },
                {
                    "name": "Диаметр",
                    "value": "15 "
                }
            ],
            "type": "tires",
            "isPromo": null,
            "amount": 42,
            "season": "Летние",
            "price": 3490,
            "name": "205/65 R15 94T КАМА Breeze (НК-132) TL",
            "sectionId": 7278,
            "sectionName": "Легковые",
            "sectionPath": [
                {
                    "ID": "7278",
                    "NAME": "Легковые"
                },
                {
                    "ID": "7267",
                    "NAME": "Шины"
                }
            ],
            "imgSrc": "/upload/resize_cache/rembg-image/e5a/275_275_1/2rwchao11cm0931096jmexd0h7f7ch17.png",
            "url": "/catalog/legkovye/20565-r15-94t-kama-breeze-nk-132-tl07385/",
            "promo": [],
            "discountStores": [],
            "externalStores": [],
            "commonStores": [
                {
                    "STORE_ID": "156",
                    "PRODUCT_ID": "161744",
                    "AMOUNT": "2",
                    "PRODUCT_XML_ID": "07385",
                    "STORE_XML_ID": "419",
                    "STORE_NAME": "г. Челябинск, Свердловский тракт, 12б",
                    "PRICE": "3490.00",
                    "PRICE_ID": "7"
                },
                {
                    "STORE_ID": "158",
                    "PRODUCT_ID": "161744",
                    "AMOUNT": "40",
                    "PRODUCT_XML_ID": "07385",
                    "STORE_XML_ID": "351",
                    "STORE_NAME": "Оптовый Склад",
                    "PRICE": "3490.00",
                    "PRICE_ID": "9"
                }
            ],
            "brand": "КАМА",
            "brandCode": "",
            "vendorCode": "1110008",
            "model": "Breeze (НК-132)",
            "raznItems": [
                {
                    "id": "161744",
                    "name": "205/65 R15",
                    "price": 3490,
                    "amount": "40",
                    "quantity": 1,
                    "url": "/catalog/legkovye/20565-r15-94t-kama-breeze-nk-132-tl07385/"
                }
            ]
        },
        {
            "id": 167935,
            "isNew": false,
            "EDIT_LINK": null,
            "DELETE_LINK": null,
            "props": [
                {
                    "name": "Ширина",
                    "value": "195 "
                },
                {
                    "name": "Диаметр",
                    "value": "15 "
                }
            ],
            "type": "tires",
            "isPromo": null,
            "amount": 41,
            "season": "Летние",
            "price": 3520,
            "name": "195/60 R15 88V HIFLY HF201 TL",
            "sectionId": 7278,
            "sectionName": "Легковые",
            "sectionPath": [
                {
                    "ID": "7278",
                    "NAME": "Легковые"
                },
                {
                    "ID": "7267",
                    "NAME": "Шины"
                }
            ],
            "imgSrc": "/upload/resize_cache/iblock/923/275_275_1/ba79zqeb2r6uvfmm3aosg52z1cvdor47.png",
            "url": "/catalog/legkovye/19560-r15-88v-hifly-hf201-tl-200h2027/",
            "promo": [],
            "discountStores": [],
            "externalStores": [],
            "commonStores": [],
            "brand": "HIFLY",
            "brandCode": "",
            "vendorCode": "200H2027",
            "model": "HF201",
            "raznItems": [
                {
                    "id": "167935",
                    "name": "195/60 R15",
                    "price": 3520,
                    "amount": "41",
                    "quantity": 1,
                    "url": "/catalog/legkovye/19560-r15-88v-hifly-hf201-tl-200h2027/"
                },
                {
                    "id": "168238",
                    "name": "185/60 R15",
                    "price": 3010,
                    "amount": "41",
                    "quantity": 1,
                    "url": "/catalog/legkovye/18560-r15-84h-hifly-hf201-tl-200h2024/"
                }
            ]
        },
        {
            "id": 92170,
            "isNew": false,
            "EDIT_LINK": null,
            "DELETE_LINK": null,
            "props": [
                {
                    "name": "Ширина",
                    "value": "185 "
                },
                {
                    "name": "Диаметр",
                    "value": "14 "
                }
            ],
            "type": "tires",
            "isPromo": null,
            "amount": 30,
            "season": "Летние",
            "price": 2610,
            "name": "185/60 R14 82H КАМА Breeze (НК-132) TL",
            "sectionId": 7278,
            "sectionName": "Легковые",
            "sectionPath": [
                {
                    "ID": "7278",
                    "NAME": "Легковые"
                },
                {
                    "ID": "7267",
                    "NAME": "Шины"
                }
            ],
            "imgSrc": "/upload/resize_cache/rembg-image/76c/275_275_1/0revtav52cmk15olnpc20sm7bhfo2ilu.png",
            "url": "/catalog/legkovye/18560-r14-82h-kama-breeze-nk-132-tl92763/",
            "promo": [],
            "discountStores": [],
            "externalStores": [],
            "commonStores": [
                {
                    "STORE_ID": "158",
                    "PRODUCT_ID": "92170",
                    "AMOUNT": "30",
                    "PRODUCT_XML_ID": "92763",
                    "STORE_XML_ID": "351",
                    "STORE_NAME": "Оптовый Склад",
                    "PRICE": "2610.00",
                    "PRICE_ID": "9"
                }
            ],
            "brand": "КАМА",
            "brandCode": "420",
            "vendorCode": "1110004",
            "model": "Breeze (НК-132)",
            "raznItems": [
                {
                    "id": "92170",
                    "name": "185/60 R14",
                    "price": 2610,
                    "amount": "30",
                    "quantity": 1,
                    "url": "/catalog/legkovye/18560-r14-82h-kama-breeze-nk-132-tl92763/"
                },
                {
                    "id": "92175",
                    "name": "175/70 R14",
                    "price": 2650,
                    "amount": "121",
                    "quantity": 1,
                    "url": "/catalog/legkovye/17570-r14-84t-kama-breeze-nk-132-tl92777/"
                }
            ]
        },
        {
            "id": 109452,
            "isNew": false,
            "EDIT_LINK": null,
            "DELETE_LINK": null,
            "props": [
                {
                    "name": "Ширина",
                    "value": "155 "
                },
                {
                    "name": "Диаметр",
                    "value": "13 "
                }
            ],
            "type": "tires",
            "isPromo": null,
            "amount": 36,
            "season": "Летние",
            "price": 2680,
            "name": "155/65 R13 73T КАМА Кама-365 (НК-241) TL",
            "sectionId": 7278,
            "sectionName": "Легковые",
            "sectionPath": [
                {
                    "ID": "7278",
                    "NAME": "Легковые"
                },
                {
                    "ID": "7267",
                    "NAME": "Шины"
                }
            ],
            "imgSrc": "/upload/resize_cache/rembg-image/a4a/275_275_1/j7khos04wpp5lc1adztt0lembwkmdeo6.png",
            "url": "/catalog/legkovye/15565-r13-73t-kama-kama-365-nk-241-tl06860/",
            "promo": [],
            "discountStores": [],
            "externalStores": [],
            "commonStores": [
                {
                    "STORE_ID": "158",
                    "PRODUCT_ID": "109452",
                    "AMOUNT": "34",
                    "PRODUCT_XML_ID": "06860",
                    "STORE_XML_ID": "351",
                    "STORE_NAME": "Оптовый Склад",
                    "PRICE": "2680.00",
                    "PRICE_ID": "9"
                },
                {
                    "STORE_ID": "160",
                    "PRODUCT_ID": "109452",
                    "AMOUNT": "2",
                    "PRODUCT_XML_ID": "06860",
                    "STORE_XML_ID": "407",
                    "STORE_NAME": "г. Челябинск, ул. Пионерская, 4",
                    "PRICE": null,
                    "PRICE_ID": null
                }
            ],
            "brand": "КАМА",
            "brandCode": "420",
            "vendorCode": "1150017",
            "model": "Кама-365 (НК-241)",
            "raznItems": [
                {
                    "id": "109452",
                    "name": "155/65 R13",
                    "price": 2680,
                    "amount": "2",
                    "quantity": 1,
                    "url": "/catalog/legkovye/15565-r13-73t-kama-kama-365-nk-241-tl06860/"
                }
            ]
        }
    ],
    "filter": {
        "0": {
            "LOGIC": "OR",
            ">STORE_AMOUNT_156": 0,
            ">STORE_AMOUNT_158": 0,
            ">STORE_AMOUNT_159": 0,
            ">STORE_AMOUNT_160": 0,
            ">STORE_AMOUNT_161": 0,
            ">STORE_AMOUNT_164": 0,
            ">STORE_AMOUNT_165": 0,
            ">STORE_AMOUNT_168": 0,
            ">STORE_AMOUNT_169": 0,
            ">STORE_AMOUNT_174": 0,
            ">STORE_AMOUNT_180": 0,
            ">STORE_AMOUNT_184": 0,
            ">STORE_AMOUNT_185": 0,
            ">STORE_AMOUNT_191": 0,
            ">STORE_AMOUNT_192": 0,
            ">STORE_AMOUNT_194": 0,
            ">STORE_AMOUNT_6087": 0
        },
        "1": {
            "LOGIC": "OR",
            ">CATALOG_CATALOG_GROUP_ID_33": 0,
            ">CATALOG_CATALOG_GROUP_ID_90": 0,
            ">CATALOG_CATALOG_GROUP_ID_96": 0,
            ">CATALOG_CATALOG_GROUP_ID_97": 0,
            ">CATALOG_CATALOG_GROUP_ID_98": 0
        },
        "2": {
            "LOGIC": "OR",
            ">STORE_AMOUNT_156": 0,
            ">STORE_AMOUNT_158": 0,
            ">STORE_AMOUNT_159": 0,
            ">STORE_AMOUNT_160": 0,
            ">STORE_AMOUNT_161": 0,
            ">STORE_AMOUNT_164": 0,
            ">STORE_AMOUNT_165": 0,
            ">STORE_AMOUNT_168": 0,
            ">STORE_AMOUNT_169": 0,
            ">STORE_AMOUNT_174": 0,
            ">STORE_AMOUNT_180": 0,
            ">STORE_AMOUNT_184": 0,
            ">STORE_AMOUNT_185": 0,
            ">STORE_AMOUNT_191": 0,
            ">STORE_AMOUNT_192": 0,
            ">STORE_AMOUNT_194": 0,
            ">STORE_AMOUNT_6087": 0
        },
        "3": {
            "LOGIC": "OR",
            ">CATALOG_CATALOG_GROUP_ID_33": 0,
            ">CATALOG_CATALOG_GROUP_ID_90": 0,
            ">CATALOG_CATALOG_GROUP_ID_96": 0,
            ">CATALOG_CATALOG_GROUP_ID_97": 0,
            ">CATALOG_CATALOG_GROUP_ID_98": 0
        },
        "=PROPERTY_458": [
            "154"
        ]
    },
    "promo": {
        "id": "165954",
        "url": "/promo/shiny-v-rassrochku/",
        "name": "Покупки в рассрочку",
        "text": "Теперь вы можете купить зимние шины, или диски в рассрочку быстро и легко: без первоначального взноса и без переплаты!",
        "imgSrc": "/upload/resize_cache/iblock/356/1075_613_1/8iiw8xmv2bzky9euo9mn57dqx6dk3xa9.jpg",
        "videoSrc": null
    },
    "promoFilter": {
        "IBLOCK_ID": 10,
        "ACTIVE": "Y",
        "=PROPERTY_SECTION": 206,
        "=PROPERTY_CATALOG_SEASON": [
            false,
            204
        ],
        "=PROPERTY_CATALOG_BRAND": [
            false
        ]
    },
    "navNum": 1,
    "pagesCount": 111,
    "pageNum": 2
}