{
    "pageUrl": "/catalog/legkovye/?arCatalogFilter_458_1500340406=Y&set_filter=Y&sort%5Brecommendations%5D=asc&PAGEN_1=3",
    "items": [
        {
            "id": 102402,
            "isNew": false,
            "EDIT_LINK": null,
            "DELETE_LINK": null,
            "props": [
                {
                    "name": "Ширина",
                    "value": "175 "
                },
                {
                    "name": "Диаметр",
                    "value": "13 "
                }
            ],
            "type": "tires",
            "isPromo": null,
            "amount": 4,
            "season": "Летние",
            "price": 2870,
            "name": "175/70 R13 86T TUNGA Zodiak 2 TL",
            "sectionId": 7278,
            "sectionName": "Легковые",
            "sectionPath": [
                {
                    "ID": "7278",
                    "NAME": "Легковые"
                },
                {
                    "ID": "7267",
                    "NAME": "Шины"
                }
            ],
            "imgSrc": "/upload/resize_cache/rembg-image/807/275_275_1/7vdg7qojsi4t2kcvg2sf91iuhelz0hif.png",
            "url": "/catalog/legkovye/17570-r13-86t-tunga-zodiak-2-tl73339/",
            "promo": [],
            "discountStores": [],
            "externalStores": [],
            "commonStores": [
                {
                    "STORE_ID": "160",
                    "PRODUCT_ID": "102402",
                    "AMOUNT": "4",
                    "PRODUCT_XML_ID": "73339",
                    "STORE_XML_ID": "407",
                    "STORE_NAME": "г. Челябинск, ул. Пионерская, 4",
                    "PRICE": "2870.00",
                    "PRICE_ID": "11"
                }
            ],
            "brand": "TUNGA",
            "brandCode": "665",
            "vendorCode": "742205913",
            "model": "Zodiak 2",
            "raznItems": [
                {
                    "id": "102402",
                    "name": "175/70 R13",
                    "price": 2870,
                    "amount": "4",
                    "quantity": 1,
                    "url": "/catalog/legkovye/17570-r13-86t-tunga-zodiak-2-tl73339/"
                }
            ]
        },
        {
            "id": 154992,
            "isNew": false,
            "EDIT_LINK": null,
            "DELETE_LINK": null,
            "props": [
                {
                    "name": "Ширина",
                    "value": "175 "
                },
                {
                    "name": "Диаметр",
                    "value": "14 "
                }
            ],
            "type": "tires",
            "isPromo": null,
            "amount": 1118,
            "season": "Летние",
            "price": 2770,
            "name": "175/65 R14 82H КАМА Grant (НК-241) TL",
            "sectionId": 7278,
            "sectionName": "Легковые",
            "sectionPath": [
                {
                    "ID": "7278",
                    "NAME": "Легковые"
                },
                {
                    "ID": "7267",
                    "NAME": "Шины"
                }
            ],
            "imgSrc": "/upload/resize_cache/rembg-image/788/275_275_1/cs0qhy11u7dgvmtaud349xjvm31i5fgr.png",
            "url": "/catalog/legkovye/17565-r14-82h-kama-grant-nk-241-tl25810/",
            "promo": [],
            "discountStores": [],
            "externalStores": [],
            "commonStores": [
                {
                    "STORE_ID": "158",
                    "PRODUCT_ID": "154992",
                    "AMOUNT": "1118",
                    "PRODUCT_XML_ID": "FORTOCHKI_1110011",
                    "STORE_XML_ID": "351",
                    "STORE_NAME": "Оптовый Склад",
                    "PRICE": "2770.00",
                    "PRICE_ID": "9"
                }
            ],
            "brand": "КАМА",
            "brandCode": "",
            "vendorCode": "1110011",
            "model": "Grant (НК-241)",
            "raznItems": [
                {
                    "id": "150821",
                    "name": "185/60 R14",
                    "price": 2660,
                    "amount": "1352",
                    "quantity": 1,
                    "url": "/catalog/legkovye/18560-r14-82h-kama-grant-nk-241-tl25811/"
                },
                {
                    "id": "154992",
                    "name": "175/65 R14",
                    "price": 2770,
                    "amount": "1118",
                    "quantity": 1,
                    "url": "/catalog/legkovye/17565-r14-82h-kama-grant-nk-241-tl25810/"
                }
            ]
        },
        {
            "id": 109454,
            "isNew": false,
            "EDIT_LINK": null,
            "DELETE_LINK": null,
            "props": [
                {
                    "name": "Ширина",
                    "value": "175 "
                },
                {
                    "name": "Диаметр",
                    "value": "14 "
                }
            ],
            "type": "tires",
            "isPromo": null,
            "amount": 1688,
            "season": "Летние",
            "price": 2700,
            "name": "175/65 R14 82H КАМА Кама-365 (НК-241) TL",
            "sectionId": 7278,
            "sectionName": "Легковые",
            "sectionPath": [
                {
                    "ID": "7278",
                    "NAME": "Легковые"
                },
                {
                    "ID": "7267",
                    "NAME": "Шины"
                }
            ],
            "imgSrc": "/upload/resize_cache/rembg-image/de7/275_275_1/zdxihcy1zd3yzgtssa5u1xu9ftvlt520.png",
            "url": "/catalog/legkovye/17565-r14-82h-kama-kama-365-nk-241-tl06862/",
            "promo": [],
            "discountStores": [],
            "externalStores": [],
            "commonStores": [
                {
                    "STORE_ID": "158",
                    "PRODUCT_ID": "109454",
                    "AMOUNT": "1688",
                    "PRODUCT_XML_ID": "06862",
                    "STORE_XML_ID": "351",
                    "STORE_NAME": "Оптовый Склад",
                    "PRICE": "2700.00",
                    "PRICE_ID": "9"
                }
            ],
            "brand": "KAMA",
            "brandCode": "",
            "vendorCode": "1150012",
            "model": "Кама-365 (НК-241)",
            "raznItems": [
                {
                    "id": "109454",
                    "name": "175/65 R14",
                    "price": 2700,
                    "amount": "1688",
                    "quantity": 1,
                    "url": "/catalog/legkovye/17565-r14-82h-kama-kama-365-nk-241-tl06862/"
                },
                {
                    "id": "109456",
                    "name": "185/65 R14",
                    "price": 2870,
                    "amount": "4",
                    "quantity": 1,
                    "url": "/catalog/legkovye/18565-r14-86h-kama-kama-365-nk-241-tl06867/"
                },
                {
                    "id": "109457",
                    "name": "185/70 R14",
                    "price": 3000,
                    "amount": "4",
                    "quantity": 1,
                    "url": "/catalog/legkovye/18570-r14-88t-kama-kama-365-nk-241-tl06869/"
                }
            ]
        },
        {
            "id": 160371,
            "isNew": false,
            "EDIT_LINK": null,
            "DELETE_LINK": null,
            "props": [
                {
                    "name": "Ширина",
                    "value": "205 "
                },
                {
                    "name": "Диаметр",
                    "value": "16 "
                }
            ],
            "type": "tires",
            "isPromo": null,
            "amount": 4,
            "season": "Летние",
            "price": 3660,
            "name": "205/55 R16 91V CACHLAND CH-268 TL",
            "sectionId": 7278,
            "sectionName": "Легковые",
            "sectionPath": [
                {
                    "ID": "7278",
                    "NAME": "Легковые"
                },
                {
                    "ID": "7267",
                    "NAME": "Шины"
                }
            ],
            "imgSrc": "/upload/resize_cache/rembg-image/1b7/275_275_1/obxffhuveb8t0tl14jyfnu0i2ov1n5y3.png",
            "url": "/catalog/legkovye/20555r16-91v-ch-268-tl/",
            "promo": [],
            "discountStores": [],
            "externalStores": [],
            "commonStores": [],
            "brand": "CACHLAND",
            "brandCode": "",
            "vendorCode": "6970005590421",
            "model": "CH-268",
            "raznItems": [
                {
                    "id": "160022",
                    "name": "205/50 R16",
                    "price": 3950,
                    "amount": "4",
                    "quantity": 1,
                    "url": "/catalog/legkovye/20550r16-87v-ch-268-tl/"
                },
                {
                    "id": "160023",
                    "name": "225/60 R16",
                    "price": 5130,
                    "amount": "4",
                    "quantity": 1,
                    "url": "/catalog/legkovye/22560-r16-102v-cachland-ch-268-tl33968/"
                },
                {
                    "id": "160371",
                    "name": "205/55 R16",
                    "price": 3660,
                    "amount": "4",
                    "quantity": 1,
                    "url": "/catalog/legkovye/20555r16-91v-ch-268-tl/"
                }
            ]
        },
        {
            "id": 156265,
            "isNew": false,
            "EDIT_LINK": null,
            "DELETE_LINK": null,
            "props": [
                {
                    "name": "Ширина",
                    "value": "195 "
                },
                {
                    "name": "Диаметр",
                    "value": "15 "
                }
            ],
            "type": "tires",
            "isPromo": null,
            "amount": 48,
            "season": "Летние",
            "price": 3680,
            "name": "195/65 R15  VIATTI Strada 2 (V-134) TL",
            "sectionId": 7278,
            "sectionName": "Легковые",
            "sectionPath": [
                {
                    "ID": "7278",
                    "NAME": "Легковые"
                },
                {
                    "ID": "7267",
                    "NAME": "Шины"
                }
            ],
            "imgSrc": "/upload/resize_cache/rembg-image/577/275_275_1/2vv4zycsyskrh05988oyabpckey6q90m.png",
            "url": "/catalog/legkovye/19565-r15-viatti-strada-2-v-134-tl25164/",
            "promo": [],
            "discountStores": [],
            "externalStores": [],
            "commonStores": [
                {
                    "STORE_ID": "158",
                    "PRODUCT_ID": "156265",
                    "AMOUNT": "48",
                    "PRODUCT_XML_ID": "25164",
                    "STORE_XML_ID": "351",
                    "STORE_NAME": "Оптовый Склад",
                    "PRICE": "3680.00",
                    "PRICE_ID": "9"
                }
            ],
            "brand": "VIATTI",
            "brandCode": "389",
            "vendorCode": "3110084",
            "model": "Strada 2 (V-134)",
            "raznItems": [
                {
                    "id": "156265",
                    "name": "195/65 R15",
                    "price": 3680,
                    "amount": "48",
                    "quantity": 1,
                    "url": "/catalog/legkovye/19565-r15-viatti-strada-2-v-134-tl25164/"
                }
            ]
        },
        {
            "id": 133978,
            "isNew": false,
            "EDIT_LINK": null,
            "DELETE_LINK": null,
            "props": [
                {
                    "name": "Ширина",
                    "value": "175 "
                },
                {
                    "name": "Диаметр",
                    "value": "13 "
                }
            ],
            "type": "tires",
            "isPromo": null,
            "amount": 1,
            "season": "Летние",
            "price": 3680,
            "name": "175/70 R13 82T ROTALLA Setula E-Race RH05 TL",
            "sectionId": 7278,
            "sectionName": "Легковые",
            "sectionPath": [
                {
                    "ID": "7278",
                    "NAME": "Легковые"
                },
                {
                    "ID": "7267",
                    "NAME": "Шины"
                }
            ],
            "imgSrc": "/upload/resize_cache/rembg-image/10f/275_275_1/bjd47vdnxj8dtdsb3ujbpmvdxbktpfc9.png",
            "url": "/catalog/legkovye/17570-r13-82t-rotalla-setula-e-race-rh05-tl65802/",
            "promo": [],
            "discountStores": [],
            "externalStores": [],
            "commonStores": [
                {
                    "STORE_ID": "158",
                    "PRODUCT_ID": "133978",
                    "AMOUNT": "1",
                    "PRODUCT_XML_ID": "65802",
                    "STORE_XML_ID": "351",
                    "STORE_NAME": "Оптовый Склад",
                    "PRICE": "3680.00",
                    "PRICE_ID": "9"
                }
            ],
            "brand": "ROTALLA",
            "brandCode": "856",
            "vendorCode": "RTL1070",
            "model": "Setula E-Race RH05",
            "raznItems": [
                {
                    "id": "133978",
                    "name": "175/70 R13",
                    "price": 3680,
                    "amount": "1",
                    "quantity": 1,
                    "url": "/catalog/legkovye/17570-r13-82t-rotalla-setula-e-race-rh05-tl65802/"
                }
            ]
        },
        {
            "id": 167707,
            "isNew": false,
            "EDIT_LINK": null,
            "DELETE_LINK": null,
            "props": [
                {
                    "name": "Ширина",
                    "value": "185 "
                },
                {
                    "name": "Диаметр",
                    "value": "14 "
                }
            ],
            "type": "tires",
            "isPromo": null,
            "amount": 1,
            "season": "Летние",
            "price": 3760,
            "name": "185/65 R14 86T KORMORAN Road TL",
            "sectionId": 7278,
            "sectionName": "Легковые",
            "sectionPath": [
                {
                    "ID": "7278",
                    "NAME": "Легковые"
                },
                {
                    "ID": "7267",
                    "NAME": "Шины"
                }
            ],
            "imgSrc": "/local/templates/roscar/img/svg/product-temp.svg",
            "url": "/catalog/legkovye/18565-r14-86t-kormoran-road-tl-673187/",
            "promo": [],
            "discountStores": [],
            "externalStores": [],
            "commonStores": [],
            "brand": "KORMORAN",
            "brandCode": "",
            "vendorCode": "673187",
            "model": "Road",
            "raznItems": [
                {
                    "id": "167707",
                    "name": "185/65 R14",
                    "price": 3760,
                    "amount": "1",
                    "quantity": 1,
                    "url": "/catalog/legkovye/18565-r14-86t-kormoran-road-tl-673187/"
                }
            ]
        },
        {
            "id": 168476,
            "isNew": false,
            "EDIT_LINK": null,
            "DELETE_LINK": null,
            "props": [
                {
                    "name": "Ширина",
                    "value": "205 "
                },
                {
                    "name": "Диаметр",
                    "value": "16 "
                }
            ],
            "type": "tires",
            "isPromo": null,
            "amount": 20,
            "season": "Летние",
            "price": 3810,
            "name": "205/55 R16 94W HIFLY HF805 TL",
            "sectionId": 7278,
            "sectionName": "Легковые",
            "sectionPath": [
                {
                    "ID": "7278",
                    "NAME": "Легковые"
                },
                {
                    "ID": "7267",
                    "NAME": "Шины"
                }
            ],
            "imgSrc": "/upload/resize_cache/iblock/1fe/275_275_1/zl6xi3inovuhxpu8tanojqbz9cipx3pm.png",
            "url": "/catalog/legkovye/20555-r16-94w-hifly-hf805-tl-200h1033/",
            "promo": [],
            "discountStores": [],
            "externalStores": [],
            "commonStores": [],
            "brand": "HIFLY",
            "brandCode": "",
            "vendorCode": "200H1033",
            "model": "HF805",
            "raznItems": [
                {
                    "id": "167868",
                    "name": "195/50 R16",
                    "price": 3960,
                    "amount": "12",
                    "quantity": 1,
                    "url": "/catalog/legkovye/19550-r16-88v-hifly-hf805-tl-200h1041/"
                },
                {
                    "id": "168423",
                    "name": "195/55 R16",
                    "price": 3920,
                    "amount": "41",
                    "quantity": 1,
                    "url": "/catalog/legkovye/19555-r16-91v-hifly-hf805-tl-200h1030/"
                },
                {
                    "id": "168476",
                    "name": "205/55 R16",
                    "price": 3810,
                    "amount": "20",
                    "quantity": 1,
                    "url": "/catalog/legkovye/20555-r16-94w-hifly-hf805-tl-200h1033/"
                }
            ]
        },
        {
            "id": 160519,
            "isNew": false,
            "EDIT_LINK": null,
            "DELETE_LINK": null,
            "props": [
                {
                    "name": "Ширина",
                    "value": "195 "
                },
                {
                    "name": "Диаметр",
                    "value": "16 "
                }
            ],
            "type": "tires",
            "isPromo": null,
            "amount": 4,
            "season": "Летние",
            "price": 3840,
            "name": "195/40 R16 80W SAILUN Atrezzo ZSR TL",
            "sectionId": 7278,
            "sectionName": "Легковые",
            "sectionPath": [
                {
                    "ID": "7278",
                    "NAME": "Легковые"
                },
                {
                    "ID": "7267",
                    "NAME": "Шины"
                }
            ],
            "imgSrc": "/upload/resize_cache/rembg-image/c64/275_275_1/dsy6kcbadm0hgkrlataio1hrhja1u1tn.png",
            "url": "/catalog/legkovye/19540zr16-80w-xl-atrezzo-zsr-tl/",
            "promo": [],
            "discountStores": [],
            "externalStores": [],
            "commonStores": [],
            "brand": "SAILUN",
            "brandCode": "",
            "vendorCode": "3220003529",
            "model": "Atrezzo ZSR",
            "raznItems": [
                {
                    "id": "160519",
                    "name": "195/40 R16",
                    "price": 3840,
                    "amount": "4",
                    "quantity": 1,
                    "url": "/catalog/legkovye/19540zr16-80w-xl-atrezzo-zsr-tl/"
                }
            ]
        },
        {
            "id": 109456,
            "isNew": false,
            "EDIT_LINK": null,
            "DELETE_LINK": null,
            "props": [
                {
                    "name": "Ширина",
                    "value": "185 "
                },
                {
                    "name": "Диаметр",
                    "value": "14 "
                }
            ],
            "type": "tires",
            "isPromo": null,
            "amount": 977,
            "season": "Летние",
            "price": 2870,
            "name": "185/65 R14 86H КАМА Кама-365 (НК-241) TL",
            "sectionId": 7278,
            "sectionName": "Легковые",
            "sectionPath": [
                {
                    "ID": "7278",
                    "NAME": "Легковые"
                },
                {
                    "ID": "7267",
                    "NAME": "Шины"
                }
            ],
            "imgSrc": "/upload/resize_cache/rembg-image/9d2/275_275_1/zjl18uu3l1880v123zjgvtwot1fk55v3.png",
            "url": "/catalog/legkovye/18565-r14-86h-kama-kama-365-nk-241-tl06867/",
            "promo": [],
            "discountStores": [],
            "externalStores": [],
            "commonStores": [
                {
                    "STORE_ID": "158",
                    "PRODUCT_ID": "109456",
                    "AMOUNT": "973",
                    "PRODUCT_XML_ID": "06867",
                    "STORE_XML_ID": "351",
                    "STORE_NAME": "Оптовый Склад",
                    "PRICE": "2870.00",
                    "PRICE_ID": "9"
                },
                {
                    "STORE_ID": "185",
                    "PRODUCT_ID": "109456",
                    "AMOUNT": "4",
                    "PRODUCT_XML_ID": "06867",
                    "STORE_XML_ID": "415",
                    "STORE_NAME": "г. Челябинск, Свердловский пр-т, 40а",
                    "PRICE": null,
                    "PRICE_ID": null
                }
            ],
            "brand": "KAMA",
            "brandCode": "",
            "vendorCode": "1150014",
            "model": "Кама-365 (НК-241)",
            "raznItems": [
                {
                    "id": "109454",
                    "name": "175/65 R14",
                    "price": 2700,
                    "amount": "1688",
                    "quantity": 1,
                    "url": "/catalog/legkovye/17565-r14-82h-kama-kama-365-nk-241-tl06862/"
                },
                {
                    "id": "109456",
                    "name": "185/65 R14",
                    "price": 2870,
                    "amount": "4",
                    "quantity": 1,
                    "url": "/catalog/legkovye/18565-r14-86h-kama-kama-365-nk-241-tl06867/"
                },
                {
                    "id": "109457",
                    "name": "185/70 R14",
                    "price": 3000,
                    "amount": "4",
                    "quantity": 1,
                    "url": "/catalog/legkovye/18570-r14-88t-kama-kama-365-nk-241-tl06869/"
                }
            ]
        },
        {
            "id": 102403,
            "isNew": false,
            "EDIT_LINK": null,
            "DELETE_LINK": null,
            "props": [
                {
                    "name": "Ширина",
                    "value": "175 "
                },
                {
                    "name": "Диаметр",
                    "value": "14 "
                }
            ],
            "type": "tires",
            "isPromo": null,
            "amount": 12,
            "season": "Летние",
            "price": 3020,
            "name": "175/65 R14 86T TUNGA Zodiak 2 TL",
            "sectionId": 7278,
            "sectionName": "Легковые",
            "sectionPath": [
                {
                    "ID": "7278",
                    "NAME": "Легковые"
                },
                {
                    "ID": "7267",
                    "NAME": "Шины"
                }
            ],
            "imgSrc": "/upload/resize_cache/rembg-image/e19/275_275_1/yx379ovqug6s3gk45xuwovhbap0nqxck.png",
            "url": "/catalog/legkovye/17565-r14-86t-tunga-zodiak-2-tl73340/",
            "promo": [],
            "discountStores": [],
            "externalStores": [],
            "commonStores": [
                {
                    "STORE_ID": "158",
                    "PRODUCT_ID": "102403",
                    "AMOUNT": "4",
                    "PRODUCT_XML_ID": "73340",
                    "STORE_XML_ID": "351",
                    "STORE_NAME": "Оптовый Склад",
                    "PRICE": "3020.00",
                    "PRICE_ID": "9"
                },
                {
                    "STORE_ID": "174",
                    "PRODUCT_ID": "102403",
                    "AMOUNT": "4",
                    "PRODUCT_XML_ID": "73340",
                    "STORE_XML_ID": "423",
                    "STORE_NAME": "г. Челябинск, ул. Комарова, 34",
                    "PRICE": "3020.00",
                    "PRICE_ID": "25"
                },
                {
                    "STORE_ID": "185",
                    "PRODUCT_ID": "102403",
                    "AMOUNT": "4",
                    "PRODUCT_XML_ID": "73340",
                    "STORE_XML_ID": "415",
                    "STORE_NAME": "г. Челябинск, Свердловский пр-т, 40а",
                    "PRICE": "3020.00",
                    "PRICE_ID": "21"
                }
            ],
            "brand": "TUNGA",
            "brandCode": "665",
            "vendorCode": "686201181",
            "model": "Zodiak 2",
            "raznItems": [
                {
                    "id": "102351",
                    "name": "185/60 R14",
                    "price": 3030,
                    "amount": "4",
                    "quantity": 1,
                    "url": "/catalog/legkovye/18560-r14-86t-tunga-zodiak-2-tl72940/"
                },
                {
                    "id": "102403",
                    "name": "175/65 R14",
                    "price": 3020,
                    "amount": "4",
                    "quantity": 1,
                    "url": "/catalog/legkovye/17565-r14-86t-tunga-zodiak-2-tl73340/"
                },
                {
                    "id": "102404",
                    "name": "185/65 R14",
                    "price": 3240,
                    "amount": "4",
                    "quantity": 1,
                    "url": "/catalog/legkovye/18565-r14-90t-tunga-zodiak-2-tl73341/"
                },
                {
                    "id": "102405",
                    "name": "185/70 R14",
                    "price": 3540,
                    "amount": "4",
                    "quantity": 1,
                    "url": "/catalog/legkovye/18570-r14-92t-tunga-zodiak-2-tl73342/"
                }
            ]
        },
        {
            "id": 100053,
            "isNew": false,
            "EDIT_LINK": null,
            "DELETE_LINK": null,
            "props": [
                {
                    "name": "Ширина",
                    "value": "175 "
                },
                {
                    "name": "Диаметр",
                    "value": "13 "
                }
            ],
            "type": "tires",
            "isPromo": null,
            "amount": 275,
            "season": "Летние",
            "price": 2880,
            "name": "175/70 R13 82H VIATTI Strada Asimmetrico (V-130) TL",
            "sectionId": 7278,
            "sectionName": "Легковые",
            "sectionPath": [
                {
                    "ID": "7278",
                    "NAME": "Легковые"
                },
                {
                    "ID": "7267",
                    "NAME": "Шины"
                }
            ],
            "imgSrc": "/upload/resize_cache/rembg-image/276/275_275_1/o3qg756gq8mljpy5sfmsx6moroz2sqkt.png",
            "url": "/catalog/legkovye/17570-r13-82h-viatti-strada-asimmetrico-v-130-tl55717/",
            "promo": [],
            "discountStores": [],
            "externalStores": [],
            "commonStores": [
                {
                    "STORE_ID": "156",
                    "PRODUCT_ID": "100053",
                    "AMOUNT": "4",
                    "PRODUCT_XML_ID": "55717",
                    "STORE_XML_ID": "419",
                    "STORE_NAME": "г. Челябинск, Свердловский тракт, 12б",
                    "PRICE": "2880.00",
                    "PRICE_ID": "7"
                },
                {
                    "STORE_ID": "158",
                    "PRODUCT_ID": "100053",
                    "AMOUNT": "265",
                    "PRODUCT_XML_ID": "55717",
                    "STORE_XML_ID": "351",
                    "STORE_NAME": "Оптовый Склад",
                    "PRICE": "2880.00",
                    "PRICE_ID": "9"
                },
                {
                    "STORE_ID": "160",
                    "PRODUCT_ID": "100053",
                    "AMOUNT": "2",
                    "PRODUCT_XML_ID": "55717",
                    "STORE_XML_ID": "407",
                    "STORE_NAME": "г. Челябинск, ул. Пионерская, 4",
                    "PRICE": "2880.00",
                    "PRICE_ID": "11"
                },
                {
                    "STORE_ID": "168",
                    "PRODUCT_ID": "100053",
                    "AMOUNT": "4",
                    "PRODUCT_XML_ID": "55717",
                    "STORE_XML_ID": "391",
                    "STORE_NAME": "г. Челябинск, ул. Бр.Кашириных, 93б",
                    "PRICE": "2880.00",
                    "PRICE_ID": "19"
                }
            ],
            "brand": "VIATTI",
            "brandCode": "",
            "vendorCode": "3110001",
            "model": "Strada Asimmetrico V-130",
            "raznItems": [
                {
                    "id": "100053",
                    "name": "175/70 R13",
                    "price": 2880,
                    "amount": "4",
                    "quantity": 1,
                    "url": "/catalog/legkovye/17570-r13-82h-viatti-strada-asimmetrico-v-130-tl55717/"
                }
            ]
        },
        {
            "id": 102351,
            "isNew": false,
            "EDIT_LINK": null,
            "DELETE_LINK": null,
            "props": [
                {
                    "name": "Ширина",
                    "value": "185 "
                },
                {
                    "name": "Диаметр",
                    "value": "14 "
                }
            ],
            "type": "tires",
            "isPromo": null,
            "amount": 8,
            "season": "Летние",
            "price": 3030,
            "name": "185/60 R14 86T TUNGA Zodiak 2 TL",
            "sectionId": 7278,
            "sectionName": "Легковые",
            "sectionPath": [
                {
                    "ID": "7278",
                    "NAME": "Легковые"
                },
                {
                    "ID": "7267",
                    "NAME": "Шины"
                }
            ],
            "imgSrc": "/upload/resize_cache/rembg-image/9cc/275_275_1/lazrj766wyu73ikmqqm8czyyrqemf0i3.png",
            "url": "/catalog/legkovye/18560-r14-86t-tunga-zodiak-2-tl72940/",
            "promo": [],
            "discountStores": [],
            "externalStores": [],
            "commonStores": [
                {
                    "STORE_ID": "160",
                    "PRODUCT_ID": "102351",
                    "AMOUNT": "4",
                    "PRODUCT_XML_ID": "72940",
                    "STORE_XML_ID": "407",
                    "STORE_NAME": "г. Челябинск, ул. Пионерская, 4",
                    "PRICE": "3030.00",
                    "PRICE_ID": "11"
                },
                {
                    "STORE_ID": "185",
                    "PRODUCT_ID": "102351",
                    "AMOUNT": "4",
                    "PRODUCT_XML_ID": "72940",
                    "STORE_XML_ID": "415",
                    "STORE_NAME": "г. Челябинск, Свердловский пр-т, 40а",
                    "PRICE": "3030.00",
                    "PRICE_ID": "21"
                }
            ],
            "brand": "TUNGA",
            "brandCode": "665",
            "vendorCode": "742205934",
            "model": "Zodiak 2",
            "raznItems": [
                {
                    "id": "102351",
                    "name": "185/60 R14",
                    "price": 3030,
                    "amount": "4",
                    "quantity": 1,
                    "url": "/catalog/legkovye/18560-r14-86t-tunga-zodiak-2-tl72940/"
                },
                {
                    "id": "102403",
                    "name": "175/65 R14",
                    "price": 3020,
                    "amount": "4",
                    "quantity": 1,
                    "url": "/catalog/legkovye/17565-r14-86t-tunga-zodiak-2-tl73340/"
                },
                {
                    "id": "102404",
                    "name": "185/65 R14",
                    "price": 3240,
                    "amount": "4",
                    "quantity": 1,
                    "url": "/catalog/legkovye/18565-r14-90t-tunga-zodiak-2-tl73341/"
                },
                {
                    "id": "102405",
                    "name": "185/70 R14",
                    "price": 3540,
                    "amount": "4",
                    "quantity": 1,
                    "url": "/catalog/legkovye/18570-r14-92t-tunga-zodiak-2-tl73342/"
                }
            ]
        },
        {
            "id": 91965,
            "isNew": false,
            "EDIT_LINK": null,
            "DELETE_LINK": null,
            "props": [
                {
                    "name": "Ширина",
                    "value": "195 "
                },
                {
                    "name": "Диаметр",
                    "value": "15 "
                }
            ],
            "type": "tires",
            "isPromo": null,
            "amount": 1017,
            "season": "Летние",
            "price": 2950,
            "name": "195/65 R15 91H КАМА Breeze (НК-132) TL",
            "sectionId": 7278,
            "sectionName": "Легковые",
            "sectionPath": [
                {
                    "ID": "7278",
                    "NAME": "Легковые"
                },
                {
                    "ID": "7267",
                    "NAME": "Шины"
                }
            ],
            "imgSrc": "/upload/resize_cache/rembg-image/4db/275_275_1/lrzgod4q5ybxi4i4yyrp1r7uaqgfxsry.png",
            "url": "/catalog/legkovye/19565-r15-91h-kama-breeze-nk-132-tl87381/",
            "promo": [],
            "discountStores": [],
            "externalStores": [],
            "commonStores": [
                {
                    "STORE_ID": "158",
                    "PRODUCT_ID": "91965",
                    "AMOUNT": "1012",
                    "PRODUCT_XML_ID": "87381",
                    "STORE_XML_ID": "351",
                    "STORE_NAME": "Оптовый Склад",
                    "PRICE": "2950.00",
                    "PRICE_ID": "9"
                },
                {
                    "STORE_ID": "161",
                    "PRODUCT_ID": "91965",
                    "AMOUNT": "1",
                    "PRODUCT_XML_ID": "87381",
                    "STORE_XML_ID": "383",
                    "STORE_NAME": "г. Челябинск, ул. Федорова 2а",
                    "PRICE": "2950.00",
                    "PRICE_ID": "12"
                },
                {
                    "STORE_ID": "185",
                    "PRODUCT_ID": "91965",
                    "AMOUNT": "4",
                    "PRODUCT_XML_ID": "87381",
                    "STORE_XML_ID": "415",
                    "STORE_NAME": "г. Челябинск, Свердловский пр-т, 40а",
                    "PRICE": "2950.00",
                    "PRICE_ID": "21"
                }
            ],
            "brand": "КАМА",
            "brandCode": "420",
            "vendorCode": "1110007",
            "model": "Breeze (НК-132)",
            "raznItems": [
                {
                    "id": "91965",
                    "name": "195/65 R15",
                    "price": 2950,
                    "amount": "4",
                    "quantity": 1,
                    "url": "/catalog/legkovye/19565-r15-91h-kama-breeze-nk-132-tl87381/"
                }
            ]
        }
    ],
    "filter": {
        "0": {
            "LOGIC": "OR",
            ">STORE_AMOUNT_156": 0,
            ">STORE_AMOUNT_158": 0,
            ">STORE_AMOUNT_159": 0,
            ">STORE_AMOUNT_160": 0,
            ">STORE_AMOUNT_161": 0,
            ">STORE_AMOUNT_164": 0,
            ">STORE_AMOUNT_165": 0,
            ">STORE_AMOUNT_168": 0,
            ">STORE_AMOUNT_169": 0,
            ">STORE_AMOUNT_174": 0,
            ">STORE_AMOUNT_180": 0,
            ">STORE_AMOUNT_184": 0,
            ">STORE_AMOUNT_185": 0,
            ">STORE_AMOUNT_191": 0,
            ">STORE_AMOUNT_192": 0,
            ">STORE_AMOUNT_194": 0,
            ">STORE_AMOUNT_6087": 0
        },
        "1": {
            "LOGIC": "OR",
            ">CATALOG_CATALOG_GROUP_ID_33": 0,
            ">CATALOG_CATALOG_GROUP_ID_90": 0,
            ">CATALOG_CATALOG_GROUP_ID_96": 0,
            ">CATALOG_CATALOG_GROUP_ID_97": 0,
            ">CATALOG_CATALOG_GROUP_ID_98": 0
        },
        "2": {
            "LOGIC": "OR",
            ">STORE_AMOUNT_156": 0,
            ">STORE_AMOUNT_158": 0,
            ">STORE_AMOUNT_159": 0,
            ">STORE_AMOUNT_160": 0,
            ">STORE_AMOUNT_161": 0,
            ">STORE_AMOUNT_164": 0,
            ">STORE_AMOUNT_165": 0,
            ">STORE_AMOUNT_168": 0,
            ">STORE_AMOUNT_169": 0,
            ">STORE_AMOUNT_174": 0,
            ">STORE_AMOUNT_180": 0,
            ">STORE_AMOUNT_184": 0,
            ">STORE_AMOUNT_185": 0,
            ">STORE_AMOUNT_191": 0,
            ">STORE_AMOUNT_192": 0,
            ">STORE_AMOUNT_194": 0,
            ">STORE_AMOUNT_6087": 0
        },
        "3": {
            "LOGIC": "OR",
            ">CATALOG_CATALOG_GROUP_ID_33": 0,
            ">CATALOG_CATALOG_GROUP_ID_90": 0,
            ">CATALOG_CATALOG_GROUP_ID_96": 0,
            ">CATALOG_CATALOG_GROUP_ID_97": 0,
            ">CATALOG_CATALOG_GROUP_ID_98": 0
        },
        "=PROPERTY_458": [
            "154"
        ]
    },
    "promo": {
        "id": "165954",
        "url": "/promo/shiny-v-rassrochku/",
        "name": "Покупки в рассрочку",
        "text": "Теперь вы можете купить зимние шины, или диски в рассрочку быстро и легко: без первоначального взноса и без переплаты!",
        "imgSrc": "/upload/resize_cache/iblock/356/1075_613_1/8iiw8xmv2bzky9euo9mn57dqx6dk3xa9.jpg",
        "videoSrc": null
    },
    "promoFilter": {
        "IBLOCK_ID": 10,
        "ACTIVE": "Y",
        "=PROPERTY_SECTION": 206,
        "=PROPERTY_CATALOG_SEASON": [
            false,
            204
        ],
        "=PROPERTY_CATALOG_BRAND": [
            false
        ]
    },
    "navNum": 1,
    "pagesCount": 111,
    "pageNum": 3
}