{
    "pageUrl": "/catalog/legkovye/?arCatalogFilter_458_1500340406=Y&set_filter=Y&sort%5Brecommendations%5D=asc&PAGEN_1=4",
    "items": [
        {
            "id": 168423,
            "isNew": false,
            "EDIT_LINK": null,
            "DELETE_LINK": null,
            "props": [
                {
                    "name": "Ширина",
                    "value": "195 "
                },
                {
                    "name": "Диаметр",
                    "value": "16 "
                }
            ],
            "type": "tires",
            "isPromo": null,
            "amount": 41,
            "season": "Летние",
            "price": 3920,
            "name": "195/55 R16 91V HIFLY HF805 TL",
            "sectionId": 7278,
            "sectionName": "Легковые",
            "sectionPath": [
                {
                    "ID": "7278",
                    "NAME": "Легковые"
                },
                {
                    "ID": "7267",
                    "NAME": "Шины"
                }
            ],
            "imgSrc": "/upload/resize_cache/iblock/df8/275_275_1/56jnnm2q6wnhobytzv5na73ofttoqvjb.png",
            "url": "/catalog/legkovye/19555-r16-91v-hifly-hf805-tl-200h1030/",
            "promo": [],
            "discountStores": [],
            "externalStores": [],
            "commonStores": [],
            "brand": "HIFLY",
            "brandCode": "",
            "vendorCode": "200H1030",
            "model": "HF805",
            "raznItems": [
                {
                    "id": "167868",
                    "name": "195/50 R16",
                    "price": 3960,
                    "amount": "12",
                    "quantity": 1,
                    "url": "/catalog/legkovye/19550-r16-88v-hifly-hf805-tl-200h1041/"
                },
                {
                    "id": "168423",
                    "name": "195/55 R16",
                    "price": 3920,
                    "amount": "41",
                    "quantity": 1,
                    "url": "/catalog/legkovye/19555-r16-91v-hifly-hf805-tl-200h1030/"
                },
                {
                    "id": "168476",
                    "name": "205/55 R16",
                    "price": 3810,
                    "amount": "20",
                    "quantity": 1,
                    "url": "/catalog/legkovye/20555-r16-94w-hifly-hf805-tl-200h1033/"
                }
            ]
        },
        {
            "id": 161959,
            "isNew": false,
            "EDIT_LINK": null,
            "DELETE_LINK": null,
            "props": [
                {
                    "name": "Ширина",
                    "value": "205 "
                },
                {
                    "name": "Диаметр",
                    "value": "15 "
                }
            ],
            "type": "tires",
            "isPromo": null,
            "amount": 16,
            "season": "Летние",
            "price": 3920,
            "name": "205/65 R15 94V onyx NY-801",
            "sectionId": 7278,
            "sectionName": "Легковые",
            "sectionPath": [
                {
                    "ID": "7278",
                    "NAME": "Легковые"
                },
                {
                    "ID": "7267",
                    "NAME": "Шины"
                }
            ],
            "imgSrc": "/upload/resize_cache/rembg-image/3f7/275_275_1/byr553esynbcf4bf2k7qgda8wcenh72s.png",
            "url": "/catalog/legkovye/65205-r15-onyx/",
            "promo": [],
            "discountStores": [],
            "externalStores": [],
            "commonStores": [],
            "brand": "ONYX",
            "brandCode": "",
            "vendorCode": "200N2054",
            "model": "NY-801",
            "raznItems": [
                {
                    "id": "161959",
                    "name": "205/65 R15",
                    "price": 3920,
                    "amount": "16",
                    "quantity": 1,
                    "url": "/catalog/legkovye/65205-r15-onyx/"
                }
            ]
        },
        {
            "id": 160038,
            "isNew": false,
            "EDIT_LINK": null,
            "DELETE_LINK": null,
            "props": [
                {
                    "name": "Ширина",
                    "value": "205 "
                },
                {
                    "name": "Диаметр",
                    "value": "15 "
                }
            ],
            "type": "tires",
            "isPromo": null,
            "amount": 4,
            "season": "Летние",
            "price": 3920,
            "name": "205/65 R15 94V CACHLAND CH-268 TL",
            "sectionId": 7278,
            "sectionName": "Легковые",
            "sectionPath": [
                {
                    "ID": "7278",
                    "NAME": "Легковые"
                },
                {
                    "ID": "7267",
                    "NAME": "Шины"
                }
            ],
            "imgSrc": "/upload/resize_cache/rembg-image/e3c/275_275_1/z86e83l0lbcchk8qge52izw0rk5t2b4f.png",
            "url": "/catalog/legkovye/20565r15-94v-ch-268-tl/",
            "promo": [],
            "discountStores": [],
            "externalStores": [],
            "commonStores": [],
            "brand": "CACHLAND",
            "brandCode": "",
            "vendorCode": "6970005590674",
            "model": "CH-268",
            "raznItems": [
                {
                    "id": "160038",
                    "name": "205/65 R15",
                    "price": 3920,
                    "amount": "4",
                    "quantity": 1,
                    "url": "/catalog/legkovye/20565r15-94v-ch-268-tl/"
                }
            ]
        },
        {
            "id": 160022,
            "isNew": false,
            "EDIT_LINK": null,
            "DELETE_LINK": null,
            "props": [
                {
                    "name": "Ширина",
                    "value": "205 "
                },
                {
                    "name": "Диаметр",
                    "value": "16 "
                }
            ],
            "type": "tires",
            "isPromo": null,
            "amount": 4,
            "season": "Летние",
            "price": 3950,
            "name": "205/50 R16 87V CACHLAND CH-268 TL",
            "sectionId": 7278,
            "sectionName": "Легковые",
            "sectionPath": [
                {
                    "ID": "7278",
                    "NAME": "Легковые"
                },
                {
                    "ID": "7267",
                    "NAME": "Шины"
                }
            ],
            "imgSrc": "/upload/resize_cache/rembg-image/b25/275_275_1/mpa88nkpdr201ngtv2063p24go3t5e30.png",
            "url": "/catalog/legkovye/20550r16-87v-ch-268-tl/",
            "promo": [],
            "discountStores": [],
            "externalStores": [],
            "commonStores": [],
            "brand": "CACHLAND",
            "brandCode": "",
            "vendorCode": "6970005590360",
            "model": "CH-268",
            "raznItems": [
                {
                    "id": "160022",
                    "name": "205/50 R16",
                    "price": 3950,
                    "amount": "4",
                    "quantity": 1,
                    "url": "/catalog/legkovye/20550r16-87v-ch-268-tl/"
                },
                {
                    "id": "160023",
                    "name": "225/60 R16",
                    "price": 5130,
                    "amount": "4",
                    "quantity": 1,
                    "url": "/catalog/legkovye/22560-r16-102v-cachland-ch-268-tl33968/"
                },
                {
                    "id": "160371",
                    "name": "205/55 R16",
                    "price": 3660,
                    "amount": "4",
                    "quantity": 1,
                    "url": "/catalog/legkovye/20555r16-91v-ch-268-tl/"
                }
            ]
        },
        {
            "id": 167868,
            "isNew": false,
            "EDIT_LINK": null,
            "DELETE_LINK": null,
            "props": [
                {
                    "name": "Ширина",
                    "value": "195 "
                },
                {
                    "name": "Диаметр",
                    "value": "16 "
                }
            ],
            "type": "tires",
            "isPromo": null,
            "amount": 12,
            "season": "Летние",
            "price": 3960,
            "name": "195/50 R16 88V HIFLY HF805 TL",
            "sectionId": 7278,
            "sectionName": "Легковые",
            "sectionPath": [
                {
                    "ID": "7278",
                    "NAME": "Легковые"
                },
                {
                    "ID": "7267",
                    "NAME": "Шины"
                }
            ],
            "imgSrc": "/upload/resize_cache/iblock/bab/275_275_1/c21mocb8lfiz9b55ut4znph6ko5pn655.png",
            "url": "/catalog/legkovye/19550-r16-88v-hifly-hf805-tl-200h1041/",
            "promo": [],
            "discountStores": [],
            "externalStores": [],
            "commonStores": [],
            "brand": "HIFLY",
            "brandCode": "",
            "vendorCode": "200H1041",
            "model": "HF805",
            "raznItems": [
                {
                    "id": "167868",
                    "name": "195/50 R16",
                    "price": 3960,
                    "amount": "12",
                    "quantity": 1,
                    "url": "/catalog/legkovye/19550-r16-88v-hifly-hf805-tl-200h1041/"
                },
                {
                    "id": "168423",
                    "name": "195/55 R16",
                    "price": 3920,
                    "amount": "41",
                    "quantity": 1,
                    "url": "/catalog/legkovye/19555-r16-91v-hifly-hf805-tl-200h1030/"
                },
                {
                    "id": "168476",
                    "name": "205/55 R16",
                    "price": 3810,
                    "amount": "20",
                    "quantity": 1,
                    "url": "/catalog/legkovye/20555-r16-94w-hifly-hf805-tl-200h1033/"
                }
            ]
        },
        {
            "id": 109458,
            "isNew": false,
            "EDIT_LINK": null,
            "DELETE_LINK": null,
            "props": [
                {
                    "name": "Ширина",
                    "value": "195 "
                },
                {
                    "name": "Диаметр",
                    "value": "15 "
                }
            ],
            "type": "tires",
            "isPromo": null,
            "amount": 804,
            "season": "Летние",
            "price": 3010,
            "name": "195/65 R15 91H КАМА Кама-365 (НК-241) TL",
            "sectionId": 7278,
            "sectionName": "Легковые",
            "sectionPath": [
                {
                    "ID": "7278",
                    "NAME": "Легковые"
                },
                {
                    "ID": "7267",
                    "NAME": "Шины"
                }
            ],
            "imgSrc": "/upload/resize_cache/rembg-image/16b/275_275_1/qzc824m01is2bd0ga0c9cryew3ezmavm.png",
            "url": "/catalog/legkovye/19565-r15-91h-kama-kama-365-nk-241-tl06870/",
            "promo": [],
            "discountStores": [],
            "externalStores": [],
            "commonStores": [
                {
                    "STORE_ID": "158",
                    "PRODUCT_ID": "109458",
                    "AMOUNT": "800",
                    "PRODUCT_XML_ID": "06870",
                    "STORE_XML_ID": "351",
                    "STORE_NAME": "Оптовый Склад",
                    "PRICE": "3010.00",
                    "PRICE_ID": "9"
                },
                {
                    "STORE_ID": "168",
                    "PRODUCT_ID": "109458",
                    "AMOUNT": "4",
                    "PRODUCT_XML_ID": "06870",
                    "STORE_XML_ID": "391",
                    "STORE_NAME": "г. Челябинск, ул. Бр.Кашириных, 93б",
                    "PRICE": null,
                    "PRICE_ID": null
                }
            ],
            "brand": "KAMA",
            "brandCode": "",
            "vendorCode": "1150018",
            "model": "Кама-365 (НК-241)",
            "raznItems": [
                {
                    "id": "109458",
                    "name": "195/65 R15",
                    "price": 3010,
                    "amount": "4",
                    "quantity": 1,
                    "url": "/catalog/legkovye/19565-r15-91h-kama-kama-365-nk-241-tl06870/"
                }
            ]
        },
        {
            "id": 102503,
            "isNew": false,
            "EDIT_LINK": null,
            "DELETE_LINK": null,
            "props": [
                {
                    "name": "Ширина",
                    "value": "205 "
                },
                {
                    "name": "Диаметр",
                    "value": "15 "
                }
            ],
            "type": "tires",
            "isPromo": null,
            "amount": 9,
            "season": "Летние",
            "price": 3960,
            "name": "205/65 R15 94V VIATTI Strada Asimmetrico (V-130) TL",
            "sectionId": 7278,
            "sectionName": "Легковые",
            "sectionPath": [
                {
                    "ID": "7278",
                    "NAME": "Легковые"
                },
                {
                    "ID": "7267",
                    "NAME": "Шины"
                }
            ],
            "imgSrc": "/upload/resize_cache/rembg-image/66c/275_275_1/9exvyhqubonmupm4c8p8u1zym94gd13m.png",
            "url": "/catalog/legkovye/20565-r15-94v-viatti-strada-asimmetrico-v-130-tl73488/",
            "promo": [],
            "discountStores": [],
            "externalStores": [],
            "commonStores": [
                {
                    "STORE_ID": "158",
                    "PRODUCT_ID": "102503",
                    "AMOUNT": "9",
                    "PRODUCT_XML_ID": "73488",
                    "STORE_XML_ID": "351",
                    "STORE_NAME": "Оптовый Склад",
                    "PRICE": "3960.00",
                    "PRICE_ID": "9"
                }
            ],
            "brand": "VIATTI",
            "brandCode": "389",
            "vendorCode": "3110016",
            "model": "Strada Asimmetrico (V-130)",
            "raznItems": [
                {
                    "id": "92768",
                    "name": "185/60 R15",
                    "price": 3020,
                    "amount": "824",
                    "quantity": 1,
                    "url": "/catalog/legkovye/18560-r15-84h-viatti-strada-asimmetrico-v-130-tl07060/"
                },
                {
                    "id": "93656",
                    "name": "185/65 R15",
                    "price": 3260,
                    "amount": "1835",
                    "quantity": 1,
                    "url": "/catalog/legkovye/18565-r15-88h-viatti-strada-asimmetrico-v-130-tl42459/"
                },
                {
                    "id": "100058",
                    "name": "185/55 R15",
                    "price": 3410,
                    "amount": "4",
                    "quantity": 1,
                    "url": "/catalog/legkovye/18555-r15-82h-viatti-strada-asimmetrico-v-130-tl55722/"
                },
                {
                    "id": "100060",
                    "name": "195/60 R15",
                    "price": 3770,
                    "amount": "1",
                    "quantity": 1,
                    "url": "/catalog/legkovye/19560-r15-88v-viatti-strada-asimmetrico-v-130-tl55724/"
                },
                {
                    "id": "102503",
                    "name": "205/65 R15",
                    "price": 3960,
                    "amount": "9",
                    "quantity": 1,
                    "url": "/catalog/legkovye/20565-r15-94v-viatti-strada-asimmetrico-v-130-tl73488/"
                }
            ]
        },
        {
            "id": 159567,
            "isNew": false,
            "EDIT_LINK": null,
            "DELETE_LINK": null,
            "props": [
                {
                    "name": "Ширина",
                    "value": "195 "
                },
                {
                    "name": "Диаметр",
                    "value": "16 "
                }
            ],
            "type": "tires",
            "isPromo": null,
            "amount": 12,
            "season": "Летние",
            "price": 3990,
            "name": "195/60 R16 89H ONYX NY-801 TL",
            "sectionId": 7278,
            "sectionName": "Легковые",
            "sectionPath": [
                {
                    "ID": "7278",
                    "NAME": "Легковые"
                },
                {
                    "ID": "7267",
                    "NAME": "Шины"
                }
            ],
            "imgSrc": "/upload/resize_cache/rembg-image/3cc/275_275_1/uz6u809zxeg4jp17cxo39n73w4v75rkb.png",
            "url": "/catalog/legkovye/19560r16-89h-ny-801-tl/",
            "promo": [],
            "discountStores": [],
            "externalStores": [],
            "commonStores": [],
            "brand": "ONYX",
            "brandCode": "",
            "vendorCode": "200N2113",
            "model": "NY-801",
            "raznItems": [
                {
                    "id": "159567",
                    "name": "195/60 R16",
                    "price": 3990,
                    "amount": "12",
                    "quantity": 1,
                    "url": "/catalog/legkovye/19560r16-89h-ny-801-tl/"
                },
                {
                    "id": "160776",
                    "name": "205/65 R16",
                    "price": 4590,
                    "amount": "2",
                    "quantity": 1,
                    "url": "/catalog/legkovye/20565r16-95h-ny-801-tl/"
                }
            ]
        },
        {
            "id": 103944,
            "isNew": false,
            "EDIT_LINK": null,
            "DELETE_LINK": null,
            "props": [
                {
                    "name": "Ширина",
                    "value": "185 "
                },
                {
                    "name": "Диаметр",
                    "value": "14 "
                }
            ],
            "type": "tires",
            "isPromo": null,
            "amount": 3,
            "season": "Летние",
            "price": 4000,
            "name": "185/60 R14 82T MATADOR MP47 Hectorra 3 TL",
            "sectionId": 7278,
            "sectionName": "Легковые",
            "sectionPath": [
                {
                    "ID": "7278",
                    "NAME": "Легковые"
                },
                {
                    "ID": "7267",
                    "NAME": "Шины"
                }
            ],
            "imgSrc": "/upload/resize_cache/rembg-image/61f/275_275_1/ysv64us0g5q64w0no00rcqgne8up5ecs.png",
            "url": "/catalog/legkovye/18560-r14-82t-matador-mp47-hectorra-3-tl91222/",
            "promo": [],
            "discountStores": [],
            "externalStores": [],
            "commonStores": [
                {
                    "STORE_ID": "158",
                    "PRODUCT_ID": "103944",
                    "AMOUNT": "3",
                    "PRODUCT_XML_ID": "91222",
                    "STORE_XML_ID": "351",
                    "STORE_NAME": "Оптовый Склад",
                    "PRICE": "4000.00",
                    "PRICE_ID": "9"
                }
            ],
            "brand": "MATADOR",
            "brandCode": "",
            "vendorCode": "1581030",
            "model": "MP 47 Hectorra 3",
            "raznItems": [
                {
                    "id": "103944",
                    "name": "185/60 R14",
                    "price": 4000,
                    "amount": "3",
                    "quantity": 1,
                    "url": "/catalog/legkovye/18560-r14-82t-matador-mp47-hectorra-3-tl91222/"
                }
            ]
        },
        {
            "id": 101698,
            "isNew": false,
            "EDIT_LINK": null,
            "DELETE_LINK": null,
            "props": [
                {
                    "name": "Ширина",
                    "value": "205 "
                },
                {
                    "name": "Диаметр",
                    "value": "16 "
                }
            ],
            "type": "tires",
            "isPromo": null,
            "amount": 472,
            "season": "Летние",
            "price": 4000,
            "name": "205/55 R16 91H БЕЛШИНА BEL-262 TL",
            "sectionId": 7278,
            "sectionName": "Легковые",
            "sectionPath": [
                {
                    "ID": "7278",
                    "NAME": "Легковые"
                },
                {
                    "ID": "7267",
                    "NAME": "Шины"
                }
            ],
            "imgSrc": "/upload/resize_cache/rembg-image/498/275_275_1/6wqqt384wmonmh0aya8w74k134ozrfmp.png",
            "url": "/catalog/legkovye/20555-r16-91h-belshina-bel-262-tl67315/",
            "promo": [],
            "discountStores": [],
            "externalStores": [],
            "commonStores": [
                {
                    "STORE_ID": "158",
                    "PRODUCT_ID": "101698",
                    "AMOUNT": "472",
                    "PRODUCT_XML_ID": "67315",
                    "STORE_XML_ID": "351",
                    "STORE_NAME": "Оптовый Склад",
                    "PRICE": "4000.00",
                    "PRICE_ID": "9"
                }
            ],
            "brand": "БЕЛШИНА",
            "brandCode": "406",
            "vendorCode": "259002045",
            "model": "BEL-262",
            "raznItems": [
                {
                    "id": "101698",
                    "name": "205/55 R16",
                    "price": 4000,
                    "amount": "472",
                    "quantity": 1,
                    "url": "/catalog/legkovye/20555-r16-91h-belshina-bel-262-tl67315/"
                }
            ]
        },
        {
            "id": 113678,
            "isNew": false,
            "EDIT_LINK": null,
            "DELETE_LINK": null,
            "props": [
                {
                    "name": "Ширина",
                    "value": "175 "
                },
                {
                    "name": "Диаметр",
                    "value": "13 "
                }
            ],
            "type": "tires",
            "isPromo": null,
            "amount": 3,
            "season": "Летние",
            "price": 3160,
            "name": "175/70 R13 82T CORDIANT Sport 2 TL",
            "sectionId": 7278,
            "sectionName": "Легковые",
            "sectionPath": [
                {
                    "ID": "7278",
                    "NAME": "Легковые"
                },
                {
                    "ID": "7267",
                    "NAME": "Шины"
                }
            ],
            "imgSrc": "/upload/resize_cache/rembg-image/3aa/275_275_1/sa0k7mux7nddlw8qgmprerhga8ielwrp.png",
            "url": "/catalog/legkovye/17570-r13-82t-cordiant-sport-2-tl08759/",
            "promo": [],
            "discountStores": [],
            "externalStores": [],
            "commonStores": [
                {
                    "STORE_ID": "158",
                    "PRODUCT_ID": "113678",
                    "AMOUNT": "3",
                    "PRODUCT_XML_ID": "08759",
                    "STORE_XML_ID": "351",
                    "STORE_NAME": "Оптовый Склад",
                    "PRICE": "3160.00",
                    "PRICE_ID": "9"
                }
            ],
            "brand": "CORDIANT",
            "brandCode": "403",
            "vendorCode": "1316509164",
            "model": "Sport 2",
            "raznItems": [
                {
                    "id": "113678",
                    "name": "175/70 R13",
                    "price": 3160,
                    "amount": "3",
                    "quantity": 1,
                    "url": "/catalog/legkovye/17570-r13-82t-cordiant-sport-2-tl08759/"
                }
            ]
        },
        {
            "id": 103948,
            "isNew": false,
            "EDIT_LINK": null,
            "DELETE_LINK": null,
            "props": [
                {
                    "name": "Ширина",
                    "value": "185 "
                },
                {
                    "name": "Диаметр",
                    "value": "15 "
                }
            ],
            "type": "tires",
            "isPromo": null,
            "amount": 41,
            "season": "Летние",
            "price": 4100,
            "name": "185/65 R15 88T MATADOR MP 47 Hectorra 3 TL",
            "sectionId": 7278,
            "sectionName": "Легковые",
            "sectionPath": [
                {
                    "ID": "7278",
                    "NAME": "Легковые"
                },
                {
                    "ID": "7267",
                    "NAME": "Шины"
                }
            ],
            "imgSrc": "/upload/resize_cache/rembg-image/abb/275_275_1/espe7uk6xkodldwkchs0fe5ndm9oz43z.png",
            "url": "/catalog/legkovye/18565r15-88t-mp-47-hectorra-3-tl/",
            "promo": [],
            "discountStores": [],
            "externalStores": [],
            "commonStores": [],
            "brand": "MATADOR",
            "brandCode": "",
            "vendorCode": "1581037",
            "model": "MP 47 Hectorra 3",
            "raznItems": [
                {
                    "id": "103948",
                    "name": "185/65 R15",
                    "price": 4100,
                    "amount": "41",
                    "quantity": 1,
                    "url": "/catalog/legkovye/18565r15-88t-mp-47-hectorra-3-tl/"
                },
                {
                    "id": "103951",
                    "name": "205/65 R15",
                    "price": 5420,
                    "amount": "4",
                    "quantity": 1,
                    "url": "/catalog/legkovye/20565-r15-94h-matador-mp47-hectorra-3-tl91229/"
                }
            ]
        },
        {
            "id": 102404,
            "isNew": false,
            "EDIT_LINK": null,
            "DELETE_LINK": null,
            "props": [
                {
                    "name": "Ширина",
                    "value": "185 "
                },
                {
                    "name": "Диаметр",
                    "value": "14 "
                }
            ],
            "type": "tires",
            "isPromo": null,
            "amount": 23,
            "season": "Летние",
            "price": 3240,
            "name": "185/65 R14 90T TUNGA Zodiak 2 TL",
            "sectionId": 7278,
            "sectionName": "Легковые",
            "sectionPath": [
                {
                    "ID": "7278",
                    "NAME": "Легковые"
                },
                {
                    "ID": "7267",
                    "NAME": "Шины"
                }
            ],
            "imgSrc": "/upload/resize_cache/rembg-image/681/275_275_1/ooa5hkiosjfx0iddqsomihj3hniomddu.png",
            "url": "/catalog/legkovye/18565-r14-90t-tunga-zodiak-2-tl73341/",
            "promo": [],
            "discountStores": [],
            "externalStores": [],
            "commonStores": [
                {
                    "STORE_ID": "156",
                    "PRODUCT_ID": "102404",
                    "AMOUNT": "4",
                    "PRODUCT_XML_ID": "73341",
                    "STORE_XML_ID": "419",
                    "STORE_NAME": "г. Челябинск, Свердловский тракт, 12б",
                    "PRICE": "3240.00",
                    "PRICE_ID": "7"
                },
                {
                    "STORE_ID": "158",
                    "PRODUCT_ID": "102404",
                    "AMOUNT": "3",
                    "PRODUCT_XML_ID": "73341",
                    "STORE_XML_ID": "351",
                    "STORE_NAME": "Оптовый Склад",
                    "PRICE": "3240.00",
                    "PRICE_ID": "9"
                },
                {
                    "STORE_ID": "159",
                    "PRODUCT_ID": "102404",
                    "AMOUNT": "4",
                    "PRODUCT_XML_ID": "73341",
                    "STORE_XML_ID": "387",
                    "STORE_NAME": "г. Челябинск, ул. Бр.Кашириных, 134б",
                    "PRICE": "3240.00",
                    "PRICE_ID": "10"
                },
                {
                    "STORE_ID": "160",
                    "PRODUCT_ID": "102404",
                    "AMOUNT": "4",
                    "PRODUCT_XML_ID": "73341",
                    "STORE_XML_ID": "407",
                    "STORE_NAME": "г. Челябинск, ул. Пионерская, 4",
                    "PRICE": "3240.00",
                    "PRICE_ID": "11"
                },
                {
                    "STORE_ID": "168",
                    "PRODUCT_ID": "102404",
                    "AMOUNT": "4",
                    "PRODUCT_XML_ID": "73341",
                    "STORE_XML_ID": "391",
                    "STORE_NAME": "г. Челябинск, ул. Бр.Кашириных, 93б",
                    "PRICE": "3240.00",
                    "PRICE_ID": "19"
                },
                {
                    "STORE_ID": "185",
                    "PRODUCT_ID": "102404",
                    "AMOUNT": "4",
                    "PRODUCT_XML_ID": "73341",
                    "STORE_XML_ID": "415",
                    "STORE_NAME": "г. Челябинск, Свердловский пр-т, 40а",
                    "PRICE": "3240.00",
                    "PRICE_ID": "21"
                }
            ],
            "brand": "TUNGA",
            "brandCode": "665",
            "vendorCode": "686201297",
            "model": "Zodiak 2",
            "raznItems": [
                {
                    "id": "102351",
                    "name": "185/60 R14",
                    "price": 3030,
                    "amount": "4",
                    "quantity": 1,
                    "url": "/catalog/legkovye/18560-r14-86t-tunga-zodiak-2-tl72940/"
                },
                {
                    "id": "102403",
                    "name": "175/65 R14",
                    "price": 3020,
                    "amount": "4",
                    "quantity": 1,
                    "url": "/catalog/legkovye/17565-r14-86t-tunga-zodiak-2-tl73340/"
                },
                {
                    "id": "102404",
                    "name": "185/65 R14",
                    "price": 3240,
                    "amount": "4",
                    "quantity": 1,
                    "url": "/catalog/legkovye/18565-r14-90t-tunga-zodiak-2-tl73341/"
                },
                {
                    "id": "102405",
                    "name": "185/70 R14",
                    "price": 3540,
                    "amount": "4",
                    "quantity": 1,
                    "url": "/catalog/legkovye/18570-r14-92t-tunga-zodiak-2-tl73342/"
                }
            ]
        },
        {
            "id": 92217,
            "isNew": false,
            "EDIT_LINK": null,
            "DELETE_LINK": null,
            "props": [
                {
                    "name": "Ширина",
                    "value": "175 "
                },
                {
                    "name": "Диаметр",
                    "value": "13 "
                }
            ],
            "type": "tires",
            "isPromo": null,
            "amount": 5,
            "season": "Летние",
            "price": 3280,
            "name": "175/70 R13 82H CORDIANT Road Runner TL",
            "sectionId": 7278,
            "sectionName": "Легковые",
            "sectionPath": [
                {
                    "ID": "7278",
                    "NAME": "Легковые"
                },
                {
                    "ID": "7267",
                    "NAME": "Шины"
                }
            ],
            "imgSrc": "/upload/resize_cache/rembg-image/d17/275_275_1/4i33k4y6jv6vj932ooishpstuovu3d55.png",
            "url": "/catalog/legkovye/17570-r13-82h-cordiant-road-runner-tl92978/",
            "promo": [],
            "discountStores": [],
            "externalStores": [],
            "commonStores": [
                {
                    "STORE_ID": "158",
                    "PRODUCT_ID": "92217",
                    "AMOUNT": "1",
                    "PRODUCT_XML_ID": "92978",
                    "STORE_XML_ID": "351",
                    "STORE_NAME": "Оптовый Склад",
                    "PRICE": "3280.00",
                    "PRICE_ID": "9"
                },
                {
                    "STORE_ID": "160",
                    "PRODUCT_ID": "92217",
                    "AMOUNT": "4",
                    "PRODUCT_XML_ID": "92978",
                    "STORE_XML_ID": "407",
                    "STORE_NAME": "г. Челябинск, ул. Пионерская, 4",
                    "PRICE": "3280.00",
                    "PRICE_ID": "11"
                }
            ],
            "brand": "CORDIANT",
            "brandCode": "403",
            "vendorCode": "355815573",
            "model": "Road Runner",
            "raznItems": [
                {
                    "id": "92217",
                    "name": "175/70 R13",
                    "price": 3280,
                    "amount": "4",
                    "quantity": 1,
                    "url": "/catalog/legkovye/17570-r13-82h-cordiant-road-runner-tl92978/"
                }
            ]
        }
    ],
    "filter": {
        "0": {
            "LOGIC": "OR",
            ">STORE_AMOUNT_156": 0,
            ">STORE_AMOUNT_158": 0,
            ">STORE_AMOUNT_159": 0,
            ">STORE_AMOUNT_160": 0,
            ">STORE_AMOUNT_161": 0,
            ">STORE_AMOUNT_164": 0,
            ">STORE_AMOUNT_165": 0,
            ">STORE_AMOUNT_168": 0,
            ">STORE_AMOUNT_169": 0,
            ">STORE_AMOUNT_174": 0,
            ">STORE_AMOUNT_180": 0,
            ">STORE_AMOUNT_184": 0,
            ">STORE_AMOUNT_185": 0,
            ">STORE_AMOUNT_191": 0,
            ">STORE_AMOUNT_192": 0,
            ">STORE_AMOUNT_194": 0,
            ">STORE_AMOUNT_6087": 0
        },
        "1": {
            "LOGIC": "OR",
            ">CATALOG_CATALOG_GROUP_ID_33": 0,
            ">CATALOG_CATALOG_GROUP_ID_90": 0,
            ">CATALOG_CATALOG_GROUP_ID_96": 0,
            ">CATALOG_CATALOG_GROUP_ID_97": 0,
            ">CATALOG_CATALOG_GROUP_ID_98": 0
        },
        "2": {
            "LOGIC": "OR",
            ">STORE_AMOUNT_156": 0,
            ">STORE_AMOUNT_158": 0,
            ">STORE_AMOUNT_159": 0,
            ">STORE_AMOUNT_160": 0,
            ">STORE_AMOUNT_161": 0,
            ">STORE_AMOUNT_164": 0,
            ">STORE_AMOUNT_165": 0,
            ">STORE_AMOUNT_168": 0,
            ">STORE_AMOUNT_169": 0,
            ">STORE_AMOUNT_174": 0,
            ">STORE_AMOUNT_180": 0,
            ">STORE_AMOUNT_184": 0,
            ">STORE_AMOUNT_185": 0,
            ">STORE_AMOUNT_191": 0,
            ">STORE_AMOUNT_192": 0,
            ">STORE_AMOUNT_194": 0,
            ">STORE_AMOUNT_6087": 0
        },
        "3": {
            "LOGIC": "OR",
            ">CATALOG_CATALOG_GROUP_ID_33": 0,
            ">CATALOG_CATALOG_GROUP_ID_90": 0,
            ">CATALOG_CATALOG_GROUP_ID_96": 0,
            ">CATALOG_CATALOG_GROUP_ID_97": 0,
            ">CATALOG_CATALOG_GROUP_ID_98": 0
        },
        "=PROPERTY_458": [
            "154"
        ]
    },
    "promo": {
        "id": "165954",
        "url": "/promo/shiny-v-rassrochku/",
        "name": "Покупки в рассрочку",
        "text": "Теперь вы можете купить зимние шины, или диски в рассрочку быстро и легко: без первоначального взноса и без переплаты!",
        "imgSrc": "/upload/resize_cache/iblock/356/1075_613_1/8iiw8xmv2bzky9euo9mn57dqx6dk3xa9.jpg",
        "videoSrc": null
    },
    "promoFilter": {
        "IBLOCK_ID": 10,
        "ACTIVE": "Y",
        "=PROPERTY_SECTION": 206,
        "=PROPERTY_CATALOG_SEASON": [
            false,
            204
        ],
        "=PROPERTY_CATALOG_BRAND": [
            false
        ]
    },
    "navNum": 1,
    "pagesCount": 111,
    "pageNum": 4
}