{
    "pageUrl": "/catalog/legkovye/?arCatalogFilter_458_1500340406=Y&set_filter=Y&sort%5Brecommendations%5D=asc&PAGEN_1=7",
    "items": [
        {
            "id": 100057,
            "isNew": false,
            "EDIT_LINK": null,
            "DELETE_LINK": null,
            "props": [
                {
                    "name": "Ширина",
                    "value": "185 "
                },
                {
                    "name": "Диаметр",
                    "value": "14 "
                }
            ],
            "type": "tires",
            "isPromo": null,
            "amount": 409,
            "season": "Летние",
            "price": 3330,
            "name": "185/70 R14 88H VIATTI Strada Asimmetrico (V-130) TL",
            "sectionId": 7278,
            "sectionName": "Легковые",
            "sectionPath": [
                {
                    "ID": "7278",
                    "NAME": "Легковые"
                },
                {
                    "ID": "7267",
                    "NAME": "Шины"
                }
            ],
            "imgSrc": "/upload/resize_cache/rembg-image/599/275_275_1/aj7ogfenrtaqdujziwjpz0dqg4rdw50b.png",
            "url": "/catalog/legkovye/18570-r14-88h-viatti-strada-asimmetrico-v-130-tl55721/",
            "promo": [],
            "discountStores": [],
            "externalStores": [],
            "commonStores": [
                {
                    "STORE_ID": "158",
                    "PRODUCT_ID": "100057",
                    "AMOUNT": "405",
                    "PRODUCT_XML_ID": "55721",
                    "STORE_XML_ID": "351",
                    "STORE_NAME": "Оптовый Склад",
                    "PRICE": "3330.00",
                    "PRICE_ID": "9"
                },
                {
                    "STORE_ID": "160",
                    "PRODUCT_ID": "100057",
                    "AMOUNT": "4",
                    "PRODUCT_XML_ID": "55721",
                    "STORE_XML_ID": "407",
                    "STORE_NAME": "г. Челябинск, ул. Пионерская, 4",
                    "PRICE": "3330.00",
                    "PRICE_ID": "11"
                }
            ],
            "brand": "VIATTI",
            "brandCode": "",
            "vendorCode": "3110006",
            "model": "Strada Asimmetrico V-130",
            "raznItems": [
                {
                    "id": "93654",
                    "name": "175/65 R14",
                    "price": 2860,
                    "amount": "56",
                    "quantity": 1,
                    "url": "/catalog/legkovye/17565-r14-82h-viatti-strada-asimmetrico-v-130-tl42455/"
                },
                {
                    "id": "100055",
                    "name": "185/60 R14",
                    "price": 2960,
                    "amount": "1",
                    "quantity": 1,
                    "url": "/catalog/legkovye/18560-r14-82h-viatti-strada-asimmetrico-v-130-tl55719/"
                },
                {
                    "id": "100056",
                    "name": "185/65 R14",
                    "price": 3100,
                    "amount": "40",
                    "quantity": 1,
                    "url": "/catalog/legkovye/18565-r14-86h-viatti-strada-asimmetrico-v-130-tl55720/"
                },
                {
                    "id": "100057",
                    "name": "185/70 R14",
                    "price": 3330,
                    "amount": "4",
                    "quantity": 1,
                    "url": "/catalog/legkovye/18570-r14-88h-viatti-strada-asimmetrico-v-130-tl55721/"
                }
            ]
        },
        {
            "id": 159875,
            "isNew": false,
            "EDIT_LINK": null,
            "DELETE_LINK": null,
            "props": [
                {
                    "name": "Ширина",
                    "value": "205 "
                },
                {
                    "name": "Диаметр",
                    "value": "16 "
                }
            ],
            "type": "tires",
            "isPromo": null,
            "amount": 6,
            "season": "Летние",
            "price": 4500,
            "name": "205/50 R16 87V SAILUN Atrezzo Elite TL",
            "sectionId": 7278,
            "sectionName": "Легковые",
            "sectionPath": [
                {
                    "ID": "7278",
                    "NAME": "Легковые"
                },
                {
                    "ID": "7267",
                    "NAME": "Шины"
                }
            ],
            "imgSrc": "/upload/resize_cache/rembg-image/42e/275_275_1/m22wae1t49okkwvw1i1qfyfs0ka1qb7t.png",
            "url": "/catalog/legkovye/20550r16-87v-atrezzo-elite-tl/",
            "promo": [],
            "discountStores": [],
            "externalStores": [],
            "commonStores": [],
            "brand": "SAILUN",
            "brandCode": "",
            "vendorCode": "3220010714",
            "model": "Atrezzo Elite",
            "raznItems": [
                {
                    "id": "156117",
                    "name": "195/50 R16",
                    "price": 5170,
                    "amount": "7",
                    "quantity": 1,
                    "url": "/catalog/legkovye/19550-r16-88v-sailun-atrezzo-elite-tl25008/"
                },
                {
                    "id": "156119",
                    "name": "215/55 R16",
                    "price": 6640,
                    "amount": "7",
                    "quantity": 1,
                    "url": "/catalog/legkovye/21555-r16-97w-sailun-atrezzo-elite-tl25010/"
                },
                {
                    "id": "156120",
                    "name": "215/65 R16",
                    "price": 7260,
                    "amount": "1",
                    "quantity": 1,
                    "url": "/catalog/legkovye/21565-r16-98h-sailun-atrezzo-elite-tl25011/"
                },
                {
                    "id": "156121",
                    "name": "225/55 R16",
                    "price": 7500,
                    "amount": "38",
                    "quantity": 1,
                    "url": "/catalog/legkovye/22555-r16-99v-sailun-atrezzo-elite-tl25012/"
                },
                {
                    "id": "159875",
                    "name": "205/50 R16",
                    "price": 4500,
                    "amount": "6",
                    "quantity": 1,
                    "url": "/catalog/legkovye/20550r16-87v-atrezzo-elite-tl/"
                },
                {
                    "id": "159878",
                    "name": "205/45 R16",
                    "price": 4680,
                    "amount": "5",
                    "quantity": 1,
                    "url": "/catalog/legkovye/20545r16-87w-xl-atrezzo-elite-tl/"
                },
                {
                    "id": "160068",
                    "name": "205/65 R16",
                    "price": 4920,
                    "amount": "1",
                    "quantity": 1,
                    "url": "/catalog/legkovye/20565r16-95v-atrezzo-elite-tl/"
                }
            ]
        },
        {
            "id": 156258,
            "isNew": false,
            "EDIT_LINK": null,
            "DELETE_LINK": null,
            "props": [
                {
                    "name": "Ширина",
                    "value": "185 "
                },
                {
                    "name": "Диаметр",
                    "value": "14 "
                }
            ],
            "type": "tires",
            "isPromo": null,
            "amount": 4,
            "season": "Летние",
            "price": 3260,
            "name": "185/60 R14  VIATTI Strada 2 (V-134) TL",
            "sectionId": 7278,
            "sectionName": "Легковые",
            "sectionPath": [
                {
                    "ID": "7278",
                    "NAME": "Легковые"
                },
                {
                    "ID": "7267",
                    "NAME": "Шины"
                }
            ],
            "imgSrc": "/upload/resize_cache/rembg-image/149/275_275_1/0ggciwbyot1df9g4sqf8edd06j7vv9p2.png",
            "url": "/catalog/legkovye/18560-r14-viatti-strada-2-v-134-tl25156/",
            "promo": [],
            "discountStores": [],
            "externalStores": [],
            "commonStores": [
                {
                    "STORE_ID": "158",
                    "PRODUCT_ID": "156258",
                    "AMOUNT": "4",
                    "PRODUCT_XML_ID": "25156",
                    "STORE_XML_ID": "351",
                    "STORE_NAME": "Оптовый Склад",
                    "PRICE": "3260.00",
                    "PRICE_ID": "9"
                }
            ],
            "brand": "VIATTI",
            "brandCode": "",
            "vendorCode": "3110076",
            "model": "Strada 2 V-134",
            "raznItems": [
                {
                    "id": "156258",
                    "name": "185/60 R14",
                    "price": 3260,
                    "amount": "4",
                    "quantity": 1,
                    "url": "/catalog/legkovye/18560-r14-viatti-strada-2-v-134-tl25156/"
                }
            ]
        },
        {
            "id": 159841,
            "isNew": false,
            "EDIT_LINK": null,
            "DELETE_LINK": null,
            "props": [
                {
                    "name": "Ширина",
                    "value": "155 "
                },
                {
                    "name": "Диаметр",
                    "value": "13 "
                }
            ],
            "type": "tires",
            "isPromo": null,
            "amount": 41,
            "season": "Летние",
            "price": 4520,
            "name": "155/70 R13 75T HANKOOK Kinergy Eco K425 TL",
            "sectionId": 7278,
            "sectionName": "Легковые",
            "sectionPath": [
                {
                    "ID": "7278",
                    "NAME": "Легковые"
                },
                {
                    "ID": "7267",
                    "NAME": "Шины"
                }
            ],
            "imgSrc": "/upload/resize_cache/rembg-image/f78/275_275_1/b5rzp4y1on39qr2ois43gdyfx9ad6ese.png",
            "url": "/catalog/legkovye/15570r13-75t-kinergy-eco-k425-tl/",
            "promo": [],
            "discountStores": [],
            "externalStores": [],
            "commonStores": [],
            "brand": "HANKOOK",
            "brandCode": "",
            "vendorCode": "1018519",
            "model": "Kinergy Eco K425",
            "raznItems": [
                {
                    "id": "159841",
                    "name": "155/70 R13",
                    "price": 4520,
                    "amount": "41",
                    "quantity": 1,
                    "url": "/catalog/legkovye/15570r13-75t-kinergy-eco-k425-tl/"
                }
            ]
        },
        {
            "id": 135220,
            "isNew": false,
            "EDIT_LINK": null,
            "DELETE_LINK": null,
            "props": [
                {
                    "name": "Ширина",
                    "value": "165 "
                },
                {
                    "name": "Диаметр",
                    "value": "14 "
                }
            ],
            "type": "tires",
            "isPromo": null,
            "amount": 2,
            "season": "Летние",
            "price": 4520,
            "name": "165/70 R14 81T NOKIAN TYRES Hakka Green 3 TL",
            "sectionId": 7278,
            "sectionName": "Легковые",
            "sectionPath": [
                {
                    "ID": "7278",
                    "NAME": "Легковые"
                },
                {
                    "ID": "7267",
                    "NAME": "Шины"
                }
            ],
            "imgSrc": "/upload/resize_cache/rembg-image/012/275_275_1/boulz7gfaahz0zk5xycbvyyxeu241kc1.png",
            "url": "/catalog/legkovye/16570-r14-81t-nokian-tyres-hakka-green-3-tl65315/",
            "promo": [],
            "discountStores": [],
            "externalStores": [],
            "commonStores": [
                {
                    "STORE_ID": "158",
                    "PRODUCT_ID": "135220",
                    "AMOUNT": "2",
                    "PRODUCT_XML_ID": "65315",
                    "STORE_XML_ID": "351",
                    "STORE_NAME": "Оптовый Склад",
                    "PRICE": "4520.00",
                    "PRICE_ID": "9"
                }
            ],
            "brand": "NOKIAN TYRES",
            "brandCode": "277",
            "vendorCode": "T431447",
            "model": "Hakka Green 3",
            "raznItems": [
                {
                    "id": "135219",
                    "name": "155/65 R14",
                    "price": 3930,
                    "amount": "4",
                    "quantity": 1,
                    "url": "/catalog/legkovye/15565-r14-75t-nokian-tyres-hakka-green-3-tl65316/"
                },
                {
                    "id": "135220",
                    "name": "165/70 R14",
                    "price": 4520,
                    "amount": "2",
                    "quantity": 1,
                    "url": "/catalog/legkovye/16570-r14-81t-nokian-tyres-hakka-green-3-tl65315/"
                },
                {
                    "id": "135223",
                    "name": "185/60 R14",
                    "price": 4400,
                    "amount": "8",
                    "quantity": 1,
                    "url": "/catalog/legkovye/18560-r14-82t-nokian-tyres-hakka-green-3-tl65311/"
                }
            ]
        },
        {
            "id": 102408,
            "isNew": false,
            "EDIT_LINK": null,
            "DELETE_LINK": null,
            "props": [
                {
                    "name": "Ширина",
                    "value": "205 "
                },
                {
                    "name": "Диаметр",
                    "value": "16 "
                }
            ],
            "type": "tires",
            "isPromo": null,
            "amount": 1,
            "season": "Летние",
            "price": 3640,
            "name": "205/55 R16 94T TUNGA Zodiak 2 TL",
            "sectionId": 7278,
            "sectionName": "Легковые",
            "sectionPath": [
                {
                    "ID": "7278",
                    "NAME": "Легковые"
                },
                {
                    "ID": "7267",
                    "NAME": "Шины"
                }
            ],
            "imgSrc": "/upload/resize_cache/rembg-image/e9f/275_275_1/3aq62v11fd33p8ug2sn3ut4dux79xjvo.png",
            "url": "/catalog/legkovye/20555-r16-94t-tunga-zodiak-2-tl73345/",
            "promo": [],
            "discountStores": [],
            "externalStores": [],
            "commonStores": [
                {
                    "STORE_ID": "158",
                    "PRODUCT_ID": "102408",
                    "AMOUNT": "1",
                    "PRODUCT_XML_ID": "73345",
                    "STORE_XML_ID": "351",
                    "STORE_NAME": "Оптовый Склад",
                    "PRICE": "3640.00",
                    "PRICE_ID": "9"
                }
            ],
            "brand": "TUNGA",
            "brandCode": "665",
            "vendorCode": "742206052",
            "model": "Zodiak 2",
            "raznItems": [
                {
                    "id": "102408",
                    "name": "205/55 R16",
                    "price": 3640,
                    "amount": "1",
                    "quantity": 1,
                    "url": "/catalog/legkovye/20555-r16-94t-tunga-zodiak-2-tl73345/"
                }
            ]
        },
        {
            "id": 104054,
            "isNew": false,
            "EDIT_LINK": null,
            "DELETE_LINK": null,
            "props": [
                {
                    "name": "Ширина",
                    "value": "185 "
                },
                {
                    "name": "Диаметр",
                    "value": "14 "
                }
            ],
            "type": "tires",
            "isPromo": null,
            "amount": 10,
            "season": "Летние",
            "price": 3560,
            "name": "185/60 R14 86H CORDIANT Comfort 2 TL",
            "sectionId": 7278,
            "sectionName": "Легковые",
            "sectionPath": [
                {
                    "ID": "7278",
                    "NAME": "Легковые"
                },
                {
                    "ID": "7267",
                    "NAME": "Шины"
                }
            ],
            "imgSrc": "/upload/resize_cache/rembg-image/ebd/275_275_1/37kf4hjrqn45j3ld8vfzj2a150a1vrh0.png",
            "url": "/catalog/legkovye/18560-r14-86h-cordiant-comfort-2-tl91367/",
            "promo": [],
            "discountStores": [],
            "externalStores": [],
            "commonStores": [
                {
                    "STORE_ID": "158",
                    "PRODUCT_ID": "104054",
                    "AMOUNT": "4",
                    "PRODUCT_XML_ID": "91367",
                    "STORE_XML_ID": "351",
                    "STORE_NAME": "Оптовый Склад",
                    "PRICE": "3560.00",
                    "PRICE_ID": "9"
                },
                {
                    "STORE_ID": "161",
                    "PRODUCT_ID": "104054",
                    "AMOUNT": "2",
                    "PRODUCT_XML_ID": "91367",
                    "STORE_XML_ID": "383",
                    "STORE_NAME": "г. Челябинск, ул. Федорова 2а",
                    "PRICE": "3560.00",
                    "PRICE_ID": "12"
                },
                {
                    "STORE_ID": "168",
                    "PRODUCT_ID": "104054",
                    "AMOUNT": "4",
                    "PRODUCT_XML_ID": "91367",
                    "STORE_XML_ID": "391",
                    "STORE_NAME": "г. Челябинск, ул. Бр.Кашириных, 93б",
                    "PRICE": "3560.00",
                    "PRICE_ID": "19"
                }
            ],
            "brand": "CORDIANT",
            "brandCode": "403",
            "vendorCode": "650852010",
            "model": "Comfort 2",
            "raznItems": [
                {
                    "id": "104054",
                    "name": "185/60 R14",
                    "price": 3560,
                    "amount": "4",
                    "quantity": 1,
                    "url": "/catalog/legkovye/18560-r14-86h-cordiant-comfort-2-tl91367/"
                },
                {
                    "id": "104055",
                    "name": "185/65 R14",
                    "price": 3810,
                    "amount": "1",
                    "quantity": 1,
                    "url": "/catalog/legkovye/18565-r14-90h-cordiant-comfort-2-tl91368/"
                },
                {
                    "id": "104056",
                    "name": "185/70 R14",
                    "price": 4160,
                    "amount": "3",
                    "quantity": 1,
                    "url": "/catalog/legkovye/18570-r14-92h-cordiant-comfort-2-tl91369/"
                }
            ]
        },
        {
            "id": 160069,
            "isNew": false,
            "EDIT_LINK": null,
            "DELETE_LINK": null,
            "props": [
                {
                    "name": "Ширина",
                    "value": "205 "
                },
                {
                    "name": "Диаметр",
                    "value": "15 "
                }
            ],
            "type": "tires",
            "isPromo": null,
            "amount": 6,
            "season": "Летние",
            "price": 4560,
            "name": "205/65 R15 94V SAILUN Atrezzo Elite TL",
            "sectionId": 7278,
            "sectionName": "Легковые",
            "sectionPath": [
                {
                    "ID": "7278",
                    "NAME": "Легковые"
                },
                {
                    "ID": "7267",
                    "NAME": "Шины"
                }
            ],
            "imgSrc": "/upload/resize_cache/rembg-image/aad/275_275_1/zckgxsg5tva5j1c6285ucrb41fvmup88.png",
            "url": "/catalog/legkovye/20565r15-94v-atrezzo-elite-tl/",
            "promo": [],
            "discountStores": [],
            "externalStores": [],
            "commonStores": [],
            "brand": "SAILUN",
            "brandCode": "",
            "vendorCode": "3220010721",
            "model": "Atrezzo Elite",
            "raznItems": [
                {
                    "id": "160069",
                    "name": "205/65 R15",
                    "price": 4560,
                    "amount": "6",
                    "quantity": 1,
                    "url": "/catalog/legkovye/20565r15-94v-atrezzo-elite-tl/"
                },
                {
                    "id": "160507",
                    "name": "225/60 R15",
                    "price": 5460,
                    "amount": "1",
                    "quantity": 1,
                    "url": "/catalog/legkovye/22560r15-96v-atrezzo-elite-tl/"
                }
            ]
        },
        {
            "id": 96916,
            "isNew": false,
            "EDIT_LINK": null,
            "DELETE_LINK": null,
            "props": [
                {
                    "name": "Ширина",
                    "value": "175 "
                },
                {
                    "name": "Диаметр",
                    "value": "13 "
                }
            ],
            "type": "tires",
            "isPromo": null,
            "amount": 16,
            "season": "Летние",
            "price": 3450,
            "name": "175/70 R13 82T NOKIAN TYRES Nordman SX 3 TL",
            "sectionId": 7278,
            "sectionName": "Легковые",
            "sectionPath": [
                {
                    "ID": "7278",
                    "NAME": "Легковые"
                },
                {
                    "ID": "7267",
                    "NAME": "Шины"
                }
            ],
            "imgSrc": "/upload/resize_cache/rembg-image/315/275_275_1/qe64ybpthsudkva7qxtsaol18hjm8cyf.png",
            "url": "/catalog/legkovye/17570-r13-82t-nokian-tyres-nordman-sx-3-tl22412/",
            "promo": [],
            "discountStores": [],
            "externalStores": [],
            "commonStores": [
                {
                    "STORE_ID": "156",
                    "PRODUCT_ID": "96916",
                    "AMOUNT": "4",
                    "PRODUCT_XML_ID": "22412",
                    "STORE_XML_ID": "419",
                    "STORE_NAME": "г. Челябинск, Свердловский тракт, 12б",
                    "PRICE": "3450.00",
                    "PRICE_ID": "7"
                },
                {
                    "STORE_ID": "160",
                    "PRODUCT_ID": "96916",
                    "AMOUNT": "4",
                    "PRODUCT_XML_ID": "22412",
                    "STORE_XML_ID": "407",
                    "STORE_NAME": "г. Челябинск, ул. Пионерская, 4",
                    "PRICE": "3450.00",
                    "PRICE_ID": "11"
                },
                {
                    "STORE_ID": "168",
                    "PRODUCT_ID": "96916",
                    "AMOUNT": "4",
                    "PRODUCT_XML_ID": "22412",
                    "STORE_XML_ID": "391",
                    "STORE_NAME": "г. Челябинск, ул. Бр.Кашириных, 93б",
                    "PRICE": "3450.00",
                    "PRICE_ID": "19"
                },
                {
                    "STORE_ID": "174",
                    "PRODUCT_ID": "96916",
                    "AMOUNT": "4",
                    "PRODUCT_XML_ID": "22412",
                    "STORE_XML_ID": "423",
                    "STORE_NAME": "г. Челябинск, ул. Комарова, 34",
                    "PRICE": "3450.00",
                    "PRICE_ID": "25"
                }
            ],
            "brand": "NOKIAN TYRES",
            "brandCode": "277",
            "vendorCode": "T432315",
            "model": "Nordman SX 3",
            "raznItems": [
                {
                    "id": "96916",
                    "name": "175/70 R13",
                    "price": 3450,
                    "amount": "4",
                    "quantity": 1,
                    "url": "/catalog/legkovye/17570-r13-82t-nokian-tyres-nordman-sx-3-tl22412/"
                },
                {
                    "id": "155516",
                    "name": "155/80 R13",
                    "price": 3450,
                    "amount": "3",
                    "quantity": 1,
                    "url": "/catalog/legkovye/15580-r13-79t-nokian-tyres-nordman-sx-3-tl24459/"
                }
            ]
        },
        {
            "id": 167562,
            "isNew": false,
            "EDIT_LINK": null,
            "DELETE_LINK": null,
            "props": [
                {
                    "name": "Ширина",
                    "value": "175 "
                },
                {
                    "name": "Диаметр",
                    "value": "15 "
                }
            ],
            "type": "tires",
            "isPromo": null,
            "amount": 4,
            "season": "Летние",
            "price": 4580,
            "name": "175/65 R15 84H MARSHAL MH15 TL",
            "sectionId": 7278,
            "sectionName": "Легковые",
            "sectionPath": [
                {
                    "ID": "7278",
                    "NAME": "Легковые"
                },
                {
                    "ID": "7267",
                    "NAME": "Шины"
                }
            ],
            "imgSrc": "/upload/resize_cache/iblock/7ec/275_275_1/7gs3c4dndbowhrea2cg7dul42jc7ek6r.png",
            "url": "/catalog/legkovye/17565-r15-84h-marshal-mh15-tl-2282353/",
            "promo": [],
            "discountStores": [],
            "externalStores": [],
            "commonStores": [],
            "brand": "MARSHAL",
            "brandCode": "",
            "vendorCode": "2282353",
            "model": "MH15",
            "raznItems": [
                {
                    "id": "167562",
                    "name": "175/65 R15",
                    "price": 4580,
                    "amount": "4",
                    "quantity": 1,
                    "url": "/catalog/legkovye/17565-r15-84h-marshal-mh15-tl-2282353/"
                }
            ]
        },
        {
            "id": 160776,
            "isNew": false,
            "EDIT_LINK": null,
            "DELETE_LINK": null,
            "props": [
                {
                    "name": "Ширина",
                    "value": "205 "
                },
                {
                    "name": "Диаметр",
                    "value": "16 "
                }
            ],
            "type": "tires",
            "isPromo": null,
            "amount": 2,
            "season": "Летние",
            "price": 4590,
            "name": "205/65 R16 95H ONYX NY-801 TL",
            "sectionId": 7278,
            "sectionName": "Легковые",
            "sectionPath": [
                {
                    "ID": "7278",
                    "NAME": "Легковые"
                },
                {
                    "ID": "7267",
                    "NAME": "Шины"
                }
            ],
            "imgSrc": "/upload/resize_cache/rembg-image/058/275_275_1/oeyadklj34ygn83bd7j1byds7uakrs6q.png",
            "url": "/catalog/legkovye/20565r16-95h-ny-801-tl/",
            "promo": [],
            "discountStores": [],
            "externalStores": [],
            "commonStores": [],
            "brand": "ONYX",
            "brandCode": "",
            "vendorCode": "200N2102",
            "model": "NY-801",
            "raznItems": [
                {
                    "id": "159567",
                    "name": "195/60 R16",
                    "price": 3990,
                    "amount": "12",
                    "quantity": 1,
                    "url": "/catalog/legkovye/19560r16-89h-ny-801-tl/"
                },
                {
                    "id": "160776",
                    "name": "205/65 R16",
                    "price": 4590,
                    "amount": "2",
                    "quantity": 1,
                    "url": "/catalog/legkovye/20565r16-95h-ny-801-tl/"
                }
            ]
        },
        {
            "id": 159843,
            "isNew": false,
            "EDIT_LINK": null,
            "DELETE_LINK": null,
            "props": [
                {
                    "name": "Ширина",
                    "value": "175 "
                },
                {
                    "name": "Диаметр",
                    "value": "14 "
                }
            ],
            "type": "tires",
            "isPromo": null,
            "amount": 12,
            "season": "Летние",
            "price": 4600,
            "name": "175/65 R14 86T NEXEN Nblue HD Plus TL",
            "sectionId": 7278,
            "sectionName": "Легковые",
            "sectionPath": [
                {
                    "ID": "7278",
                    "NAME": "Легковые"
                },
                {
                    "ID": "7267",
                    "NAME": "Шины"
                }
            ],
            "imgSrc": "/upload/resize_cache/rembg-image/b06/275_275_1/kntwv42ilowfznobclka121h0dzr191w.png",
            "url": "/catalog/legkovye/17565r14-86t-xl-nblue-hd-plus-tl/",
            "promo": [],
            "discountStores": [],
            "externalStores": [],
            "commonStores": [],
            "brand": "NEXEN",
            "brandCode": "",
            "vendorCode": "14990",
            "model": "NBlue HD Plus",
            "raznItems": [
                {
                    "id": "159843",
                    "name": "175/65 R14",
                    "price": 4600,
                    "amount": "12",
                    "quantity": 1,
                    "url": "/catalog/legkovye/17565r14-86t-xl-nblue-hd-plus-tl/"
                }
            ]
        },
        {
            "id": 156262,
            "isNew": false,
            "EDIT_LINK": null,
            "DELETE_LINK": null,
            "props": [
                {
                    "name": "Ширина",
                    "value": "195 "
                },
                {
                    "name": "Диаметр",
                    "value": "16 "
                }
            ],
            "type": "tires",
            "isPromo": null,
            "amount": 21,
            "season": "Летние",
            "price": 4610,
            "name": "195/55 R16  VIATTI Strada 2 (V-134) TL",
            "sectionId": 7278,
            "sectionName": "Легковые",
            "sectionPath": [
                {
                    "ID": "7278",
                    "NAME": "Легковые"
                },
                {
                    "ID": "7267",
                    "NAME": "Шины"
                }
            ],
            "imgSrc": "/upload/resize_cache/rembg-image/3dc/275_275_1/s6ubyd96wptdvbg674eccl51dxu2r9hi.png",
            "url": "/catalog/legkovye/19555-r16-viatti-strada-2-v-134-tl25161/",
            "promo": [],
            "discountStores": [],
            "externalStores": [],
            "commonStores": [
                {
                    "STORE_ID": "158",
                    "PRODUCT_ID": "156262",
                    "AMOUNT": "19",
                    "PRODUCT_XML_ID": "25161",
                    "STORE_XML_ID": "351",
                    "STORE_NAME": "Оптовый Склад",
                    "PRICE": "4610.00",
                    "PRICE_ID": "9"
                },
                {
                    "STORE_ID": "161",
                    "PRODUCT_ID": "156262",
                    "AMOUNT": "2",
                    "PRODUCT_XML_ID": "25161",
                    "STORE_XML_ID": "383",
                    "STORE_NAME": "г. Челябинск, ул. Федорова 2а",
                    "PRICE": "4610.00",
                    "PRICE_ID": "12"
                }
            ],
            "brand": "VIATTI",
            "brandCode": "389",
            "vendorCode": "3110086",
            "model": "Strada 2 (V-134)",
            "raznItems": [
                {
                    "id": "156262",
                    "name": "195/55 R16",
                    "price": 4610,
                    "amount": "2",
                    "quantity": 1,
                    "url": "/catalog/legkovye/19555-r16-viatti-strada-2-v-134-tl25161/"
                },
                {
                    "id": "157091",
                    "name": "215/60 R16",
                    "price": 5510,
                    "amount": "3",
                    "quantity": 1,
                    "url": "/catalog/legkovye/21560-r16-99v-viatti-strada-2-v-134-tl26012/"
                }
            ]
        },
        {
            "id": 156260,
            "isNew": false,
            "EDIT_LINK": null,
            "DELETE_LINK": null,
            "props": [
                {
                    "name": "Ширина",
                    "value": "185 "
                },
                {
                    "name": "Диаметр",
                    "value": "15 "
                }
            ],
            "type": "tires",
            "isPromo": null,
            "amount": 1108,
            "season": "Летние",
            "price": 3590,
            "name": "185/65 R15  VIATTI Strada 2 (V-134) TL",
            "sectionId": 7278,
            "sectionName": "Легковые",
            "sectionPath": [
                {
                    "ID": "7278",
                    "NAME": "Легковые"
                },
                {
                    "ID": "7267",
                    "NAME": "Шины"
                }
            ],
            "imgSrc": "/upload/resize_cache/rembg-image/ea5/275_275_1/j7kjzoo21gh15h447moov9cq8p4qwfu2.png",
            "url": "/catalog/legkovye/18565-r15-viatti-strada-2-v-134-tl25159/",
            "promo": [],
            "discountStores": [],
            "externalStores": [],
            "commonStores": [
                {
                    "STORE_ID": "158",
                    "PRODUCT_ID": "156260",
                    "AMOUNT": "1108",
                    "PRODUCT_XML_ID": "25159",
                    "STORE_XML_ID": "351",
                    "STORE_NAME": "Оптовый Склад",
                    "PRICE": "3590.00",
                    "PRICE_ID": "9"
                }
            ],
            "brand": "VIATTI",
            "brandCode": "",
            "vendorCode": "3110081",
            "model": "Strada 2 V-134",
            "raznItems": [
                {
                    "id": "156260",
                    "name": "185/65 R15",
                    "price": 3590,
                    "amount": "1108",
                    "quantity": 1,
                    "url": "/catalog/legkovye/18565-r15-viatti-strada-2-v-134-tl25159/"
                },
                {
                    "id": "156263",
                    "name": "195/60 R15",
                    "price": 4150,
                    "amount": "2",
                    "quantity": 1,
                    "url": "/catalog/legkovye/19560-r15-viatti-strada-2-v-134-tl25162/"
                }
            ]
        }
    ],
    "filter": {
        "0": {
            "LOGIC": "OR",
            ">STORE_AMOUNT_156": 0,
            ">STORE_AMOUNT_158": 0,
            ">STORE_AMOUNT_159": 0,
            ">STORE_AMOUNT_160": 0,
            ">STORE_AMOUNT_161": 0,
            ">STORE_AMOUNT_164": 0,
            ">STORE_AMOUNT_165": 0,
            ">STORE_AMOUNT_168": 0,
            ">STORE_AMOUNT_169": 0,
            ">STORE_AMOUNT_174": 0,
            ">STORE_AMOUNT_180": 0,
            ">STORE_AMOUNT_184": 0,
            ">STORE_AMOUNT_185": 0,
            ">STORE_AMOUNT_191": 0,
            ">STORE_AMOUNT_192": 0,
            ">STORE_AMOUNT_194": 0,
            ">STORE_AMOUNT_6087": 0
        },
        "1": {
            "LOGIC": "OR",
            ">CATALOG_CATALOG_GROUP_ID_33": 0,
            ">CATALOG_CATALOG_GROUP_ID_90": 0,
            ">CATALOG_CATALOG_GROUP_ID_96": 0,
            ">CATALOG_CATALOG_GROUP_ID_97": 0,
            ">CATALOG_CATALOG_GROUP_ID_98": 0
        },
        "2": {
            "LOGIC": "OR",
            ">STORE_AMOUNT_156": 0,
            ">STORE_AMOUNT_158": 0,
            ">STORE_AMOUNT_159": 0,
            ">STORE_AMOUNT_160": 0,
            ">STORE_AMOUNT_161": 0,
            ">STORE_AMOUNT_164": 0,
            ">STORE_AMOUNT_165": 0,
            ">STORE_AMOUNT_168": 0,
            ">STORE_AMOUNT_169": 0,
            ">STORE_AMOUNT_174": 0,
            ">STORE_AMOUNT_180": 0,
            ">STORE_AMOUNT_184": 0,
            ">STORE_AMOUNT_185": 0,
            ">STORE_AMOUNT_191": 0,
            ">STORE_AMOUNT_192": 0,
            ">STORE_AMOUNT_194": 0,
            ">STORE_AMOUNT_6087": 0
        },
        "3": {
            "LOGIC": "OR",
            ">CATALOG_CATALOG_GROUP_ID_33": 0,
            ">CATALOG_CATALOG_GROUP_ID_90": 0,
            ">CATALOG_CATALOG_GROUP_ID_96": 0,
            ">CATALOG_CATALOG_GROUP_ID_97": 0,
            ">CATALOG_CATALOG_GROUP_ID_98": 0
        },
        "=PROPERTY_458": [
            "154"
        ]
    },
    "promo": {
        "id": "165954",
        "url": "/promo/shiny-v-rassrochku/",
        "name": "Покупки в рассрочку",
        "text": "Теперь вы можете купить зимние шины, или диски в рассрочку быстро и легко: без первоначального взноса и без переплаты!",
        "imgSrc": "/upload/resize_cache/iblock/356/1075_613_1/8iiw8xmv2bzky9euo9mn57dqx6dk3xa9.jpg",
        "videoSrc": null
    },
    "promoFilter": {
        "IBLOCK_ID": 10,
        "ACTIVE": "Y",
        "=PROPERTY_SECTION": 206,
        "=PROPERTY_CATALOG_SEASON": [
            false,
            204
        ],
        "=PROPERTY_CATALOG_BRAND": [
            false
        ]
    },
    "navNum": 1,
    "pagesCount": 111,
    "pageNum": 7
}