{
    "pageUrl": "/catalog/legkovye/?arCatalogFilter_458_1500340406=Y&set_filter=Y&sort%5Brecommendations%5D=asc&PAGEN_1=12",
    "items": [
        {
            "id": 104058,
            "isNew": false,
            "EDIT_LINK": null,
            "DELETE_LINK": null,
            "props": [
                {
                    "name": "Ширина",
                    "value": "195 "
                },
                {
                    "name": "Диаметр",
                    "value": "15 "
                }
            ],
            "type": "tires",
            "isPromo": null,
            "amount": 8,
            "season": "Летние",
            "price": 4290,
            "name": "195/60 R15 92H CORDIANT Comfort 2 TL",
            "sectionId": 7278,
            "sectionName": "Легковые",
            "sectionPath": [
                {
                    "ID": "7278",
                    "NAME": "Легковые"
                },
                {
                    "ID": "7267",
                    "NAME": "Шины"
                }
            ],
            "imgSrc": "/upload/resize_cache/rembg-image/395/275_275_1/3121jhyvqyl7mkkqde2f69hq0b9yvd5y.png",
            "url": "/catalog/legkovye/19560-r15-92h-cordiant-comfort-2-tl91371/",
            "promo": [],
            "discountStores": [],
            "externalStores": [],
            "commonStores": [
                {
                    "STORE_ID": "174",
                    "PRODUCT_ID": "104058",
                    "AMOUNT": "4",
                    "PRODUCT_XML_ID": "91371",
                    "STORE_XML_ID": "423",
                    "STORE_NAME": "г. Челябинск, ул. Комарова, 34",
                    "PRICE": "4290.00",
                    "PRICE_ID": "25"
                },
                {
                    "STORE_ID": "185",
                    "PRODUCT_ID": "104058",
                    "AMOUNT": "4",
                    "PRODUCT_XML_ID": "91371",
                    "STORE_XML_ID": "415",
                    "STORE_NAME": "г. Челябинск, Свердловский пр-т, 40а",
                    "PRICE": "4290.00",
                    "PRICE_ID": "21"
                }
            ],
            "brand": "CORDIANT",
            "brandCode": "403",
            "vendorCode": "650852709",
            "model": "Comfort 2",
            "raznItems": [
                {
                    "id": "104058",
                    "name": "195/60 R15",
                    "price": 4290,
                    "amount": "4",
                    "quantity": 1,
                    "url": "/catalog/legkovye/19560-r15-92h-cordiant-comfort-2-tl91371/"
                },
                {
                    "id": "104066",
                    "name": "195/65 R15",
                    "price": 3930,
                    "amount": "4",
                    "quantity": 1,
                    "url": "/catalog/legkovye/19565-r15-95h-cordiant-comfort-2-tl91379/"
                },
                {
                    "id": "113680",
                    "name": "185/60 R15",
                    "price": 4290,
                    "amount": "4",
                    "quantity": 1,
                    "url": "/catalog/legkovye/18560-r15-84h-cordiant-comfort-2-tl08766/"
                }
            ]
        },
        {
            "id": 93057,
            "isNew": false,
            "EDIT_LINK": null,
            "DELETE_LINK": null,
            "props": [
                {
                    "name": "Ширина",
                    "value": "185 "
                },
                {
                    "name": "Диаметр",
                    "value": "14 "
                }
            ],
            "type": "tires",
            "isPromo": null,
            "amount": 2,
            "season": "Летние",
            "price": 5320,
            "name": "185/60 R14 82H BRIDGESTONE Turanza T001 TL",
            "sectionId": 7278,
            "sectionName": "Легковые",
            "sectionPath": [
                {
                    "ID": "7278",
                    "NAME": "Легковые"
                },
                {
                    "ID": "7267",
                    "NAME": "Шины"
                }
            ],
            "imgSrc": "/upload/resize_cache/rembg-image/314/275_275_1/5hlahly3b8c3t2ovmfu5geommxumolgy.png",
            "url": "/catalog/legkovye/18560-r14-82h-bridgestone-turanza-t001-tl09484/",
            "promo": [],
            "discountStores": [],
            "externalStores": [],
            "commonStores": [
                {
                    "STORE_ID": "158",
                    "PRODUCT_ID": "93057",
                    "AMOUNT": "2",
                    "PRODUCT_XML_ID": "09484",
                    "STORE_XML_ID": "351",
                    "STORE_NAME": "Оптовый Склад",
                    "PRICE": "5320.00",
                    "PRICE_ID": "9"
                }
            ],
            "brand": "BRIDGESTONE",
            "brandCode": "250",
            "vendorCode": "11868",
            "model": "Turanza T001",
            "raznItems": [
                {
                    "id": "93057",
                    "name": "185/60 R14",
                    "price": 5320,
                    "amount": "2",
                    "quantity": 1,
                    "url": "/catalog/legkovye/18560-r14-82h-bridgestone-turanza-t001-tl09484/"
                }
            ]
        },
        {
            "id": 136669,
            "isNew": false,
            "EDIT_LINK": null,
            "DELETE_LINK": null,
            "props": [
                {
                    "name": "Ширина",
                    "value": "185 "
                },
                {
                    "name": "Диаметр",
                    "value": "15 "
                }
            ],
            "type": "tires",
            "isPromo": null,
            "amount": 41,
            "season": "Летние",
            "price": 5330,
            "name": "185/60 R15 84H HANKOOK Kinergy Eco 2 K435 TL",
            "sectionId": 7278,
            "sectionName": "Легковые",
            "sectionPath": [
                {
                    "ID": "7278",
                    "NAME": "Легковые"
                },
                {
                    "ID": "7267",
                    "NAME": "Шины"
                }
            ],
            "imgSrc": "/upload/resize_cache/rembg-image/2eb/275_275_1/eahbnmbllimgw1ocvpi03yrw9zdif1du.png",
            "url": "/catalog/legkovye/18560r15-84h-kinergy-eco-2-k435-tl/",
            "promo": [],
            "discountStores": [],
            "externalStores": [],
            "commonStores": [],
            "brand": "HANKOOK",
            "brandCode": "",
            "vendorCode": "1024689",
            "model": "Kinergy Eco 2 K435",
            "raznItems": [
                {
                    "id": "136669",
                    "name": "185/60 R15",
                    "price": 5330,
                    "amount": "41",
                    "quantity": 1,
                    "url": "/catalog/legkovye/18560r15-84h-kinergy-eco-2-k435-tl/"
                },
                {
                    "id": "136996",
                    "name": "205/60 R15",
                    "price": 9580,
                    "amount": "6",
                    "quantity": 1,
                    "url": "/catalog/legkovye/20560r15-91h-kinergy-eco-2-k435-tl/"
                }
            ]
        },
        {
            "id": 156263,
            "isNew": false,
            "EDIT_LINK": null,
            "DELETE_LINK": null,
            "props": [
                {
                    "name": "Ширина",
                    "value": "195 "
                },
                {
                    "name": "Диаметр",
                    "value": "15 "
                }
            ],
            "type": "tires",
            "isPromo": null,
            "amount": 2,
            "season": "Летние",
            "price": 4150,
            "name": "195/60 R15  VIATTI Strada 2 (V-134) TL",
            "sectionId": 7278,
            "sectionName": "Легковые",
            "sectionPath": [
                {
                    "ID": "7278",
                    "NAME": "Легковые"
                },
                {
                    "ID": "7267",
                    "NAME": "Шины"
                }
            ],
            "imgSrc": "/upload/resize_cache/rembg-image/64c/275_275_1/ywvspgwmaq9ij8n7jqua66psi2ewwvk4.png",
            "url": "/catalog/legkovye/19560-r15-viatti-strada-2-v-134-tl25162/",
            "promo": [],
            "discountStores": [],
            "externalStores": [],
            "commonStores": [
                {
                    "STORE_ID": "160",
                    "PRODUCT_ID": "156263",
                    "AMOUNT": "2",
                    "PRODUCT_XML_ID": "25162",
                    "STORE_XML_ID": "407",
                    "STORE_NAME": "г. Челябинск, ул. Пионерская, 4",
                    "PRICE": "4150.00",
                    "PRICE_ID": "11"
                }
            ],
            "brand": "VIATTI",
            "brandCode": "",
            "vendorCode": "3110083",
            "model": "Strada 2 V-134",
            "raznItems": [
                {
                    "id": "156260",
                    "name": "185/65 R15",
                    "price": 3590,
                    "amount": "1108",
                    "quantity": 1,
                    "url": "/catalog/legkovye/18565-r15-viatti-strada-2-v-134-tl25159/"
                },
                {
                    "id": "156263",
                    "name": "195/60 R15",
                    "price": 4150,
                    "amount": "2",
                    "quantity": 1,
                    "url": "/catalog/legkovye/19560-r15-viatti-strada-2-v-134-tl25162/"
                }
            ]
        },
        {
            "id": 117747,
            "isNew": false,
            "EDIT_LINK": null,
            "DELETE_LINK": null,
            "props": [
                {
                    "name": "Ширина",
                    "value": "215 "
                },
                {
                    "name": "Диаметр",
                    "value": "16 "
                }
            ],
            "type": "tires",
            "isPromo": null,
            "amount": 473,
            "season": "Летние",
            "price": 5380,
            "name": "215/65 R16 98H VIATTI Bosco H/T (V-238) TL",
            "sectionId": 7278,
            "sectionName": "Легковые",
            "sectionPath": [
                {
                    "ID": "7278",
                    "NAME": "Легковые"
                },
                {
                    "ID": "7267",
                    "NAME": "Шины"
                }
            ],
            "imgSrc": "/upload/resize_cache/rembg-image/64c/275_275_1/n7a1x5vd2g75xlbykl8ov8an5d78c06h.png",
            "url": "/catalog/legkovye/21565-r16-98h-viatti-bosco-ht-v-238-tl21033/",
            "promo": [],
            "discountStores": [],
            "externalStores": [],
            "commonStores": [
                {
                    "STORE_ID": "158",
                    "PRODUCT_ID": "117747",
                    "AMOUNT": "473",
                    "PRODUCT_XML_ID": "21033",
                    "STORE_XML_ID": "351",
                    "STORE_NAME": "Оптовый Склад",
                    "PRICE": "5380.00",
                    "PRICE_ID": "9"
                }
            ],
            "brand": "VIATTI",
            "brandCode": "389",
            "vendorCode": "3110055",
            "model": "Bosco H/T (V-238)",
            "raznItems": [
                {
                    "id": "117747",
                    "name": "215/65 R16",
                    "price": 5380,
                    "amount": "473",
                    "quantity": 1,
                    "url": "/catalog/legkovye/21565-r16-98h-viatti-bosco-ht-v-238-tl21033/"
                }
            ]
        },
        {
            "id": 103951,
            "isNew": false,
            "EDIT_LINK": null,
            "DELETE_LINK": null,
            "props": [
                {
                    "name": "Ширина",
                    "value": "205 "
                },
                {
                    "name": "Диаметр",
                    "value": "15 "
                }
            ],
            "type": "tires",
            "isPromo": null,
            "amount": 4,
            "season": "Летние",
            "price": 5420,
            "name": "205/65 R15 94H MATADOR MP47 Hectorra 3 TL",
            "sectionId": 7278,
            "sectionName": "Легковые",
            "sectionPath": [
                {
                    "ID": "7278",
                    "NAME": "Легковые"
                },
                {
                    "ID": "7267",
                    "NAME": "Шины"
                }
            ],
            "imgSrc": "/upload/resize_cache/rembg-image/a8e/275_275_1/kl2al1kxz7cqpb3z93n67a675c8ab5u3.png",
            "url": "/catalog/legkovye/20565-r15-94h-matador-mp47-hectorra-3-tl91229/",
            "promo": [],
            "discountStores": [],
            "externalStores": [],
            "commonStores": [],
            "brand": "MATADOR",
            "brandCode": "",
            "vendorCode": "1581055",
            "model": "MP 47 Hectorra 3",
            "raznItems": [
                {
                    "id": "103948",
                    "name": "185/65 R15",
                    "price": 4100,
                    "amount": "41",
                    "quantity": 1,
                    "url": "/catalog/legkovye/18565r15-88t-mp-47-hectorra-3-tl/"
                },
                {
                    "id": "103951",
                    "name": "205/65 R15",
                    "price": 5420,
                    "amount": "4",
                    "quantity": 1,
                    "url": "/catalog/legkovye/20565-r15-94h-matador-mp47-hectorra-3-tl91229/"
                }
            ]
        },
        {
            "id": 157092,
            "isNew": false,
            "EDIT_LINK": null,
            "DELETE_LINK": null,
            "props": [
                {
                    "name": "Ширина",
                    "value": "225 "
                },
                {
                    "name": "Диаметр",
                    "value": "17 "
                }
            ],
            "type": "tires",
            "isPromo": null,
            "amount": 1,
            "season": "Летние",
            "price": 5430,
            "name": "225/45 R17 94W VIATTI Strada 2 (V-134) TL",
            "sectionId": 7278,
            "sectionName": "Легковые",
            "sectionPath": [
                {
                    "ID": "7278",
                    "NAME": "Легковые"
                },
                {
                    "ID": "7267",
                    "NAME": "Шины"
                }
            ],
            "imgSrc": "/upload/resize_cache/rembg-image/791/275_275_1/9al00kbby81qen4z1ewwon0uqwf21qmn.png",
            "url": "/catalog/legkovye/22545-r17-94w-viatti-strada-2-v-134-tl26014/",
            "promo": [],
            "discountStores": [],
            "externalStores": [],
            "commonStores": [
                {
                    "STORE_ID": "158",
                    "PRODUCT_ID": "157092",
                    "AMOUNT": "1",
                    "PRODUCT_XML_ID": "26014",
                    "STORE_XML_ID": "351",
                    "STORE_NAME": "Оптовый Склад",
                    "PRICE": "5430.00",
                    "PRICE_ID": "9"
                }
            ],
            "brand": "VIATTI",
            "brandCode": "",
            "vendorCode": "3110094",
            "model": "Strada 2 V-134",
            "raznItems": [
                {
                    "id": "157092",
                    "name": "225/45 R17",
                    "price": 5430,
                    "amount": "1",
                    "quantity": 1,
                    "url": "/catalog/legkovye/22545-r17-94w-viatti-strada-2-v-134-tl26014/"
                }
            ]
        },
        {
            "id": 163106,
            "isNew": false,
            "EDIT_LINK": null,
            "DELETE_LINK": null,
            "props": [
                {
                    "name": "Ширина",
                    "value": "215 "
                },
                {
                    "name": "Диаметр",
                    "value": "18 "
                }
            ],
            "type": "tires",
            "isPromo": null,
            "amount": 4,
            "season": "Летние",
            "price": 5450,
            "name": "215/55 R18 99V Onyx NY-HP187 TL",
            "sectionId": 7278,
            "sectionName": "Легковые",
            "sectionPath": [
                {
                    "ID": "7278",
                    "NAME": "Легковые"
                },
                {
                    "ID": "7267",
                    "NAME": "Шины"
                }
            ],
            "imgSrc": "/upload/resize_cache/rembg-image/4ec/275_275_1/c13542jq1dyp540t225rq2jhlyfy3vlr.png",
            "url": "/catalog/legkovye/21555r18-99v-xl-ny-hp187-tl/",
            "promo": [],
            "discountStores": [],
            "externalStores": [],
            "commonStores": [],
            "brand": "ONYX",
            "brandCode": "",
            "vendorCode": "200N3004",
            "model": "NY-HP187",
            "raznItems": [
                {
                    "id": "163106",
                    "name": "215/55 R18",
                    "price": 5450,
                    "amount": "4",
                    "quantity": 1,
                    "url": "/catalog/legkovye/21555r18-99v-xl-ny-hp187-tl/"
                }
            ]
        },
        {
            "id": 160507,
            "isNew": false,
            "EDIT_LINK": null,
            "DELETE_LINK": null,
            "props": [
                {
                    "name": "Ширина",
                    "value": "225 "
                },
                {
                    "name": "Диаметр",
                    "value": "15 "
                }
            ],
            "type": "tires",
            "isPromo": null,
            "amount": 1,
            "season": "Летние",
            "price": 5460,
            "name": "225/60 R15 96V SAILUN Atrezzo Elite TL",
            "sectionId": 7278,
            "sectionName": "Легковые",
            "sectionPath": [
                {
                    "ID": "7278",
                    "NAME": "Легковые"
                },
                {
                    "ID": "7267",
                    "NAME": "Шины"
                }
            ],
            "imgSrc": "/upload/resize_cache/rembg-image/411/275_275_1/5fr2ji28mwtgveb8uc61phklsnkr3zs2.png",
            "url": "/catalog/legkovye/22560r15-96v-atrezzo-elite-tl/",
            "promo": [],
            "discountStores": [],
            "externalStores": [],
            "commonStores": [],
            "brand": "SAILUN",
            "brandCode": "",
            "vendorCode": "3220010749",
            "model": "Atrezzo Elite",
            "raznItems": [
                {
                    "id": "160069",
                    "name": "205/65 R15",
                    "price": 4560,
                    "amount": "6",
                    "quantity": 1,
                    "url": "/catalog/legkovye/20565r15-94v-atrezzo-elite-tl/"
                },
                {
                    "id": "160507",
                    "name": "225/60 R15",
                    "price": 5460,
                    "amount": "1",
                    "quantity": 1,
                    "url": "/catalog/legkovye/22560r15-96v-atrezzo-elite-tl/"
                }
            ]
        },
        {
            "id": 100065,
            "isNew": false,
            "EDIT_LINK": null,
            "DELETE_LINK": null,
            "props": [
                {
                    "name": "Ширина",
                    "value": "215 "
                },
                {
                    "name": "Диаметр",
                    "value": "17 "
                }
            ],
            "type": "tires",
            "isPromo": null,
            "amount": 7,
            "season": "Летние",
            "price": 5460,
            "name": "215/55 R17 94V VIATTI Bosco A/T (V-237) TL",
            "sectionId": 7278,
            "sectionName": "Легковые",
            "sectionPath": [
                {
                    "ID": "7278",
                    "NAME": "Легковые"
                },
                {
                    "ID": "7267",
                    "NAME": "Шины"
                }
            ],
            "imgSrc": "/upload/resize_cache/rembg-image/d0c/275_275_1/ooe3unw7tdkn8bp40id7k16lsqh2v9gc.png",
            "url": "/catalog/legkovye/21555-r17-94v-viatti-bosco-at-v-237-tl55730/",
            "promo": [],
            "discountStores": [],
            "externalStores": [],
            "commonStores": [
                {
                    "STORE_ID": "156",
                    "PRODUCT_ID": "100065",
                    "AMOUNT": "4",
                    "PRODUCT_XML_ID": "FORTOCHKI_3110041",
                    "STORE_XML_ID": "419",
                    "STORE_NAME": "г. Челябинск, Свердловский тракт, 12б",
                    "PRICE": "5460.00",
                    "PRICE_ID": "7"
                },
                {
                    "STORE_ID": "158",
                    "PRODUCT_ID": "100065",
                    "AMOUNT": "3",
                    "PRODUCT_XML_ID": "FORTOCHKI_3110041",
                    "STORE_XML_ID": "351",
                    "STORE_NAME": "Оптовый Склад",
                    "PRICE": "5460.00",
                    "PRICE_ID": "9"
                }
            ],
            "brand": "VIATTI",
            "brandCode": "",
            "vendorCode": "3110041",
            "model": "Bosco A/T V-237",
            "raznItems": [
                {
                    "id": "91895",
                    "name": "225/65 R17",
                    "price": 5570,
                    "amount": "4",
                    "quantity": 1,
                    "url": "/catalog/legkovye/22565-r17-102h-viatti-bosco-at-v-237-tl86475/"
                },
                {
                    "id": "100065",
                    "name": "215/55 R17",
                    "price": 5460,
                    "amount": "3",
                    "quantity": 1,
                    "url": "/catalog/legkovye/21555-r17-94v-viatti-bosco-at-v-237-tl55730/"
                },
                {
                    "id": "100066",
                    "name": "225/60 R17",
                    "price": 6120,
                    "amount": "4",
                    "quantity": 1,
                    "url": "/catalog/legkovye/22560-r17-99h-viatti-bosco-at-v-237-tl55731/"
                },
                {
                    "id": "100067",
                    "name": "265/65 R17",
                    "price": 7260,
                    "amount": "4",
                    "quantity": 1,
                    "url": "/catalog/legkovye/26565-r17-112h-viatti-bosco-at-v-237-tl55732/"
                },
                {
                    "id": "101788",
                    "name": "215/60 R17",
                    "price": 5740,
                    "amount": "1",
                    "quantity": 1,
                    "url": "/catalog/legkovye/21560-r17-96h-viatti-bosco-at-v-237-tl68892/"
                }
            ]
        },
        {
            "id": 104082,
            "isNew": false,
            "EDIT_LINK": null,
            "DELETE_LINK": null,
            "props": [
                {
                    "name": "Ширина",
                    "value": "195 "
                },
                {
                    "name": "Диаметр",
                    "value": "15 "
                }
            ],
            "type": "tires",
            "isPromo": null,
            "amount": 2,
            "season": "Летние",
            "price": 5480,
            "name": "195/50 R15 82H TIGAR High Performance TL",
            "sectionId": 7278,
            "sectionName": "Легковые",
            "sectionPath": [
                {
                    "ID": "7278",
                    "NAME": "Легковые"
                },
                {
                    "ID": "7267",
                    "NAME": "Шины"
                }
            ],
            "imgSrc": "/upload/resize_cache/rembg-image/378/275_275_1/pf80noeslullsj7p5yhtcvfpw3935g8s.png",
            "url": "/catalog/legkovye/19550-r15-82h-tigar-high-performance-tl91469/",
            "promo": [],
            "discountStores": [],
            "externalStores": [],
            "commonStores": [
                {
                    "STORE_ID": "158",
                    "PRODUCT_ID": "104082",
                    "AMOUNT": "2",
                    "PRODUCT_XML_ID": "91469",
                    "STORE_XML_ID": "351",
                    "STORE_NAME": "Оптовый Склад",
                    "PRICE": "5480.00",
                    "PRICE_ID": "9"
                }
            ],
            "brand": "TIGAR",
            "brandCode": "275",
            "vendorCode": "705534",
            "model": "High Performance",
            "raznItems": [
                {
                    "id": "104082",
                    "name": "195/50 R15",
                    "price": 5480,
                    "amount": "2",
                    "quantity": 1,
                    "url": "/catalog/legkovye/19550-r15-82h-tigar-high-performance-tl91469/"
                },
                {
                    "id": "104086",
                    "name": "205/60 R15",
                    "price": 6070,
                    "amount": "1",
                    "quantity": 1,
                    "url": "/catalog/legkovye/20560-r15-91h-tigar-high-performance-tl91473/"
                }
            ]
        },
        {
            "id": 102505,
            "isNew": false,
            "EDIT_LINK": null,
            "DELETE_LINK": null,
            "props": [
                {
                    "name": "Ширина",
                    "value": "225 "
                },
                {
                    "name": "Диаметр",
                    "value": "18 "
                }
            ],
            "type": "tires",
            "isPromo": null,
            "amount": 8,
            "season": "Летние",
            "price": 5480,
            "name": "225/45 R18 95V VIATTI Strada Asimmetrico (V-130) TL",
            "sectionId": 7278,
            "sectionName": "Легковые",
            "sectionPath": [
                {
                    "ID": "7278",
                    "NAME": "Легковые"
                },
                {
                    "ID": "7267",
                    "NAME": "Шины"
                }
            ],
            "imgSrc": "/upload/resize_cache/rembg-image/690/275_275_1/2ngbtr9slt6pyaul3pay0t0pw7yucpzu.png",
            "url": "/catalog/legkovye/22545-r18-95v-viatti-strada-asimmetrico-v-130-tl73490/",
            "promo": [],
            "discountStores": [],
            "externalStores": [],
            "commonStores": [
                {
                    "STORE_ID": "158",
                    "PRODUCT_ID": "102505",
                    "AMOUNT": "8",
                    "PRODUCT_XML_ID": "73490",
                    "STORE_XML_ID": "351",
                    "STORE_NAME": "Оптовый Склад",
                    "PRICE": "5480.00",
                    "PRICE_ID": "9"
                }
            ],
            "brand": "VIATTI",
            "brandCode": "",
            "vendorCode": "3110032",
            "model": "Strada Asimmetrico V-130",
            "raznItems": [
                {
                    "id": "102505",
                    "name": "225/45 R18",
                    "price": 5480,
                    "amount": "8",
                    "quantity": 1,
                    "url": "/catalog/legkovye/22545-r18-95v-viatti-strada-asimmetrico-v-130-tl73490/"
                }
            ]
        },
        {
            "id": 91761,
            "isNew": false,
            "EDIT_LINK": null,
            "DELETE_LINK": null,
            "props": [
                {
                    "name": "Ширина",
                    "value": "195 "
                },
                {
                    "name": "Диаметр",
                    "value": "15 "
                }
            ],
            "type": "tires",
            "isPromo": null,
            "amount": 3,
            "season": "Летние",
            "price": 5490,
            "name": "195/65 R15 91H YOKOHAMA A349G TL",
            "sectionId": 7278,
            "sectionName": "Легковые",
            "sectionPath": [
                {
                    "ID": "7278",
                    "NAME": "Легковые"
                },
                {
                    "ID": "7267",
                    "NAME": "Шины"
                }
            ],
            "imgSrc": "/upload/resize_cache/rembg-image/191/275_275_1/rr2spbpgja5aoxn6h9goerb3rtuctrtc.png",
            "url": "/catalog/legkovye/19565r15-91h-a349g-tl/",
            "promo": [],
            "discountStores": [],
            "externalStores": [],
            "commonStores": [],
            "brand": "YOKOHAMA",
            "brandCode": "",
            "vendorCode": "F1290",
            "model": "A349G",
            "raznItems": [
                {
                    "id": "91761",
                    "name": "195/65 R15",
                    "price": 5490,
                    "amount": "3",
                    "quantity": 1,
                    "url": "/catalog/legkovye/19565r15-91h-a349g-tl/"
                }
            ]
        },
        {
            "id": 162779,
            "isNew": false,
            "EDIT_LINK": null,
            "DELETE_LINK": null,
            "props": [
                {
                    "name": "Ширина",
                    "value": "225 "
                },
                {
                    "name": "Диаметр",
                    "value": "17 "
                }
            ],
            "type": "tires",
            "isPromo": null,
            "amount": 41,
            "season": "Летние",
            "price": 5510,
            "name": "225/65 R17 102H ONYX NY-HT187 TL",
            "sectionId": 7278,
            "sectionName": "Легковые",
            "sectionPath": [
                {
                    "ID": "7278",
                    "NAME": "Легковые"
                },
                {
                    "ID": "7267",
                    "NAME": "Шины"
                }
            ],
            "imgSrc": "/upload/resize_cache/rembg-image/590/275_275_1/xc21uecc6hnj2y5jhc1d7xa3qzvt3bif.png",
            "url": "/catalog/legkovye/22565r17-102h-ny-ht187-tl/",
            "promo": [],
            "discountStores": [],
            "externalStores": [],
            "commonStores": [],
            "brand": "ONYX",
            "brandCode": "",
            "vendorCode": "200N6020",
            "model": "NY-HT187",
            "raznItems": [
                {
                    "id": "162779",
                    "name": "225/65 R17",
                    "price": 5510,
                    "amount": "41",
                    "quantity": 1,
                    "url": "/catalog/legkovye/22565r17-102h-ny-ht187-tl/"
                }
            ]
        }
    ],
    "filter": {
        "0": {
            "LOGIC": "OR",
            ">STORE_AMOUNT_156": 0,
            ">STORE_AMOUNT_158": 0,
            ">STORE_AMOUNT_159": 0,
            ">STORE_AMOUNT_160": 0,
            ">STORE_AMOUNT_161": 0,
            ">STORE_AMOUNT_164": 0,
            ">STORE_AMOUNT_165": 0,
            ">STORE_AMOUNT_168": 0,
            ">STORE_AMOUNT_169": 0,
            ">STORE_AMOUNT_174": 0,
            ">STORE_AMOUNT_180": 0,
            ">STORE_AMOUNT_184": 0,
            ">STORE_AMOUNT_185": 0,
            ">STORE_AMOUNT_191": 0,
            ">STORE_AMOUNT_192": 0,
            ">STORE_AMOUNT_194": 0,
            ">STORE_AMOUNT_6087": 0
        },
        "1": {
            "LOGIC": "OR",
            ">CATALOG_CATALOG_GROUP_ID_33": 0,
            ">CATALOG_CATALOG_GROUP_ID_90": 0,
            ">CATALOG_CATALOG_GROUP_ID_96": 0,
            ">CATALOG_CATALOG_GROUP_ID_97": 0,
            ">CATALOG_CATALOG_GROUP_ID_98": 0
        },
        "2": {
            "LOGIC": "OR",
            ">STORE_AMOUNT_156": 0,
            ">STORE_AMOUNT_158": 0,
            ">STORE_AMOUNT_159": 0,
            ">STORE_AMOUNT_160": 0,
            ">STORE_AMOUNT_161": 0,
            ">STORE_AMOUNT_164": 0,
            ">STORE_AMOUNT_165": 0,
            ">STORE_AMOUNT_168": 0,
            ">STORE_AMOUNT_169": 0,
            ">STORE_AMOUNT_174": 0,
            ">STORE_AMOUNT_180": 0,
            ">STORE_AMOUNT_184": 0,
            ">STORE_AMOUNT_185": 0,
            ">STORE_AMOUNT_191": 0,
            ">STORE_AMOUNT_192": 0,
            ">STORE_AMOUNT_194": 0,
            ">STORE_AMOUNT_6087": 0
        },
        "3": {
            "LOGIC": "OR",
            ">CATALOG_CATALOG_GROUP_ID_33": 0,
            ">CATALOG_CATALOG_GROUP_ID_90": 0,
            ">CATALOG_CATALOG_GROUP_ID_96": 0,
            ">CATALOG_CATALOG_GROUP_ID_97": 0,
            ">CATALOG_CATALOG_GROUP_ID_98": 0
        },
        "=PROPERTY_458": [
            "154"
        ]
    },
    "promo": {
        "id": "165954",
        "url": "/promo/shiny-v-rassrochku/",
        "name": "Покупки в рассрочку",
        "text": "Теперь вы можете купить зимние шины, или диски в рассрочку быстро и легко: без первоначального взноса и без переплаты!",
        "imgSrc": "/upload/resize_cache/iblock/356/1075_613_1/8iiw8xmv2bzky9euo9mn57dqx6dk3xa9.jpg",
        "videoSrc": null
    },
    "promoFilter": {
        "IBLOCK_ID": 10,
        "ACTIVE": "Y",
        "=PROPERTY_SECTION": 206,
        "=PROPERTY_CATALOG_SEASON": [
            false,
            204
        ],
        "=PROPERTY_CATALOG_BRAND": [
            false
        ]
    },
    "navNum": 1,
    "pagesCount": 111,
    "pageNum": 12
}