{
    "pageUrl": "/catalog/legkovye/?arCatalogFilter_458_1500340406=Y&set_filter=Y&sort%5Brecommendations%5D=asc&PAGEN_1=15",
    "items": [
        {
            "id": 160035,
            "isNew": false,
            "EDIT_LINK": null,
            "DELETE_LINK": null,
            "props": [
                {
                    "name": "Ширина",
                    "value": "245 "
                },
                {
                    "name": "Диаметр",
                    "value": "18 "
                }
            ],
            "type": "tires",
            "isPromo": null,
            "amount": 4,
            "season": "Летние",
            "price": 5870,
            "name": "245/40 R18 97W CACHLAND CH-861 TL",
            "sectionId": 7278,
            "sectionName": "Легковые",
            "sectionPath": [
                {
                    "ID": "7278",
                    "NAME": "Легковые"
                },
                {
                    "ID": "7267",
                    "NAME": "Шины"
                }
            ],
            "imgSrc": "/upload/resize_cache/rembg-image/eb8/275_275_1/qk7wm0y71843pz1q5ka79psthokmz17l.png",
            "url": "/catalog/legkovye/24540r18-97w-xl-ch-861-tl/",
            "promo": [],
            "discountStores": [],
            "externalStores": [],
            "commonStores": [],
            "brand": "CACHLAND",
            "brandCode": "",
            "vendorCode": "6970005590117",
            "model": "CH-861",
            "raznItems": [
                {
                    "id": "160035",
                    "name": "245/40 R18",
                    "price": 5870,
                    "amount": "4",
                    "quantity": 1,
                    "url": "/catalog/legkovye/24540r18-97w-xl-ch-861-tl/"
                },
                {
                    "id": "168372",
                    "name": "235/45 R18",
                    "price": 5840,
                    "amount": "4",
                    "quantity": 1,
                    "url": "/catalog/legkovye/23545-r18-98w-cachland-ch-861-tl-6970005590193/"
                }
            ]
        },
        {
            "id": 145056,
            "isNew": false,
            "EDIT_LINK": null,
            "DELETE_LINK": null,
            "props": [
                {
                    "name": "Ширина",
                    "value": "185 "
                },
                {
                    "name": "Диаметр",
                    "value": "15 "
                }
            ],
            "type": "tires",
            "isPromo": null,
            "amount": 41,
            "season": "Летние",
            "price": 4480,
            "name": "185/65 R15 92H PIRELLI P1 Cinturato Verde TL",
            "sectionId": 7278,
            "sectionName": "Легковые",
            "sectionPath": [
                {
                    "ID": "7278",
                    "NAME": "Легковые"
                },
                {
                    "ID": "7267",
                    "NAME": "Шины"
                }
            ],
            "imgSrc": "/upload/resize_cache/rembg-image/6cb/275_275_1/lj3pnacwn6srvvi7czm0xl683xtk4qur.png",
            "url": "/catalog/legkovye/18565-r15-92h-pirelli-p1-cinturato-verde-tl09948/",
            "promo": [],
            "discountStores": [],
            "externalStores": [],
            "commonStores": [],
            "brand": "PIRELLI",
            "brandCode": "",
            "vendorCode": "2622800",
            "model": "Cinturato P1 Verde",
            "raznItems": [
                {
                    "id": "100179",
                    "name": "185/60 R15",
                    "price": 4710,
                    "amount": "41",
                    "quantity": 1,
                    "url": "/catalog/legkovye/18560-r15-84h-pirelli-p1-cinturato-verde-tl56311/"
                },
                {
                    "id": "100181",
                    "name": "195/60 R15",
                    "price": 5520,
                    "amount": "4",
                    "quantity": 1,
                    "url": "/catalog/legkovye/19560-r15-88h-pirelli-p1-cinturato-verde-tl56313/"
                },
                {
                    "id": "100183",
                    "name": "195/65 R15",
                    "price": 4850,
                    "amount": "12",
                    "quantity": 1,
                    "url": "/catalog/legkovye/19565r15-91v-cinturato-p1-verde-tl/"
                },
                {
                    "id": "100637",
                    "name": "175/65 R15",
                    "price": 4640,
                    "amount": "8",
                    "quantity": 1,
                    "url": "/catalog/legkovye/17565r15-84h-cinturato-p1-verde-tl/"
                },
                {
                    "id": "145056",
                    "name": "185/65 R15",
                    "price": 4480,
                    "amount": "41",
                    "quantity": 1,
                    "url": "/catalog/legkovye/18565-r15-92h-pirelli-p1-cinturato-verde-tl09948/"
                }
            ]
        },
        {
            "id": 135224,
            "isNew": false,
            "EDIT_LINK": null,
            "DELETE_LINK": null,
            "props": [
                {
                    "name": "Ширина",
                    "value": "185 "
                },
                {
                    "name": "Диаметр",
                    "value": "14 "
                }
            ],
            "type": "tires",
            "isPromo": null,
            "amount": 9,
            "season": "Летние",
            "price": 4680,
            "name": "185/65 R14 86H NOKIAN TYRES Hakka Green 3 TL",
            "sectionId": 7278,
            "sectionName": "Легковые",
            "sectionPath": [
                {
                    "ID": "7278",
                    "NAME": "Легковые"
                },
                {
                    "ID": "7267",
                    "NAME": "Шины"
                }
            ],
            "imgSrc": "/upload/resize_cache/rembg-image/6e4/275_275_1/c90brqyfrskqs0s0bmsse5c1tlb0ota1.png",
            "url": "/catalog/legkovye/18565-r14-86h-nokian-tyres-hakka-green-3-tl65302/",
            "promo": [],
            "discountStores": [],
            "externalStores": [],
            "commonStores": [
                {
                    "STORE_ID": "158",
                    "PRODUCT_ID": "135224",
                    "AMOUNT": "5",
                    "PRODUCT_XML_ID": "FORTOCHKI_T431446",
                    "STORE_XML_ID": "351",
                    "STORE_NAME": "Оптовый Склад",
                    "PRICE": "4680.00",
                    "PRICE_ID": "9"
                },
                {
                    "STORE_ID": "159",
                    "PRODUCT_ID": "135224",
                    "AMOUNT": "4",
                    "PRODUCT_XML_ID": "FORTOCHKI_T431446",
                    "STORE_XML_ID": "387",
                    "STORE_NAME": "г. Челябинск, ул. Бр.Кашириных, 134б",
                    "PRICE": null,
                    "PRICE_ID": null
                }
            ],
            "brand": "NOKIAN TYRES",
            "brandCode": "",
            "vendorCode": "T431446",
            "model": "Hakka Green 3",
            "raznItems": [
                {
                    "id": "135222",
                    "name": "175/70 R14",
                    "price": 4870,
                    "amount": "4",
                    "quantity": 1,
                    "url": "/catalog/legkovye/17570-r14-88t-nokian-tyres-hakka-green-3-tl65313/"
                },
                {
                    "id": "135224",
                    "name": "185/65 R14",
                    "price": 4680,
                    "amount": "4",
                    "quantity": 1,
                    "url": "/catalog/legkovye/18565-r14-86h-nokian-tyres-hakka-green-3-tl65302/"
                },
                {
                    "id": "135225",
                    "name": "185/70 R14",
                    "price": 5280,
                    "amount": "4",
                    "quantity": 1,
                    "url": "/catalog/legkovye/18570-r14-88t-nokian-tyres-hakka-green-3-tl65301/"
                }
            ]
        },
        {
            "id": 167934,
            "isNew": false,
            "EDIT_LINK": null,
            "DELETE_LINK": null,
            "props": [
                {
                    "name": "Ширина",
                    "value": "235 "
                },
                {
                    "name": "Диаметр",
                    "value": "18 "
                }
            ],
            "type": "tires",
            "isPromo": null,
            "amount": 41,
            "season": "Летние",
            "price": 5900,
            "name": "235/45 R18 98W HIFLY HF805 TL",
            "sectionId": 7278,
            "sectionName": "Легковые",
            "sectionPath": [
                {
                    "ID": "7278",
                    "NAME": "Легковые"
                },
                {
                    "ID": "7267",
                    "NAME": "Шины"
                }
            ],
            "imgSrc": "/upload/resize_cache/iblock/b66/275_275_1/prcgvd9owt6f5yfki5w0a5wgxtc7e821.png",
            "url": "/catalog/legkovye/23545-r18-98w-hifly-hf805-tl-200h1040/",
            "promo": [],
            "discountStores": [],
            "externalStores": [],
            "commonStores": [],
            "brand": "HIFLY",
            "brandCode": "",
            "vendorCode": "200H1040",
            "model": "HF805",
            "raznItems": [
                {
                    "id": "167933",
                    "name": "245/45 R18",
                    "price": 5930,
                    "amount": "41",
                    "quantity": 1,
                    "url": "/catalog/legkovye/24545-r18-100w-hifly-hf805-tl-200h1019/"
                },
                {
                    "id": "167934",
                    "name": "235/45 R18",
                    "price": 5900,
                    "amount": "41",
                    "quantity": 1,
                    "url": "/catalog/legkovye/23545-r18-98w-hifly-hf805-tl-200h1040/"
                },
                {
                    "id": "168368",
                    "name": "235/40 R18",
                    "price": 5620,
                    "amount": "8",
                    "quantity": 1,
                    "url": "/catalog/legkovye/23540-r18-95w-hifly-hf805-tl-200h1009/"
                },
                {
                    "id": "168369",
                    "name": "235/50 R18",
                    "price": 6180,
                    "amount": "12",
                    "quantity": 1,
                    "url": "/catalog/legkovye/23550-r18-101w-hifly-hf805-tl-200h1053/"
                }
            ]
        },
        {
            "id": 167933,
            "isNew": false,
            "EDIT_LINK": null,
            "DELETE_LINK": null,
            "props": [
                {
                    "name": "Ширина",
                    "value": "245 "
                },
                {
                    "name": "Диаметр",
                    "value": "18 "
                }
            ],
            "type": "tires",
            "isPromo": null,
            "amount": 41,
            "season": "Летние",
            "price": 5930,
            "name": "245/45 R18 100W HIFLY HF805 TL",
            "sectionId": 7278,
            "sectionName": "Легковые",
            "sectionPath": [
                {
                    "ID": "7278",
                    "NAME": "Легковые"
                },
                {
                    "ID": "7267",
                    "NAME": "Шины"
                }
            ],
            "imgSrc": "/upload/resize_cache/iblock/950/275_275_1/dcmk2wbvot01w9mtnwei4o62s6eipgx4.png",
            "url": "/catalog/legkovye/24545-r18-100w-hifly-hf805-tl-200h1019/",
            "promo": [],
            "discountStores": [],
            "externalStores": [],
            "commonStores": [],
            "brand": "HIFLY",
            "brandCode": "",
            "vendorCode": "200H1019",
            "model": "HF805",
            "raznItems": [
                {
                    "id": "167933",
                    "name": "245/45 R18",
                    "price": 5930,
                    "amount": "41",
                    "quantity": 1,
                    "url": "/catalog/legkovye/24545-r18-100w-hifly-hf805-tl-200h1019/"
                },
                {
                    "id": "167934",
                    "name": "235/45 R18",
                    "price": 5900,
                    "amount": "41",
                    "quantity": 1,
                    "url": "/catalog/legkovye/23545-r18-98w-hifly-hf805-tl-200h1040/"
                },
                {
                    "id": "168368",
                    "name": "235/40 R18",
                    "price": 5620,
                    "amount": "8",
                    "quantity": 1,
                    "url": "/catalog/legkovye/23540-r18-95w-hifly-hf805-tl-200h1009/"
                },
                {
                    "id": "168369",
                    "name": "235/50 R18",
                    "price": 6180,
                    "amount": "12",
                    "quantity": 1,
                    "url": "/catalog/legkovye/23550-r18-101w-hifly-hf805-tl-200h1053/"
                }
            ]
        },
        {
            "id": 162778,
            "isNew": false,
            "EDIT_LINK": null,
            "DELETE_LINK": null,
            "props": [
                {
                    "name": "Ширина",
                    "value": "215 "
                },
                {
                    "name": "Диаметр",
                    "value": "18 "
                }
            ],
            "type": "tires",
            "isPromo": null,
            "amount": 7,
            "season": "Летние",
            "price": 5940,
            "name": "215/50 R18 92W TRIANGLE TR259 TL",
            "sectionId": 7278,
            "sectionName": "Легковые",
            "sectionPath": [
                {
                    "ID": "7278",
                    "NAME": "Легковые"
                },
                {
                    "ID": "7267",
                    "NAME": "Шины"
                }
            ],
            "imgSrc": "/upload/resize_cache/rembg-image/29e/275_275_1/f1jxjbdbaqlmq5bbqyyjv7ylh5xrupuu.png",
            "url": "/catalog/legkovye/21550r18-92w-tr259-tl/",
            "promo": [],
            "discountStores": [],
            "externalStores": [],
            "commonStores": [],
            "brand": "TRIANGLE",
            "brandCode": "",
            "vendorCode": "CTS273271",
            "model": "AdvanteX SUV TR259",
            "raznItems": [
                {
                    "id": "145498",
                    "name": "235/60 R18",
                    "price": 7420,
                    "amount": "15",
                    "quantity": 1,
                    "url": "/catalog/legkovye/23560r18-107w-tr259-tl/"
                },
                {
                    "id": "145946",
                    "name": "225/55 R18",
                    "price": 6420,
                    "amount": "12",
                    "quantity": 1,
                    "url": "/catalog/legkovye/22555r18-102w-tr259-tl/"
                },
                {
                    "id": "162778",
                    "name": "215/50 R18",
                    "price": 5940,
                    "amount": "7",
                    "quantity": 1,
                    "url": "/catalog/legkovye/21550r18-92w-tr259-tl/"
                },
                {
                    "id": "162863",
                    "name": "235/50 R18",
                    "price": 6720,
                    "amount": "4",
                    "quantity": 1,
                    "url": "/catalog/legkovye/23550-r18-97v-triangle-tr259-tl-cts228045/"
                },
                {
                    "id": "167949",
                    "name": "265/65 R18",
                    "price": 10180,
                    "amount": "12",
                    "quantity": 1,
                    "url": "/catalog/legkovye/26565-r18-114h-triangle-advantex-suv-tr259-tl-cts270482/"
                }
            ]
        },
        {
            "id": 135233,
            "isNew": false,
            "EDIT_LINK": null,
            "DELETE_LINK": null,
            "props": [
                {
                    "name": "Ширина",
                    "value": "205 "
                },
                {
                    "name": "Диаметр",
                    "value": "15 "
                }
            ],
            "type": "tires",
            "isPromo": null,
            "amount": 5,
            "season": "Летние",
            "price": 5940,
            "name": "205/65 R15 99H NOKIAN TYRES Hakka Green 3 TL",
            "sectionId": 7278,
            "sectionName": "Легковые",
            "sectionPath": [
                {
                    "ID": "7278",
                    "NAME": "Легковые"
                },
                {
                    "ID": "7267",
                    "NAME": "Шины"
                }
            ],
            "imgSrc": "/upload/resize_cache/rembg-image/1cc/275_275_1/wvcf80qmybrk72dcngzxv63h0xz1sb8l.png",
            "url": "/catalog/legkovye/20565-r15-99h-nokian-tyres-hakka-green-3-tl65288/",
            "promo": [],
            "discountStores": [],
            "externalStores": [],
            "commonStores": [
                {
                    "STORE_ID": "158",
                    "PRODUCT_ID": "135233",
                    "AMOUNT": "1",
                    "PRODUCT_XML_ID": "65288",
                    "STORE_XML_ID": "351",
                    "STORE_NAME": "Оптовый Склад",
                    "PRICE": "5940.00",
                    "PRICE_ID": "9"
                },
                {
                    "STORE_ID": "174",
                    "PRODUCT_ID": "135233",
                    "AMOUNT": "4",
                    "PRODUCT_XML_ID": "65288",
                    "STORE_XML_ID": "423",
                    "STORE_NAME": "г. Челябинск, ул. Комарова, 34",
                    "PRICE": "5940.00",
                    "PRICE_ID": "25"
                }
            ],
            "brand": "NOKIAN TYRES",
            "brandCode": "277",
            "vendorCode": "T431457",
            "model": "Hakka Green 3",
            "raznItems": [
                {
                    "id": "135227",
                    "name": "185/60 R15",
                    "price": 6630,
                    "amount": "4",
                    "quantity": 1,
                    "url": "/catalog/legkovye/18560-r15-88h-nokian-tyres-hakka-green-3-tl65296/"
                },
                {
                    "id": "135229",
                    "name": "195/50 R15",
                    "price": 4400,
                    "amount": "1",
                    "quantity": 1,
                    "url": "/catalog/legkovye/19550-r15-82v-nokian-tyres-hakka-green-3-tl65292/"
                },
                {
                    "id": "135232",
                    "name": "195/65 R15",
                    "price": 4950,
                    "amount": "70",
                    "quantity": 1,
                    "url": "/catalog/legkovye/19565-r15-95h-nokian-tyres-hakka-green-3-tl65289/"
                },
                {
                    "id": "135233",
                    "name": "205/65 R15",
                    "price": 5940,
                    "amount": "4",
                    "quantity": 1,
                    "url": "/catalog/legkovye/20565-r15-99h-nokian-tyres-hakka-green-3-tl65288/"
                }
            ]
        },
        {
            "id": 160956,
            "isNew": false,
            "EDIT_LINK": null,
            "DELETE_LINK": null,
            "props": [
                {
                    "name": "Ширина",
                    "value": "195 "
                },
                {
                    "name": "Диаметр",
                    "value": "15 "
                }
            ],
            "type": "tires",
            "isPromo": null,
            "amount": 39,
            "season": "Летние",
            "price": 5950,
            "name": "195/65 R15 91H YOKOHAMA BluEarth-Es ES32 TL",
            "sectionId": 7278,
            "sectionName": "Легковые",
            "sectionPath": [
                {
                    "ID": "7278",
                    "NAME": "Легковые"
                },
                {
                    "ID": "7267",
                    "NAME": "Шины"
                }
            ],
            "imgSrc": "/upload/resize_cache/rembg-image/086/275_275_1/ucyjthwrltvij1p0mw8xv2opx0bwftxw.png",
            "url": "/catalog/legkovye/19565-r15-91h-yokohama-bluearth-es-es32-tl36042/",
            "promo": [],
            "discountStores": [],
            "externalStores": [],
            "commonStores": [],
            "brand": "YOKOHAMA",
            "brandCode": "",
            "vendorCode": "R2446",
            "model": "BluEarth-Es ES32",
            "raznItems": [
                {
                    "id": "113768",
                    "name": "185/55 R15",
                    "price": 5560,
                    "amount": "4",
                    "quantity": 1,
                    "url": "/catalog/legkovye/18555-r15-82v-yokohama-bluearth-es-es32-tl09044/"
                },
                {
                    "id": "144985",
                    "name": "195/65 R15",
                    "price": 4830,
                    "amount": "4",
                    "quantity": 1,
                    "url": "/catalog/legkovye/19565-r15-91v-yokohama-bluearth-es-es32-tl09056/"
                },
                {
                    "id": "144986",
                    "name": "205/60 R15",
                    "price": 6000,
                    "amount": "22",
                    "quantity": 1,
                    "url": "/catalog/legkovye/20560-r15-91h-yokohama-bluearth-es-es32-tl09058/"
                },
                {
                    "id": "144987",
                    "name": "205/65 R15",
                    "price": 5400,
                    "amount": "4",
                    "quantity": 1,
                    "url": "/catalog/legkovye/20565-r15-99h-yokohama-bluearth-es-es32-tl09060/"
                },
                {
                    "id": "160956",
                    "name": "195/65 R15",
                    "price": 5950,
                    "amount": "39",
                    "quantity": 1,
                    "url": "/catalog/legkovye/19565-r15-91h-yokohama-bluearth-es-es32-tl36042/"
                },
                {
                    "id": "161019",
                    "name": "185/60 R15",
                    "price": 5730,
                    "amount": "1",
                    "quantity": 1,
                    "url": "/catalog/legkovye/18560r15-84h-bluearth-es-es32-tl/"
                }
            ]
        },
        {
            "id": 160028,
            "isNew": false,
            "EDIT_LINK": null,
            "DELETE_LINK": null,
            "props": [
                {
                    "name": "Ширина",
                    "value": "235 "
                },
                {
                    "name": "Диаметр",
                    "value": "15 "
                }
            ],
            "type": "tires",
            "isPromo": null,
            "amount": 2,
            "season": "Летние",
            "price": 5950,
            "name": "235/75 R15 109H CACHLAND CH-HT7006 TL",
            "sectionId": 7278,
            "sectionName": "Легковые",
            "sectionPath": [
                {
                    "ID": "7278",
                    "NAME": "Легковые"
                },
                {
                    "ID": "7267",
                    "NAME": "Шины"
                }
            ],
            "imgSrc": "/upload/resize_cache/rembg-image/d05/275_275_1/p0liigyr7t8f6h8ou58rmjxa0j1nnb4x.png",
            "url": "/catalog/legkovye/23575r15-109h-xl-ch-ht7006-tl/",
            "promo": [],
            "discountStores": [],
            "externalStores": [],
            "commonStores": [],
            "brand": "CACHLAND",
            "brandCode": "",
            "vendorCode": "6970005591060",
            "model": "CH-HT7006",
            "raznItems": [
                {
                    "id": "160028",
                    "name": "235/75 R15",
                    "price": 5950,
                    "amount": "2",
                    "quantity": 1,
                    "url": "/catalog/legkovye/23575r15-109h-xl-ch-ht7006-tl/"
                }
            ]
        },
        {
            "id": 144985,
            "isNew": false,
            "EDIT_LINK": null,
            "DELETE_LINK": null,
            "props": [
                {
                    "name": "Ширина",
                    "value": "195 "
                },
                {
                    "name": "Диаметр",
                    "value": "15 "
                }
            ],
            "type": "tires",
            "isPromo": null,
            "amount": 8,
            "season": "Летние",
            "price": 4830,
            "name": "195/65 R15 91V YOKOHAMA BluEarth-Es ES32 TL",
            "sectionId": 7278,
            "sectionName": "Легковые",
            "sectionPath": [
                {
                    "ID": "7278",
                    "NAME": "Легковые"
                },
                {
                    "ID": "7267",
                    "NAME": "Шины"
                }
            ],
            "imgSrc": "/upload/resize_cache/rembg-image/78a/275_275_1/2vgruzjgxx5lee5ish3rmbcv69h5367n.png",
            "url": "/catalog/legkovye/19565-r15-91v-yokohama-bluearth-es-es32-tl09056/",
            "promo": [],
            "discountStores": [],
            "externalStores": [],
            "commonStores": [
                {
                    "STORE_ID": "156",
                    "PRODUCT_ID": "144985",
                    "AMOUNT": "4",
                    "PRODUCT_XML_ID": "09056",
                    "STORE_XML_ID": "419",
                    "STORE_NAME": "г. Челябинск, Свердловский тракт, 12б",
                    "PRICE": "4830.00",
                    "PRICE_ID": "7"
                },
                {
                    "STORE_ID": "168",
                    "PRODUCT_ID": "144985",
                    "AMOUNT": "4",
                    "PRODUCT_XML_ID": "09056",
                    "STORE_XML_ID": "391",
                    "STORE_NAME": "г. Челябинск, ул. Бр.Кашириных, 93б",
                    "PRICE": null,
                    "PRICE_ID": null
                }
            ],
            "brand": "YOKOHAMA",
            "brandCode": "",
            "vendorCode": "R2447",
            "model": "BluEarth-Es ES32",
            "raznItems": [
                {
                    "id": "113768",
                    "name": "185/55 R15",
                    "price": 5560,
                    "amount": "4",
                    "quantity": 1,
                    "url": "/catalog/legkovye/18555-r15-82v-yokohama-bluearth-es-es32-tl09044/"
                },
                {
                    "id": "144985",
                    "name": "195/65 R15",
                    "price": 4830,
                    "amount": "4",
                    "quantity": 1,
                    "url": "/catalog/legkovye/19565-r15-91v-yokohama-bluearth-es-es32-tl09056/"
                },
                {
                    "id": "144986",
                    "name": "205/60 R15",
                    "price": 6000,
                    "amount": "22",
                    "quantity": 1,
                    "url": "/catalog/legkovye/20560-r15-91h-yokohama-bluearth-es-es32-tl09058/"
                },
                {
                    "id": "144987",
                    "name": "205/65 R15",
                    "price": 5400,
                    "amount": "4",
                    "quantity": 1,
                    "url": "/catalog/legkovye/20565-r15-99h-yokohama-bluearth-es-es32-tl09060/"
                },
                {
                    "id": "160956",
                    "name": "195/65 R15",
                    "price": 5950,
                    "amount": "39",
                    "quantity": 1,
                    "url": "/catalog/legkovye/19565-r15-91h-yokohama-bluearth-es-es32-tl36042/"
                },
                {
                    "id": "161019",
                    "name": "185/60 R15",
                    "price": 5730,
                    "amount": "1",
                    "quantity": 1,
                    "url": "/catalog/legkovye/18560r15-84h-bluearth-es-es32-tl/"
                }
            ]
        },
        {
            "id": 143619,
            "isNew": false,
            "EDIT_LINK": null,
            "DELETE_LINK": null,
            "props": [
                {
                    "name": "Ширина",
                    "value": "185 "
                },
                {
                    "name": "Диаметр",
                    "value": "14 "
                }
            ],
            "type": "tires",
            "isPromo": null,
            "amount": 32,
            "season": "Летние",
            "price": 5950,
            "name": "185/65 R14 86H MICHELIN Energy XM2   TL",
            "sectionId": 7278,
            "sectionName": "Легковые",
            "sectionPath": [
                {
                    "ID": "7278",
                    "NAME": "Легковые"
                },
                {
                    "ID": "7267",
                    "NAME": "Шины"
                }
            ],
            "imgSrc": "/upload/resize_cache/rembg-image/7e0/275_275_1/o0sad877i8p6qw23ik4ncb0obbdc3o0a.png",
            "url": "/catalog/legkovye/18565r14-86h-energy-xm2-tl/",
            "promo": [],
            "discountStores": [],
            "externalStores": [],
            "commonStores": [],
            "brand": "MICHELIN",
            "brandCode": "",
            "vendorCode": "086627",
            "model": "Energy XM2  ",
            "raznItems": [
                {
                    "id": "143619",
                    "name": "185/65 R14",
                    "price": 5950,
                    "amount": "32",
                    "quantity": 1,
                    "url": "/catalog/legkovye/18565r14-86h-energy-xm2-tl/"
                }
            ]
        },
        {
            "id": 93902,
            "isNew": false,
            "EDIT_LINK": null,
            "DELETE_LINK": null,
            "props": [
                {
                    "name": "Ширина",
                    "value": "185 "
                },
                {
                    "name": "Диаметр",
                    "value": "14 "
                }
            ],
            "type": "tires",
            "isPromo": null,
            "amount": 12,
            "season": "Летние",
            "price": 5950,
            "name": "185/70 R14 88H BRIDGESTONE Ecopia EP150 TL",
            "sectionId": 7278,
            "sectionName": "Легковые",
            "sectionPath": [
                {
                    "ID": "7278",
                    "NAME": "Легковые"
                },
                {
                    "ID": "7267",
                    "NAME": "Шины"
                }
            ],
            "imgSrc": "/upload/resize_cache/rembg-image/9bd/275_275_1/p1lgky6ulacsbq4ikz0dtr17yuahrrcf.png",
            "url": "/catalog/legkovye/18570-r14-88h-bridgestone-ecopia-ep150-tl43223/",
            "promo": [],
            "discountStores": [],
            "externalStores": [],
            "commonStores": [
                {
                    "STORE_ID": "160",
                    "PRODUCT_ID": "93902",
                    "AMOUNT": "4",
                    "PRODUCT_XML_ID": "43223",
                    "STORE_XML_ID": "407",
                    "STORE_NAME": "г. Челябинск, ул. Пионерская, 4",
                    "PRICE": "5950.00",
                    "PRICE_ID": "11"
                },
                {
                    "STORE_ID": "174",
                    "PRODUCT_ID": "93902",
                    "AMOUNT": "4",
                    "PRODUCT_XML_ID": "43223",
                    "STORE_XML_ID": "423",
                    "STORE_NAME": "г. Челябинск, ул. Комарова, 34",
                    "PRICE": "5950.00",
                    "PRICE_ID": "25"
                },
                {
                    "STORE_ID": "185",
                    "PRODUCT_ID": "93902",
                    "AMOUNT": "4",
                    "PRODUCT_XML_ID": "43223",
                    "STORE_XML_ID": "415",
                    "STORE_NAME": "г. Челябинск, Свердловский пр-т, 40а",
                    "PRICE": "5950.00",
                    "PRICE_ID": "21"
                }
            ],
            "brand": "BRIDGESTONE",
            "brandCode": "250",
            "vendorCode": "9637",
            "model": "Ecopia EP150",
            "raznItems": [
                {
                    "id": "93902",
                    "name": "185/70 R14",
                    "price": 5950,
                    "amount": "4",
                    "quantity": 1,
                    "url": "/catalog/legkovye/18570-r14-88h-bridgestone-ecopia-ep150-tl43223/"
                }
            ]
        },
        {
            "id": 160772,
            "isNew": false,
            "EDIT_LINK": null,
            "DELETE_LINK": null,
            "props": [
                {
                    "name": "Ширина",
                    "value": "205 "
                },
                {
                    "name": "Диаметр",
                    "value": "15 "
                }
            ],
            "type": "tires",
            "isPromo": null,
            "amount": 6,
            "season": "Летние",
            "price": 5990,
            "name": "205/65 R15 94H NEXEN Nblue HD Plus TL",
            "sectionId": 7278,
            "sectionName": "Легковые",
            "sectionPath": [
                {
                    "ID": "7278",
                    "NAME": "Легковые"
                },
                {
                    "ID": "7267",
                    "NAME": "Шины"
                }
            ],
            "imgSrc": "/upload/resize_cache/rembg-image/545/275_275_1/h7czxvjqgmfpfv63sh7balc8ncqtjmjt.png",
            "url": "/catalog/legkovye/20565r15-94h-nblue-hd-plus-tl/",
            "promo": [],
            "discountStores": [],
            "externalStores": [],
            "commonStores": [],
            "brand": "NEXEN",
            "brandCode": "",
            "vendorCode": "13876",
            "model": "NBlue HD Plus",
            "raznItems": [
                {
                    "id": "160772",
                    "name": "205/65 R15",
                    "price": 5990,
                    "amount": "6",
                    "quantity": 1,
                    "url": "/catalog/legkovye/20565r15-94h-nblue-hd-plus-tl/"
                },
                {
                    "id": "164119",
                    "name": "205/65 R15",
                    "price": 6500,
                    "amount": "4",
                    "quantity": 1,
                    "url": "/catalog/legkovye/20565r15-94v-nblue-hd-plus-tl/"
                }
            ]
        },
        {
            "id": 144986,
            "isNew": false,
            "EDIT_LINK": null,
            "DELETE_LINK": null,
            "props": [
                {
                    "name": "Ширина",
                    "value": "205 "
                },
                {
                    "name": "Диаметр",
                    "value": "15 "
                }
            ],
            "type": "tires",
            "isPromo": null,
            "amount": 22,
            "season": "Летние",
            "price": 6000,
            "name": "205/60 R15 91H YOKOHAMA BluEarth-Es ES32 TL",
            "sectionId": 7278,
            "sectionName": "Легковые",
            "sectionPath": [
                {
                    "ID": "7278",
                    "NAME": "Легковые"
                },
                {
                    "ID": "7267",
                    "NAME": "Шины"
                }
            ],
            "imgSrc": "/upload/resize_cache/rembg-image/600/275_275_1/n37aw1ftudd5eh0spv5wo2wsx2ty8la2.png",
            "url": "/catalog/legkovye/20560-r15-91h-yokohama-bluearth-es-es32-tl09058/",
            "promo": [],
            "discountStores": [],
            "externalStores": [],
            "commonStores": [],
            "brand": "YOKOHAMA",
            "brandCode": "",
            "vendorCode": "R2456",
            "model": "BluEarth-Es ES32",
            "raznItems": [
                {
                    "id": "113768",
                    "name": "185/55 R15",
                    "price": 5560,
                    "amount": "4",
                    "quantity": 1,
                    "url": "/catalog/legkovye/18555-r15-82v-yokohama-bluearth-es-es32-tl09044/"
                },
                {
                    "id": "144985",
                    "name": "195/65 R15",
                    "price": 4830,
                    "amount": "4",
                    "quantity": 1,
                    "url": "/catalog/legkovye/19565-r15-91v-yokohama-bluearth-es-es32-tl09056/"
                },
                {
                    "id": "144986",
                    "name": "205/60 R15",
                    "price": 6000,
                    "amount": "22",
                    "quantity": 1,
                    "url": "/catalog/legkovye/20560-r15-91h-yokohama-bluearth-es-es32-tl09058/"
                },
                {
                    "id": "144987",
                    "name": "205/65 R15",
                    "price": 5400,
                    "amount": "4",
                    "quantity": 1,
                    "url": "/catalog/legkovye/20565-r15-99h-yokohama-bluearth-es-es32-tl09060/"
                },
                {
                    "id": "160956",
                    "name": "195/65 R15",
                    "price": 5950,
                    "amount": "39",
                    "quantity": 1,
                    "url": "/catalog/legkovye/19565-r15-91h-yokohama-bluearth-es-es32-tl36042/"
                },
                {
                    "id": "161019",
                    "name": "185/60 R15",
                    "price": 5730,
                    "amount": "1",
                    "quantity": 1,
                    "url": "/catalog/legkovye/18560r15-84h-bluearth-es-es32-tl/"
                }
            ]
        }
    ],
    "filter": {
        "0": {
            "LOGIC": "OR",
            ">STORE_AMOUNT_156": 0,
            ">STORE_AMOUNT_158": 0,
            ">STORE_AMOUNT_159": 0,
            ">STORE_AMOUNT_160": 0,
            ">STORE_AMOUNT_161": 0,
            ">STORE_AMOUNT_164": 0,
            ">STORE_AMOUNT_165": 0,
            ">STORE_AMOUNT_168": 0,
            ">STORE_AMOUNT_169": 0,
            ">STORE_AMOUNT_174": 0,
            ">STORE_AMOUNT_180": 0,
            ">STORE_AMOUNT_184": 0,
            ">STORE_AMOUNT_185": 0,
            ">STORE_AMOUNT_191": 0,
            ">STORE_AMOUNT_192": 0,
            ">STORE_AMOUNT_194": 0,
            ">STORE_AMOUNT_6087": 0
        },
        "1": {
            "LOGIC": "OR",
            ">CATALOG_CATALOG_GROUP_ID_33": 0,
            ">CATALOG_CATALOG_GROUP_ID_90": 0,
            ">CATALOG_CATALOG_GROUP_ID_96": 0,
            ">CATALOG_CATALOG_GROUP_ID_97": 0,
            ">CATALOG_CATALOG_GROUP_ID_98": 0
        },
        "2": {
            "LOGIC": "OR",
            ">STORE_AMOUNT_156": 0,
            ">STORE_AMOUNT_158": 0,
            ">STORE_AMOUNT_159": 0,
            ">STORE_AMOUNT_160": 0,
            ">STORE_AMOUNT_161": 0,
            ">STORE_AMOUNT_164": 0,
            ">STORE_AMOUNT_165": 0,
            ">STORE_AMOUNT_168": 0,
            ">STORE_AMOUNT_169": 0,
            ">STORE_AMOUNT_174": 0,
            ">STORE_AMOUNT_180": 0,
            ">STORE_AMOUNT_184": 0,
            ">STORE_AMOUNT_185": 0,
            ">STORE_AMOUNT_191": 0,
            ">STORE_AMOUNT_192": 0,
            ">STORE_AMOUNT_194": 0,
            ">STORE_AMOUNT_6087": 0
        },
        "3": {
            "LOGIC": "OR",
            ">CATALOG_CATALOG_GROUP_ID_33": 0,
            ">CATALOG_CATALOG_GROUP_ID_90": 0,
            ">CATALOG_CATALOG_GROUP_ID_96": 0,
            ">CATALOG_CATALOG_GROUP_ID_97": 0,
            ">CATALOG_CATALOG_GROUP_ID_98": 0
        },
        "=PROPERTY_458": [
            "154"
        ]
    },
    "promo": {
        "id": "165954",
        "url": "/promo/shiny-v-rassrochku/",
        "name": "Покупки в рассрочку",
        "text": "Теперь вы можете купить зимние шины, или диски в рассрочку быстро и легко: без первоначального взноса и без переплаты!",
        "imgSrc": "/upload/resize_cache/iblock/356/1075_613_1/8iiw8xmv2bzky9euo9mn57dqx6dk3xa9.jpg",
        "videoSrc": null
    },
    "promoFilter": {
        "IBLOCK_ID": 10,
        "ACTIVE": "Y",
        "=PROPERTY_SECTION": 206,
        "=PROPERTY_CATALOG_SEASON": [
            false,
            204
        ],
        "=PROPERTY_CATALOG_BRAND": [
            false
        ]
    },
    "navNum": 1,
    "pagesCount": 111,
    "pageNum": 15
}