{
    "pageUrl": "/catalog/legkovye/?arCatalogFilter_458_1500340406=Y&set_filter=Y&sort%5Brecommendations%5D=asc&PAGEN_1=17",
    "items": [
        {
            "id": 133988,
            "isNew": false,
            "EDIT_LINK": null,
            "DELETE_LINK": null,
            "props": [
                {
                    "name": "Ширина",
                    "value": "215 "
                },
                {
                    "name": "Диаметр",
                    "value": "17 "
                }
            ],
            "type": "tires",
            "isPromo": null,
            "amount": 1,
            "season": "Летние",
            "price": 6150,
            "name": "215/45 R17 91W ROTALLA Setula S-Race RU01 TL",
            "sectionId": 7278,
            "sectionName": "Легковые",
            "sectionPath": [
                {
                    "ID": "7278",
                    "NAME": "Легковые"
                },
                {
                    "ID": "7267",
                    "NAME": "Шины"
                }
            ],
            "imgSrc": "/upload/resize_cache/rembg-image/95d/275_275_1/umhh4fgwwvq0e80zxn6rbb66svbmvnxd.png",
            "url": "/catalog/legkovye/21545-r17-91w-rotalla-setula-s-race-ru01-tl65790/",
            "promo": [],
            "discountStores": [],
            "externalStores": [],
            "commonStores": [
                {
                    "STORE_ID": "158",
                    "PRODUCT_ID": "133988",
                    "AMOUNT": "1",
                    "PRODUCT_XML_ID": "65790",
                    "STORE_XML_ID": "351",
                    "STORE_NAME": "Оптовый Склад",
                    "PRICE": "6150.00",
                    "PRICE_ID": "9"
                }
            ],
            "brand": "ROTALLA",
            "brandCode": "856",
            "vendorCode": "RTL0867",
            "model": "Setula S-Race RU01",
            "raznItems": [
                {
                    "id": "119657",
                    "name": "215/55 R17",
                    "price": 7260,
                    "amount": "1",
                    "quantity": 1,
                    "url": "/catalog/legkovye/21555-r17-98w-rotalla-setula-s-race-ru01-tl23576/"
                },
                {
                    "id": "119658",
                    "name": "225/55 R17",
                    "price": 7500,
                    "amount": "1",
                    "quantity": 1,
                    "url": "/catalog/legkovye/22555-r17-101w-rotalla-setula-s-race-ru01-tl23577/"
                },
                {
                    "id": "119661",
                    "name": "215/50 R17",
                    "price": 6890,
                    "amount": "3",
                    "quantity": 1,
                    "url": "/catalog/legkovye/21550-r17-95w-rotalla-setula-s-race-ru01-tl23581/"
                },
                {
                    "id": "119662",
                    "name": "225/50 R17",
                    "price": 7260,
                    "amount": "1",
                    "quantity": 1,
                    "url": "/catalog/legkovye/22550-r17-98w-rotalla-setula-s-race-ru01-tl23582/"
                },
                {
                    "id": "119664",
                    "name": "225/45 R17",
                    "price": 6640,
                    "amount": "1",
                    "quantity": 1,
                    "url": "/catalog/legkovye/22545-r17-94w-rotalla-setula-s-race-ru01-tl23585/"
                },
                {
                    "id": "133988",
                    "name": "215/45 R17",
                    "price": 6150,
                    "amount": "1",
                    "quantity": 1,
                    "url": "/catalog/legkovye/21545-r17-91w-rotalla-setula-s-race-ru01-tl65790/"
                }
            ]
        },
        {
            "id": 90124,
            "isNew": false,
            "EDIT_LINK": null,
            "DELETE_LINK": null,
            "props": [
                {
                    "name": "Ширина",
                    "value": "235 "
                },
                {
                    "name": "Диаметр",
                    "value": "15 "
                }
            ],
            "type": "tires",
            "isPromo": null,
            "amount": 236,
            "season": "Летние",
            "price": 6150,
            "name": "235/75 R15 105 КАМА Пилигрим И-520 TL",
            "sectionId": 7278,
            "sectionName": "Легковые",
            "sectionPath": [
                {
                    "ID": "7278",
                    "NAME": "Легковые"
                },
                {
                    "ID": "7267",
                    "NAME": "Шины"
                }
            ],
            "imgSrc": "/upload/resize_cache/rembg-image/b90/275_275_1/ktgyiubbz4xm4ryhd400i7sqmedz3ugy.png",
            "url": "/catalog/legkovye/23575-r15-105-kama-piligrim-i-520-tl00372/",
            "promo": [],
            "discountStores": [],
            "externalStores": [],
            "commonStores": [
                {
                    "STORE_ID": "158",
                    "PRODUCT_ID": "90124",
                    "AMOUNT": "236",
                    "PRODUCT_XML_ID": "FORTOCHKI_1120009",
                    "STORE_XML_ID": "351",
                    "STORE_NAME": "Оптовый Склад",
                    "PRICE": "6150.00",
                    "PRICE_ID": "9"
                }
            ],
            "brand": "КАМА",
            "brandCode": "",
            "vendorCode": "1120009",
            "model": "И-520 Пилигрим",
            "raznItems": [
                {
                    "id": "90124",
                    "name": "235/75 R15",
                    "price": 6150,
                    "amount": "236",
                    "quantity": 1,
                    "url": "/catalog/legkovye/23575-r15-105-kama-piligrim-i-520-tl00372/"
                }
            ]
        },
        {
            "id": 168369,
            "isNew": false,
            "EDIT_LINK": null,
            "DELETE_LINK": null,
            "props": [
                {
                    "name": "Ширина",
                    "value": "235 "
                },
                {
                    "name": "Диаметр",
                    "value": "18 "
                }
            ],
            "type": "tires",
            "isPromo": null,
            "amount": 12,
            "season": "Летние",
            "price": 6180,
            "name": "235/50 R18 101W HIFLY HF805 TL",
            "sectionId": 7278,
            "sectionName": "Легковые",
            "sectionPath": [
                {
                    "ID": "7278",
                    "NAME": "Легковые"
                },
                {
                    "ID": "7267",
                    "NAME": "Шины"
                }
            ],
            "imgSrc": "/upload/resize_cache/iblock/9b6/275_275_1/ny5k332ny4hfqz0nbfn2dwdkaykyhsjx.png",
            "url": "/catalog/legkovye/23550-r18-101w-hifly-hf805-tl-200h1053/",
            "promo": [],
            "discountStores": [],
            "externalStores": [],
            "commonStores": [],
            "brand": "HIFLY",
            "brandCode": "",
            "vendorCode": "200H1053",
            "model": "HF805",
            "raznItems": [
                {
                    "id": "167933",
                    "name": "245/45 R18",
                    "price": 5930,
                    "amount": "41",
                    "quantity": 1,
                    "url": "/catalog/legkovye/24545-r18-100w-hifly-hf805-tl-200h1019/"
                },
                {
                    "id": "167934",
                    "name": "235/45 R18",
                    "price": 5900,
                    "amount": "41",
                    "quantity": 1,
                    "url": "/catalog/legkovye/23545-r18-98w-hifly-hf805-tl-200h1040/"
                },
                {
                    "id": "168368",
                    "name": "235/40 R18",
                    "price": 5620,
                    "amount": "8",
                    "quantity": 1,
                    "url": "/catalog/legkovye/23540-r18-95w-hifly-hf805-tl-200h1009/"
                },
                {
                    "id": "168369",
                    "name": "235/50 R18",
                    "price": 6180,
                    "amount": "12",
                    "quantity": 1,
                    "url": "/catalog/legkovye/23550-r18-101w-hifly-hf805-tl-200h1053/"
                }
            ]
        },
        {
            "id": 167936,
            "isNew": false,
            "EDIT_LINK": null,
            "DELETE_LINK": null,
            "props": [
                {
                    "name": "Ширина",
                    "value": "235 "
                },
                {
                    "name": "Диаметр",
                    "value": "18 "
                }
            ],
            "type": "tires",
            "isPromo": null,
            "amount": 20,
            "season": "Летние",
            "price": 6190,
            "name": "235/55 R18 100V HIFLY Vigorous HP801 TL",
            "sectionId": 7278,
            "sectionName": "Легковые",
            "sectionPath": [
                {
                    "ID": "7278",
                    "NAME": "Легковые"
                },
                {
                    "ID": "7267",
                    "NAME": "Шины"
                }
            ],
            "imgSrc": "/upload/resize_cache/iblock/b0a/275_275_1/xqsrwa2lrornmmi4afrfdso7eqheb6xp.png",
            "url": "/catalog/legkovye/23555-r18-100v-hifly-vigorous-hp801-tl-200h3008/",
            "promo": [],
            "discountStores": [],
            "externalStores": [],
            "commonStores": [],
            "brand": "HIFLY",
            "brandCode": "",
            "vendorCode": "200H3008",
            "model": "Vigorous HP801",
            "raznItems": [
                {
                    "id": "167936",
                    "name": "235/55 R18",
                    "price": 6190,
                    "amount": "20",
                    "quantity": 1,
                    "url": "/catalog/legkovye/23555-r18-100v-hifly-vigorous-hp801-tl-200h3008/"
                },
                {
                    "id": "168133",
                    "name": "225/60 R18",
                    "price": 6010,
                    "amount": "20",
                    "quantity": 1,
                    "url": "/catalog/legkovye/22560-r18-100v-hifly-vigorous-hp801-tl-200h3023/"
                }
            ]
        },
        {
            "id": 135335,
            "isNew": false,
            "EDIT_LINK": null,
            "DELETE_LINK": null,
            "props": [
                {
                    "name": "Ширина",
                    "value": "195 "
                },
                {
                    "name": "Диаметр",
                    "value": "15 "
                }
            ],
            "type": "tires",
            "isPromo": null,
            "amount": 41,
            "season": "Летние",
            "price": 5150,
            "name": "195/65 R15 91H BFGOODRICH G-Grip TL",
            "sectionId": 7278,
            "sectionName": "Легковые",
            "sectionPath": [
                {
                    "ID": "7278",
                    "NAME": "Легковые"
                },
                {
                    "ID": "7267",
                    "NAME": "Шины"
                }
            ],
            "imgSrc": "/upload/resize_cache/rembg-image/428/275_275_1/yrpivtf8kcb41j9jzuj8j6pypyjzjqhr.png",
            "url": "/catalog/legkovye/19565-r15-91h-bfgoodrich-g-grip-tl65100/",
            "promo": [],
            "discountStores": [],
            "externalStores": [],
            "commonStores": [],
            "brand": "BFGOODRICH",
            "brandCode": "",
            "vendorCode": "435593",
            "model": "G-Grip",
            "raznItems": [
                {
                    "id": "135334",
                    "name": "185/65 R15",
                    "price": 5100,
                    "amount": "41",
                    "quantity": 1,
                    "url": "/catalog/legkovye/18565-r15-88h-bfgoodrich-g-grip-tl65101/"
                },
                {
                    "id": "135335",
                    "name": "195/65 R15",
                    "price": 5150,
                    "amount": "41",
                    "quantity": 1,
                    "url": "/catalog/legkovye/19565-r15-91h-bfgoodrich-g-grip-tl65100/"
                }
            ]
        },
        {
            "id": 157093,
            "isNew": false,
            "EDIT_LINK": null,
            "DELETE_LINK": null,
            "props": [
                {
                    "name": "Ширина",
                    "value": "225 "
                },
                {
                    "name": "Диаметр",
                    "value": "17 "
                }
            ],
            "type": "tires",
            "isPromo": null,
            "amount": 3,
            "season": "Летние",
            "price": 6210,
            "name": "225/50 R17 98W VIATTI Strada 2 (V-134) TL",
            "sectionId": 7278,
            "sectionName": "Легковые",
            "sectionPath": [
                {
                    "ID": "7278",
                    "NAME": "Легковые"
                },
                {
                    "ID": "7267",
                    "NAME": "Шины"
                }
            ],
            "imgSrc": "/upload/resize_cache/rembg-image/cbe/275_275_1/cv3aw1kzx1u0sc4a5snaxzly4y7y838n.png",
            "url": "/catalog/legkovye/22550-r17-98w-viatti-strada-2-v-134-tl26015/",
            "promo": [],
            "discountStores": [],
            "externalStores": [],
            "commonStores": [
                {
                    "STORE_ID": "158",
                    "PRODUCT_ID": "157093",
                    "AMOUNT": "3",
                    "PRODUCT_XML_ID": "26015",
                    "STORE_XML_ID": "351",
                    "STORE_NAME": "Оптовый Склад",
                    "PRICE": "6210.00",
                    "PRICE_ID": "9"
                }
            ],
            "brand": "VIATTI",
            "brandCode": "389",
            "vendorCode": "3110095",
            "model": "Strada 2 (V-134)",
            "raznItems": [
                {
                    "id": "157089",
                    "name": "215/50 R17",
                    "price": 5810,
                    "amount": "1",
                    "quantity": 1,
                    "url": "/catalog/legkovye/21550-r17-95w-viatti-strada-2-v-134-tl26010/"
                },
                {
                    "id": "157093",
                    "name": "225/50 R17",
                    "price": 6210,
                    "amount": "3",
                    "quantity": 1,
                    "url": "/catalog/legkovye/22550-r17-98w-viatti-strada-2-v-134-tl26015/"
                }
            ]
        },
        {
            "id": 168464,
            "isNew": false,
            "EDIT_LINK": null,
            "DELETE_LINK": null,
            "props": [
                {
                    "name": "Ширина",
                    "value": "235 "
                },
                {
                    "name": "Диаметр",
                    "value": "17 "
                }
            ],
            "type": "tires",
            "isPromo": null,
            "amount": 4,
            "season": "Летние",
            "price": 6220,
            "name": "235/65 R17 108H HiFly Vigorous HT601 TL",
            "sectionId": 7278,
            "sectionName": "Легковые",
            "sectionPath": [
                {
                    "ID": "7278",
                    "NAME": "Легковые"
                },
                {
                    "ID": "7267",
                    "NAME": "Шины"
                }
            ],
            "imgSrc": "/upload/resize_cache/iblock/75d/275_275_1/x8pfvynvkuzqtcafsz79cymh63mfc681.png",
            "url": "/catalog/legkovye/23565-r17-108h-hifly-vigorous-ht601-tl-200h6021/",
            "promo": [],
            "discountStores": [],
            "externalStores": [],
            "commonStores": [],
            "brand": "HiFly",
            "brandCode": "",
            "vendorCode": "200H6021",
            "model": "Vigorous HT601",
            "raznItems": [
                {
                    "id": "167939",
                    "name": "265/65 R17",
                    "price": 7100,
                    "amount": "41",
                    "quantity": 1,
                    "url": "/catalog/legkovye/26565-r17-112h-hifly-vigorous-ht601-tl-200h6022/"
                },
                {
                    "id": "167940",
                    "name": "215/60 R17",
                    "price": 5180,
                    "amount": "41",
                    "quantity": 1,
                    "url": "/catalog/legkovye/21560-r17-96h-hifly-vigorous-ht601-tl-200h6027/"
                },
                {
                    "id": "168134",
                    "name": "225/65 R17",
                    "price": 5570,
                    "amount": "41",
                    "quantity": 1,
                    "url": "/catalog/legkovye/22565-r17-102h-hifly-vigorous-ht601-tl-200h6020/"
                },
                {
                    "id": "168464",
                    "name": "235/65 R17",
                    "price": 6220,
                    "amount": "4",
                    "quantity": 1,
                    "url": "/catalog/legkovye/23565-r17-108h-hifly-vigorous-ht601-tl-200h6021/"
                }
            ]
        },
        {
            "id": 96927,
            "isNew": false,
            "EDIT_LINK": null,
            "DELETE_LINK": null,
            "props": [
                {
                    "name": "Ширина",
                    "value": "205 "
                },
                {
                    "name": "Диаметр",
                    "value": "15 "
                }
            ],
            "type": "tires",
            "isPromo": null,
            "amount": 7,
            "season": "Летние",
            "price": 4700,
            "name": "205/65 R15 94H NOKIAN TYRES Nordman SX 3 TL",
            "sectionId": 7278,
            "sectionName": "Легковые",
            "sectionPath": [
                {
                    "ID": "7278",
                    "NAME": "Легковые"
                },
                {
                    "ID": "7267",
                    "NAME": "Шины"
                }
            ],
            "imgSrc": "/upload/resize_cache/rembg-image/568/275_275_1/k7mh6tuj293pyksvx9m00kld1wp07oxl.png",
            "url": "/catalog/legkovye/20565-r15-94h-nokian-tyres-nordman-sx-3-tl22777/",
            "promo": [],
            "discountStores": [],
            "externalStores": [],
            "commonStores": [
                {
                    "STORE_ID": "156",
                    "PRODUCT_ID": "96927",
                    "AMOUNT": "4",
                    "PRODUCT_XML_ID": "22777",
                    "STORE_XML_ID": "419",
                    "STORE_NAME": "г. Челябинск, Свердловский тракт, 12б",
                    "PRICE": "4700.00",
                    "PRICE_ID": "7"
                },
                {
                    "STORE_ID": "158",
                    "PRODUCT_ID": "96927",
                    "AMOUNT": "3",
                    "PRODUCT_XML_ID": "22777",
                    "STORE_XML_ID": "351",
                    "STORE_NAME": "Оптовый Склад",
                    "PRICE": "4700.00",
                    "PRICE_ID": "9"
                }
            ],
            "brand": "NOKIAN TYRES",
            "brandCode": "",
            "vendorCode": "T432330",
            "model": "Nordman SX3",
            "raznItems": [
                {
                    "id": "96920",
                    "name": "185/60 R15",
                    "price": 4380,
                    "amount": "1",
                    "quantity": 1,
                    "url": "/catalog/legkovye/18560-r15-88t-nokian-tyres-nordman-sx-3-tl22498/"
                },
                {
                    "id": "96925",
                    "name": "195/65 R15",
                    "price": 4010,
                    "amount": "8",
                    "quantity": 1,
                    "url": "/catalog/legkovye/19565-r15-91h-nokian-tyres-nordman-sx-3-tl22622/"
                },
                {
                    "id": "96927",
                    "name": "205/65 R15",
                    "price": 4700,
                    "amount": "3",
                    "quantity": 1,
                    "url": "/catalog/legkovye/20565-r15-94h-nokian-tyres-nordman-sx-3-tl22777/"
                }
            ]
        },
        {
            "id": 145073,
            "isNew": false,
            "EDIT_LINK": null,
            "DELETE_LINK": null,
            "props": [
                {
                    "name": "Ширина",
                    "value": "195 "
                },
                {
                    "name": "Диаметр",
                    "value": "16 "
                }
            ],
            "type": "tires",
            "isPromo": null,
            "amount": 13,
            "season": "Летние",
            "price": 6050,
            "name": "195/55 R16 91H MATADOR MP47 Hectorra 3 TL",
            "sectionId": 7278,
            "sectionName": "Легковые",
            "sectionPath": [
                {
                    "ID": "7278",
                    "NAME": "Легковые"
                },
                {
                    "ID": "7267",
                    "NAME": "Шины"
                }
            ],
            "imgSrc": "/upload/resize_cache/rembg-image/f0c/275_275_1/mzfe40970deh6l86tulmj66gsvitq2o7.png",
            "url": "/catalog/legkovye/19555-r16-91h-matador-mp47-hectorra-3-tl10462/",
            "promo": [],
            "discountStores": [],
            "externalStores": [],
            "commonStores": [],
            "brand": "MATADOR",
            "brandCode": "",
            "vendorCode": "1580996",
            "model": "MP 47 Hectorra 3",
            "raznItems": [
                {
                    "id": "101488",
                    "name": "205/50 R16",
                    "price": 8240,
                    "amount": "2",
                    "quantity": 1,
                    "url": "/catalog/legkovye/20550r16-87v-mp-47-hectorra-3-tl/"
                },
                {
                    "id": "102738",
                    "name": "225/50 R16",
                    "price": 9700,
                    "amount": "2",
                    "quantity": 1,
                    "url": "/catalog/legkovye/22550r16-92y-mp-47-hectorra-3-tl/"
                },
                {
                    "id": "145073",
                    "name": "195/55 R16",
                    "price": 6050,
                    "amount": "13",
                    "quantity": 1,
                    "url": "/catalog/legkovye/19555-r16-91h-matador-mp47-hectorra-3-tl10462/"
                },
                {
                    "id": "159579",
                    "name": "205/55 R16",
                    "price": 4690,
                    "amount": "20",
                    "quantity": 1,
                    "url": "/catalog/legkovye/20555r16-91h-mp-47-hectorra-3-tl/"
                }
            ]
        },
        {
            "id": 160771,
            "isNew": false,
            "EDIT_LINK": null,
            "DELETE_LINK": null,
            "props": [
                {
                    "name": "Ширина",
                    "value": "205 "
                },
                {
                    "name": "Диаметр",
                    "value": "17 "
                }
            ],
            "type": "tires",
            "isPromo": null,
            "amount": 4,
            "season": "Летние",
            "price": 6240,
            "name": "205/45 R17 88W SAILUN Atrezzo ZSR TL",
            "sectionId": 7278,
            "sectionName": "Легковые",
            "sectionPath": [
                {
                    "ID": "7278",
                    "NAME": "Легковые"
                },
                {
                    "ID": "7267",
                    "NAME": "Шины"
                }
            ],
            "imgSrc": "/upload/resize_cache/rembg-image/4de/275_275_1/kucci0yf5otv0uo99ivqh8awfn5p0m5b.png",
            "url": "/catalog/legkovye/20545r17-88w-xl-atrezzo-zsr-tl-rft/",
            "promo": [],
            "discountStores": [],
            "externalStores": [],
            "commonStores": [],
            "brand": "SAILUN",
            "brandCode": "",
            "vendorCode": "3220005738",
            "model": "Atrezzo ZSR",
            "raznItems": [
                {
                    "id": "160771",
                    "name": "205/45 R17",
                    "price": 6240,
                    "amount": "4",
                    "quantity": 1,
                    "url": "/catalog/legkovye/20545r17-88w-xl-atrezzo-zsr-tl-rft/"
                }
            ]
        },
        {
            "id": 135232,
            "isNew": false,
            "EDIT_LINK": null,
            "DELETE_LINK": null,
            "props": [
                {
                    "name": "Ширина",
                    "value": "195 "
                },
                {
                    "name": "Диаметр",
                    "value": "15 "
                }
            ],
            "type": "tires",
            "isPromo": null,
            "amount": 70,
            "season": "Летние",
            "price": 4950,
            "name": "195/65 R15 95H NOKIAN TYRES Hakka Green 3 TL",
            "sectionId": 7278,
            "sectionName": "Легковые",
            "sectionPath": [
                {
                    "ID": "7278",
                    "NAME": "Легковые"
                },
                {
                    "ID": "7267",
                    "NAME": "Шины"
                }
            ],
            "imgSrc": "/upload/resize_cache/rembg-image/fad/275_275_1/poxiczsrveedvwkobkpvak0wg71rly12.png",
            "url": "/catalog/legkovye/19565-r15-95h-nokian-tyres-hakka-green-3-tl65289/",
            "promo": [],
            "discountStores": [],
            "externalStores": [],
            "commonStores": [
                {
                    "STORE_ID": "158",
                    "PRODUCT_ID": "135232",
                    "AMOUNT": "70",
                    "PRODUCT_XML_ID": "65289",
                    "STORE_XML_ID": "351",
                    "STORE_NAME": "Оптовый Склад",
                    "PRICE": "4950.00",
                    "PRICE_ID": "9"
                }
            ],
            "brand": "NOKIAN TYRES",
            "brandCode": "277",
            "vendorCode": "T431456",
            "model": "Hakka Green 3",
            "raznItems": [
                {
                    "id": "135227",
                    "name": "185/60 R15",
                    "price": 6630,
                    "amount": "4",
                    "quantity": 1,
                    "url": "/catalog/legkovye/18560-r15-88h-nokian-tyres-hakka-green-3-tl65296/"
                },
                {
                    "id": "135229",
                    "name": "195/50 R15",
                    "price": 4400,
                    "amount": "1",
                    "quantity": 1,
                    "url": "/catalog/legkovye/19550-r15-82v-nokian-tyres-hakka-green-3-tl65292/"
                },
                {
                    "id": "135232",
                    "name": "195/65 R15",
                    "price": 4950,
                    "amount": "70",
                    "quantity": 1,
                    "url": "/catalog/legkovye/19565-r15-95h-nokian-tyres-hakka-green-3-tl65289/"
                },
                {
                    "id": "135233",
                    "name": "205/65 R15",
                    "price": 5940,
                    "amount": "4",
                    "quantity": 1,
                    "url": "/catalog/legkovye/20565-r15-99h-nokian-tyres-hakka-green-3-tl65288/"
                }
            ]
        },
        {
            "id": 113783,
            "isNew": false,
            "EDIT_LINK": null,
            "DELETE_LINK": null,
            "props": [
                {
                    "name": "Ширина",
                    "value": "205 "
                },
                {
                    "name": "Диаметр",
                    "value": "16 "
                }
            ],
            "type": "tires",
            "isPromo": null,
            "amount": 1,
            "season": "Летние",
            "price": 6240,
            "name": "205/65 R16 95H YOKOHAMA BluEarth-Es ES32 TL",
            "sectionId": 7278,
            "sectionName": "Легковые",
            "sectionPath": [
                {
                    "ID": "7278",
                    "NAME": "Легковые"
                },
                {
                    "ID": "7267",
                    "NAME": "Шины"
                }
            ],
            "imgSrc": "/upload/resize_cache/rembg-image/006/275_275_1/uid53q437udmv42lrogp03j3lhie2m0e.png",
            "url": "/catalog/legkovye/20565-r16-95h-yokohama-bluearth-es-es32-tl09061/",
            "promo": [],
            "discountStores": [],
            "externalStores": [],
            "commonStores": [
                {
                    "STORE_ID": "158",
                    "PRODUCT_ID": "113783",
                    "AMOUNT": "1",
                    "PRODUCT_XML_ID": "09061",
                    "STORE_XML_ID": "351",
                    "STORE_NAME": "Оптовый Склад",
                    "PRICE": "6240.00",
                    "PRICE_ID": "9"
                }
            ],
            "brand": "YOKOHAMA",
            "brandCode": "",
            "vendorCode": "R2460",
            "model": "BluEarth-Es ES32",
            "raznItems": [
                {
                    "id": "113783",
                    "name": "205/65 R16",
                    "price": 6240,
                    "amount": "1",
                    "quantity": 1,
                    "url": "/catalog/legkovye/20565-r16-95h-yokohama-bluearth-es-es32-tl09061/"
                },
                {
                    "id": "113785",
                    "name": "215/55 R16",
                    "price": 8500,
                    "amount": "14",
                    "quantity": 1,
                    "url": "/catalog/legkovye/21555-r16-97v-yokohama-bluearth-es-es32-tl09063/"
                }
            ]
        },
        {
            "id": 133987,
            "isNew": false,
            "EDIT_LINK": null,
            "DELETE_LINK": null,
            "props": [
                {
                    "name": "Ширина",
                    "value": "215 "
                },
                {
                    "name": "Диаметр",
                    "value": "16 "
                }
            ],
            "type": "tires",
            "isPromo": null,
            "amount": 50,
            "season": "Летние",
            "price": 6270,
            "name": "215/45 R16 86H ROTALLA Setula S-Race RU01 TL",
            "sectionId": 7278,
            "sectionName": "Легковые",
            "sectionPath": [
                {
                    "ID": "7278",
                    "NAME": "Легковые"
                },
                {
                    "ID": "7267",
                    "NAME": "Шины"
                }
            ],
            "imgSrc": "/upload/resize_cache/rembg-image/3fb/275_275_1/00is1or345h5w06qoz155ns4y6srev03.png",
            "url": "/catalog/legkovye/21545-r16-86h-rotalla-setula-s-race-ru01-tl65791/",
            "promo": [],
            "discountStores": [],
            "externalStores": [],
            "commonStores": [
                {
                    "STORE_ID": "158",
                    "PRODUCT_ID": "133987",
                    "AMOUNT": "50",
                    "PRODUCT_XML_ID": "65791",
                    "STORE_XML_ID": "351",
                    "STORE_NAME": "Оптовый Склад",
                    "PRICE": "6270.00",
                    "PRICE_ID": "9"
                }
            ],
            "brand": "ROTALLA",
            "brandCode": "856",
            "vendorCode": "RTL0859",
            "model": "Setula S-Race RU01",
            "raznItems": [
                {
                    "id": "119403",
                    "name": "195/45 R16",
                    "price": 5040,
                    "amount": "2",
                    "quantity": 1,
                    "url": "/catalog/legkovye/19545-r16-84v-rotalla-setula-s-race-ru01-tl23294/"
                },
                {
                    "id": "119404",
                    "name": "205/45 R16",
                    "price": 6030,
                    "amount": "2",
                    "quantity": 1,
                    "url": "/catalog/legkovye/20545-r16-87w-rotalla-setula-s-race-ru01-tl23295/"
                },
                {
                    "id": "133987",
                    "name": "215/45 R16",
                    "price": 6270,
                    "amount": "50",
                    "quantity": 1,
                    "url": "/catalog/legkovye/21545-r16-86h-rotalla-setula-s-race-ru01-tl65791/"
                }
            ]
        },
        {
            "id": 157814,
            "isNew": false,
            "EDIT_LINK": null,
            "DELETE_LINK": null,
            "props": [
                {
                    "name": "Ширина",
                    "value": "235 "
                },
                {
                    "name": "Диаметр",
                    "value": "18 "
                }
            ],
            "type": "tires",
            "isPromo": null,
            "amount": 2,
            "season": "Летние",
            "price": 6300,
            "name": "235/40 R18 95Y TRIANGLE TH201 TL",
            "sectionId": 7278,
            "sectionName": "Легковые",
            "sectionPath": [
                {
                    "ID": "7278",
                    "NAME": "Легковые"
                },
                {
                    "ID": "7267",
                    "NAME": "Шины"
                }
            ],
            "imgSrc": "/upload/resize_cache/rembg-image/971/275_275_1/3yikwrvd2ixpvcalbqp3nh0sz4dhy31q.png",
            "url": "/catalog/legkovye/23540r18-95y-th201-tl-m-s/",
            "promo": [],
            "discountStores": [],
            "externalStores": [],
            "commonStores": [],
            "brand": "TRIANGLE",
            "brandCode": "",
            "vendorCode": "CTS237354",
            "model": "SporteX TH201",
            "raznItems": [
                {
                    "id": "147721",
                    "name": "245/40 R18",
                    "price": 6540,
                    "amount": "20",
                    "quantity": 1,
                    "url": "/catalog/legkovye/24540r18-97y-th201-tl-m-s/"
                },
                {
                    "id": "157814",
                    "name": "235/40 R18",
                    "price": 6300,
                    "amount": "2",
                    "quantity": 1,
                    "url": "/catalog/legkovye/23540r18-95y-th201-tl-m-s/"
                }
            ]
        }
    ],
    "filter": {
        "0": {
            "LOGIC": "OR",
            ">STORE_AMOUNT_156": 0,
            ">STORE_AMOUNT_158": 0,
            ">STORE_AMOUNT_159": 0,
            ">STORE_AMOUNT_160": 0,
            ">STORE_AMOUNT_161": 0,
            ">STORE_AMOUNT_164": 0,
            ">STORE_AMOUNT_165": 0,
            ">STORE_AMOUNT_168": 0,
            ">STORE_AMOUNT_169": 0,
            ">STORE_AMOUNT_174": 0,
            ">STORE_AMOUNT_180": 0,
            ">STORE_AMOUNT_184": 0,
            ">STORE_AMOUNT_185": 0,
            ">STORE_AMOUNT_191": 0,
            ">STORE_AMOUNT_192": 0,
            ">STORE_AMOUNT_194": 0,
            ">STORE_AMOUNT_6087": 0
        },
        "1": {
            "LOGIC": "OR",
            ">CATALOG_CATALOG_GROUP_ID_33": 0,
            ">CATALOG_CATALOG_GROUP_ID_90": 0,
            ">CATALOG_CATALOG_GROUP_ID_96": 0,
            ">CATALOG_CATALOG_GROUP_ID_97": 0,
            ">CATALOG_CATALOG_GROUP_ID_98": 0
        },
        "2": {
            "LOGIC": "OR",
            ">STORE_AMOUNT_156": 0,
            ">STORE_AMOUNT_158": 0,
            ">STORE_AMOUNT_159": 0,
            ">STORE_AMOUNT_160": 0,
            ">STORE_AMOUNT_161": 0,
            ">STORE_AMOUNT_164": 0,
            ">STORE_AMOUNT_165": 0,
            ">STORE_AMOUNT_168": 0,
            ">STORE_AMOUNT_169": 0,
            ">STORE_AMOUNT_174": 0,
            ">STORE_AMOUNT_180": 0,
            ">STORE_AMOUNT_184": 0,
            ">STORE_AMOUNT_185": 0,
            ">STORE_AMOUNT_191": 0,
            ">STORE_AMOUNT_192": 0,
            ">STORE_AMOUNT_194": 0,
            ">STORE_AMOUNT_6087": 0
        },
        "3": {
            "LOGIC": "OR",
            ">CATALOG_CATALOG_GROUP_ID_33": 0,
            ">CATALOG_CATALOG_GROUP_ID_90": 0,
            ">CATALOG_CATALOG_GROUP_ID_96": 0,
            ">CATALOG_CATALOG_GROUP_ID_97": 0,
            ">CATALOG_CATALOG_GROUP_ID_98": 0
        },
        "=PROPERTY_458": [
            "154"
        ]
    },
    "promo": {
        "id": "165954",
        "url": "/promo/shiny-v-rassrochku/",
        "name": "Покупки в рассрочку",
        "text": "Теперь вы можете купить зимние шины, или диски в рассрочку быстро и легко: без первоначального взноса и без переплаты!",
        "imgSrc": "/upload/resize_cache/iblock/356/1075_613_1/8iiw8xmv2bzky9euo9mn57dqx6dk3xa9.jpg",
        "videoSrc": null
    },
    "promoFilter": {
        "IBLOCK_ID": 10,
        "ACTIVE": "Y",
        "=PROPERTY_SECTION": 206,
        "=PROPERTY_CATALOG_SEASON": [
            false,
            204
        ],
        "=PROPERTY_CATALOG_BRAND": [
            false
        ]
    },
    "navNum": 1,
    "pagesCount": 111,
    "pageNum": 17
}