{
    "pageUrl": "/catalog/legkovye/?arCatalogFilter_458_1500340406=Y&set_filter=Y&sort%5Brecommendations%5D=asc&PAGEN_1=18",
    "items": [
        {
            "id": 145571,
            "isNew": false,
            "EDIT_LINK": null,
            "DELETE_LINK": null,
            "props": [
                {
                    "name": "Ширина",
                    "value": "225 "
                },
                {
                    "name": "Диаметр",
                    "value": "17 "
                }
            ],
            "type": "tires",
            "isPromo": null,
            "amount": 41,
            "season": "Летние",
            "price": 6300,
            "name": "225/65 R17 102H TRIANGLE TE301 TL",
            "sectionId": 7278,
            "sectionName": "Легковые",
            "sectionPath": [
                {
                    "ID": "7278",
                    "NAME": "Легковые"
                },
                {
                    "ID": "7267",
                    "NAME": "Шины"
                }
            ],
            "imgSrc": "/upload/resize_cache/rembg-image/2bc/275_275_1/xdinm1pjuv0pifkxxnnb3qlxfv00ugup.png",
            "url": "/catalog/legkovye/22565r17-102h-te301-tl-m-s/",
            "promo": [],
            "discountStores": [],
            "externalStores": [],
            "commonStores": [],
            "brand": "TRIANGLE",
            "brandCode": "",
            "vendorCode": "CTS237331",
            "model": "TE301",
            "raznItems": [
                {
                    "id": "145571",
                    "name": "225/65 R17",
                    "price": 6300,
                    "amount": "41",
                    "quantity": 1,
                    "url": "/catalog/legkovye/22565r17-102h-te301-tl-m-s/"
                }
            ]
        },
        {
            "id": 121447,
            "isNew": false,
            "EDIT_LINK": null,
            "DELETE_LINK": null,
            "props": [
                {
                    "name": "Ширина",
                    "value": "205 "
                },
                {
                    "name": "Диаметр",
                    "value": "16 "
                }
            ],
            "type": "tires",
            "isPromo": null,
            "amount": 72,
            "season": "Летние",
            "price": 5560,
            "name": "205/55 R16 94W BFGOODRICH Advantage TL",
            "sectionId": 7278,
            "sectionName": "Легковые",
            "sectionPath": [
                {
                    "ID": "7278",
                    "NAME": "Легковые"
                },
                {
                    "ID": "7267",
                    "NAME": "Шины"
                }
            ],
            "imgSrc": "/upload/resize_cache/rembg-image/2f3/275_275_1/zugtt5xdxy8e4bry49tw3fpc905uw3cr.png",
            "url": "/catalog/legkovye/20555-r16-94w-bfgoodrich-advantage-tl93112/",
            "promo": [],
            "discountStores": [],
            "externalStores": [],
            "commonStores": [
                {
                    "STORE_ID": "158",
                    "PRODUCT_ID": "121447",
                    "AMOUNT": "72",
                    "PRODUCT_XML_ID": "FORTOCHKI_527719",
                    "STORE_XML_ID": "351",
                    "STORE_NAME": "Оптовый Склад",
                    "PRICE": "5560.00",
                    "PRICE_ID": "9"
                }
            ],
            "brand": "BFGOODRICH",
            "brandCode": "",
            "vendorCode": "527719",
            "model": "Advantage",
            "raznItems": [
                {
                    "id": "121447",
                    "name": "205/55 R16",
                    "price": 5560,
                    "amount": "72",
                    "quantity": 1,
                    "url": "/catalog/legkovye/20555-r16-94w-bfgoodrich-advantage-tl93112/"
                },
                {
                    "id": "121448",
                    "name": "205/60 R16",
                    "price": 6630,
                    "amount": "1",
                    "quantity": 1,
                    "url": "/catalog/legkovye/20560r16-96w-xl-advantage-tl/"
                },
                {
                    "id": "125300",
                    "name": "215/55 R16",
                    "price": 7470,
                    "amount": "1",
                    "quantity": 1,
                    "url": "/catalog/legkovye/21555r16-97y-xl-advantage-tl/"
                }
            ]
        },
        {
            "id": 159852,
            "isNew": false,
            "EDIT_LINK": null,
            "DELETE_LINK": null,
            "props": [
                {
                    "name": "Ширина",
                    "value": "215 "
                },
                {
                    "name": "Диаметр",
                    "value": "17 "
                }
            ],
            "type": "tires",
            "isPromo": null,
            "amount": 1,
            "season": "Летние",
            "price": 6320,
            "name": "215/55 R17 94W GT RADIAL FE2 TL",
            "sectionId": 7278,
            "sectionName": "Легковые",
            "sectionPath": [
                {
                    "ID": "7278",
                    "NAME": "Легковые"
                },
                {
                    "ID": "7267",
                    "NAME": "Шины"
                }
            ],
            "imgSrc": "/upload/resize_cache/rembg-image/e9b/275_275_1/vqtqhrdvbkxf7fw5z6w6441sc4iq43dw.png",
            "url": "/catalog/legkovye/21555r17-94w-fe2-tl/",
            "promo": [],
            "discountStores": [],
            "externalStores": [],
            "commonStores": [],
            "brand": "GT RADIAL",
            "brandCode": "",
            "vendorCode": "100A4351",
            "model": "FE2",
            "raznItems": [
                {
                    "id": "159852",
                    "name": "215/55 R17",
                    "price": 6320,
                    "amount": "1",
                    "quantity": 1,
                    "url": "/catalog/legkovye/21555r17-94w-fe2-tl/"
                }
            ]
        },
        {
            "id": 105863,
            "isNew": false,
            "EDIT_LINK": null,
            "DELETE_LINK": null,
            "props": [
                {
                    "name": "Ширина",
                    "value": "185 "
                },
                {
                    "name": "Диаметр",
                    "value": "15 "
                }
            ],
            "type": "tires",
            "isPromo": null,
            "amount": 12,
            "season": "Летние",
            "price": 6330,
            "name": "185/60 R15 84V BRIDGESTONE Ecopia EP300 TL",
            "sectionId": 7278,
            "sectionName": "Легковые",
            "sectionPath": [
                {
                    "ID": "7278",
                    "NAME": "Легковые"
                },
                {
                    "ID": "7267",
                    "NAME": "Шины"
                }
            ],
            "imgSrc": "/upload/resize_cache/rembg-image/17e/275_275_1/sep76ycpnti6dtnlhdh6ggorhy2kjpsd.png",
            "url": "/catalog/legkovye/18560-r15-84v-bridgestone-ecopia-ep300-tl60446/",
            "promo": [],
            "discountStores": [],
            "externalStores": [],
            "commonStores": [
                {
                    "STORE_ID": "160",
                    "PRODUCT_ID": "105863",
                    "AMOUNT": "4",
                    "PRODUCT_XML_ID": "60446",
                    "STORE_XML_ID": "407",
                    "STORE_NAME": "г. Челябинск, ул. Пионерская, 4",
                    "PRICE": "6330.00",
                    "PRICE_ID": "11"
                },
                {
                    "STORE_ID": "168",
                    "PRODUCT_ID": "105863",
                    "AMOUNT": "4",
                    "PRODUCT_XML_ID": "60446",
                    "STORE_XML_ID": "391",
                    "STORE_NAME": "г. Челябинск, ул. Бр.Кашириных, 93б",
                    "PRICE": "6330.00",
                    "PRICE_ID": "19"
                },
                {
                    "STORE_ID": "174",
                    "PRODUCT_ID": "105863",
                    "AMOUNT": "4",
                    "PRODUCT_XML_ID": "60446",
                    "STORE_XML_ID": "423",
                    "STORE_NAME": "г. Челябинск, ул. Комарова, 34",
                    "PRICE": "6330.00",
                    "PRICE_ID": "25"
                }
            ],
            "brand": "BRIDGESTONE",
            "brandCode": "250",
            "vendorCode": "17916",
            "model": "Ecopia EP300",
            "raznItems": [
                {
                    "id": "105861",
                    "name": "195/55 R15",
                    "price": 7480,
                    "amount": "4",
                    "quantity": 1,
                    "url": "/catalog/legkovye/19555-r15-85v-bridgestone-ecopia-ep300-tl60444/"
                },
                {
                    "id": "105863",
                    "name": "185/60 R15",
                    "price": 6330,
                    "amount": "4",
                    "quantity": 1,
                    "url": "/catalog/legkovye/18560-r15-84v-bridgestone-ecopia-ep300-tl60446/"
                },
                {
                    "id": "156726",
                    "name": "195/60 R15",
                    "price": 6670,
                    "amount": "1",
                    "quantity": 1,
                    "url": "/catalog/legkovye/19560-r15-88v-bridgestone-ecopia-ep300-tl25583/"
                }
            ]
        },
        {
            "id": 159873,
            "isNew": false,
            "EDIT_LINK": null,
            "DELETE_LINK": null,
            "props": [
                {
                    "name": "Ширина",
                    "value": "225 "
                },
                {
                    "name": "Диаметр",
                    "value": "18 "
                }
            ],
            "type": "tires",
            "isPromo": null,
            "amount": 38,
            "season": "Летние",
            "price": 6340,
            "name": "225/40 R18 92Y SAILUN Atrezzo ZSR TL",
            "sectionId": 7278,
            "sectionName": "Легковые",
            "sectionPath": [
                {
                    "ID": "7278",
                    "NAME": "Легковые"
                },
                {
                    "ID": "7267",
                    "NAME": "Шины"
                }
            ],
            "imgSrc": "/upload/resize_cache/rembg-image/411/275_275_1/rg3v4jfaw1gx36pa4zlxdsyhfl5o9ax3.png",
            "url": "/catalog/legkovye/22540r18-92y-xl-atrezzo-zsr-tl/",
            "promo": [],
            "discountStores": [],
            "externalStores": [],
            "commonStores": [],
            "brand": "SAILUN",
            "brandCode": "",
            "vendorCode": "3220004720",
            "model": "Atrezzo ZSR",
            "raznItems": [
                {
                    "id": "144481",
                    "name": "225/45 R18",
                    "price": 8180,
                    "amount": "4",
                    "quantity": 1,
                    "url": "/catalog/legkovye/22545-r18-95y-sailun-atrezzo-zsr-tl51912/"
                },
                {
                    "id": "144484",
                    "name": "235/45 R18",
                    "price": 8000,
                    "amount": "1",
                    "quantity": 1,
                    "url": "/catalog/legkovye/23545-r18-98y-sailun-atrezzo-zsr-tl51909/"
                },
                {
                    "id": "156109",
                    "name": "245/40 R18",
                    "price": 8980,
                    "amount": "38",
                    "quantity": 1,
                    "url": "/catalog/legkovye/24540-r18-97y-sailun-atrezzo-zsr-tl25000/"
                },
                {
                    "id": "156113",
                    "name": "265/35 R18",
                    "price": 9720,
                    "amount": "23",
                    "quantity": 1,
                    "url": "/catalog/legkovye/26535-r18-97y-sailun-atrezzo-zsr-tl25004/"
                },
                {
                    "id": "159873",
                    "name": "225/40 R18",
                    "price": 6340,
                    "amount": "38",
                    "quantity": 1,
                    "url": "/catalog/legkovye/22540r18-92y-xl-atrezzo-zsr-tl/"
                },
                {
                    "id": "160770",
                    "name": "255/45 R18",
                    "price": 7320,
                    "amount": "4",
                    "quantity": 1,
                    "url": "/catalog/legkovye/25545r18-103y-xl-atrezzo-zsr-tl/"
                }
            ]
        },
        {
            "id": 156682,
            "isNew": false,
            "EDIT_LINK": null,
            "DELETE_LINK": null,
            "props": [
                {
                    "name": "Ширина",
                    "value": "175 "
                },
                {
                    "name": "Диаметр",
                    "value": "14 "
                }
            ],
            "type": "tires",
            "isPromo": null,
            "amount": 4,
            "season": "Летние",
            "price": 6350,
            "name": "175/65 R14 82T BRIDGESTONE Turanza T005 TL",
            "sectionId": 7278,
            "sectionName": "Легковые",
            "sectionPath": [
                {
                    "ID": "7278",
                    "NAME": "Легковые"
                },
                {
                    "ID": "7267",
                    "NAME": "Шины"
                }
            ],
            "imgSrc": "/upload/resize_cache/rembg-image/75c/275_275_1/sb6mz10q1k1a0826x35u05bvfhpu73a2.png",
            "url": "/catalog/legkovye/17565-r14-82t-bridgestone-turanza-t005-tl25514/",
            "promo": [],
            "discountStores": [],
            "externalStores": [],
            "commonStores": [
                {
                    "STORE_ID": "160",
                    "PRODUCT_ID": "156682",
                    "AMOUNT": "4",
                    "PRODUCT_XML_ID": "25514",
                    "STORE_XML_ID": "407",
                    "STORE_NAME": "г. Челябинск, ул. Пионерская, 4",
                    "PRICE": "6350.00",
                    "PRICE_ID": "11"
                }
            ],
            "brand": "BRIDGESTONE",
            "brandCode": "250",
            "vendorCode": "13792",
            "model": "Turanza T005",
            "raznItems": [
                {
                    "id": "156682",
                    "name": "175/65 R14",
                    "price": 6350,
                    "amount": "4",
                    "quantity": 1,
                    "url": "/catalog/legkovye/17565-r14-82t-bridgestone-turanza-t005-tl25514/"
                },
                {
                    "id": "156683",
                    "name": "185/60 R14",
                    "price": 6390,
                    "amount": "1",
                    "quantity": 1,
                    "url": "/catalog/legkovye/18560-r14-82h-bridgestone-turanza-t005-tl25515/"
                }
            ]
        },
        {
            "id": 159866,
            "isNew": false,
            "EDIT_LINK": null,
            "DELETE_LINK": null,
            "props": [
                {
                    "name": "Ширина",
                    "value": "155 "
                },
                {
                    "name": "Диаметр",
                    "value": "13 "
                }
            ],
            "type": "tires",
            "isPromo": null,
            "amount": 12,
            "season": "Летние",
            "price": 6360,
            "name": "155/80 R13 79T HANKOOK Kinergy Eco 2 K435 TL",
            "sectionId": 7278,
            "sectionName": "Легковые",
            "sectionPath": [
                {
                    "ID": "7278",
                    "NAME": "Легковые"
                },
                {
                    "ID": "7267",
                    "NAME": "Шины"
                }
            ],
            "imgSrc": "/upload/resize_cache/rembg-image/987/275_275_1/czjbowinq5qeytcb8m8f1v5gjpziglc1.png",
            "url": "/catalog/legkovye/15580r13-79t-kinergy-eco-2-k435-tl/",
            "promo": [],
            "discountStores": [],
            "externalStores": [],
            "commonStores": [],
            "brand": "HANKOOK",
            "brandCode": "",
            "vendorCode": "1025639",
            "model": "Kinergy Eco 2 K435",
            "raznItems": [
                {
                    "id": "105352",
                    "name": "175/70 R13",
                    "price": 6630,
                    "amount": "8",
                    "quantity": 1,
                    "url": "/catalog/legkovye/17570r13-82t-kinergy-eco-2-k435-tl/"
                },
                {
                    "id": "159866",
                    "name": "155/80 R13",
                    "price": 6360,
                    "amount": "12",
                    "quantity": 1,
                    "url": "/catalog/legkovye/15580r13-79t-kinergy-eco-2-k435-tl/"
                }
            ]
        },
        {
            "id": 159987,
            "isNew": false,
            "EDIT_LINK": null,
            "DELETE_LINK": null,
            "props": [
                {
                    "name": "Ширина",
                    "value": "245 "
                },
                {
                    "name": "Диаметр",
                    "value": "19 "
                }
            ],
            "type": "tires",
            "isPromo": null,
            "amount": 4,
            "season": "Летние",
            "price": 6370,
            "name": "245/35 R19 93W CACHLAND CH-861 TL",
            "sectionId": 7278,
            "sectionName": "Легковые",
            "sectionPath": [
                {
                    "ID": "7278",
                    "NAME": "Легковые"
                },
                {
                    "ID": "7267",
                    "NAME": "Шины"
                }
            ],
            "imgSrc": "/upload/resize_cache/rembg-image/5dd/275_275_1/81tkwov66g8g9iduis6r24u7arhm8npq.png",
            "url": "/catalog/legkovye/24535r19-93w-xl-ch-861-tl/",
            "promo": [],
            "discountStores": [],
            "externalStores": [],
            "commonStores": [],
            "brand": "CACHLAND",
            "brandCode": "",
            "vendorCode": "6970005590056",
            "model": "CH-861",
            "raznItems": [
                {
                    "id": "159987",
                    "name": "245/35 R19",
                    "price": 6370,
                    "amount": "4",
                    "quantity": 1,
                    "url": "/catalog/legkovye/24535r19-93w-xl-ch-861-tl/"
                }
            ]
        },
        {
            "id": 156683,
            "isNew": false,
            "EDIT_LINK": null,
            "DELETE_LINK": null,
            "props": [
                {
                    "name": "Ширина",
                    "value": "185 "
                },
                {
                    "name": "Диаметр",
                    "value": "14 "
                }
            ],
            "type": "tires",
            "isPromo": null,
            "amount": 1,
            "season": "Летние",
            "price": 6390,
            "name": "185/60 R14 82H BRIDGESTONE Turanza T005 TL",
            "sectionId": 7278,
            "sectionName": "Легковые",
            "sectionPath": [
                {
                    "ID": "7278",
                    "NAME": "Легковые"
                },
                {
                    "ID": "7267",
                    "NAME": "Шины"
                }
            ],
            "imgSrc": "/upload/resize_cache/rembg-image/b3c/275_275_1/bt2uu4hdf70wlth3epwol7isw3sfyg77.png",
            "url": "/catalog/legkovye/18560-r14-82h-bridgestone-turanza-t005-tl25515/",
            "promo": [],
            "discountStores": [],
            "externalStores": [],
            "commonStores": [
                {
                    "STORE_ID": "158",
                    "PRODUCT_ID": "156683",
                    "AMOUNT": "1",
                    "PRODUCT_XML_ID": "25515",
                    "STORE_XML_ID": "351",
                    "STORE_NAME": "Оптовый Склад",
                    "PRICE": "6390.00",
                    "PRICE_ID": "9"
                }
            ],
            "brand": "BRIDGESTONE",
            "brandCode": "250",
            "vendorCode": "13795",
            "model": "Turanza T005",
            "raznItems": [
                {
                    "id": "156682",
                    "name": "175/65 R14",
                    "price": 6350,
                    "amount": "4",
                    "quantity": 1,
                    "url": "/catalog/legkovye/17565-r14-82t-bridgestone-turanza-t005-tl25514/"
                },
                {
                    "id": "156683",
                    "name": "185/60 R14",
                    "price": 6390,
                    "amount": "1",
                    "quantity": 1,
                    "url": "/catalog/legkovye/18560-r14-82h-bridgestone-turanza-t005-tl25515/"
                }
            ]
        },
        {
            "id": 144125,
            "isNew": false,
            "EDIT_LINK": null,
            "DELETE_LINK": null,
            "props": [
                {
                    "name": "Ширина",
                    "value": "195 "
                },
                {
                    "name": "Диаметр",
                    "value": "16 "
                }
            ],
            "type": "tires",
            "isPromo": null,
            "amount": 3,
            "season": "Летние",
            "price": 6410,
            "name": "195/45 R16 84V MARSHAL MU12 TL",
            "sectionId": 7278,
            "sectionName": "Легковые",
            "sectionPath": [
                {
                    "ID": "7278",
                    "NAME": "Легковые"
                },
                {
                    "ID": "7267",
                    "NAME": "Шины"
                }
            ],
            "imgSrc": "/upload/resize_cache/rembg-image/f3e/275_275_1/9ro92fs6bajc4xt8wfd13skoys9n82lf.png",
            "url": "/catalog/legkovye/19545r16-84v-xl-mu12-tl/",
            "promo": [],
            "discountStores": [],
            "externalStores": [],
            "commonStores": [],
            "brand": "MARSHAL",
            "brandCode": "",
            "vendorCode": "2209103",
            "model": "MU12",
            "raznItems": [
                {
                    "id": "144125",
                    "name": "195/45 R16",
                    "price": 6410,
                    "amount": "3",
                    "quantity": 1,
                    "url": "/catalog/legkovye/19545r16-84v-xl-mu12-tl/"
                },
                {
                    "id": "161015",
                    "name": "225/55 R16",
                    "price": 10420,
                    "amount": "4",
                    "quantity": 1,
                    "url": "/catalog/legkovye/22555zr16-95w-mu12-tl/"
                },
                {
                    "id": "162930",
                    "name": "195/55 R16",
                    "price": 7220,
                    "amount": "3",
                    "quantity": 1,
                    "url": "/catalog/legkovye/19555r16-87v-mu12-tl/"
                }
            ]
        },
        {
            "id": 160526,
            "isNew": false,
            "EDIT_LINK": null,
            "DELETE_LINK": null,
            "props": [
                {
                    "name": "Ширина",
                    "value": "235 "
                },
                {
                    "name": "Диаметр",
                    "value": "17 "
                }
            ],
            "type": "tires",
            "isPromo": null,
            "amount": 12,
            "season": "Летние",
            "price": 6420,
            "name": "235/45 R17 97Y SAILUN Atrezzo ZSR TL",
            "sectionId": 7278,
            "sectionName": "Легковые",
            "sectionPath": [
                {
                    "ID": "7278",
                    "NAME": "Легковые"
                },
                {
                    "ID": "7267",
                    "NAME": "Шины"
                }
            ],
            "imgSrc": "/upload/resize_cache/rembg-image/fff/275_275_1/at819kv454yti802rp2xebztqlqx4hr3.png",
            "url": "/catalog/legkovye/23545r17-97y-xl-atrezzo-zsr-tl/",
            "promo": [],
            "discountStores": [],
            "externalStores": [],
            "commonStores": [],
            "brand": "SAILUN",
            "brandCode": "",
            "vendorCode": "3220010145",
            "model": "Atrezzo ZSR",
            "raznItems": [
                {
                    "id": "159886",
                    "name": "205/45 R17",
                    "price": 4980,
                    "amount": "21",
                    "quantity": 1,
                    "url": "/catalog/legkovye/20545r17-88y-xl-atrezzo-zsr-tl/"
                },
                {
                    "id": "160373",
                    "name": "215/45 R17",
                    "price": 5220,
                    "amount": "19",
                    "quantity": 1,
                    "url": "/catalog/legkovye/21545r17-91y-xl-atrezzo-zsr-tl/"
                },
                {
                    "id": "160503",
                    "name": "215/40 R17",
                    "price": 5160,
                    "amount": "4",
                    "quantity": 1,
                    "url": "/catalog/legkovye/21540r17-87y-xl-atrezzo-zsr-tl/"
                },
                {
                    "id": "160508",
                    "name": "245/45 R17",
                    "price": 6720,
                    "amount": "4",
                    "quantity": 1,
                    "url": "/catalog/legkovye/24545r17-99y-xl-atrezzo-zsr-tl/"
                },
                {
                    "id": "160517",
                    "name": "245/40 R17",
                    "price": 6720,
                    "amount": "4",
                    "quantity": 1,
                    "url": "/catalog/legkovye/24540r17-95y-xl-atrezzo-zsr-tl/"
                },
                {
                    "id": "160526",
                    "name": "235/45 R17",
                    "price": 6420,
                    "amount": "12",
                    "quantity": 1,
                    "url": "/catalog/legkovye/23545r17-97y-xl-atrezzo-zsr-tl/"
                }
            ]
        },
        {
            "id": 145946,
            "isNew": false,
            "EDIT_LINK": null,
            "DELETE_LINK": null,
            "props": [
                {
                    "name": "Ширина",
                    "value": "225 "
                },
                {
                    "name": "Диаметр",
                    "value": "18 "
                }
            ],
            "type": "tires",
            "isPromo": null,
            "amount": 12,
            "season": "Летние",
            "price": 6420,
            "name": "225/55 R18 102W Triangle TR259 TL",
            "sectionId": 7278,
            "sectionName": "Легковые",
            "sectionPath": [
                {
                    "ID": "7278",
                    "NAME": "Легковые"
                },
                {
                    "ID": "7267",
                    "NAME": "Шины"
                }
            ],
            "imgSrc": "/upload/resize_cache/rembg-image/6b3/275_275_1/rjaey2lvqjddnjehpk106qt3d0wh66cz.png",
            "url": "/catalog/legkovye/22555r18-102w-tr259-tl/",
            "promo": [],
            "discountStores": [],
            "externalStores": [],
            "commonStores": [],
            "brand": "TRIANGLE",
            "brandCode": "",
            "vendorCode": "CTS270406",
            "model": "AdvanteX SUV TR259",
            "raznItems": [
                {
                    "id": "145498",
                    "name": "235/60 R18",
                    "price": 7420,
                    "amount": "15",
                    "quantity": 1,
                    "url": "/catalog/legkovye/23560r18-107w-tr259-tl/"
                },
                {
                    "id": "145946",
                    "name": "225/55 R18",
                    "price": 6420,
                    "amount": "12",
                    "quantity": 1,
                    "url": "/catalog/legkovye/22555r18-102w-tr259-tl/"
                },
                {
                    "id": "162778",
                    "name": "215/50 R18",
                    "price": 5940,
                    "amount": "7",
                    "quantity": 1,
                    "url": "/catalog/legkovye/21550r18-92w-tr259-tl/"
                },
                {
                    "id": "162863",
                    "name": "235/50 R18",
                    "price": 6720,
                    "amount": "4",
                    "quantity": 1,
                    "url": "/catalog/legkovye/23550-r18-97v-triangle-tr259-tl-cts228045/"
                },
                {
                    "id": "167949",
                    "name": "265/65 R18",
                    "price": 10180,
                    "amount": "12",
                    "quantity": 1,
                    "url": "/catalog/legkovye/26565-r18-114h-triangle-advantex-suv-tr259-tl-cts270482/"
                }
            ]
        },
        {
            "id": 117756,
            "isNew": false,
            "EDIT_LINK": null,
            "DELETE_LINK": null,
            "props": [
                {
                    "name": "Ширина",
                    "value": "235 "
                },
                {
                    "name": "Диаметр",
                    "value": "17 "
                }
            ],
            "type": "tires",
            "isPromo": null,
            "amount": 16,
            "season": "Летние",
            "price": 6420,
            "name": "235/65 R17 104V VIATTI Bosco H/T (V-238) TL",
            "sectionId": 7278,
            "sectionName": "Легковые",
            "sectionPath": [
                {
                    "ID": "7278",
                    "NAME": "Легковые"
                },
                {
                    "ID": "7267",
                    "NAME": "Шины"
                }
            ],
            "imgSrc": "/upload/resize_cache/rembg-image/8c4/275_275_1/gc7f2907xtr2hu2zbbkx0irg4pggkqiw.png",
            "url": "/catalog/legkovye/23565-r17-104v-viatti-bosco-ht-v-238-tl21046/",
            "promo": [],
            "discountStores": [],
            "externalStores": [],
            "commonStores": [
                {
                    "STORE_ID": "158",
                    "PRODUCT_ID": "117756",
                    "AMOUNT": "12",
                    "PRODUCT_XML_ID": "FORTOCHKI_3110062",
                    "STORE_XML_ID": "351",
                    "STORE_NAME": "Оптовый Склад",
                    "PRICE": "6420.00",
                    "PRICE_ID": "9"
                },
                {
                    "STORE_ID": "161",
                    "PRODUCT_ID": "117756",
                    "AMOUNT": "4",
                    "PRODUCT_XML_ID": "FORTOCHKI_3110062",
                    "STORE_XML_ID": "383",
                    "STORE_NAME": "г. Челябинск, ул. Федорова 2а",
                    "PRICE": null,
                    "PRICE_ID": null
                }
            ],
            "brand": "VIATTI",
            "brandCode": "",
            "vendorCode": "3110062",
            "model": "Bosco H/T V-238",
            "raznItems": [
                {
                    "id": "117756",
                    "name": "235/65 R17",
                    "price": 6420,
                    "amount": "4",
                    "quantity": 1,
                    "url": "/catalog/legkovye/23565-r17-104v-viatti-bosco-ht-v-238-tl21046/"
                }
            ]
        },
        {
            "id": 120000,
            "isNew": false,
            "EDIT_LINK": null,
            "DELETE_LINK": null,
            "props": [
                {
                    "name": "Ширина",
                    "value": "195 "
                },
                {
                    "name": "Диаметр",
                    "value": "15 "
                }
            ],
            "type": "tires",
            "isPromo": null,
            "amount": 10,
            "season": "Летние",
            "price": 6440,
            "name": "195/60 R15 88V MICHELIN Energy XM2   TL",
            "sectionId": 7278,
            "sectionName": "Легковые",
            "sectionPath": [
                {
                    "ID": "7278",
                    "NAME": "Легковые"
                },
                {
                    "ID": "7267",
                    "NAME": "Шины"
                }
            ],
            "imgSrc": "/upload/resize_cache/rembg-image/44d/275_275_1/ux3k5wuxn047o9mhc8f54v9plom7qrt6.png",
            "url": "/catalog/legkovye/19560-r15-88v-michelin-energy-xm2-tl24110/",
            "promo": [],
            "discountStores": [],
            "externalStores": [],
            "commonStores": [
                {
                    "STORE_ID": "161",
                    "PRODUCT_ID": "120000",
                    "AMOUNT": "2",
                    "PRODUCT_XML_ID": "24110",
                    "STORE_XML_ID": "383",
                    "STORE_NAME": "г. Челябинск, ул. Федорова 2а",
                    "PRICE": "6440.00",
                    "PRICE_ID": "12"
                },
                {
                    "STORE_ID": "169",
                    "PRODUCT_ID": "120000",
                    "AMOUNT": "4",
                    "PRODUCT_XML_ID": "24110",
                    "STORE_XML_ID": "403",
                    "STORE_NAME": "г. Челябинск, Копейское шоссе, 35д",
                    "PRICE": "6440.00",
                    "PRICE_ID": "20"
                },
                {
                    "STORE_ID": "174",
                    "PRODUCT_ID": "120000",
                    "AMOUNT": "4",
                    "PRODUCT_XML_ID": "24110",
                    "STORE_XML_ID": "423",
                    "STORE_NAME": "г. Челябинск, ул. Комарова, 34",
                    "PRICE": "6440.00",
                    "PRICE_ID": "25"
                }
            ],
            "brand": "MICHELIN",
            "brandCode": "273",
            "vendorCode": "3718",
            "model": "Energy XM2  ",
            "raznItems": [
                {
                    "id": "119999",
                    "name": "195/55 R15",
                    "price": 7610,
                    "amount": "4",
                    "quantity": 1,
                    "url": "/catalog/legkovye/19555-r15-85v-michelin-energy-xm2-tl24109/"
                },
                {
                    "id": "120000",
                    "name": "195/60 R15",
                    "price": 6440,
                    "amount": "4",
                    "quantity": 1,
                    "url": "/catalog/legkovye/19560-r15-88v-michelin-energy-xm2-tl24110/"
                }
            ]
        }
    ],
    "filter": {
        "0": {
            "LOGIC": "OR",
            ">STORE_AMOUNT_156": 0,
            ">STORE_AMOUNT_158": 0,
            ">STORE_AMOUNT_159": 0,
            ">STORE_AMOUNT_160": 0,
            ">STORE_AMOUNT_161": 0,
            ">STORE_AMOUNT_164": 0,
            ">STORE_AMOUNT_165": 0,
            ">STORE_AMOUNT_168": 0,
            ">STORE_AMOUNT_169": 0,
            ">STORE_AMOUNT_174": 0,
            ">STORE_AMOUNT_180": 0,
            ">STORE_AMOUNT_184": 0,
            ">STORE_AMOUNT_185": 0,
            ">STORE_AMOUNT_191": 0,
            ">STORE_AMOUNT_192": 0,
            ">STORE_AMOUNT_194": 0,
            ">STORE_AMOUNT_6087": 0
        },
        "1": {
            "LOGIC": "OR",
            ">CATALOG_CATALOG_GROUP_ID_33": 0,
            ">CATALOG_CATALOG_GROUP_ID_90": 0,
            ">CATALOG_CATALOG_GROUP_ID_96": 0,
            ">CATALOG_CATALOG_GROUP_ID_97": 0,
            ">CATALOG_CATALOG_GROUP_ID_98": 0
        },
        "2": {
            "LOGIC": "OR",
            ">STORE_AMOUNT_156": 0,
            ">STORE_AMOUNT_158": 0,
            ">STORE_AMOUNT_159": 0,
            ">STORE_AMOUNT_160": 0,
            ">STORE_AMOUNT_161": 0,
            ">STORE_AMOUNT_164": 0,
            ">STORE_AMOUNT_165": 0,
            ">STORE_AMOUNT_168": 0,
            ">STORE_AMOUNT_169": 0,
            ">STORE_AMOUNT_174": 0,
            ">STORE_AMOUNT_180": 0,
            ">STORE_AMOUNT_184": 0,
            ">STORE_AMOUNT_185": 0,
            ">STORE_AMOUNT_191": 0,
            ">STORE_AMOUNT_192": 0,
            ">STORE_AMOUNT_194": 0,
            ">STORE_AMOUNT_6087": 0
        },
        "3": {
            "LOGIC": "OR",
            ">CATALOG_CATALOG_GROUP_ID_33": 0,
            ">CATALOG_CATALOG_GROUP_ID_90": 0,
            ">CATALOG_CATALOG_GROUP_ID_96": 0,
            ">CATALOG_CATALOG_GROUP_ID_97": 0,
            ">CATALOG_CATALOG_GROUP_ID_98": 0
        },
        "=PROPERTY_458": [
            "154"
        ]
    },
    "promo": {
        "id": "165954",
        "url": "/promo/shiny-v-rassrochku/",
        "name": "Покупки в рассрочку",
        "text": "Теперь вы можете купить зимние шины, или диски в рассрочку быстро и легко: без первоначального взноса и без переплаты!",
        "imgSrc": "/upload/resize_cache/iblock/356/1075_613_1/8iiw8xmv2bzky9euo9mn57dqx6dk3xa9.jpg",
        "videoSrc": null
    },
    "promoFilter": {
        "IBLOCK_ID": 10,
        "ACTIVE": "Y",
        "=PROPERTY_SECTION": 206,
        "=PROPERTY_CATALOG_SEASON": [
            false,
            204
        ],
        "=PROPERTY_CATALOG_BRAND": [
            false
        ]
    },
    "navNum": 1,
    "pagesCount": 111,
    "pageNum": 18
}