{
    "pageUrl": "/catalog/legkovye/?arCatalogFilter_458_1500340406=Y&set_filter=Y&sort%5Brecommendations%5D=asc&PAGEN_1=20",
    "items": [
        {
            "id": 143521,
            "isNew": false,
            "EDIT_LINK": null,
            "DELETE_LINK": null,
            "props": [
                {
                    "name": "Ширина",
                    "value": "195 "
                },
                {
                    "name": "Диаметр",
                    "value": "15 "
                }
            ],
            "type": "tires",
            "isPromo": null,
            "amount": 2,
            "season": "Летние",
            "price": 6580,
            "name": "195/65 R15 91V GOODYEAR EfficientGrip Performance 2 TL",
            "sectionId": 7278,
            "sectionName": "Легковые",
            "sectionPath": [
                {
                    "ID": "7278",
                    "NAME": "Легковые"
                },
                {
                    "ID": "7267",
                    "NAME": "Шины"
                }
            ],
            "imgSrc": "/upload/resize_cache/rembg-image/c0e/275_275_1/dqzmdsgo7j06wnwrpypp1trv66x8vogn.png",
            "url": "/catalog/legkovye/19565r15-91v-efficientgrip-performance-2-tl/",
            "promo": [],
            "discountStores": [],
            "externalStores": [],
            "commonStores": [],
            "brand": "GOODYEAR",
            "brandCode": "",
            "vendorCode": "542447",
            "model": "EfficientGrip Performance 2",
            "raznItems": [
                {
                    "id": "143521",
                    "name": "195/65 R15",
                    "price": 6580,
                    "amount": "2",
                    "quantity": 1,
                    "url": "/catalog/legkovye/19565r15-91v-efficientgrip-performance-2-tl/"
                },
                {
                    "id": "143844",
                    "name": "185/65 R15",
                    "price": 6080,
                    "amount": "41",
                    "quantity": 1,
                    "url": "/catalog/legkovye/18565-r15-88h-goodyear-efficientgrip-performance-2-tl46031/"
                }
            ]
        },
        {
            "id": 135236,
            "isNew": false,
            "EDIT_LINK": null,
            "DELETE_LINK": null,
            "props": [
                {
                    "name": "Ширина",
                    "value": "205 "
                },
                {
                    "name": "Диаметр",
                    "value": "16 "
                }
            ],
            "type": "tires",
            "isPromo": null,
            "amount": 401,
            "season": "Летние",
            "price": 5230,
            "name": "205/55 R16 94H NOKIAN TYRES Hakka Green 3 TL",
            "sectionId": 7278,
            "sectionName": "Легковые",
            "sectionPath": [
                {
                    "ID": "7278",
                    "NAME": "Легковые"
                },
                {
                    "ID": "7267",
                    "NAME": "Шины"
                }
            ],
            "imgSrc": "/upload/resize_cache/rembg-image/419/275_275_1/1eenwtjrjd9alq75stvy7hz7cut39wiv.png",
            "url": "/catalog/legkovye/20555-r16-94h-nokian-tyres-hakka-green-3-tl65284/",
            "promo": [],
            "discountStores": [],
            "externalStores": [],
            "commonStores": [
                {
                    "STORE_ID": "158",
                    "PRODUCT_ID": "135236",
                    "AMOUNT": "383",
                    "PRODUCT_XML_ID": "65284",
                    "STORE_XML_ID": "351",
                    "STORE_NAME": "Оптовый Склад",
                    "PRICE": "5230.00",
                    "PRICE_ID": "9"
                },
                {
                    "STORE_ID": "159",
                    "PRODUCT_ID": "135236",
                    "AMOUNT": "2",
                    "PRODUCT_XML_ID": "65284",
                    "STORE_XML_ID": "387",
                    "STORE_NAME": "г. Челябинск, ул. Бр.Кашириных, 134б",
                    "PRICE": "5230.00",
                    "PRICE_ID": "10"
                },
                {
                    "STORE_ID": "160",
                    "PRODUCT_ID": "135236",
                    "AMOUNT": "4",
                    "PRODUCT_XML_ID": "65284",
                    "STORE_XML_ID": "407",
                    "STORE_NAME": "г. Челябинск, ул. Пионерская, 4",
                    "PRICE": "5230.00",
                    "PRICE_ID": "11"
                },
                {
                    "STORE_ID": "168",
                    "PRODUCT_ID": "135236",
                    "AMOUNT": "4",
                    "PRODUCT_XML_ID": "65284",
                    "STORE_XML_ID": "391",
                    "STORE_NAME": "г. Челябинск, ул. Бр.Кашириных, 93б",
                    "PRICE": "5230.00",
                    "PRICE_ID": "19"
                },
                {
                    "STORE_ID": "174",
                    "PRODUCT_ID": "135236",
                    "AMOUNT": "4",
                    "PRODUCT_XML_ID": "65284",
                    "STORE_XML_ID": "423",
                    "STORE_NAME": "г. Челябинск, ул. Комарова, 34",
                    "PRICE": "5230.00",
                    "PRICE_ID": "25"
                },
                {
                    "STORE_ID": "185",
                    "PRODUCT_ID": "135236",
                    "AMOUNT": "4",
                    "PRODUCT_XML_ID": "65284",
                    "STORE_XML_ID": "415",
                    "STORE_NAME": "г. Челябинск, Свердловский пр-т, 40а",
                    "PRICE": "5230.00",
                    "PRICE_ID": "21"
                }
            ],
            "brand": "NOKIAN TYRES",
            "brandCode": "",
            "vendorCode": "T431459",
            "model": "Hakka Green 3",
            "raznItems": [
                {
                    "id": "135234",
                    "name": "195/55 R16",
                    "price": 7950,
                    "amount": "4",
                    "quantity": 1,
                    "url": "/catalog/legkovye/19555-r16-91h-nokian-tyres-hakka-green-3-tl65287/"
                },
                {
                    "id": "135236",
                    "name": "205/55 R16",
                    "price": 5230,
                    "amount": "4",
                    "quantity": 1,
                    "url": "/catalog/legkovye/20555-r16-94h-nokian-tyres-hakka-green-3-tl65284/"
                },
                {
                    "id": "135238",
                    "name": "205/60 R16",
                    "price": 6900,
                    "amount": "4",
                    "quantity": 1,
                    "url": "/catalog/legkovye/20560-r16-96v-nokian-tyres-hakka-green-3-tl65280/"
                },
                {
                    "id": "135239",
                    "name": "215/55 R16",
                    "price": 8390,
                    "amount": "2",
                    "quantity": 1,
                    "url": "/catalog/legkovye/21555-r16-97v-nokian-tyres-hakka-green-3-tl65279/"
                }
            ]
        },
        {
            "id": 102395,
            "isNew": false,
            "EDIT_LINK": null,
            "DELETE_LINK": null,
            "props": [
                {
                    "name": "Ширина",
                    "value": "205 "
                },
                {
                    "name": "Диаметр",
                    "value": "15 "
                }
            ],
            "type": "tires",
            "isPromo": null,
            "amount": 22,
            "season": "Летние",
            "price": 4790,
            "name": "205/75 R15 97H VIATTI Bosco A/T (V-237) TL",
            "sectionId": 7278,
            "sectionName": "Легковые",
            "sectionPath": [
                {
                    "ID": "7278",
                    "NAME": "Легковые"
                },
                {
                    "ID": "7267",
                    "NAME": "Шины"
                }
            ],
            "imgSrc": "/upload/resize_cache/rembg-image/23b/275_275_1/5eash4amhbaxls59sqcfvrtfx1w2w72m.png",
            "url": "/catalog/legkovye/20575-r15-97h-viatti-bosco-at-v-237-tl73320/",
            "promo": [],
            "discountStores": [],
            "externalStores": [],
            "commonStores": [
                {
                    "STORE_ID": "158",
                    "PRODUCT_ID": "102395",
                    "AMOUNT": "22",
                    "PRODUCT_XML_ID": "73320",
                    "STORE_XML_ID": "351",
                    "STORE_NAME": "Оптовый Склад",
                    "PRICE": "4790.00",
                    "PRICE_ID": "9"
                }
            ],
            "brand": "VIATTI",
            "brandCode": "389",
            "vendorCode": "3110036",
            "model": "Bosco A/T (V-237)",
            "raznItems": [
                {
                    "id": "102395",
                    "name": "205/75 R15",
                    "price": 4790,
                    "amount": "22",
                    "quantity": 1,
                    "url": "/catalog/legkovye/20575-r15-97h-viatti-bosco-at-v-237-tl73320/"
                }
            ]
        },
        {
            "id": 101432,
            "isNew": false,
            "EDIT_LINK": null,
            "DELETE_LINK": null,
            "props": [
                {
                    "name": "Ширина",
                    "value": "205 "
                },
                {
                    "name": "Диаметр",
                    "value": "16 "
                }
            ],
            "type": "tires",
            "isPromo": null,
            "amount": 1,
            "season": "Летние",
            "price": 5630,
            "name": "205/60 R16 92V FORMULA Formula Energy TL",
            "sectionId": 7278,
            "sectionName": "Легковые",
            "sectionPath": [
                {
                    "ID": "7278",
                    "NAME": "Легковые"
                },
                {
                    "ID": "7267",
                    "NAME": "Шины"
                }
            ],
            "imgSrc": "/upload/resize_cache/rembg-image/e0e/275_275_1/8sdhtqlggrvn6k7qc960cq3b70zy6e38.png",
            "url": "/catalog/legkovye/20560-r16-92v-formula-formula-energy-tl64326/",
            "promo": [],
            "discountStores": [],
            "externalStores": [],
            "commonStores": [
                {
                    "STORE_ID": "158",
                    "PRODUCT_ID": "101432",
                    "AMOUNT": "1",
                    "PRODUCT_XML_ID": "64326",
                    "STORE_XML_ID": "351",
                    "STORE_NAME": "Оптовый Склад",
                    "PRICE": "5630.00",
                    "PRICE_ID": "9"
                }
            ],
            "brand": "FORMULA",
            "brandCode": "530",
            "vendorCode": "2177000",
            "model": "Formula Energy",
            "raznItems": [
                {
                    "id": "101432",
                    "name": "205/60 R16",
                    "price": 5630,
                    "amount": "1",
                    "quantity": 1,
                    "url": "/catalog/legkovye/20560-r16-92v-formula-formula-energy-tl64326/"
                }
            ]
        },
        {
            "id": 121448,
            "isNew": false,
            "EDIT_LINK": null,
            "DELETE_LINK": null,
            "props": [
                {
                    "name": "Ширина",
                    "value": "205 "
                },
                {
                    "name": "Диаметр",
                    "value": "16 "
                }
            ],
            "type": "tires",
            "isPromo": null,
            "amount": 1,
            "season": "Летние",
            "price": 6630,
            "name": "205/60 R16 96W BFGOODRICH Advantage TL",
            "sectionId": 7278,
            "sectionName": "Легковые",
            "sectionPath": [
                {
                    "ID": "7278",
                    "NAME": "Легковые"
                },
                {
                    "ID": "7267",
                    "NAME": "Шины"
                }
            ],
            "imgSrc": "/upload/resize_cache/rembg-image/2f2/275_275_1/a2ib892ccsgszdp9fxy8aqu0drpbl2qb.png",
            "url": "/catalog/legkovye/20560r16-96w-xl-advantage-tl/",
            "promo": [],
            "discountStores": [],
            "externalStores": [],
            "commonStores": [],
            "brand": "BFGOODRICH",
            "brandCode": "",
            "vendorCode": "927517",
            "model": "Advantage",
            "raznItems": [
                {
                    "id": "121447",
                    "name": "205/55 R16",
                    "price": 5560,
                    "amount": "72",
                    "quantity": 1,
                    "url": "/catalog/legkovye/20555-r16-94w-bfgoodrich-advantage-tl93112/"
                },
                {
                    "id": "121448",
                    "name": "205/60 R16",
                    "price": 6630,
                    "amount": "1",
                    "quantity": 1,
                    "url": "/catalog/legkovye/20560r16-96w-xl-advantage-tl/"
                },
                {
                    "id": "125300",
                    "name": "215/55 R16",
                    "price": 7470,
                    "amount": "1",
                    "quantity": 1,
                    "url": "/catalog/legkovye/21555r16-97y-xl-advantage-tl/"
                }
            ]
        },
        {
            "id": 105352,
            "isNew": false,
            "EDIT_LINK": null,
            "DELETE_LINK": null,
            "props": [
                {
                    "name": "Ширина",
                    "value": "175 "
                },
                {
                    "name": "Диаметр",
                    "value": "13 "
                }
            ],
            "type": "tires",
            "isPromo": null,
            "amount": 8,
            "season": "Летние",
            "price": 6630,
            "name": "175/70 R13 82T HANKOOK Kinergy Eco 2 K435 TL",
            "sectionId": 7278,
            "sectionName": "Легковые",
            "sectionPath": [
                {
                    "ID": "7278",
                    "NAME": "Легковые"
                },
                {
                    "ID": "7267",
                    "NAME": "Шины"
                }
            ],
            "imgSrc": "/upload/resize_cache/rembg-image/e78/275_275_1/2ewc2f9v8qydzp3chfqrsnlo8p9ltyta.png",
            "url": "/catalog/legkovye/17570r13-82t-kinergy-eco-2-k435-tl/",
            "promo": [],
            "discountStores": [],
            "externalStores": [],
            "commonStores": [],
            "brand": "HANKOOK",
            "brandCode": "",
            "vendorCode": "1024670",
            "model": "Kinergy Eco 2 K435",
            "raznItems": [
                {
                    "id": "105352",
                    "name": "175/70 R13",
                    "price": 6630,
                    "amount": "8",
                    "quantity": 1,
                    "url": "/catalog/legkovye/17570r13-82t-kinergy-eco-2-k435-tl/"
                },
                {
                    "id": "159866",
                    "name": "155/80 R13",
                    "price": 6360,
                    "amount": "12",
                    "quantity": 1,
                    "url": "/catalog/legkovye/15580r13-79t-kinergy-eco-2-k435-tl/"
                }
            ]
        },
        {
            "id": 100064,
            "isNew": false,
            "EDIT_LINK": null,
            "DELETE_LINK": null,
            "props": [
                {
                    "name": "Ширина",
                    "value": "255 "
                },
                {
                    "name": "Диаметр",
                    "value": "18 "
                }
            ],
            "type": "tires",
            "isPromo": null,
            "amount": 2,
            "season": "Летние",
            "price": 6630,
            "name": "255/45 R18 103V VIATTI Strada Asimmetrico (V-130) TL",
            "sectionId": 7278,
            "sectionName": "Легковые",
            "sectionPath": [
                {
                    "ID": "7278",
                    "NAME": "Легковые"
                },
                {
                    "ID": "7267",
                    "NAME": "Шины"
                }
            ],
            "imgSrc": "/upload/resize_cache/rembg-image/683/275_275_1/c7v9zqsp20ctmyjuu0edpogt15dw41s2.png",
            "url": "/catalog/legkovye/25545-r18-103v-viatti-strada-asimmetrico-v-130-tl55729/",
            "promo": [],
            "discountStores": [
                {
                    "STORE_ID": "183",
                    "PRODUCT_ID": "100064",
                    "AMOUNT": "1",
                    "PRODUCT_XML_ID": "55729",
                    "STORE_XML_ID": "568",
                    "STORE_NAME": "Остатки 2017",
                    "PRICE": "2000.00",
                    "PRICE_ID": "89"
                }
            ],
            "externalStores": [],
            "commonStores": [
                {
                    "STORE_ID": "158",
                    "PRODUCT_ID": "100064",
                    "AMOUNT": "2",
                    "PRODUCT_XML_ID": "55729",
                    "STORE_XML_ID": "351",
                    "STORE_NAME": "Оптовый Склад",
                    "PRICE": "6630.00",
                    "PRICE_ID": "9"
                }
            ],
            "brand": "VIATTI",
            "brandCode": "389",
            "vendorCode": "3110034",
            "model": "Strada Asimmetrico (V-130)",
            "raznItems": [
                {
                    "id": "100064",
                    "name": "255/45 R18",
                    "price": 6630,
                    "amount": "1",
                    "quantity": 1,
                    "url": "/catalog/legkovye/25545-r18-103v-viatti-strada-asimmetrico-v-130-tl55729/"
                }
            ]
        },
        {
            "id": 156119,
            "isNew": false,
            "EDIT_LINK": null,
            "DELETE_LINK": null,
            "props": [
                {
                    "name": "Ширина",
                    "value": "215 "
                },
                {
                    "name": "Диаметр",
                    "value": "16 "
                }
            ],
            "type": "tires",
            "isPromo": null,
            "amount": 7,
            "season": "Летние",
            "price": 6640,
            "name": "215/55 R16 97W SAILUN Atrezzo Elite TL",
            "sectionId": 7278,
            "sectionName": "Легковые",
            "sectionPath": [
                {
                    "ID": "7278",
                    "NAME": "Легковые"
                },
                {
                    "ID": "7267",
                    "NAME": "Шины"
                }
            ],
            "imgSrc": "/upload/resize_cache/rembg-image/564/275_275_1/8z8qte14pmf11xg20sz4kixpe0klqajz.png",
            "url": "/catalog/legkovye/21555-r16-97w-sailun-atrezzo-elite-tl25010/",
            "promo": [],
            "discountStores": [],
            "externalStores": [],
            "commonStores": [
                {
                    "STORE_ID": "158",
                    "PRODUCT_ID": "156119",
                    "AMOUNT": "7",
                    "PRODUCT_XML_ID": "25010",
                    "STORE_XML_ID": "351",
                    "STORE_NAME": "Оптовый Склад",
                    "PRICE": "6640.00",
                    "PRICE_ID": "9"
                }
            ],
            "brand": "SAILUN",
            "brandCode": "",
            "vendorCode": "3220010724",
            "model": "Atrezzo Elite",
            "raznItems": [
                {
                    "id": "156117",
                    "name": "195/50 R16",
                    "price": 5170,
                    "amount": "7",
                    "quantity": 1,
                    "url": "/catalog/legkovye/19550-r16-88v-sailun-atrezzo-elite-tl25008/"
                },
                {
                    "id": "156119",
                    "name": "215/55 R16",
                    "price": 6640,
                    "amount": "7",
                    "quantity": 1,
                    "url": "/catalog/legkovye/21555-r16-97w-sailun-atrezzo-elite-tl25010/"
                },
                {
                    "id": "156120",
                    "name": "215/65 R16",
                    "price": 7260,
                    "amount": "1",
                    "quantity": 1,
                    "url": "/catalog/legkovye/21565-r16-98h-sailun-atrezzo-elite-tl25011/"
                },
                {
                    "id": "156121",
                    "name": "225/55 R16",
                    "price": 7500,
                    "amount": "38",
                    "quantity": 1,
                    "url": "/catalog/legkovye/22555-r16-99v-sailun-atrezzo-elite-tl25012/"
                },
                {
                    "id": "159875",
                    "name": "205/50 R16",
                    "price": 4500,
                    "amount": "6",
                    "quantity": 1,
                    "url": "/catalog/legkovye/20550r16-87v-atrezzo-elite-tl/"
                },
                {
                    "id": "159878",
                    "name": "205/45 R16",
                    "price": 4680,
                    "amount": "5",
                    "quantity": 1,
                    "url": "/catalog/legkovye/20545r16-87w-xl-atrezzo-elite-tl/"
                },
                {
                    "id": "160068",
                    "name": "205/65 R16",
                    "price": 4920,
                    "amount": "1",
                    "quantity": 1,
                    "url": "/catalog/legkovye/20565r16-95v-atrezzo-elite-tl/"
                }
            ]
        },
        {
            "id": 119664,
            "isNew": false,
            "EDIT_LINK": null,
            "DELETE_LINK": null,
            "props": [
                {
                    "name": "Ширина",
                    "value": "225 "
                },
                {
                    "name": "Диаметр",
                    "value": "17 "
                }
            ],
            "type": "tires",
            "isPromo": null,
            "amount": 1,
            "season": "Летние",
            "price": 6640,
            "name": "225/45 R17 94W ROTALLA Setula S-Race RU01 TL",
            "sectionId": 7278,
            "sectionName": "Легковые",
            "sectionPath": [
                {
                    "ID": "7278",
                    "NAME": "Легковые"
                },
                {
                    "ID": "7267",
                    "NAME": "Шины"
                }
            ],
            "imgSrc": "/upload/resize_cache/rembg-image/3ae/275_275_1/yn3fg9o7yq9p5qmc9c4byd6ih3smrasj.png",
            "url": "/catalog/legkovye/22545-r17-94w-rotalla-setula-s-race-ru01-tl23585/",
            "promo": [],
            "discountStores": [],
            "externalStores": [],
            "commonStores": [
                {
                    "STORE_ID": "158",
                    "PRODUCT_ID": "119664",
                    "AMOUNT": "1",
                    "PRODUCT_XML_ID": "23585",
                    "STORE_XML_ID": "351",
                    "STORE_NAME": "Оптовый Склад",
                    "PRICE": "6640.00",
                    "PRICE_ID": "9"
                }
            ],
            "brand": "ROTALLA",
            "brandCode": "856",
            "vendorCode": "RTL0870",
            "model": "Setula S-Race RU01",
            "raznItems": [
                {
                    "id": "119657",
                    "name": "215/55 R17",
                    "price": 7260,
                    "amount": "1",
                    "quantity": 1,
                    "url": "/catalog/legkovye/21555-r17-98w-rotalla-setula-s-race-ru01-tl23576/"
                },
                {
                    "id": "119658",
                    "name": "225/55 R17",
                    "price": 7500,
                    "amount": "1",
                    "quantity": 1,
                    "url": "/catalog/legkovye/22555-r17-101w-rotalla-setula-s-race-ru01-tl23577/"
                },
                {
                    "id": "119661",
                    "name": "215/50 R17",
                    "price": 6890,
                    "amount": "3",
                    "quantity": 1,
                    "url": "/catalog/legkovye/21550-r17-95w-rotalla-setula-s-race-ru01-tl23581/"
                },
                {
                    "id": "119662",
                    "name": "225/50 R17",
                    "price": 7260,
                    "amount": "1",
                    "quantity": 1,
                    "url": "/catalog/legkovye/22550-r17-98w-rotalla-setula-s-race-ru01-tl23582/"
                },
                {
                    "id": "119664",
                    "name": "225/45 R17",
                    "price": 6640,
                    "amount": "1",
                    "quantity": 1,
                    "url": "/catalog/legkovye/22545-r17-94w-rotalla-setula-s-race-ru01-tl23585/"
                },
                {
                    "id": "133988",
                    "name": "215/45 R17",
                    "price": 6150,
                    "amount": "1",
                    "quantity": 1,
                    "url": "/catalog/legkovye/21545-r17-91w-rotalla-setula-s-race-ru01-tl65790/"
                }
            ]
        },
        {
            "id": 156149,
            "isNew": false,
            "EDIT_LINK": null,
            "DELETE_LINK": null,
            "props": [
                {
                    "name": "Ширина",
                    "value": "205 "
                },
                {
                    "name": "Диаметр",
                    "value": "16 "
                }
            ],
            "type": "tires",
            "isPromo": null,
            "amount": 5,
            "season": "Летние",
            "price": 6650,
            "name": "205/60 R16 92V YOKOHAMA BluEarth-GT AE51E TL",
            "sectionId": 7278,
            "sectionName": "Легковые",
            "sectionPath": [
                {
                    "ID": "7278",
                    "NAME": "Легковые"
                },
                {
                    "ID": "7267",
                    "NAME": "Шины"
                }
            ],
            "imgSrc": "/upload/resize_cache/rembg-image/9f3/275_275_1/2t678zviflid5cg8qu4pkeip7ibt70fi.png",
            "url": "/catalog/legkovye/20560-r16-92v-yokohama-bluearth-gt-ae51e-tl25058/",
            "promo": [],
            "discountStores": [],
            "externalStores": [],
            "commonStores": [
                {
                    "STORE_ID": "158",
                    "PRODUCT_ID": "156149",
                    "AMOUNT": "1",
                    "PRODUCT_XML_ID": "25058",
                    "STORE_XML_ID": "351",
                    "STORE_NAME": "Оптовый Склад",
                    "PRICE": "6650.00",
                    "PRICE_ID": "9"
                },
                {
                    "STORE_ID": "160",
                    "PRODUCT_ID": "156149",
                    "AMOUNT": "4",
                    "PRODUCT_XML_ID": "25058",
                    "STORE_XML_ID": "407",
                    "STORE_NAME": "г. Челябинск, ул. Пионерская, 4",
                    "PRICE": "6650.00",
                    "PRICE_ID": "11"
                }
            ],
            "brand": "YOKOHAMA",
            "brandCode": "",
            "vendorCode": "R4554",
            "model": "BluEarth-GT AE51E",
            "raznItems": [
                {
                    "id": "156149",
                    "name": "205/60 R16",
                    "price": 6650,
                    "amount": "4",
                    "quantity": 1,
                    "url": "/catalog/legkovye/20560-r16-92v-yokohama-bluearth-gt-ae51e-tl25058/"
                }
            ]
        },
        {
            "id": 143746,
            "isNew": false,
            "EDIT_LINK": null,
            "DELETE_LINK": null,
            "props": [
                {
                    "name": "Ширина",
                    "value": "205 "
                },
                {
                    "name": "Диаметр",
                    "value": "16 "
                }
            ],
            "type": "tires",
            "isPromo": null,
            "amount": 41,
            "season": "Летние",
            "price": 6660,
            "name": "205/55 R16 91W GOODYEAR EfficientGrip Performance 2 TL",
            "sectionId": 7278,
            "sectionName": "Легковые",
            "sectionPath": [
                {
                    "ID": "7278",
                    "NAME": "Легковые"
                },
                {
                    "ID": "7267",
                    "NAME": "Шины"
                }
            ],
            "imgSrc": "/upload/resize_cache/rembg-image/322/275_275_1/kl6k087ngbb3dpdxylf9cgsatk8r69bw.png",
            "url": "/catalog/legkovye/20555-r16-91w-goodyear-efficientgrip-performance-2-tl48108/",
            "promo": [],
            "discountStores": [],
            "externalStores": [],
            "commonStores": [],
            "brand": "GOODYEAR",
            "brandCode": "",
            "vendorCode": "542452",
            "model": "EfficientGrip Performance 2",
            "raznItems": [
                {
                    "id": "143746",
                    "name": "205/55 R16",
                    "price": 6660,
                    "amount": "41",
                    "quantity": 1,
                    "url": "/catalog/legkovye/20555-r16-91w-goodyear-efficientgrip-performance-2-tl48108/"
                },
                {
                    "id": "143768",
                    "name": "205/60 R16",
                    "price": 8200,
                    "amount": "16",
                    "quantity": 1,
                    "url": "/catalog/legkovye/20560r16-92h-efficientgrip-performance-2-tl/"
                }
            ]
        },
        {
            "id": 135225,
            "isNew": false,
            "EDIT_LINK": null,
            "DELETE_LINK": null,
            "props": [
                {
                    "name": "Ширина",
                    "value": "185 "
                },
                {
                    "name": "Диаметр",
                    "value": "14 "
                }
            ],
            "type": "tires",
            "isPromo": null,
            "amount": 6,
            "season": "Летние",
            "price": 5280,
            "name": "185/70 R14 88T NOKIAN TYRES Hakka Green 3 TL",
            "sectionId": 7278,
            "sectionName": "Легковые",
            "sectionPath": [
                {
                    "ID": "7278",
                    "NAME": "Легковые"
                },
                {
                    "ID": "7267",
                    "NAME": "Шины"
                }
            ],
            "imgSrc": "/upload/resize_cache/rembg-image/32e/275_275_1/qo3ot8e3q18eyddwu3v1zqsu0g49ozeh.png",
            "url": "/catalog/legkovye/18570-r14-88t-nokian-tyres-hakka-green-3-tl65301/",
            "promo": [],
            "discountStores": [],
            "externalStores": [],
            "commonStores": [
                {
                    "STORE_ID": "158",
                    "PRODUCT_ID": "135225",
                    "AMOUNT": "2",
                    "PRODUCT_XML_ID": "FORTOCHKI_T431449",
                    "STORE_XML_ID": "351",
                    "STORE_NAME": "Оптовый Склад",
                    "PRICE": "5280.00",
                    "PRICE_ID": "9"
                },
                {
                    "STORE_ID": "159",
                    "PRODUCT_ID": "135225",
                    "AMOUNT": "4",
                    "PRODUCT_XML_ID": "FORTOCHKI_T431449",
                    "STORE_XML_ID": "387",
                    "STORE_NAME": "г. Челябинск, ул. Бр.Кашириных, 134б",
                    "PRICE": null,
                    "PRICE_ID": null
                }
            ],
            "brand": "NOKIAN TYRES",
            "brandCode": "",
            "vendorCode": "T431449",
            "model": "Hakka Green 3",
            "raznItems": [
                {
                    "id": "135222",
                    "name": "175/70 R14",
                    "price": 4870,
                    "amount": "4",
                    "quantity": 1,
                    "url": "/catalog/legkovye/17570-r14-88t-nokian-tyres-hakka-green-3-tl65313/"
                },
                {
                    "id": "135224",
                    "name": "185/65 R14",
                    "price": 4680,
                    "amount": "4",
                    "quantity": 1,
                    "url": "/catalog/legkovye/18565-r14-86h-nokian-tyres-hakka-green-3-tl65302/"
                },
                {
                    "id": "135225",
                    "name": "185/70 R14",
                    "price": 5280,
                    "amount": "4",
                    "quantity": 1,
                    "url": "/catalog/legkovye/18570-r14-88t-nokian-tyres-hakka-green-3-tl65301/"
                }
            ]
        },
        {
            "id": 102116,
            "isNew": false,
            "EDIT_LINK": null,
            "DELETE_LINK": null,
            "props": [
                {
                    "name": "Ширина",
                    "value": "225 "
                },
                {
                    "name": "Диаметр",
                    "value": "18 "
                }
            ],
            "type": "tires",
            "isPromo": null,
            "amount": 16,
            "season": "Летние",
            "price": 6660,
            "name": "225/55 R18 102V VIATTI Bosco A/T (V-237) TL",
            "sectionId": 7278,
            "sectionName": "Легковые",
            "sectionPath": [
                {
                    "ID": "7278",
                    "NAME": "Легковые"
                },
                {
                    "ID": "7267",
                    "NAME": "Шины"
                }
            ],
            "imgSrc": "/upload/resize_cache/rembg-image/f05/275_275_1/62tvp21jtm53cjnuqf2halqkja2nujdg.png",
            "url": "/catalog/legkovye/22555-r18-102v-viatti-bosco-at-v-237-tl70696/",
            "promo": [],
            "discountStores": [],
            "externalStores": [],
            "commonStores": [
                {
                    "STORE_ID": "158",
                    "PRODUCT_ID": "102116",
                    "AMOUNT": "16",
                    "PRODUCT_XML_ID": "70696",
                    "STORE_XML_ID": "351",
                    "STORE_NAME": "Оптовый Склад",
                    "PRICE": "6660.00",
                    "PRICE_ID": "9"
                }
            ],
            "brand": "VIATTI",
            "brandCode": "",
            "vendorCode": "3110049",
            "model": "Bosco A/T V-237",
            "raznItems": [
                {
                    "id": "100068",
                    "name": "235/60 R18",
                    "price": 7090,
                    "amount": "5",
                    "quantity": 1,
                    "url": "/catalog/legkovye/23560-r18-103h-viatti-bosco-at-v-237-tl55733/"
                },
                {
                    "id": "102115",
                    "name": "265/60 R18",
                    "price": 8600,
                    "amount": "19",
                    "quantity": 1,
                    "url": "/catalog/legkovye/26560-r18-110h-viatti-bosco-at-v-237-tl70695/"
                },
                {
                    "id": "102116",
                    "name": "225/55 R18",
                    "price": 6660,
                    "amount": "16",
                    "quantity": 1,
                    "url": "/catalog/legkovye/22555-r18-102v-viatti-bosco-at-v-237-tl70696/"
                },
                {
                    "id": "102509",
                    "name": "235/55 R18",
                    "price": 6880,
                    "amount": "20",
                    "quantity": 1,
                    "url": "/catalog/legkovye/23555-r18-100h-viatti-bosco-at-v-237-tl73494/"
                },
                {
                    "id": "102510",
                    "name": "285/60 R18",
                    "price": 9110,
                    "amount": "3",
                    "quantity": 1,
                    "url": "/catalog/legkovye/28560-r18-116h-viatti-bosco-at-v-237-tl73495/"
                }
            ]
        },
        {
            "id": 156726,
            "isNew": false,
            "EDIT_LINK": null,
            "DELETE_LINK": null,
            "props": [
                {
                    "name": "Ширина",
                    "value": "195 "
                },
                {
                    "name": "Диаметр",
                    "value": "15 "
                }
            ],
            "type": "tires",
            "isPromo": null,
            "amount": 1,
            "season": "Летние",
            "price": 6670,
            "name": "195/60 R15 88V BRIDGESTONE Ecopia EP300 TL",
            "sectionId": 7278,
            "sectionName": "Легковые",
            "sectionPath": [
                {
                    "ID": "7278",
                    "NAME": "Легковые"
                },
                {
                    "ID": "7267",
                    "NAME": "Шины"
                }
            ],
            "imgSrc": "/upload/resize_cache/rembg-image/2fc/275_275_1/f192395cfjmmm0hd9vr9bp5gj90qyggb.png",
            "url": "/catalog/legkovye/19560-r15-88v-bridgestone-ecopia-ep300-tl25583/",
            "promo": [],
            "discountStores": [],
            "externalStores": [],
            "commonStores": [
                {
                    "STORE_ID": "158",
                    "PRODUCT_ID": "156726",
                    "AMOUNT": "1",
                    "PRODUCT_XML_ID": "25583",
                    "STORE_XML_ID": "351",
                    "STORE_NAME": "Оптовый Склад",
                    "PRICE": "6670.00",
                    "PRICE_ID": "9"
                }
            ],
            "brand": "BRIDGESTONE",
            "brandCode": "250",
            "vendorCode": "17917",
            "model": "Ecopia EP300",
            "raznItems": [
                {
                    "id": "105861",
                    "name": "195/55 R15",
                    "price": 7480,
                    "amount": "4",
                    "quantity": 1,
                    "url": "/catalog/legkovye/19555-r15-85v-bridgestone-ecopia-ep300-tl60444/"
                },
                {
                    "id": "105863",
                    "name": "185/60 R15",
                    "price": 6330,
                    "amount": "4",
                    "quantity": 1,
                    "url": "/catalog/legkovye/18560-r15-84v-bridgestone-ecopia-ep300-tl60446/"
                },
                {
                    "id": "156726",
                    "name": "195/60 R15",
                    "price": 6670,
                    "amount": "1",
                    "quantity": 1,
                    "url": "/catalog/legkovye/19560-r15-88v-bridgestone-ecopia-ep300-tl25583/"
                }
            ]
        }
    ],
    "filter": {
        "0": {
            "LOGIC": "OR",
            ">STORE_AMOUNT_156": 0,
            ">STORE_AMOUNT_158": 0,
            ">STORE_AMOUNT_159": 0,
            ">STORE_AMOUNT_160": 0,
            ">STORE_AMOUNT_161": 0,
            ">STORE_AMOUNT_164": 0,
            ">STORE_AMOUNT_165": 0,
            ">STORE_AMOUNT_168": 0,
            ">STORE_AMOUNT_169": 0,
            ">STORE_AMOUNT_174": 0,
            ">STORE_AMOUNT_180": 0,
            ">STORE_AMOUNT_184": 0,
            ">STORE_AMOUNT_185": 0,
            ">STORE_AMOUNT_191": 0,
            ">STORE_AMOUNT_192": 0,
            ">STORE_AMOUNT_194": 0,
            ">STORE_AMOUNT_6087": 0
        },
        "1": {
            "LOGIC": "OR",
            ">CATALOG_CATALOG_GROUP_ID_33": 0,
            ">CATALOG_CATALOG_GROUP_ID_90": 0,
            ">CATALOG_CATALOG_GROUP_ID_96": 0,
            ">CATALOG_CATALOG_GROUP_ID_97": 0,
            ">CATALOG_CATALOG_GROUP_ID_98": 0
        },
        "2": {
            "LOGIC": "OR",
            ">STORE_AMOUNT_156": 0,
            ">STORE_AMOUNT_158": 0,
            ">STORE_AMOUNT_159": 0,
            ">STORE_AMOUNT_160": 0,
            ">STORE_AMOUNT_161": 0,
            ">STORE_AMOUNT_164": 0,
            ">STORE_AMOUNT_165": 0,
            ">STORE_AMOUNT_168": 0,
            ">STORE_AMOUNT_169": 0,
            ">STORE_AMOUNT_174": 0,
            ">STORE_AMOUNT_180": 0,
            ">STORE_AMOUNT_184": 0,
            ">STORE_AMOUNT_185": 0,
            ">STORE_AMOUNT_191": 0,
            ">STORE_AMOUNT_192": 0,
            ">STORE_AMOUNT_194": 0,
            ">STORE_AMOUNT_6087": 0
        },
        "3": {
            "LOGIC": "OR",
            ">CATALOG_CATALOG_GROUP_ID_33": 0,
            ">CATALOG_CATALOG_GROUP_ID_90": 0,
            ">CATALOG_CATALOG_GROUP_ID_96": 0,
            ">CATALOG_CATALOG_GROUP_ID_97": 0,
            ">CATALOG_CATALOG_GROUP_ID_98": 0
        },
        "=PROPERTY_458": [
            "154"
        ]
    },
    "promo": {
        "id": "165954",
        "url": "/promo/shiny-v-rassrochku/",
        "name": "Покупки в рассрочку",
        "text": "Теперь вы можете купить зимние шины, или диски в рассрочку быстро и легко: без первоначального взноса и без переплаты!",
        "imgSrc": "/upload/resize_cache/iblock/356/1075_613_1/8iiw8xmv2bzky9euo9mn57dqx6dk3xa9.jpg",
        "videoSrc": null
    },
    "promoFilter": {
        "IBLOCK_ID": 10,
        "ACTIVE": "Y",
        "=PROPERTY_SECTION": 206,
        "=PROPERTY_CATALOG_SEASON": [
            false,
            204
        ],
        "=PROPERTY_CATALOG_BRAND": [
            false
        ]
    },
    "navNum": 1,
    "pagesCount": 111,
    "pageNum": 20
}