{
    "pageUrl": "/catalog/legkovye/?arCatalogFilter_458_1500340406=Y&set_filter=Y&sort%5Brecommendations%5D=asc&PAGEN_1=26",
    "items": [
        {
            "id": 145498,
            "isNew": false,
            "EDIT_LINK": null,
            "DELETE_LINK": null,
            "props": [
                {
                    "name": "Ширина",
                    "value": "235 "
                },
                {
                    "name": "Диаметр",
                    "value": "18 "
                }
            ],
            "type": "tires",
            "isPromo": null,
            "amount": 15,
            "season": "Летние",
            "price": 7420,
            "name": "235/60 R18 107W Triangle TR259 TL",
            "sectionId": 7278,
            "sectionName": "Легковые",
            "sectionPath": [
                {
                    "ID": "7278",
                    "NAME": "Легковые"
                },
                {
                    "ID": "7267",
                    "NAME": "Шины"
                }
            ],
            "imgSrc": "/upload/resize_cache/rembg-image/05f/275_275_1/n70vt5kxdvcbvt3smbfa80ey8hyd3175.png",
            "url": "/catalog/legkovye/23560r18-107w-tr259-tl/",
            "promo": [],
            "discountStores": [],
            "externalStores": [],
            "commonStores": [],
            "brand": "TRIANGLE",
            "brandCode": "",
            "vendorCode": "CTS220176",
            "model": "AdvanteX SUV TR259",
            "raznItems": [
                {
                    "id": "145498",
                    "name": "235/60 R18",
                    "price": 7420,
                    "amount": "15",
                    "quantity": 1,
                    "url": "/catalog/legkovye/23560r18-107w-tr259-tl/"
                },
                {
                    "id": "145946",
                    "name": "225/55 R18",
                    "price": 6420,
                    "amount": "12",
                    "quantity": 1,
                    "url": "/catalog/legkovye/22555r18-102w-tr259-tl/"
                },
                {
                    "id": "162778",
                    "name": "215/50 R18",
                    "price": 5940,
                    "amount": "7",
                    "quantity": 1,
                    "url": "/catalog/legkovye/21550r18-92w-tr259-tl/"
                },
                {
                    "id": "162863",
                    "name": "235/50 R18",
                    "price": 6720,
                    "amount": "4",
                    "quantity": 1,
                    "url": "/catalog/legkovye/23550-r18-97v-triangle-tr259-tl-cts228045/"
                },
                {
                    "id": "167949",
                    "name": "265/65 R18",
                    "price": 10180,
                    "amount": "12",
                    "quantity": 1,
                    "url": "/catalog/legkovye/26565-r18-114h-triangle-advantex-suv-tr259-tl-cts270482/"
                }
            ]
        },
        {
            "id": 117758,
            "isNew": false,
            "EDIT_LINK": null,
            "DELETE_LINK": null,
            "props": [
                {
                    "name": "Ширина",
                    "value": "255 "
                },
                {
                    "name": "Диаметр",
                    "value": "18 "
                }
            ],
            "type": "tires",
            "isPromo": null,
            "amount": 10,
            "season": "Летние",
            "price": 7430,
            "name": "255/55 R18 109V VIATTI Bosco H/T (V-238) TL",
            "sectionId": 7278,
            "sectionName": "Легковые",
            "sectionPath": [
                {
                    "ID": "7278",
                    "NAME": "Легковые"
                },
                {
                    "ID": "7267",
                    "NAME": "Шины"
                }
            ],
            "imgSrc": "/upload/resize_cache/rembg-image/9cf/275_275_1/rqle6o1jw9x2qye9o04nrw0w964ekx8t.png",
            "url": "/catalog/legkovye/25555-r18-109v-viatti-bosco-ht-v-238-tl21051/",
            "promo": [],
            "discountStores": [],
            "externalStores": [],
            "commonStores": [
                {
                    "STORE_ID": "158",
                    "PRODUCT_ID": "117758",
                    "AMOUNT": "10",
                    "PRODUCT_XML_ID": "21051",
                    "STORE_XML_ID": "351",
                    "STORE_NAME": "Оптовый Склад",
                    "PRICE": "7430.00",
                    "PRICE_ID": "9"
                }
            ],
            "brand": "VIATTI",
            "brandCode": "",
            "vendorCode": "3110068",
            "model": "Bosco H/T V-238",
            "raznItems": [
                {
                    "id": "117751",
                    "name": "225/60 R18",
                    "price": 6460,
                    "amount": "10",
                    "quantity": 1,
                    "url": "/catalog/legkovye/22560-r18-100v-viatti-bosco-ht-v-238-tl21039/"
                },
                {
                    "id": "117753",
                    "name": "235/55 R18",
                    "price": 6950,
                    "amount": "13",
                    "quantity": 1,
                    "url": "/catalog/legkovye/23555-r18-100v-viatti-bosco-ht-v-238-tl21041/"
                },
                {
                    "id": "117755",
                    "name": "235/60 R18",
                    "price": 7160,
                    "amount": "6",
                    "quantity": 1,
                    "url": "/catalog/legkovye/23560-r18-103v-viatti-bosco-ht-v-238-tl21045/"
                },
                {
                    "id": "117758",
                    "name": "255/55 R18",
                    "price": 7430,
                    "amount": "10",
                    "quantity": 1,
                    "url": "/catalog/legkovye/25555-r18-109v-viatti-bosco-ht-v-238-tl21051/"
                },
                {
                    "id": "117761",
                    "name": "285/60 R18",
                    "price": 9200,
                    "amount": "12",
                    "quantity": 1,
                    "url": "/catalog/legkovye/28560-r18-116v-viatti-bosco-ht-v-238-tl21058/"
                }
            ]
        },
        {
            "id": 90123,
            "isNew": false,
            "EDIT_LINK": null,
            "DELETE_LINK": null,
            "props": [
                {
                    "name": "Ширина",
                    "value": "225 "
                },
                {
                    "name": "Диаметр",
                    "value": "15 "
                }
            ],
            "type": "tires",
            "isPromo": null,
            "amount": 189,
            "season": "Летние",
            "price": 7440,
            "name": "225/85 R15 106P КАМА И-502",
            "sectionId": 7278,
            "sectionName": "Легковые",
            "sectionPath": [
                {
                    "ID": "7278",
                    "NAME": "Легковые"
                },
                {
                    "ID": "7267",
                    "NAME": "Шины"
                }
            ],
            "imgSrc": "/upload/resize_cache/rembg-image/0b4/275_275_1/9lllww8bogdo00i6o5oioisd6991d9m9.png",
            "url": "/catalog/legkovye/22585-r15-106p-kama-i-50200366/",
            "promo": [],
            "discountStores": [],
            "externalStores": [],
            "commonStores": [
                {
                    "STORE_ID": "158",
                    "PRODUCT_ID": "90123",
                    "AMOUNT": "189",
                    "PRODUCT_XML_ID": "00366",
                    "STORE_XML_ID": "351",
                    "STORE_NAME": "Оптовый Склад",
                    "PRICE": "7440.00",
                    "PRICE_ID": "9"
                }
            ],
            "brand": "КАМА",
            "brandCode": "420",
            "vendorCode": "1230002",
            "model": "И-502",
            "raznItems": [
                {
                    "id": "90123",
                    "name": "225/85 R15",
                    "price": 7440,
                    "amount": "189",
                    "quantity": 1,
                    "url": "/catalog/legkovye/22585-r15-106p-kama-i-50200366/"
                }
            ]
        },
        {
            "id": 143441,
            "isNew": false,
            "EDIT_LINK": null,
            "DELETE_LINK": null,
            "props": [
                {
                    "name": "Ширина",
                    "value": "175 "
                },
                {
                    "name": "Диаметр",
                    "value": "15 "
                }
            ],
            "type": "tires",
            "isPromo": null,
            "amount": 3,
            "season": "Летние",
            "price": 7470,
            "name": "175/80 R15 90S YOKOHAMA Geolandar A/T G015 TL",
            "sectionId": 7278,
            "sectionName": "Легковые",
            "sectionPath": [
                {
                    "ID": "7278",
                    "NAME": "Легковые"
                },
                {
                    "ID": "7267",
                    "NAME": "Шины"
                }
            ],
            "imgSrc": "/upload/resize_cache/rembg-image/bac/275_275_1/38s608phpz04m90gvvloxlgl4aoyhsry.png",
            "url": "/catalog/legkovye/17580r15-90s-geolandar-at-g015-tl/",
            "promo": [],
            "discountStores": [],
            "externalStores": [],
            "commonStores": [],
            "brand": "YOKOHAMA",
            "brandCode": "",
            "vendorCode": "R2232",
            "model": "Geolandar A/T G015",
            "raznItems": [
                {
                    "id": "102820",
                    "name": "235/75 R15",
                    "price": 9390,
                    "amount": "1",
                    "quantity": 1,
                    "url": "/catalog/legkovye/23575-r15-109h-yokohama-geolandar-at-g015-tl74008/"
                },
                {
                    "id": "102837",
                    "name": "225/70 R15",
                    "price": 10930,
                    "amount": "4",
                    "quantity": 1,
                    "url": "/catalog/legkovye/p22570r15-100t-geolandar-at-g015-tl-m-s-3pmsf/"
                },
                {
                    "id": "121611",
                    "name": "9.5 R15",
                    "price": 10240,
                    "amount": "8",
                    "quantity": 1,
                    "url": "/catalog/legkovye/30x95r15-104s-geolandar-at-g015-tl-m-s-3pmsf/"
                },
                {
                    "id": "142785",
                    "name": "195/80 R15",
                    "price": 8290,
                    "amount": "5",
                    "quantity": 1,
                    "url": "/catalog/legkovye/19580r15-96h-geolandar-at-g015-tl-m-s-3pmsf/"
                },
                {
                    "id": "143441",
                    "name": "175/80 R15",
                    "price": 7470,
                    "amount": "3",
                    "quantity": 1,
                    "url": "/catalog/legkovye/17580r15-90s-geolandar-at-g015-tl/"
                }
            ]
        },
        {
            "id": 125300,
            "isNew": false,
            "EDIT_LINK": null,
            "DELETE_LINK": null,
            "props": [
                {
                    "name": "Ширина",
                    "value": "215 "
                },
                {
                    "name": "Диаметр",
                    "value": "16 "
                }
            ],
            "type": "tires",
            "isPromo": null,
            "amount": 1,
            "season": "Летние",
            "price": 7470,
            "name": "215/55 R16 97Y BFGOODRICH Advantage TL",
            "sectionId": 7278,
            "sectionName": "Легковые",
            "sectionPath": [
                {
                    "ID": "7278",
                    "NAME": "Легковые"
                },
                {
                    "ID": "7267",
                    "NAME": "Шины"
                }
            ],
            "imgSrc": "/upload/resize_cache/rembg-image/1f3/275_275_1/4rqujyjzbokabqw5oy2gnwytmi13nbh7.png",
            "url": "/catalog/legkovye/21555r16-97y-xl-advantage-tl/",
            "promo": [],
            "discountStores": [],
            "externalStores": [],
            "commonStores": [],
            "brand": "BFGOODRICH",
            "brandCode": "",
            "vendorCode": "478952",
            "model": "Advantage",
            "raznItems": [
                {
                    "id": "121447",
                    "name": "205/55 R16",
                    "price": 5560,
                    "amount": "72",
                    "quantity": 1,
                    "url": "/catalog/legkovye/20555-r16-94w-bfgoodrich-advantage-tl93112/"
                },
                {
                    "id": "121448",
                    "name": "205/60 R16",
                    "price": 6630,
                    "amount": "1",
                    "quantity": 1,
                    "url": "/catalog/legkovye/20560r16-96w-xl-advantage-tl/"
                },
                {
                    "id": "125300",
                    "name": "215/55 R16",
                    "price": 7470,
                    "amount": "1",
                    "quantity": 1,
                    "url": "/catalog/legkovye/21555r16-97y-xl-advantage-tl/"
                }
            ]
        },
        {
            "id": 166135,
            "isNew": false,
            "EDIT_LINK": null,
            "DELETE_LINK": null,
            "props": [
                {
                    "name": "Ширина",
                    "value": "225 "
                },
                {
                    "name": "Диаметр",
                    "value": "17 "
                }
            ],
            "type": "tires",
            "isPromo": null,
            "amount": 4,
            "season": "Летние",
            "price": 7480,
            "name": "225/45 R17 94V MARSHAL MH22 TL",
            "sectionId": 7278,
            "sectionName": "Легковые",
            "sectionPath": [
                {
                    "ID": "7278",
                    "NAME": "Легковые"
                },
                {
                    "ID": "7267",
                    "NAME": "Шины"
                }
            ],
            "imgSrc": "/upload/resize_cache/rembg-image/feb/275_275_1/bu1v62bqb22b1blh3geqx6n9ger1iz5c.png",
            "url": "/catalog/legkovye/22545-r17-94v-marshal-mh22-tl-2281793/",
            "promo": [],
            "discountStores": [],
            "externalStores": [],
            "commonStores": [],
            "brand": "MARSHAL",
            "brandCode": "",
            "vendorCode": "2281793",
            "model": "MH22",
            "raznItems": [
                {
                    "id": "166135",
                    "name": "225/45 R17",
                    "price": 7480,
                    "amount": "4",
                    "quantity": 1,
                    "url": "/catalog/legkovye/22545-r17-94v-marshal-mh22-tl-2281793/"
                }
            ]
        },
        {
            "id": 121451,
            "isNew": false,
            "EDIT_LINK": null,
            "DELETE_LINK": null,
            "props": [
                {
                    "name": "Ширина",
                    "value": "225 "
                },
                {
                    "name": "Диаметр",
                    "value": "17 "
                }
            ],
            "type": "tires",
            "isPromo": null,
            "amount": 41,
            "season": "Летние",
            "price": 7480,
            "name": "225/45 R17 94W BFGOODRICH Advantage TL",
            "sectionId": 7278,
            "sectionName": "Легковые",
            "sectionPath": [
                {
                    "ID": "7278",
                    "NAME": "Легковые"
                },
                {
                    "ID": "7267",
                    "NAME": "Шины"
                }
            ],
            "imgSrc": "/upload/resize_cache/rembg-image/582/275_275_1/m5xbro9gw46855fg0a312flvm433a9l0.png",
            "url": "/catalog/legkovye/22545r17-94w-xl-advantage-tl/",
            "promo": [],
            "discountStores": [],
            "externalStores": [],
            "commonStores": [],
            "brand": "BFGOODRICH",
            "brandCode": "",
            "vendorCode": "872809",
            "model": "Advantage",
            "raznItems": [
                {
                    "id": "121450",
                    "name": "215/55 R17",
                    "price": 9290,
                    "amount": "14",
                    "quantity": 1,
                    "url": "/catalog/legkovye/21555-r17-98w-bfgoodrich-advantage-tl93109/"
                },
                {
                    "id": "121451",
                    "name": "225/45 R17",
                    "price": 7480,
                    "amount": "41",
                    "quantity": 1,
                    "url": "/catalog/legkovye/22545r17-94w-xl-advantage-tl/"
                },
                {
                    "id": "121453",
                    "name": "225/55 R17",
                    "price": 10100,
                    "amount": "6",
                    "quantity": 1,
                    "url": "/catalog/legkovye/22555r17-101y-xl-advantage-tl/"
                },
                {
                    "id": "121454",
                    "name": "235/45 R17",
                    "price": 7820,
                    "amount": "4",
                    "quantity": 1,
                    "url": "/catalog/legkovye/23545r17-97y-xl-advantage-tl/"
                },
                {
                    "id": "121463",
                    "name": "235/55 R17",
                    "price": 10320,
                    "amount": "1",
                    "quantity": 1,
                    "url": "/catalog/legkovye/23555r17-103w-xl-advantage-tl/"
                }
            ]
        },
        {
            "id": 105861,
            "isNew": false,
            "EDIT_LINK": null,
            "DELETE_LINK": null,
            "props": [
                {
                    "name": "Ширина",
                    "value": "195 "
                },
                {
                    "name": "Диаметр",
                    "value": "15 "
                }
            ],
            "type": "tires",
            "isPromo": null,
            "amount": 4,
            "season": "Летние",
            "price": 7480,
            "name": "195/55 R15 85V BRIDGESTONE Ecopia EP300 TL",
            "sectionId": 7278,
            "sectionName": "Легковые",
            "sectionPath": [
                {
                    "ID": "7278",
                    "NAME": "Легковые"
                },
                {
                    "ID": "7267",
                    "NAME": "Шины"
                }
            ],
            "imgSrc": "/upload/resize_cache/rembg-image/694/275_275_1/s481cl28wlyp7to4937e9wjrulx9ctwk.png",
            "url": "/catalog/legkovye/19555-r15-85v-bridgestone-ecopia-ep300-tl60444/",
            "promo": [],
            "discountStores": [],
            "externalStores": [],
            "commonStores": [
                {
                    "STORE_ID": "174",
                    "PRODUCT_ID": "105861",
                    "AMOUNT": "4",
                    "PRODUCT_XML_ID": "60444",
                    "STORE_XML_ID": "423",
                    "STORE_NAME": "г. Челябинск, ул. Комарова, 34",
                    "PRICE": "7480.00",
                    "PRICE_ID": "25"
                }
            ],
            "brand": "BRIDGESTONE",
            "brandCode": "250",
            "vendorCode": "17232",
            "model": "Ecopia EP300",
            "raznItems": [
                {
                    "id": "105861",
                    "name": "195/55 R15",
                    "price": 7480,
                    "amount": "4",
                    "quantity": 1,
                    "url": "/catalog/legkovye/19555-r15-85v-bridgestone-ecopia-ep300-tl60444/"
                },
                {
                    "id": "105863",
                    "name": "185/60 R15",
                    "price": 6330,
                    "amount": "4",
                    "quantity": 1,
                    "url": "/catalog/legkovye/18560-r15-84v-bridgestone-ecopia-ep300-tl60446/"
                },
                {
                    "id": "156726",
                    "name": "195/60 R15",
                    "price": 6670,
                    "amount": "1",
                    "quantity": 1,
                    "url": "/catalog/legkovye/19560-r15-88v-bridgestone-ecopia-ep300-tl25583/"
                }
            ]
        },
        {
            "id": 167929,
            "isNew": false,
            "EDIT_LINK": null,
            "DELETE_LINK": null,
            "props": [
                {
                    "name": "Ширина",
                    "value": "245 "
                },
                {
                    "name": "Диаметр",
                    "value": "17 "
                }
            ],
            "type": "tires",
            "isPromo": null,
            "amount": 24,
            "season": "Летние",
            "price": 7490,
            "name": "245/65 R17 107T HiFly Vigorous AT601 TL",
            "sectionId": 7278,
            "sectionName": "Легковые",
            "sectionPath": [
                {
                    "ID": "7278",
                    "NAME": "Легковые"
                },
                {
                    "ID": "7267",
                    "NAME": "Шины"
                }
            ],
            "imgSrc": "/upload/resize_cache/iblock/b1b/275_275_1/vl4p7pmd2ramdl25slc5ewrmz6arokko.png",
            "url": "/catalog/legkovye/24565-r17-107t-hifly-vigorous-at601-tl-200h7016/",
            "promo": [],
            "discountStores": [],
            "externalStores": [],
            "commonStores": [],
            "brand": "HiFly",
            "brandCode": "",
            "vendorCode": "200H7016",
            "model": "Vigorous AT601",
            "raznItems": [
                {
                    "id": "167929",
                    "name": "245/65 R17",
                    "price": 7490,
                    "amount": "24",
                    "quantity": 1,
                    "url": "/catalog/legkovye/24565-r17-107t-hifly-vigorous-at601-tl-200h7016/"
                },
                {
                    "id": "168370",
                    "name": "265/65 R17",
                    "price": 7930,
                    "amount": "28",
                    "quantity": 1,
                    "url": "/catalog/legkovye/26565-r17-112t-hifly-vigorous-at601-tl-200h7029/"
                },
                {
                    "id": "168424",
                    "name": "285/70 R17",
                    "price": 9620,
                    "amount": "8",
                    "quantity": 1,
                    "url": "/catalog/legkovye/28570-r17-117t-hifly-vigorous-at601-tl-200h7023/"
                }
            ]
        },
        {
            "id": 156121,
            "isNew": false,
            "EDIT_LINK": null,
            "DELETE_LINK": null,
            "props": [
                {
                    "name": "Ширина",
                    "value": "225 "
                },
                {
                    "name": "Диаметр",
                    "value": "16 "
                }
            ],
            "type": "tires",
            "isPromo": null,
            "amount": 38,
            "season": "Летние",
            "price": 7500,
            "name": "225/55 R16 99V SAILUN Atrezzo Elite TL",
            "sectionId": 7278,
            "sectionName": "Легковые",
            "sectionPath": [
                {
                    "ID": "7278",
                    "NAME": "Легковые"
                },
                {
                    "ID": "7267",
                    "NAME": "Шины"
                }
            ],
            "imgSrc": "/upload/resize_cache/rembg-image/c91/275_275_1/y21q02t9u2q7k191p57cbx78rai6yieg.png",
            "url": "/catalog/legkovye/22555-r16-99v-sailun-atrezzo-elite-tl25012/",
            "promo": [],
            "discountStores": [],
            "externalStores": [],
            "commonStores": [
                {
                    "STORE_ID": "158",
                    "PRODUCT_ID": "156121",
                    "AMOUNT": "38",
                    "PRODUCT_XML_ID": "FORTOCHKI_3220010736",
                    "STORE_XML_ID": "351",
                    "STORE_NAME": "Оптовый Склад",
                    "PRICE": "7500.00",
                    "PRICE_ID": "9"
                }
            ],
            "brand": "SAILUN",
            "brandCode": "",
            "vendorCode": "3220010736",
            "model": "Atrezzo Elite",
            "raznItems": [
                {
                    "id": "156117",
                    "name": "195/50 R16",
                    "price": 5170,
                    "amount": "7",
                    "quantity": 1,
                    "url": "/catalog/legkovye/19550-r16-88v-sailun-atrezzo-elite-tl25008/"
                },
                {
                    "id": "156119",
                    "name": "215/55 R16",
                    "price": 6640,
                    "amount": "7",
                    "quantity": 1,
                    "url": "/catalog/legkovye/21555-r16-97w-sailun-atrezzo-elite-tl25010/"
                },
                {
                    "id": "156120",
                    "name": "215/65 R16",
                    "price": 7260,
                    "amount": "1",
                    "quantity": 1,
                    "url": "/catalog/legkovye/21565-r16-98h-sailun-atrezzo-elite-tl25011/"
                },
                {
                    "id": "156121",
                    "name": "225/55 R16",
                    "price": 7500,
                    "amount": "38",
                    "quantity": 1,
                    "url": "/catalog/legkovye/22555-r16-99v-sailun-atrezzo-elite-tl25012/"
                },
                {
                    "id": "159875",
                    "name": "205/50 R16",
                    "price": 4500,
                    "amount": "6",
                    "quantity": 1,
                    "url": "/catalog/legkovye/20550r16-87v-atrezzo-elite-tl/"
                },
                {
                    "id": "159878",
                    "name": "205/45 R16",
                    "price": 4680,
                    "amount": "5",
                    "quantity": 1,
                    "url": "/catalog/legkovye/20545r16-87w-xl-atrezzo-elite-tl/"
                },
                {
                    "id": "160068",
                    "name": "205/65 R16",
                    "price": 4920,
                    "amount": "1",
                    "quantity": 1,
                    "url": "/catalog/legkovye/20565r16-95v-atrezzo-elite-tl/"
                }
            ]
        },
        {
            "id": 156116,
            "isNew": false,
            "EDIT_LINK": null,
            "DELETE_LINK": null,
            "props": [
                {
                    "name": "Ширина",
                    "value": "215 "
                },
                {
                    "name": "Диаметр",
                    "value": "18 "
                }
            ],
            "type": "tires",
            "isPromo": null,
            "amount": 2,
            "season": "Летние",
            "price": 7500,
            "name": "215/55 R18 99V SAILUN Atrezzo Elite TL",
            "sectionId": 7278,
            "sectionName": "Легковые",
            "sectionPath": [
                {
                    "ID": "7278",
                    "NAME": "Легковые"
                },
                {
                    "ID": "7267",
                    "NAME": "Шины"
                }
            ],
            "imgSrc": "/upload/resize_cache/rembg-image/d85/275_275_1/ym1rvi64up96pj05uyofgqi84mcqtl4q.png",
            "url": "/catalog/legkovye/21555-r18-99v-sailun-atrezzo-elite-tl25007/",
            "promo": [],
            "discountStores": [],
            "externalStores": [],
            "commonStores": [
                {
                    "STORE_ID": "158",
                    "PRODUCT_ID": "156116",
                    "AMOUNT": "2",
                    "PRODUCT_XML_ID": "FORTOCHKI_3220010725",
                    "STORE_XML_ID": "351",
                    "STORE_NAME": "Оптовый Склад",
                    "PRICE": "7500.00",
                    "PRICE_ID": "9"
                }
            ],
            "brand": "SAILUN",
            "brandCode": "",
            "vendorCode": "3220010725",
            "model": "Atrezzo Elite",
            "raznItems": [
                {
                    "id": "156115",
                    "name": "225/60 R18",
                    "price": 8240,
                    "amount": "2",
                    "quantity": 1,
                    "url": "/catalog/legkovye/22560-r18-104w-sailun-atrezzo-elite-tl25006/"
                },
                {
                    "id": "156116",
                    "name": "215/55 R18",
                    "price": 7500,
                    "amount": "2",
                    "quantity": 1,
                    "url": "/catalog/legkovye/21555-r18-99v-sailun-atrezzo-elite-tl25007/"
                }
            ]
        },
        {
            "id": 119658,
            "isNew": false,
            "EDIT_LINK": null,
            "DELETE_LINK": null,
            "props": [
                {
                    "name": "Ширина",
                    "value": "225 "
                },
                {
                    "name": "Диаметр",
                    "value": "17 "
                }
            ],
            "type": "tires",
            "isPromo": null,
            "amount": 1,
            "season": "Летние",
            "price": 7500,
            "name": "225/55 R17 101W ROTALLA Setula S-Race RU01 TL",
            "sectionId": 7278,
            "sectionName": "Легковые",
            "sectionPath": [
                {
                    "ID": "7278",
                    "NAME": "Легковые"
                },
                {
                    "ID": "7267",
                    "NAME": "Шины"
                }
            ],
            "imgSrc": "/upload/resize_cache/rembg-image/844/275_275_1/qtqjzemm6bdwnbu1czmnyy9bbregzefz.png",
            "url": "/catalog/legkovye/22555-r17-101w-rotalla-setula-s-race-ru01-tl23577/",
            "promo": [],
            "discountStores": [],
            "externalStores": [],
            "commonStores": [
                {
                    "STORE_ID": "158",
                    "PRODUCT_ID": "119658",
                    "AMOUNT": "1",
                    "PRODUCT_XML_ID": "23577",
                    "STORE_XML_ID": "351",
                    "STORE_NAME": "Оптовый Склад",
                    "PRICE": "7500.00",
                    "PRICE_ID": "9"
                }
            ],
            "brand": "ROTALLA",
            "brandCode": "856",
            "vendorCode": "RTL0874",
            "model": "Setula S-Race RU01",
            "raznItems": [
                {
                    "id": "119657",
                    "name": "215/55 R17",
                    "price": 7260,
                    "amount": "1",
                    "quantity": 1,
                    "url": "/catalog/legkovye/21555-r17-98w-rotalla-setula-s-race-ru01-tl23576/"
                },
                {
                    "id": "119658",
                    "name": "225/55 R17",
                    "price": 7500,
                    "amount": "1",
                    "quantity": 1,
                    "url": "/catalog/legkovye/22555-r17-101w-rotalla-setula-s-race-ru01-tl23577/"
                },
                {
                    "id": "119661",
                    "name": "215/50 R17",
                    "price": 6890,
                    "amount": "3",
                    "quantity": 1,
                    "url": "/catalog/legkovye/21550-r17-95w-rotalla-setula-s-race-ru01-tl23581/"
                },
                {
                    "id": "119662",
                    "name": "225/50 R17",
                    "price": 7260,
                    "amount": "1",
                    "quantity": 1,
                    "url": "/catalog/legkovye/22550-r17-98w-rotalla-setula-s-race-ru01-tl23582/"
                },
                {
                    "id": "119664",
                    "name": "225/45 R17",
                    "price": 6640,
                    "amount": "1",
                    "quantity": 1,
                    "url": "/catalog/legkovye/22545-r17-94w-rotalla-setula-s-race-ru01-tl23585/"
                },
                {
                    "id": "133988",
                    "name": "215/45 R17",
                    "price": 6150,
                    "amount": "1",
                    "quantity": 1,
                    "url": "/catalog/legkovye/21545-r17-91w-rotalla-setula-s-race-ru01-tl65790/"
                }
            ]
        },
        {
            "id": 93691,
            "isNew": false,
            "EDIT_LINK": null,
            "DELETE_LINK": null,
            "props": [
                {
                    "name": "Ширина",
                    "value": "225 "
                },
                {
                    "name": "Диаметр",
                    "value": "16 "
                }
            ],
            "type": "tires",
            "isPromo": null,
            "amount": 1,
            "season": "Летние",
            "price": 7550,
            "name": "225/55 R16 95V CORDIANT Sport 3 TL",
            "sectionId": 7278,
            "sectionName": "Легковые",
            "sectionPath": [
                {
                    "ID": "7278",
                    "NAME": "Легковые"
                },
                {
                    "ID": "7267",
                    "NAME": "Шины"
                }
            ],
            "imgSrc": "/upload/resize_cache/rembg-image/50b/275_275_1/k5zens7nypqgj8jy5ojnji5oruka2t5x.png",
            "url": "/catalog/legkovye/22555-r16-95v-cordiant-sport-3-tl42552/",
            "promo": [],
            "discountStores": [],
            "externalStores": [],
            "commonStores": [
                {
                    "STORE_ID": "158",
                    "PRODUCT_ID": "93691",
                    "AMOUNT": "1",
                    "PRODUCT_XML_ID": "42552",
                    "STORE_XML_ID": "351",
                    "STORE_NAME": "Оптовый Склад",
                    "PRICE": "7550.00",
                    "PRICE_ID": "9"
                }
            ],
            "brand": "CORDIANT",
            "brandCode": "403",
            "vendorCode": "474770972",
            "model": "Sport 3",
            "raznItems": [
                {
                    "id": "93689",
                    "name": "205/65 R16",
                    "price": 6230,
                    "amount": "4",
                    "quantity": 1,
                    "url": "/catalog/legkovye/20565-r16-95v-cordiant-sport-3-tl42550/"
                },
                {
                    "id": "93690",
                    "name": "215/55 R16",
                    "price": 6450,
                    "amount": "46",
                    "quantity": 1,
                    "url": "/catalog/legkovye/21555-r16-93v-cordiant-sport-3-tl42551/"
                },
                {
                    "id": "93691",
                    "name": "225/55 R16",
                    "price": 7550,
                    "amount": "1",
                    "quantity": 1,
                    "url": "/catalog/legkovye/22555-r16-95v-cordiant-sport-3-tl42552/"
                },
                {
                    "id": "102396",
                    "name": "215/60 R16",
                    "price": 6130,
                    "amount": "2",
                    "quantity": 1,
                    "url": "/catalog/legkovye/21560-r16-99v-cordiant-sport-3-tl73333/"
                },
                {
                    "id": "102398",
                    "name": "215/65 R16",
                    "price": 6480,
                    "amount": "4",
                    "quantity": 1,
                    "url": "/catalog/legkovye/21565-r16-102v-cordiant-sport-3-tl73335/"
                }
            ]
        },
        {
            "id": 160766,
            "isNew": false,
            "EDIT_LINK": null,
            "DELETE_LINK": null,
            "props": [
                {
                    "name": "Ширина",
                    "value": "235 "
                },
                {
                    "name": "Диаметр",
                    "value": "16 "
                }
            ],
            "type": "tires",
            "isPromo": null,
            "amount": 8,
            "season": "Летние",
            "price": 7560,
            "name": "235/70 R16 106H SAILUN Terramax CVR TL",
            "sectionId": 7278,
            "sectionName": "Легковые",
            "sectionPath": [
                {
                    "ID": "7278",
                    "NAME": "Легковые"
                },
                {
                    "ID": "7267",
                    "NAME": "Шины"
                }
            ],
            "imgSrc": "/upload/resize_cache/rembg-image/e62/275_275_1/ep1tl3i9tighth5u64hw0v3mtfxk4tf2.png",
            "url": "/catalog/legkovye/23570r16-106h-terramax-cvr-tl/",
            "promo": [],
            "discountStores": [],
            "externalStores": [],
            "commonStores": [],
            "brand": "SAILUN",
            "brandCode": "",
            "vendorCode": "3220001824",
            "model": "Terramax CVR",
            "raznItems": [
                {
                    "id": "160766",
                    "name": "235/70 R16",
                    "price": 7560,
                    "amount": "8",
                    "quantity": 1,
                    "url": "/catalog/legkovye/23570r16-106h-terramax-cvr-tl/"
                }
            ]
        }
    ],
    "filter": {
        "0": {
            "LOGIC": "OR",
            ">STORE_AMOUNT_156": 0,
            ">STORE_AMOUNT_158": 0,
            ">STORE_AMOUNT_159": 0,
            ">STORE_AMOUNT_160": 0,
            ">STORE_AMOUNT_161": 0,
            ">STORE_AMOUNT_164": 0,
            ">STORE_AMOUNT_165": 0,
            ">STORE_AMOUNT_168": 0,
            ">STORE_AMOUNT_169": 0,
            ">STORE_AMOUNT_174": 0,
            ">STORE_AMOUNT_180": 0,
            ">STORE_AMOUNT_184": 0,
            ">STORE_AMOUNT_185": 0,
            ">STORE_AMOUNT_191": 0,
            ">STORE_AMOUNT_192": 0,
            ">STORE_AMOUNT_194": 0,
            ">STORE_AMOUNT_6087": 0
        },
        "1": {
            "LOGIC": "OR",
            ">CATALOG_CATALOG_GROUP_ID_33": 0,
            ">CATALOG_CATALOG_GROUP_ID_90": 0,
            ">CATALOG_CATALOG_GROUP_ID_96": 0,
            ">CATALOG_CATALOG_GROUP_ID_97": 0,
            ">CATALOG_CATALOG_GROUP_ID_98": 0
        },
        "2": {
            "LOGIC": "OR",
            ">STORE_AMOUNT_156": 0,
            ">STORE_AMOUNT_158": 0,
            ">STORE_AMOUNT_159": 0,
            ">STORE_AMOUNT_160": 0,
            ">STORE_AMOUNT_161": 0,
            ">STORE_AMOUNT_164": 0,
            ">STORE_AMOUNT_165": 0,
            ">STORE_AMOUNT_168": 0,
            ">STORE_AMOUNT_169": 0,
            ">STORE_AMOUNT_174": 0,
            ">STORE_AMOUNT_180": 0,
            ">STORE_AMOUNT_184": 0,
            ">STORE_AMOUNT_185": 0,
            ">STORE_AMOUNT_191": 0,
            ">STORE_AMOUNT_192": 0,
            ">STORE_AMOUNT_194": 0,
            ">STORE_AMOUNT_6087": 0
        },
        "3": {
            "LOGIC": "OR",
            ">CATALOG_CATALOG_GROUP_ID_33": 0,
            ">CATALOG_CATALOG_GROUP_ID_90": 0,
            ">CATALOG_CATALOG_GROUP_ID_96": 0,
            ">CATALOG_CATALOG_GROUP_ID_97": 0,
            ">CATALOG_CATALOG_GROUP_ID_98": 0
        },
        "=PROPERTY_458": [
            "154"
        ]
    },
    "promo": {
        "id": "165954",
        "url": "/promo/shiny-v-rassrochku/",
        "name": "Покупки в рассрочку",
        "text": "Теперь вы можете купить зимние шины, или диски в рассрочку быстро и легко: без первоначального взноса и без переплаты!",
        "imgSrc": "/upload/resize_cache/iblock/356/1075_613_1/8iiw8xmv2bzky9euo9mn57dqx6dk3xa9.jpg",
        "videoSrc": null
    },
    "promoFilter": {
        "IBLOCK_ID": 10,
        "ACTIVE": "Y",
        "=PROPERTY_SECTION": 206,
        "=PROPERTY_CATALOG_SEASON": [
            false,
            204
        ],
        "=PROPERTY_CATALOG_BRAND": [
            false
        ]
    },
    "navNum": 1,
    "pagesCount": 111,
    "pageNum": 26
}