{
    "pageUrl": "/catalog/legkovye/?arCatalogFilter_458_1500340406=Y&set_filter=Y&sort%5Brecommendations%5D=asc&PAGEN_1=27",
    "items": [
        {
            "id": 150404,
            "isNew": false,
            "EDIT_LINK": null,
            "DELETE_LINK": null,
            "props": [
                {
                    "name": "Ширина",
                    "value": "205 "
                },
                {
                    "name": "Диаметр",
                    "value": "17 "
                }
            ],
            "type": "tires",
            "isPromo": null,
            "amount": 4,
            "season": "Летние",
            "price": 7590,
            "name": "205/40 R17 84W NEXEN NFera SU1 TL",
            "sectionId": 7278,
            "sectionName": "Легковые",
            "sectionPath": [
                {
                    "ID": "7278",
                    "NAME": "Легковые"
                },
                {
                    "ID": "7267",
                    "NAME": "Шины"
                }
            ],
            "imgSrc": "/upload/resize_cache/rembg-image/ceb/275_275_1/bpg2vfoqz2gu2041jjdn9by8a2gdykf4.png",
            "url": "/catalog/legkovye/20540-r17-84w-nexen-nfera-su1-tl44837/",
            "promo": [],
            "discountStores": [],
            "externalStores": [],
            "commonStores": [
                {
                    "STORE_ID": "158",
                    "PRODUCT_ID": "150404",
                    "AMOUNT": "4",
                    "PRODUCT_XML_ID": "44837",
                    "STORE_XML_ID": "351",
                    "STORE_NAME": "Оптовый Склад",
                    "PRICE": "7590.00",
                    "PRICE_ID": "9"
                }
            ],
            "brand": "NEXEN",
            "brandCode": "321",
            "vendorCode": "NXK12346",
            "model": "NFera SU1",
            "raznItems": [
                {
                    "id": "104833",
                    "name": "205/45 R17",
                    "price": 8890,
                    "amount": "4",
                    "quantity": 1,
                    "url": "/catalog/legkovye/20545-r17-88w-nexen-nfera-su1-tl04996/"
                },
                {
                    "id": "150404",
                    "name": "205/40 R17",
                    "price": 7590,
                    "amount": "4",
                    "quantity": 1,
                    "url": "/catalog/legkovye/20540-r17-84w-nexen-nfera-su1-tl44837/"
                }
            ]
        },
        {
            "id": 119999,
            "isNew": false,
            "EDIT_LINK": null,
            "DELETE_LINK": null,
            "props": [
                {
                    "name": "Ширина",
                    "value": "195 "
                },
                {
                    "name": "Диаметр",
                    "value": "15 "
                }
            ],
            "type": "tires",
            "isPromo": null,
            "amount": 8,
            "season": "Летние",
            "price": 7610,
            "name": "195/55 R15 85V MICHELIN Energy XM2   TL",
            "sectionId": 7278,
            "sectionName": "Легковые",
            "sectionPath": [
                {
                    "ID": "7278",
                    "NAME": "Легковые"
                },
                {
                    "ID": "7267",
                    "NAME": "Шины"
                }
            ],
            "imgSrc": "/upload/resize_cache/rembg-image/f20/275_275_1/gxjbq7f4d63fbtm4tx8rweb1p3w62n19.png",
            "url": "/catalog/legkovye/19555-r15-85v-michelin-energy-xm2-tl24109/",
            "promo": [],
            "discountStores": [],
            "externalStores": [],
            "commonStores": [
                {
                    "STORE_ID": "156",
                    "PRODUCT_ID": "119999",
                    "AMOUNT": "4",
                    "PRODUCT_XML_ID": "24109",
                    "STORE_XML_ID": "419",
                    "STORE_NAME": "г. Челябинск, Свердловский тракт, 12б",
                    "PRICE": "7610.00",
                    "PRICE_ID": "7"
                },
                {
                    "STORE_ID": "169",
                    "PRODUCT_ID": "119999",
                    "AMOUNT": "4",
                    "PRODUCT_XML_ID": "24109",
                    "STORE_XML_ID": "403",
                    "STORE_NAME": "г. Челябинск, Копейское шоссе, 35д",
                    "PRICE": "7610.00",
                    "PRICE_ID": "20"
                }
            ],
            "brand": "MICHELIN",
            "brandCode": "273",
            "vendorCode": "112506",
            "model": "Energy XM2  ",
            "raznItems": [
                {
                    "id": "119999",
                    "name": "195/55 R15",
                    "price": 7610,
                    "amount": "4",
                    "quantity": 1,
                    "url": "/catalog/legkovye/19555-r15-85v-michelin-energy-xm2-tl24109/"
                },
                {
                    "id": "120000",
                    "name": "195/60 R15",
                    "price": 6440,
                    "amount": "4",
                    "quantity": 1,
                    "url": "/catalog/legkovye/19560-r15-88v-michelin-energy-xm2-tl24110/"
                }
            ]
        },
        {
            "id": 119996,
            "isNew": false,
            "EDIT_LINK": null,
            "DELETE_LINK": null,
            "props": [
                {
                    "name": "Ширина",
                    "value": "185 "
                },
                {
                    "name": "Диаметр",
                    "value": "15 "
                }
            ],
            "type": "tires",
            "isPromo": null,
            "amount": 4,
            "season": "Летние",
            "price": 7610,
            "name": "185/55 R15 86V MICHELIN Energy XM2   TL",
            "sectionId": 7278,
            "sectionName": "Легковые",
            "sectionPath": [
                {
                    "ID": "7278",
                    "NAME": "Легковые"
                },
                {
                    "ID": "7267",
                    "NAME": "Шины"
                }
            ],
            "imgSrc": "/upload/resize_cache/rembg-image/3eb/275_275_1/qb5pxx4r7vnbl2lo9g745gi562bch87v.png",
            "url": "/catalog/legkovye/18555-r15-86v-michelin-energy-xm2-tl24106/",
            "promo": [],
            "discountStores": [],
            "externalStores": [],
            "commonStores": [
                {
                    "STORE_ID": "158",
                    "PRODUCT_ID": "119996",
                    "AMOUNT": "4",
                    "PRODUCT_XML_ID": "24106",
                    "STORE_XML_ID": "351",
                    "STORE_NAME": "Оптовый Склад",
                    "PRICE": "7610.00",
                    "PRICE_ID": "9"
                }
            ],
            "brand": "MICHELIN",
            "brandCode": "",
            "vendorCode": "835334",
            "model": "Energy XM2  ",
            "raznItems": [
                {
                    "id": "119996",
                    "name": "185/55 R15",
                    "price": 7610,
                    "amount": "4",
                    "quantity": 1,
                    "url": "/catalog/legkovye/18555-r15-86v-michelin-energy-xm2-tl24106/"
                },
                {
                    "id": "120002",
                    "name": "205/65 R15",
                    "price": 9290,
                    "amount": "8",
                    "quantity": 1,
                    "url": "/catalog/legkovye/20565-r15-94v-michelin-energy-xm2-tl24112/"
                },
                {
                    "id": "124766",
                    "name": "205/60 R15",
                    "price": 8960,
                    "amount": "4",
                    "quantity": 1,
                    "url": "/catalog/legkovye/20560-r15-91v-michelin-energy-xm2-tl88443/"
                }
            ]
        },
        {
            "id": 135491,
            "isNew": false,
            "EDIT_LINK": null,
            "DELETE_LINK": null,
            "props": [
                {
                    "name": "Ширина",
                    "value": "235 "
                },
                {
                    "name": "Диаметр",
                    "value": "16 "
                }
            ],
            "type": "tires",
            "isPromo": null,
            "amount": 4,
            "season": "Летние",
            "price": 7620,
            "name": "235/60 R16 100H NOKIAN TYRES Nordman S2 SUV TL",
            "sectionId": 7278,
            "sectionName": "Легковые",
            "sectionPath": [
                {
                    "ID": "7278",
                    "NAME": "Легковые"
                },
                {
                    "ID": "7267",
                    "NAME": "Шины"
                }
            ],
            "imgSrc": "/upload/resize_cache/rembg-image/0f6/275_275_1/utmygzre0f8rq57uu9u3c2arl50f332a.png",
            "url": "/catalog/legkovye/23560-r16-100h-nokian-tyres-nordman-s2-suv-tl64257/",
            "promo": [],
            "discountStores": [],
            "externalStores": [],
            "commonStores": [
                {
                    "STORE_ID": "161",
                    "PRODUCT_ID": "135491",
                    "AMOUNT": "4",
                    "PRODUCT_XML_ID": "64257",
                    "STORE_XML_ID": "383",
                    "STORE_NAME": "г. Челябинск, ул. Федорова 2а",
                    "PRICE": "7620.00",
                    "PRICE_ID": "12"
                }
            ],
            "brand": "NOKIAN TYRES",
            "brandCode": "",
            "vendorCode": "T431698",
            "model": "Nordman S2 SUV",
            "raznItems": [
                {
                    "id": "135488",
                    "name": "215/65 R16",
                    "price": 6790,
                    "amount": "8",
                    "quantity": 1,
                    "url": "/catalog/legkovye/21565-r16-98h-nokian-tyres-nordman-s2-suv-tl64260/"
                },
                {
                    "id": "135491",
                    "name": "235/60 R16",
                    "price": 7620,
                    "amount": "4",
                    "quantity": 1,
                    "url": "/catalog/legkovye/23560-r16-100h-nokian-tyres-nordman-s2-suv-tl64257/"
                }
            ]
        },
        {
            "id": 133992,
            "isNew": false,
            "EDIT_LINK": null,
            "DELETE_LINK": null,
            "props": [
                {
                    "name": "Ширина",
                    "value": "225 "
                },
                {
                    "name": "Диаметр",
                    "value": "18 "
                }
            ],
            "type": "tires",
            "isPromo": null,
            "amount": 2,
            "season": "Летние",
            "price": 7630,
            "name": "225/50 R18 99W ROTALLA Setula S-Race RU01 TL",
            "sectionId": 7278,
            "sectionName": "Легковые",
            "sectionPath": [
                {
                    "ID": "7278",
                    "NAME": "Легковые"
                },
                {
                    "ID": "7267",
                    "NAME": "Шины"
                }
            ],
            "imgSrc": "/upload/resize_cache/rembg-image/99f/275_275_1/sc3n620weny953nlckykeczl0cl3zwqs.png",
            "url": "/catalog/legkovye/22550-r18-99w-rotalla-setula-s-race-ru01-tl65786/",
            "promo": [],
            "discountStores": [],
            "externalStores": [],
            "commonStores": [
                {
                    "STORE_ID": "158",
                    "PRODUCT_ID": "133992",
                    "AMOUNT": "2",
                    "PRODUCT_XML_ID": "65786",
                    "STORE_XML_ID": "351",
                    "STORE_NAME": "Оптовый Склад",
                    "PRICE": "7630.00",
                    "PRICE_ID": "9"
                }
            ],
            "brand": "ROTALLA",
            "brandCode": "856",
            "vendorCode": "RTL0890",
            "model": "Setula S-Race RU01",
            "raznItems": [
                {
                    "id": "95971",
                    "name": "215/45 R18",
                    "price": 7260,
                    "amount": "1",
                    "quantity": 1,
                    "url": "/catalog/legkovye/21545-r18-93y-rotalla-setula-s-race-ru01-tl06857/"
                },
                {
                    "id": "119673",
                    "name": "245/50 R18",
                    "price": 9720,
                    "amount": "1",
                    "quantity": 1,
                    "url": "/catalog/legkovye/24550-r18-104w-rotalla-setula-s-race-ru01-tl23595/"
                },
                {
                    "id": "119674",
                    "name": "225/45 R18",
                    "price": 7260,
                    "amount": "3",
                    "quantity": 1,
                    "url": "/catalog/legkovye/22545-r18-95w-rotalla-setula-s-race-ru01-tl23596/"
                },
                {
                    "id": "119675",
                    "name": "235/45 R18",
                    "price": 8490,
                    "amount": "1",
                    "quantity": 1,
                    "url": "/catalog/legkovye/23545-r18-98w-rotalla-setula-s-race-ru01-tl23597/"
                },
                {
                    "id": "119677",
                    "name": "225/40 R18",
                    "price": 6770,
                    "amount": "1",
                    "quantity": 1,
                    "url": "/catalog/legkovye/22540-r18-92w-rotalla-setula-s-race-ru01-tl23599/"
                },
                {
                    "id": "119678",
                    "name": "235/40 R18",
                    "price": 6770,
                    "amount": "2",
                    "quantity": 1,
                    "url": "/catalog/legkovye/23540-r18-95y-rotalla-setula-s-race-ru01-tl23600/"
                },
                {
                    "id": "119679",
                    "name": "245/40 R18",
                    "price": 7260,
                    "amount": "1",
                    "quantity": 1,
                    "url": "/catalog/legkovye/24540-r18-97w-rotalla-setula-s-race-ru01-tl23601/"
                },
                {
                    "id": "133992",
                    "name": "225/50 R18",
                    "price": 7630,
                    "amount": "2",
                    "quantity": 1,
                    "url": "/catalog/legkovye/22550-r18-99w-rotalla-setula-s-race-ru01-tl65786/"
                },
                {
                    "id": "133993",
                    "name": "215/55 R18",
                    "price": 6770,
                    "amount": "2",
                    "quantity": 1,
                    "url": "/catalog/legkovye/21555-r18-99v-rotalla-setula-s-race-ru01-tl65784/"
                },
                {
                    "id": "133994",
                    "name": "265/35 R18",
                    "price": 9230,
                    "amount": "1",
                    "quantity": 1,
                    "url": "/catalog/legkovye/26535-r18-97w-rotalla-setula-s-race-ru01-tl65783/"
                }
            ]
        },
        {
            "id": 121461,
            "isNew": false,
            "EDIT_LINK": null,
            "DELETE_LINK": null,
            "props": [
                {
                    "name": "Ширина",
                    "value": "225 "
                },
                {
                    "name": "Диаметр",
                    "value": "17 "
                }
            ],
            "type": "tires",
            "isPromo": null,
            "amount": 1,
            "season": "Летние",
            "price": 7630,
            "name": "225/50 R17 98V TIGAR All Season TL",
            "sectionId": 7278,
            "sectionName": "Легковые",
            "sectionPath": [
                {
                    "ID": "7278",
                    "NAME": "Легковые"
                },
                {
                    "ID": "7267",
                    "NAME": "Шины"
                }
            ],
            "imgSrc": "/upload/resize_cache/rembg-image/830/275_275_1/dlhbkpul758finar3nx6rlo9nn5o1sg5.png",
            "url": "/catalog/legkovye/22550-r17-98v-tigar-all-season-tl93098/",
            "promo": [],
            "discountStores": [],
            "externalStores": [],
            "commonStores": [
                {
                    "STORE_ID": "158",
                    "PRODUCT_ID": "121461",
                    "AMOUNT": "1",
                    "PRODUCT_XML_ID": "93098",
                    "STORE_XML_ID": "351",
                    "STORE_NAME": "Оптовый Склад",
                    "PRICE": "7630.00",
                    "PRICE_ID": "9"
                }
            ],
            "brand": "TIGAR",
            "brandCode": "275",
            "vendorCode": "12484",
            "model": "All Season",
            "raznItems": [
                {
                    "id": "121461",
                    "name": "225/50 R17",
                    "price": 7630,
                    "amount": "1",
                    "quantity": 1,
                    "url": "/catalog/legkovye/22550-r17-98v-tigar-all-season-tl93098/"
                }
            ]
        },
        {
            "id": 119666,
            "isNew": false,
            "EDIT_LINK": null,
            "DELETE_LINK": null,
            "props": [
                {
                    "name": "Ширина",
                    "value": "215 "
                },
                {
                    "name": "Диаметр",
                    "value": "17 "
                }
            ],
            "type": "tires",
            "isPromo": null,
            "amount": 4,
            "season": "Летние",
            "price": 7630,
            "name": "215/60 R17 100H ROTALLA Enjoyland H/T RF10 TL",
            "sectionId": 7278,
            "sectionName": "Легковые",
            "sectionPath": [
                {
                    "ID": "7278",
                    "NAME": "Легковые"
                },
                {
                    "ID": "7267",
                    "NAME": "Шины"
                }
            ],
            "imgSrc": "/upload/resize_cache/rembg-image/97b/275_275_1/kqgr6mhvq1unbck463e4ihn4jhk2wvb3.png",
            "url": "/catalog/legkovye/21560-r17-100h-rotalla-enjoyland-ht-rf10-tl23587/",
            "promo": [],
            "discountStores": [],
            "externalStores": [],
            "commonStores": [
                {
                    "STORE_ID": "168",
                    "PRODUCT_ID": "119666",
                    "AMOUNT": "4",
                    "PRODUCT_XML_ID": "23587",
                    "STORE_XML_ID": "391",
                    "STORE_NAME": "г. Челябинск, ул. Бр.Кашириных, 93б",
                    "PRICE": "7630.00",
                    "PRICE_ID": "19"
                }
            ],
            "brand": "ROTALLA",
            "brandCode": "856",
            "vendorCode": "RTL0696",
            "model": "Enjoyland H/T RF10",
            "raznItems": [
                {
                    "id": "95962",
                    "name": "285/65 R17",
                    "price": 12050,
                    "amount": "1",
                    "quantity": 1,
                    "url": "/catalog/legkovye/28565-r17-116h-rotalla-enjoyland-ht-rf10-tl06730/"
                },
                {
                    "id": "119666",
                    "name": "215/60 R17",
                    "price": 7630,
                    "amount": "4",
                    "quantity": 1,
                    "url": "/catalog/legkovye/21560-r17-100h-rotalla-enjoyland-ht-rf10-tl23587/"
                },
                {
                    "id": "119667",
                    "name": "225/60 R17",
                    "price": 8590,
                    "amount": "2",
                    "quantity": 1,
                    "url": "/catalog/legkovye/22560-r17-99h-rotalla-enjoyland-ht-rf10-tl23588/"
                }
            ]
        },
        {
            "id": 114323,
            "isNew": false,
            "EDIT_LINK": null,
            "DELETE_LINK": null,
            "props": [
                {
                    "name": "Ширина",
                    "value": "245 "
                },
                {
                    "name": "Диаметр",
                    "value": "17 "
                }
            ],
            "type": "tires",
            "isPromo": null,
            "amount": 2,
            "season": "Летние",
            "price": 7650,
            "name": "245/45 R17 99W TIGAR Ultra High Performance TL",
            "sectionId": 7278,
            "sectionName": "Легковые",
            "sectionPath": [
                {
                    "ID": "7278",
                    "NAME": "Легковые"
                },
                {
                    "ID": "7267",
                    "NAME": "Шины"
                }
            ],
            "imgSrc": "/upload/resize_cache/rembg-image/2d3/275_275_1/ho9xuiqm43by8hrpj8peo4n1h0z1ci20.png",
            "url": "/catalog/legkovye/24545-r17-99w-tigar-ultra-high-performance-tl10117/",
            "promo": [],
            "discountStores": [
                {
                    "STORE_ID": "196",
                    "PRODUCT_ID": "114323",
                    "AMOUNT": "1",
                    "PRODUCT_XML_ID": "10117",
                    "STORE_XML_ID": "617",
                    "STORE_NAME": "Остатки 2018",
                    "PRICE": "3000.00",
                    "PRICE_ID": "99"
                }
            ],
            "externalStores": [],
            "commonStores": [
                {
                    "STORE_ID": "158",
                    "PRODUCT_ID": "114323",
                    "AMOUNT": "2",
                    "PRODUCT_XML_ID": "10117",
                    "STORE_XML_ID": "351",
                    "STORE_NAME": "Оптовый Склад",
                    "PRICE": "7650.00",
                    "PRICE_ID": "9"
                }
            ],
            "brand": "TIGAR",
            "brandCode": "275",
            "vendorCode": "45979",
            "model": "Ultra High Performance",
            "raznItems": [
                {
                    "id": "104145",
                    "name": "235/45 R17",
                    "price": 7390,
                    "amount": "4",
                    "quantity": 1,
                    "url": "/catalog/legkovye/23545-r17-94w-tigar-ultra-high-performance-tl91532/"
                },
                {
                    "id": "114323",
                    "name": "245/45 R17",
                    "price": 7650,
                    "amount": "1",
                    "quantity": 1,
                    "url": "/catalog/legkovye/24545-r17-99w-tigar-ultra-high-performance-tl10117/"
                },
                {
                    "id": "114328",
                    "name": "245/40 R17",
                    "price": 9750,
                    "amount": "22",
                    "quantity": 1,
                    "url": "/catalog/legkovye/24540-r17-95w-tigar-ultra-high-performance-tl10122/"
                }
            ]
        },
        {
            "id": 90128,
            "isNew": false,
            "EDIT_LINK": null,
            "DELETE_LINK": null,
            "props": [
                {
                    "name": "Ширина",
                    "value": "215 "
                },
                {
                    "name": "Диаметр",
                    "value": "15C "
                }
            ],
            "type": "tires",
            "isPromo": null,
            "amount": 10,
            "season": "Летние",
            "price": 7670,
            "name": "215/90 R15 99K КАМА Я-245-1",
            "sectionId": 7278,
            "sectionName": "Легковые",
            "sectionPath": [
                {
                    "ID": "7278",
                    "NAME": "Легковые"
                },
                {
                    "ID": "7267",
                    "NAME": "Шины"
                }
            ],
            "imgSrc": "/upload/resize_cache/rembg-image/bf1/275_275_1/xk5342f2ha9h1xu9wv4ft71h0b19ncf5.png",
            "url": "/catalog/legkovye/21590-r15-99k-kama-ya-245-100453/",
            "promo": [],
            "discountStores": [],
            "externalStores": [],
            "commonStores": [
                {
                    "STORE_ID": "158",
                    "PRODUCT_ID": "90128",
                    "AMOUNT": "10",
                    "PRODUCT_XML_ID": "00453",
                    "STORE_XML_ID": "351",
                    "STORE_NAME": "Оптовый Склад",
                    "PRICE": "7670.00",
                    "PRICE_ID": "9"
                }
            ],
            "brand": "КАМА",
            "brandCode": "420",
            "vendorCode": "1230001",
            "model": "Я-245-1",
            "raznItems": [
                {
                    "id": "90128",
                    "name": "215/90 R15C",
                    "price": 7670,
                    "amount": "10",
                    "quantity": 1,
                    "url": "/catalog/legkovye/21590-r15-99k-kama-ya-245-100453/"
                }
            ]
        },
        {
            "id": 158114,
            "isNew": false,
            "EDIT_LINK": null,
            "DELETE_LINK": null,
            "props": [
                {
                    "name": "Ширина",
                    "value": "185 "
                },
                {
                    "name": "Диаметр",
                    "value": "15 "
                }
            ],
            "type": "tires",
            "isPromo": null,
            "amount": 1,
            "season": "Летние",
            "price": 7710,
            "name": "185/65 R15 92V MICHELIN CrossClimate 2 TL",
            "sectionId": 7278,
            "sectionName": "Легковые",
            "sectionPath": [
                {
                    "ID": "7278",
                    "NAME": "Легковые"
                },
                {
                    "ID": "7267",
                    "NAME": "Шины"
                }
            ],
            "imgSrc": "/upload/resize_cache/rembg-image/34a/275_275_1/2xrvx0bc3uqfp2zawwbfsttoabpv5x9g.png",
            "url": "/catalog/legkovye/18565-r15-92v-michelin-crossclimate-2-tl30241/",
            "promo": [],
            "discountStores": [],
            "externalStores": [],
            "commonStores": [
                {
                    "STORE_ID": "158",
                    "PRODUCT_ID": "158114",
                    "AMOUNT": "1",
                    "PRODUCT_XML_ID": "FORTOCHKI_541975",
                    "STORE_XML_ID": "351",
                    "STORE_NAME": "Оптовый Склад",
                    "PRICE": "7710.00",
                    "PRICE_ID": "9"
                }
            ],
            "brand": "MICHELIN",
            "brandCode": "",
            "vendorCode": "541975",
            "model": "CrossClimate 2",
            "raznItems": [
                {
                    "id": "158113",
                    "name": "195/65 R15",
                    "price": 7110,
                    "amount": "7",
                    "quantity": 1,
                    "url": "/catalog/legkovye/19565r15-95v-xl-crossclimate-2-tl/"
                },
                {
                    "id": "158114",
                    "name": "185/65 R15",
                    "price": 7710,
                    "amount": "1",
                    "quantity": 1,
                    "url": "/catalog/legkovye/18565-r15-92v-michelin-crossclimate-2-tl30241/"
                }
            ]
        },
        {
            "id": 145825,
            "isNew": false,
            "EDIT_LINK": null,
            "DELETE_LINK": null,
            "props": [
                {
                    "name": "Ширина",
                    "value": "9.5 "
                },
                {
                    "name": "Диаметр",
                    "value": "15 "
                }
            ],
            "type": "tires",
            "isPromo": null,
            "amount": 8,
            "season": "Летние",
            "price": 7740,
            "name": "9.5/ R15 104S TRIANGLE TR292 TL",
            "sectionId": 7278,
            "sectionName": "Легковые",
            "sectionPath": [
                {
                    "ID": "7278",
                    "NAME": "Легковые"
                },
                {
                    "ID": "7267",
                    "NAME": "Шины"
                }
            ],
            "imgSrc": "/upload/resize_cache/rembg-image/f89/275_275_1/qkuxp5r97y54ot3wn2bn7olaajwd17bq.png",
            "url": "/catalog/legkovye/lt30x95r15-104s-tr292-tl-pr6/",
            "promo": [],
            "discountStores": [],
            "externalStores": [],
            "commonStores": [],
            "brand": "TRIANGLE",
            "brandCode": "",
            "vendorCode": "CTS228122",
            "model": "AgileX A/T TR292",
            "raznItems": [
                {
                    "id": "145825",
                    "name": "9.5 R15",
                    "price": 7740,
                    "amount": "8",
                    "quantity": 1,
                    "url": "/catalog/legkovye/lt30x95r15-104s-tr292-tl-pr6/"
                }
            ]
        },
        {
            "id": 117757,
            "isNew": false,
            "EDIT_LINK": null,
            "DELETE_LINK": null,
            "props": [
                {
                    "name": "Ширина",
                    "value": "255 "
                },
                {
                    "name": "Диаметр",
                    "value": "19 "
                }
            ],
            "type": "tires",
            "isPromo": null,
            "amount": 1,
            "season": "Летние",
            "price": 7740,
            "name": "255/50 R19 107W VIATTI Bosco H/T (V-238) TL",
            "sectionId": 7278,
            "sectionName": "Легковые",
            "sectionPath": [
                {
                    "ID": "7278",
                    "NAME": "Легковые"
                },
                {
                    "ID": "7267",
                    "NAME": "Шины"
                }
            ],
            "imgSrc": "/upload/resize_cache/rembg-image/ba8/275_275_1/q2qrydupw0qvkobicm1ez6ip8kwv0k1q.png",
            "url": "/catalog/legkovye/25550-r19-107w-viatti-bosco-ht-v-238-tl21047/",
            "promo": [],
            "discountStores": [],
            "externalStores": [],
            "commonStores": [
                {
                    "STORE_ID": "158",
                    "PRODUCT_ID": "117757",
                    "AMOUNT": "1",
                    "PRODUCT_XML_ID": "21047",
                    "STORE_XML_ID": "351",
                    "STORE_NAME": "Оптовый Склад",
                    "PRICE": "7740.00",
                    "PRICE_ID": "9"
                }
            ],
            "brand": "VIATTI",
            "brandCode": "389",
            "vendorCode": "3110071",
            "model": "Bosco H/T (V-238)",
            "raznItems": [
                {
                    "id": "117757",
                    "name": "255/50 R19",
                    "price": 7740,
                    "amount": "1",
                    "quantity": 1,
                    "url": "/catalog/legkovye/25550-r19-107w-viatti-bosco-ht-v-238-tl21047/"
                }
            ]
        },
        {
            "id": 102396,
            "isNew": false,
            "EDIT_LINK": null,
            "DELETE_LINK": null,
            "props": [
                {
                    "name": "Ширина",
                    "value": "215 "
                },
                {
                    "name": "Диаметр",
                    "value": "16 "
                }
            ],
            "type": "tires",
            "isPromo": null,
            "amount": 2,
            "season": "Летние",
            "price": 6130,
            "name": "215/60 R16 99V CORDIANT Sport 3 TL",
            "sectionId": 7278,
            "sectionName": "Легковые",
            "sectionPath": [
                {
                    "ID": "7278",
                    "NAME": "Легковые"
                },
                {
                    "ID": "7267",
                    "NAME": "Шины"
                }
            ],
            "imgSrc": "/upload/resize_cache/rembg-image/b04/275_275_1/18lezck5et2ra9hbcniruka4mowm68s6.png",
            "url": "/catalog/legkovye/21560-r16-99v-cordiant-sport-3-tl73333/",
            "promo": [],
            "discountStores": [],
            "externalStores": [],
            "commonStores": [
                {
                    "STORE_ID": "158",
                    "PRODUCT_ID": "102396",
                    "AMOUNT": "2",
                    "PRODUCT_XML_ID": "73333",
                    "STORE_XML_ID": "351",
                    "STORE_NAME": "Оптовый Склад",
                    "PRICE": "6130.00",
                    "PRICE_ID": "9"
                }
            ],
            "brand": "CORDIANT",
            "brandCode": "403",
            "vendorCode": "686085135",
            "model": "Sport 3",
            "raznItems": [
                {
                    "id": "93689",
                    "name": "205/65 R16",
                    "price": 6230,
                    "amount": "4",
                    "quantity": 1,
                    "url": "/catalog/legkovye/20565-r16-95v-cordiant-sport-3-tl42550/"
                },
                {
                    "id": "93690",
                    "name": "215/55 R16",
                    "price": 6450,
                    "amount": "46",
                    "quantity": 1,
                    "url": "/catalog/legkovye/21555-r16-93v-cordiant-sport-3-tl42551/"
                },
                {
                    "id": "93691",
                    "name": "225/55 R16",
                    "price": 7550,
                    "amount": "1",
                    "quantity": 1,
                    "url": "/catalog/legkovye/22555-r16-95v-cordiant-sport-3-tl42552/"
                },
                {
                    "id": "102396",
                    "name": "215/60 R16",
                    "price": 6130,
                    "amount": "2",
                    "quantity": 1,
                    "url": "/catalog/legkovye/21560-r16-99v-cordiant-sport-3-tl73333/"
                },
                {
                    "id": "102398",
                    "name": "215/65 R16",
                    "price": 6480,
                    "amount": "4",
                    "quantity": 1,
                    "url": "/catalog/legkovye/21565-r16-102v-cordiant-sport-3-tl73335/"
                }
            ]
        },
        {
            "id": 160500,
            "isNew": false,
            "EDIT_LINK": null,
            "DELETE_LINK": null,
            "props": [
                {
                    "name": "Ширина",
                    "value": "225 "
                },
                {
                    "name": "Диаметр",
                    "value": "19 "
                }
            ],
            "type": "tires",
            "isPromo": null,
            "amount": 2,
            "season": "Летние",
            "price": 7800,
            "name": "225/35 R19 88Y SAILUN Atrezzo ZSR TL",
            "sectionId": 7278,
            "sectionName": "Легковые",
            "sectionPath": [
                {
                    "ID": "7278",
                    "NAME": "Легковые"
                },
                {
                    "ID": "7267",
                    "NAME": "Шины"
                }
            ],
            "imgSrc": "/upload/resize_cache/rembg-image/a0a/275_275_1/65vg86klxjpt62h2o7zwg8efjmdpf255.png",
            "url": "/catalog/legkovye/22535r19-88y-xl-atrezzo-zsr-tl/",
            "promo": [],
            "discountStores": [],
            "externalStores": [],
            "commonStores": [],
            "brand": "SAILUN",
            "brandCode": "",
            "vendorCode": "3220010142",
            "model": "Atrezzo ZSR",
            "raznItems": [
                {
                    "id": "156110",
                    "name": "245/40 R19",
                    "price": 11560,
                    "amount": "45",
                    "quantity": 1,
                    "url": "/catalog/legkovye/24540-r19-98y-sailun-atrezzo-zsr-tl25001/"
                },
                {
                    "id": "160500",
                    "name": "225/35 R19",
                    "price": 7800,
                    "amount": "2",
                    "quantity": 1,
                    "url": "/catalog/legkovye/22535r19-88y-xl-atrezzo-zsr-tl/"
                }
            ]
        }
    ],
    "filter": {
        "0": {
            "LOGIC": "OR",
            ">STORE_AMOUNT_156": 0,
            ">STORE_AMOUNT_158": 0,
            ">STORE_AMOUNT_159": 0,
            ">STORE_AMOUNT_160": 0,
            ">STORE_AMOUNT_161": 0,
            ">STORE_AMOUNT_164": 0,
            ">STORE_AMOUNT_165": 0,
            ">STORE_AMOUNT_168": 0,
            ">STORE_AMOUNT_169": 0,
            ">STORE_AMOUNT_174": 0,
            ">STORE_AMOUNT_180": 0,
            ">STORE_AMOUNT_184": 0,
            ">STORE_AMOUNT_185": 0,
            ">STORE_AMOUNT_191": 0,
            ">STORE_AMOUNT_192": 0,
            ">STORE_AMOUNT_194": 0,
            ">STORE_AMOUNT_6087": 0
        },
        "1": {
            "LOGIC": "OR",
            ">CATALOG_CATALOG_GROUP_ID_33": 0,
            ">CATALOG_CATALOG_GROUP_ID_90": 0,
            ">CATALOG_CATALOG_GROUP_ID_96": 0,
            ">CATALOG_CATALOG_GROUP_ID_97": 0,
            ">CATALOG_CATALOG_GROUP_ID_98": 0
        },
        "2": {
            "LOGIC": "OR",
            ">STORE_AMOUNT_156": 0,
            ">STORE_AMOUNT_158": 0,
            ">STORE_AMOUNT_159": 0,
            ">STORE_AMOUNT_160": 0,
            ">STORE_AMOUNT_161": 0,
            ">STORE_AMOUNT_164": 0,
            ">STORE_AMOUNT_165": 0,
            ">STORE_AMOUNT_168": 0,
            ">STORE_AMOUNT_169": 0,
            ">STORE_AMOUNT_174": 0,
            ">STORE_AMOUNT_180": 0,
            ">STORE_AMOUNT_184": 0,
            ">STORE_AMOUNT_185": 0,
            ">STORE_AMOUNT_191": 0,
            ">STORE_AMOUNT_192": 0,
            ">STORE_AMOUNT_194": 0,
            ">STORE_AMOUNT_6087": 0
        },
        "3": {
            "LOGIC": "OR",
            ">CATALOG_CATALOG_GROUP_ID_33": 0,
            ">CATALOG_CATALOG_GROUP_ID_90": 0,
            ">CATALOG_CATALOG_GROUP_ID_96": 0,
            ">CATALOG_CATALOG_GROUP_ID_97": 0,
            ">CATALOG_CATALOG_GROUP_ID_98": 0
        },
        "=PROPERTY_458": [
            "154"
        ]
    },
    "promo": {
        "id": "165954",
        "url": "/promo/shiny-v-rassrochku/",
        "name": "Покупки в рассрочку",
        "text": "Теперь вы можете купить зимние шины, или диски в рассрочку быстро и легко: без первоначального взноса и без переплаты!",
        "imgSrc": "/upload/resize_cache/iblock/356/1075_613_1/8iiw8xmv2bzky9euo9mn57dqx6dk3xa9.jpg",
        "videoSrc": null
    },
    "promoFilter": {
        "IBLOCK_ID": 10,
        "ACTIVE": "Y",
        "=PROPERTY_SECTION": 206,
        "=PROPERTY_CATALOG_SEASON": [
            false,
            204
        ],
        "=PROPERTY_CATALOG_BRAND": [
            false
        ]
    },
    "navNum": 1,
    "pagesCount": 111,
    "pageNum": 27
}