{
    "pageUrl": "/catalog/legkovye/?arCatalogFilter_458_1500340406=Y&set_filter=Y&sort%5Brecommendations%5D=asc&PAGEN_1=28",
    "items": [
        {
            "id": 102398,
            "isNew": false,
            "EDIT_LINK": null,
            "DELETE_LINK": null,
            "props": [
                {
                    "name": "Ширина",
                    "value": "215 "
                },
                {
                    "name": "Диаметр",
                    "value": "16 "
                }
            ],
            "type": "tires",
            "isPromo": null,
            "amount": 44,
            "season": "Летние",
            "price": 6480,
            "name": "215/65 R16 102V CORDIANT Sport 3 TL",
            "sectionId": 7278,
            "sectionName": "Легковые",
            "sectionPath": [
                {
                    "ID": "7278",
                    "NAME": "Легковые"
                },
                {
                    "ID": "7267",
                    "NAME": "Шины"
                }
            ],
            "imgSrc": "/upload/resize_cache/rembg-image/f00/275_275_1/2h32gmkvctwv702izx27he4cbcyboebd.png",
            "url": "/catalog/legkovye/21565-r16-102v-cordiant-sport-3-tl73335/",
            "promo": [],
            "discountStores": [],
            "externalStores": [],
            "commonStores": [
                {
                    "STORE_ID": "158",
                    "PRODUCT_ID": "102398",
                    "AMOUNT": "40",
                    "PRODUCT_XML_ID": "73335",
                    "STORE_XML_ID": "351",
                    "STORE_NAME": "Оптовый Склад",
                    "PRICE": "6480.00",
                    "PRICE_ID": "9"
                },
                {
                    "STORE_ID": "161",
                    "PRODUCT_ID": "102398",
                    "AMOUNT": "4",
                    "PRODUCT_XML_ID": "73335",
                    "STORE_XML_ID": "383",
                    "STORE_NAME": "г. Челябинск, ул. Федорова 2а",
                    "PRICE": "6480.00",
                    "PRICE_ID": "12"
                }
            ],
            "brand": "CORDIANT",
            "brandCode": "403",
            "vendorCode": "686085092",
            "model": "Sport 3",
            "raznItems": [
                {
                    "id": "93689",
                    "name": "205/65 R16",
                    "price": 6230,
                    "amount": "4",
                    "quantity": 1,
                    "url": "/catalog/legkovye/20565-r16-95v-cordiant-sport-3-tl42550/"
                },
                {
                    "id": "93690",
                    "name": "215/55 R16",
                    "price": 6450,
                    "amount": "46",
                    "quantity": 1,
                    "url": "/catalog/legkovye/21555-r16-93v-cordiant-sport-3-tl42551/"
                },
                {
                    "id": "93691",
                    "name": "225/55 R16",
                    "price": 7550,
                    "amount": "1",
                    "quantity": 1,
                    "url": "/catalog/legkovye/22555-r16-95v-cordiant-sport-3-tl42552/"
                },
                {
                    "id": "102396",
                    "name": "215/60 R16",
                    "price": 6130,
                    "amount": "2",
                    "quantity": 1,
                    "url": "/catalog/legkovye/21560-r16-99v-cordiant-sport-3-tl73333/"
                },
                {
                    "id": "102398",
                    "name": "215/65 R16",
                    "price": 6480,
                    "amount": "4",
                    "quantity": 1,
                    "url": "/catalog/legkovye/21565-r16-102v-cordiant-sport-3-tl73335/"
                }
            ]
        },
        {
            "id": 101253,
            "isNew": false,
            "EDIT_LINK": null,
            "DELETE_LINK": null,
            "props": [
                {
                    "name": "Ширина",
                    "value": "225 "
                },
                {
                    "name": "Диаметр",
                    "value": "17 "
                }
            ],
            "type": "tires",
            "isPromo": null,
            "amount": 6,
            "season": "Летние",
            "price": 6650,
            "name": "225/45 R17 94V CORDIANT Sport 3 TL",
            "sectionId": 7278,
            "sectionName": "Легковые",
            "sectionPath": [
                {
                    "ID": "7278",
                    "NAME": "Легковые"
                },
                {
                    "ID": "7267",
                    "NAME": "Шины"
                }
            ],
            "imgSrc": "/upload/resize_cache/rembg-image/6fc/275_275_1/yx52ws4x48249i9gfvhsii6i36nk72jx.png",
            "url": "/catalog/legkovye/22545-r17-94v-cordiant-sport-3-tl63497/",
            "promo": [],
            "discountStores": [],
            "externalStores": [],
            "commonStores": [
                {
                    "STORE_ID": "156",
                    "PRODUCT_ID": "101253",
                    "AMOUNT": "4",
                    "PRODUCT_XML_ID": "63497",
                    "STORE_XML_ID": "419",
                    "STORE_NAME": "г. Челябинск, Свердловский тракт, 12б",
                    "PRICE": "6650.00",
                    "PRICE_ID": "7"
                },
                {
                    "STORE_ID": "158",
                    "PRODUCT_ID": "101253",
                    "AMOUNT": "2",
                    "PRODUCT_XML_ID": "63497",
                    "STORE_XML_ID": "351",
                    "STORE_NAME": "Оптовый Склад",
                    "PRICE": "6650.00",
                    "PRICE_ID": "9"
                }
            ],
            "brand": "CORDIANT",
            "brandCode": "403",
            "vendorCode": "1358810554",
            "model": "Sport 3",
            "raznItems": [
                {
                    "id": "101252",
                    "name": "215/55 R17",
                    "price": 7000,
                    "amount": "47",
                    "quantity": 1,
                    "url": "/catalog/legkovye/21555-r17-98v-cordiant-sport-3-tl63496/"
                },
                {
                    "id": "101253",
                    "name": "225/45 R17",
                    "price": 6650,
                    "amount": "2",
                    "quantity": 1,
                    "url": "/catalog/legkovye/22545-r17-94v-cordiant-sport-3-tl63497/"
                },
                {
                    "id": "101254",
                    "name": "225/50 R17",
                    "price": 7850,
                    "amount": "4",
                    "quantity": 1,
                    "url": "/catalog/legkovye/22550-r17-98v-cordiant-sport-3-tl63498/"
                },
                {
                    "id": "101256",
                    "name": "235/65 R17",
                    "price": 7790,
                    "amount": "4",
                    "quantity": 1,
                    "url": "/catalog/legkovye/23565-r17-108h-cordiant-sport-3-tl63502/"
                }
            ]
        },
        {
            "id": 155355,
            "isNew": false,
            "EDIT_LINK": null,
            "DELETE_LINK": null,
            "props": [
                {
                    "name": "Ширина",
                    "value": "205 "
                },
                {
                    "name": "Диаметр",
                    "value": "15 "
                }
            ],
            "type": "tires",
            "isPromo": null,
            "amount": 5,
            "season": "Летние",
            "price": 5980,
            "name": "205/70 R15 96T NOKIAN TYRES Nordman SX 3 TL",
            "sectionId": 7278,
            "sectionName": "Легковые",
            "sectionPath": [
                {
                    "ID": "7278",
                    "NAME": "Легковые"
                },
                {
                    "ID": "7267",
                    "NAME": "Шины"
                }
            ],
            "imgSrc": "/upload/resize_cache/rembg-image/abf/275_275_1/3e75j5hq6jlj2z9yjyjfx1xye9ua1gcr.png",
            "url": "/catalog/legkovye/20570-r15-96t-nokian-tyres-nordman-sx-3-tl22821/",
            "promo": [],
            "discountStores": [],
            "externalStores": [],
            "commonStores": [
                {
                    "STORE_ID": "158",
                    "PRODUCT_ID": "155355",
                    "AMOUNT": "1",
                    "PRODUCT_XML_ID": "22821",
                    "STORE_XML_ID": "351",
                    "STORE_NAME": "Оптовый Склад",
                    "PRICE": "5980.00",
                    "PRICE_ID": "9"
                },
                {
                    "STORE_ID": "159",
                    "PRODUCT_ID": "155355",
                    "AMOUNT": "4",
                    "PRODUCT_XML_ID": "22821",
                    "STORE_XML_ID": "387",
                    "STORE_NAME": "г. Челябинск, ул. Бр.Кашириных, 134б",
                    "PRICE": "5980.00",
                    "PRICE_ID": "10"
                }
            ],
            "brand": "NOKIAN TYRES",
            "brandCode": "277",
            "vendorCode": "T432331",
            "model": "Nordman SX 3",
            "raznItems": [
                {
                    "id": "155350",
                    "name": "185/65 R15",
                    "price": 3850,
                    "amount": "20",
                    "quantity": 1,
                    "url": "/catalog/legkovye/18565-r15-88h-nokian-tyres-nordman-sx-3-tl22521/"
                },
                {
                    "id": "155355",
                    "name": "205/70 R15",
                    "price": 5980,
                    "amount": "4",
                    "quantity": 1,
                    "url": "/catalog/legkovye/20570-r15-96t-nokian-tyres-nordman-sx-3-tl22821/"
                }
            ]
        },
        {
            "id": 101788,
            "isNew": false,
            "EDIT_LINK": null,
            "DELETE_LINK": null,
            "props": [
                {
                    "name": "Ширина",
                    "value": "215 "
                },
                {
                    "name": "Диаметр",
                    "value": "17 "
                }
            ],
            "type": "tires",
            "isPromo": null,
            "amount": 1,
            "season": "Летние",
            "price": 5740,
            "name": "215/60 R17 96H VIATTI Bosco A/T (V-237) TL",
            "sectionId": 7278,
            "sectionName": "Легковые",
            "sectionPath": [
                {
                    "ID": "7278",
                    "NAME": "Легковые"
                },
                {
                    "ID": "7267",
                    "NAME": "Шины"
                }
            ],
            "imgSrc": "/upload/resize_cache/rembg-image/39b/275_275_1/wlk8yf7p47ngsz7gaetqtym3ve1osrg5.png",
            "url": "/catalog/legkovye/21560-r17-96h-viatti-bosco-at-v-237-tl68892/",
            "promo": [],
            "discountStores": [],
            "externalStores": [],
            "commonStores": [
                {
                    "STORE_ID": "158",
                    "PRODUCT_ID": "101788",
                    "AMOUNT": "1",
                    "PRODUCT_XML_ID": "68892",
                    "STORE_XML_ID": "351",
                    "STORE_NAME": "Оптовый Склад",
                    "PRICE": "5740.00",
                    "PRICE_ID": "9"
                }
            ],
            "brand": "VIATTI",
            "brandCode": "",
            "vendorCode": "3110042",
            "model": "Bosco A/T V-237",
            "raznItems": [
                {
                    "id": "91895",
                    "name": "225/65 R17",
                    "price": 5570,
                    "amount": "4",
                    "quantity": 1,
                    "url": "/catalog/legkovye/22565-r17-102h-viatti-bosco-at-v-237-tl86475/"
                },
                {
                    "id": "100065",
                    "name": "215/55 R17",
                    "price": 5460,
                    "amount": "3",
                    "quantity": 1,
                    "url": "/catalog/legkovye/21555-r17-94v-viatti-bosco-at-v-237-tl55730/"
                },
                {
                    "id": "100066",
                    "name": "225/60 R17",
                    "price": 6120,
                    "amount": "4",
                    "quantity": 1,
                    "url": "/catalog/legkovye/22560-r17-99h-viatti-bosco-at-v-237-tl55731/"
                },
                {
                    "id": "100067",
                    "name": "265/65 R17",
                    "price": 7260,
                    "amount": "4",
                    "quantity": 1,
                    "url": "/catalog/legkovye/26565-r17-112h-viatti-bosco-at-v-237-tl55732/"
                },
                {
                    "id": "101788",
                    "name": "215/60 R17",
                    "price": 5740,
                    "amount": "1",
                    "quantity": 1,
                    "url": "/catalog/legkovye/21560-r17-96h-viatti-bosco-at-v-237-tl68892/"
                }
            ]
        },
        {
            "id": 96812,
            "isNew": false,
            "EDIT_LINK": null,
            "DELETE_LINK": null,
            "props": [
                {
                    "name": "Ширина",
                    "value": "205 "
                },
                {
                    "name": "Диаметр",
                    "value": "16 "
                }
            ],
            "type": "tires",
            "isPromo": null,
            "amount": 8,
            "season": "Летние",
            "price": 7920,
            "name": "205/55 R16 91V MICHELIN Primacy 4  TL",
            "sectionId": 7278,
            "sectionName": "Легковые",
            "sectionPath": [
                {
                    "ID": "7278",
                    "NAME": "Легковые"
                },
                {
                    "ID": "7267",
                    "NAME": "Шины"
                }
            ],
            "imgSrc": "/upload/resize_cache/rembg-image/952/275_275_1/dxny171tywjufrgbs4pypporrhrwvg56.png",
            "url": "/catalog/legkovye/20555-r16-91v-michelin-primacy-4-tl19823/",
            "promo": [],
            "discountStores": [],
            "externalStores": [],
            "commonStores": [
                {
                    "STORE_ID": "160",
                    "PRODUCT_ID": "96812",
                    "AMOUNT": "4",
                    "PRODUCT_XML_ID": "19823",
                    "STORE_XML_ID": "407",
                    "STORE_NAME": "г. Челябинск, ул. Пионерская, 4",
                    "PRICE": "7920.00",
                    "PRICE_ID": "11"
                },
                {
                    "STORE_ID": "168",
                    "PRODUCT_ID": "96812",
                    "AMOUNT": "4",
                    "PRODUCT_XML_ID": "19823",
                    "STORE_XML_ID": "391",
                    "STORE_NAME": "г. Челябинск, ул. Бр.Кашириных, 93б",
                    "PRICE": "7920.00",
                    "PRICE_ID": "19"
                }
            ],
            "brand": "MICHELIN",
            "brandCode": "",
            "vendorCode": "444057",
            "model": "Primacy 4 ",
            "raznItems": [
                {
                    "id": "96812",
                    "name": "205/55 R16",
                    "price": 7920,
                    "amount": "4",
                    "quantity": 1,
                    "url": "/catalog/legkovye/20555-r16-91v-michelin-primacy-4-tl19823/"
                },
                {
                    "id": "96816",
                    "name": "205/60 R16",
                    "price": 10470,
                    "amount": "4",
                    "quantity": 1,
                    "url": "/catalog/legkovye/20560-r16-92h-michelin-primacy-4-tl19835/"
                },
                {
                    "id": "96817",
                    "name": "215/60 R16",
                    "price": 13430,
                    "amount": "4",
                    "quantity": 1,
                    "url": "/catalog/legkovye/21560-r16-99v-michelin-primacy-4-tl19837/"
                }
            ]
        },
        {
            "id": 168370,
            "isNew": false,
            "EDIT_LINK": null,
            "DELETE_LINK": null,
            "props": [
                {
                    "name": "Ширина",
                    "value": "265 "
                },
                {
                    "name": "Диаметр",
                    "value": "17 "
                }
            ],
            "type": "tires",
            "isPromo": null,
            "amount": 28,
            "season": "Летние",
            "price": 7930,
            "name": "265/65 R17 112T HiFly Vigorous AT601 TL",
            "sectionId": 7278,
            "sectionName": "Легковые",
            "sectionPath": [
                {
                    "ID": "7278",
                    "NAME": "Легковые"
                },
                {
                    "ID": "7267",
                    "NAME": "Шины"
                }
            ],
            "imgSrc": "/upload/resize_cache/iblock/050/275_275_1/5si391j2bt249lgvm26dtbbqu9ebkcse.png",
            "url": "/catalog/legkovye/26565-r17-112t-hifly-vigorous-at601-tl-200h7029/",
            "promo": [],
            "discountStores": [],
            "externalStores": [],
            "commonStores": [],
            "brand": "HiFly",
            "brandCode": "",
            "vendorCode": "200H7029",
            "model": "Vigorous AT601",
            "raznItems": [
                {
                    "id": "167929",
                    "name": "245/65 R17",
                    "price": 7490,
                    "amount": "24",
                    "quantity": 1,
                    "url": "/catalog/legkovye/24565-r17-107t-hifly-vigorous-at601-tl-200h7016/"
                },
                {
                    "id": "168370",
                    "name": "265/65 R17",
                    "price": 7930,
                    "amount": "28",
                    "quantity": 1,
                    "url": "/catalog/legkovye/26565-r17-112t-hifly-vigorous-at601-tl-200h7029/"
                },
                {
                    "id": "168424",
                    "name": "285/70 R17",
                    "price": 9620,
                    "amount": "8",
                    "quantity": 1,
                    "url": "/catalog/legkovye/28570-r17-117t-hifly-vigorous-at601-tl-200h7023/"
                }
            ]
        },
        {
            "id": 147042,
            "isNew": false,
            "EDIT_LINK": null,
            "DELETE_LINK": null,
            "props": [
                {
                    "name": "Ширина",
                    "value": "215 "
                },
                {
                    "name": "Диаметр",
                    "value": "17 "
                }
            ],
            "type": "tires",
            "isPromo": null,
            "amount": 2,
            "season": "Летние",
            "price": 7940,
            "name": "215/60 R17 96H KORMORAN All Season SUV TL",
            "sectionId": 7278,
            "sectionName": "Легковые",
            "sectionPath": [
                {
                    "ID": "7278",
                    "NAME": "Легковые"
                },
                {
                    "ID": "7267",
                    "NAME": "Шины"
                }
            ],
            "imgSrc": "/upload/resize_cache/rembg-image/d0a/275_275_1/goryn4fjnkd69kp6rtq9tttz3hpc6jlv.png",
            "url": "/catalog/legkovye/21560r17-96h-all-season-suv-tl/",
            "promo": [],
            "discountStores": [],
            "externalStores": [],
            "commonStores": [],
            "brand": "KORMORAN",
            "brandCode": "",
            "vendorCode": "938122",
            "model": "All Season SUV",
            "raznItems": [
                {
                    "id": "145968",
                    "name": "225/65 R17",
                    "price": 8600,
                    "amount": "3",
                    "quantity": 1,
                    "url": "/catalog/legkovye/22565r17-106v-xl-all-season-suv-tl/"
                },
                {
                    "id": "147042",
                    "name": "215/60 R17",
                    "price": 7940,
                    "amount": "2",
                    "quantity": 1,
                    "url": "/catalog/legkovye/21560r17-96h-all-season-suv-tl/"
                },
                {
                    "id": "148944",
                    "name": "235/65 R17",
                    "price": 9180,
                    "amount": "4",
                    "quantity": 1,
                    "url": "/catalog/legkovye/23565r17-108h-xl-all-season-suv-tl-091499/"
                }
            ]
        },
        {
            "id": 135245,
            "isNew": false,
            "EDIT_LINK": null,
            "DELETE_LINK": null,
            "props": [
                {
                    "name": "Ширина",
                    "value": "175 "
                },
                {
                    "name": "Диаметр",
                    "value": "14 "
                }
            ],
            "type": "tires",
            "isPromo": null,
            "amount": 8,
            "season": "Летние",
            "price": 7950,
            "name": "175/70 R14 95/93R NOKIAN TYRES Hakka Van TL",
            "sectionId": 7278,
            "sectionName": "Легковые",
            "sectionPath": [
                {
                    "ID": "7278",
                    "NAME": "Легковые"
                },
                {
                    "ID": "7267",
                    "NAME": "Шины"
                }
            ],
            "imgSrc": "/upload/resize_cache/rembg-image/07a/275_275_1/vvdu5fuhw63qz4v1tvafdv8iis4id2i7.png",
            "url": "/catalog/legkovye/17570-r14-9593r-nokian-tyres-hakka-van-tl65263/",
            "promo": [],
            "discountStores": [],
            "externalStores": [],
            "commonStores": [
                {
                    "STORE_ID": "158",
                    "PRODUCT_ID": "135245",
                    "AMOUNT": "8",
                    "PRODUCT_XML_ID": "65263",
                    "STORE_XML_ID": "351",
                    "STORE_NAME": "Оптовый Склад",
                    "PRICE": "7950.00",
                    "PRICE_ID": "9"
                }
            ],
            "brand": "NOKIAN TYRES",
            "brandCode": "277",
            "vendorCode": "T431604",
            "model": "Hakka Van",
            "raznItems": [
                {
                    "id": "135245",
                    "name": "175/70 R14",
                    "price": 7950,
                    "amount": "8",
                    "quantity": 1,
                    "url": "/catalog/legkovye/17570-r14-9593r-nokian-tyres-hakka-van-tl65263/"
                }
            ]
        },
        {
            "id": 135234,
            "isNew": false,
            "EDIT_LINK": null,
            "DELETE_LINK": null,
            "props": [
                {
                    "name": "Ширина",
                    "value": "195 "
                },
                {
                    "name": "Диаметр",
                    "value": "16 "
                }
            ],
            "type": "tires",
            "isPromo": null,
            "amount": 16,
            "season": "Летние",
            "price": 7950,
            "name": "195/55 R16 91H NOKIAN TYRES Hakka Green 3 TL",
            "sectionId": 7278,
            "sectionName": "Легковые",
            "sectionPath": [
                {
                    "ID": "7278",
                    "NAME": "Легковые"
                },
                {
                    "ID": "7267",
                    "NAME": "Шины"
                }
            ],
            "imgSrc": "/upload/resize_cache/rembg-image/c82/275_275_1/zxcue3vnisz8okx7431tl7go44a0equm.png",
            "url": "/catalog/legkovye/19555-r16-91h-nokian-tyres-hakka-green-3-tl65287/",
            "promo": [],
            "discountStores": [],
            "externalStores": [],
            "commonStores": [
                {
                    "STORE_ID": "158",
                    "PRODUCT_ID": "135234",
                    "AMOUNT": "12",
                    "PRODUCT_XML_ID": "65287",
                    "STORE_XML_ID": "351",
                    "STORE_NAME": "Оптовый Склад",
                    "PRICE": "7950.00",
                    "PRICE_ID": "9"
                },
                {
                    "STORE_ID": "161",
                    "PRODUCT_ID": "135234",
                    "AMOUNT": "4",
                    "PRODUCT_XML_ID": "65287",
                    "STORE_XML_ID": "383",
                    "STORE_NAME": "г. Челябинск, ул. Федорова 2а",
                    "PRICE": "7950.00",
                    "PRICE_ID": "12"
                }
            ],
            "brand": "NOKIAN TYRES",
            "brandCode": "",
            "vendorCode": "T431458",
            "model": "Hakka Green 3",
            "raznItems": [
                {
                    "id": "135234",
                    "name": "195/55 R16",
                    "price": 7950,
                    "amount": "4",
                    "quantity": 1,
                    "url": "/catalog/legkovye/19555-r16-91h-nokian-tyres-hakka-green-3-tl65287/"
                },
                {
                    "id": "135236",
                    "name": "205/55 R16",
                    "price": 5230,
                    "amount": "4",
                    "quantity": 1,
                    "url": "/catalog/legkovye/20555-r16-94h-nokian-tyres-hakka-green-3-tl65284/"
                },
                {
                    "id": "135238",
                    "name": "205/60 R16",
                    "price": 6900,
                    "amount": "4",
                    "quantity": 1,
                    "url": "/catalog/legkovye/20560-r16-96v-nokian-tyres-hakka-green-3-tl65280/"
                },
                {
                    "id": "135239",
                    "name": "215/55 R16",
                    "price": 8390,
                    "amount": "2",
                    "quantity": 1,
                    "url": "/catalog/legkovye/21555-r16-97v-nokian-tyres-hakka-green-3-tl65279/"
                }
            ]
        },
        {
            "id": 99631,
            "isNew": false,
            "EDIT_LINK": null,
            "DELETE_LINK": null,
            "props": [
                {
                    "name": "Ширина",
                    "value": "205 "
                },
                {
                    "name": "Диаметр",
                    "value": "15 "
                }
            ],
            "type": "tires",
            "isPromo": null,
            "amount": 3,
            "season": "Летние",
            "price": 7950,
            "name": "205/65 R15 94H HANKOOK Optimo ME02 K424 TL",
            "sectionId": 7278,
            "sectionName": "Легковые",
            "sectionPath": [
                {
                    "ID": "7278",
                    "NAME": "Легковые"
                },
                {
                    "ID": "7267",
                    "NAME": "Шины"
                }
            ],
            "imgSrc": "/upload/resize_cache/rembg-image/224/275_275_1/qq67375yajb4va5q46uxqp9r99mx6b57.png",
            "url": "/catalog/legkovye/20565r15-94h-optimo-me02-k424-tl/",
            "promo": [],
            "discountStores": [],
            "externalStores": [],
            "commonStores": [],
            "brand": "HANKOOK",
            "brandCode": "",
            "vendorCode": "1009918",
            "model": "Optimo ME02 K424",
            "raznItems": [
                {
                    "id": "99631",
                    "name": "205/65 R15",
                    "price": 7950,
                    "amount": "3",
                    "quantity": 1,
                    "url": "/catalog/legkovye/20565r15-94h-optimo-me02-k424-tl/"
                },
                {
                    "id": "136644",
                    "name": "225/60 R15",
                    "price": 11880,
                    "amount": "2",
                    "quantity": 1,
                    "url": "/catalog/legkovye/22560r15-96h-optimo-me02-k424-tl/"
                },
                {
                    "id": "145074",
                    "name": "195/60 R15",
                    "price": 6110,
                    "amount": "41",
                    "quantity": 1,
                    "url": "/catalog/legkovye/19560r15-88h-optimo-me02-k424-tl/"
                }
            ]
        },
        {
            "id": 104062,
            "isNew": false,
            "EDIT_LINK": null,
            "DELETE_LINK": null,
            "props": [
                {
                    "name": "Ширина",
                    "value": "215 "
                },
                {
                    "name": "Диаметр",
                    "value": "16 "
                }
            ],
            "type": "tires",
            "isPromo": null,
            "amount": 9,
            "season": "Летние",
            "price": 6250,
            "name": "215/60 R16 99H CORDIANT Comfort 2 TL",
            "sectionId": 7278,
            "sectionName": "Легковые",
            "sectionPath": [
                {
                    "ID": "7278",
                    "NAME": "Легковые"
                },
                {
                    "ID": "7267",
                    "NAME": "Шины"
                }
            ],
            "imgSrc": "/upload/resize_cache/rembg-image/0fa/275_275_1/7kdih2gr42jqntcctu2ycq517bgn3qbg.png",
            "url": "/catalog/legkovye/21560-r16-99h-cordiant-comfort-2-tl91375/",
            "promo": [],
            "discountStores": [],
            "externalStores": [],
            "commonStores": [
                {
                    "STORE_ID": "158",
                    "PRODUCT_ID": "104062",
                    "AMOUNT": "1",
                    "PRODUCT_XML_ID": "91375",
                    "STORE_XML_ID": "351",
                    "STORE_NAME": "Оптовый Склад",
                    "PRICE": "6250.00",
                    "PRICE_ID": "9"
                },
                {
                    "STORE_ID": "168",
                    "PRODUCT_ID": "104062",
                    "AMOUNT": "4",
                    "PRODUCT_XML_ID": "91375",
                    "STORE_XML_ID": "391",
                    "STORE_NAME": "г. Челябинск, ул. Бр.Кашириных, 93б",
                    "PRICE": "6250.00",
                    "PRICE_ID": "19"
                },
                {
                    "STORE_ID": "185",
                    "PRODUCT_ID": "104062",
                    "AMOUNT": "4",
                    "PRODUCT_XML_ID": "91375",
                    "STORE_XML_ID": "415",
                    "STORE_NAME": "г. Челябинск, Свердловский пр-т, 40а",
                    "PRICE": "6250.00",
                    "PRICE_ID": "21"
                }
            ],
            "brand": "CORDIANT",
            "brandCode": "403",
            "vendorCode": "732059782",
            "model": "Comfort 2",
            "raznItems": [
                {
                    "id": "104059",
                    "name": "205/60 R16",
                    "price": 5410,
                    "amount": "4",
                    "quantity": 1,
                    "url": "/catalog/legkovye/20560-r16-96h-cordiant-comfort-2-tl91372/"
                },
                {
                    "id": "104062",
                    "name": "215/60 R16",
                    "price": 6250,
                    "amount": "4",
                    "quantity": 1,
                    "url": "/catalog/legkovye/21560-r16-99h-cordiant-comfort-2-tl91375/"
                },
                {
                    "id": "113682",
                    "name": "195/55 R16",
                    "price": 6040,
                    "amount": "4",
                    "quantity": 1,
                    "url": "/catalog/legkovye/19555-r16-91h-cordiant-comfort-2-tl08768/"
                }
            ]
        },
        {
            "id": 150403,
            "isNew": false,
            "EDIT_LINK": null,
            "DELETE_LINK": null,
            "props": [
                {
                    "name": "Ширина",
                    "value": "215 "
                },
                {
                    "name": "Диаметр",
                    "value": "17 "
                }
            ],
            "type": "tires",
            "isPromo": null,
            "amount": 1,
            "season": "Летние",
            "price": 7990,
            "name": "215/45 R17 91W NEXEN NBlue HD Plus TL",
            "sectionId": 7278,
            "sectionName": "Легковые",
            "sectionPath": [
                {
                    "ID": "7278",
                    "NAME": "Легковые"
                },
                {
                    "ID": "7267",
                    "NAME": "Шины"
                }
            ],
            "imgSrc": "/upload/resize_cache/rembg-image/aa9/275_275_1/75fpttm3l8t6j4bsw8fsnin2zblv92gr.png",
            "url": "/catalog/legkovye/21545-r17-91w-nexen-nblue-hd-plus-tl44836/",
            "promo": [],
            "discountStores": [],
            "externalStores": [],
            "commonStores": [
                {
                    "STORE_ID": "158",
                    "PRODUCT_ID": "150403",
                    "AMOUNT": "1",
                    "PRODUCT_XML_ID": "44836",
                    "STORE_XML_ID": "351",
                    "STORE_NAME": "Оптовый Склад",
                    "PRICE": "7990.00",
                    "PRICE_ID": "9"
                }
            ],
            "brand": "NEXEN",
            "brandCode": "321",
            "vendorCode": "NXK14495",
            "model": "NBlue HD Plus",
            "raznItems": [
                {
                    "id": "150403",
                    "name": "215/45 R17",
                    "price": 7990,
                    "amount": "1",
                    "quantity": 1,
                    "url": "/catalog/legkovye/21545-r17-91w-nexen-nblue-hd-plus-tl44836/"
                }
            ]
        },
        {
            "id": 135499,
            "isNew": false,
            "EDIT_LINK": null,
            "DELETE_LINK": null,
            "props": [
                {
                    "name": "Ширина",
                    "value": "225 "
                },
                {
                    "name": "Диаметр",
                    "value": "17 "
                }
            ],
            "type": "tires",
            "isPromo": null,
            "amount": 74,
            "season": "Летние",
            "price": 7990,
            "name": "225/65 R17 102H NORDMAN Nordman S2 SUV TL",
            "sectionId": 7278,
            "sectionName": "Легковые",
            "sectionPath": [
                {
                    "ID": "7278",
                    "NAME": "Легковые"
                },
                {
                    "ID": "7267",
                    "NAME": "Шины"
                }
            ],
            "imgSrc": "/upload/resize_cache/rembg-image/3e1/275_275_1/3qq7m1nbfflt4bwpwvx1rtdw560r8td4.png",
            "url": "/catalog/legkovye/22565r17-102h-nordman-s2-suv-tl/",
            "promo": [],
            "discountStores": [],
            "externalStores": [],
            "commonStores": [],
            "brand": "NOKIAN TYRES",
            "brandCode": "",
            "vendorCode": "T431711",
            "model": "Nordman S2 SUV",
            "raznItems": [
                {
                    "id": "135496",
                    "name": "215/60 R17",
                    "price": 9220,
                    "amount": "76",
                    "quantity": 1,
                    "url": "/catalog/legkovye/21560-r17-96h-nokian-tyres-nordman-s2-suv-tl64252/"
                },
                {
                    "id": "135498",
                    "name": "225/60 R17",
                    "price": 10320,
                    "amount": "10",
                    "quantity": 1,
                    "url": "/catalog/legkovye/22560-r17-99h-nokian-tyres-nordman-s2-suv-tl64250/"
                },
                {
                    "id": "135499",
                    "name": "225/65 R17",
                    "price": 7990,
                    "amount": "74",
                    "quantity": 1,
                    "url": "/catalog/legkovye/22565r17-102h-nordman-s2-suv-tl/"
                },
                {
                    "id": "135501",
                    "name": "235/55 R17",
                    "price": 9920,
                    "amount": "2",
                    "quantity": 1,
                    "url": "/catalog/legkovye/23555-r17-99h-nokian-tyres-nordman-s2-suv-tl64247/"
                }
            ]
        },
        {
            "id": 92157,
            "isNew": false,
            "EDIT_LINK": null,
            "DELETE_LINK": null,
            "props": [
                {
                    "name": "Ширина",
                    "value": "215 "
                },
                {
                    "name": "Диаметр",
                    "value": "15C "
                }
            ],
            "type": "tires",
            "isPromo": null,
            "amount": 2,
            "season": "Летние",
            "price": 7990,
            "name": "215/90 R15 99K АШК Forward Safari 510",
            "sectionId": 7278,
            "sectionName": "Легковые",
            "sectionPath": [
                {
                    "ID": "7278",
                    "NAME": "Легковые"
                },
                {
                    "ID": "7267",
                    "NAME": "Шины"
                }
            ],
            "imgSrc": "/upload/resize_cache/rembg-image/a45/275_275_1/045wc5b9ejpabc2e72ze0rp22okr87nz.png",
            "url": "/catalog/legkovye/21590-r15-99k-ashk-forward-safari-51089749/",
            "promo": [],
            "discountStores": [],
            "externalStores": [],
            "commonStores": [
                {
                    "STORE_ID": "158",
                    "PRODUCT_ID": "92157",
                    "AMOUNT": "2",
                    "PRODUCT_XML_ID": "89749",
                    "STORE_XML_ID": "351",
                    "STORE_NAME": "Оптовый Склад",
                    "PRICE": "7990.00",
                    "PRICE_ID": "9"
                }
            ],
            "brand": "АШК",
            "brandCode": "407",
            "vendorCode": "Х0000007647",
            "model": "Forward Safari 510",
            "raznItems": [
                {
                    "id": "92157",
                    "name": "215/90 R15C",
                    "price": 7990,
                    "amount": "2",
                    "quantity": 1,
                    "url": "/catalog/legkovye/21590-r15-99k-ashk-forward-safari-51089749/"
                }
            ]
        }
    ],
    "filter": {
        "0": {
            "LOGIC": "OR",
            ">STORE_AMOUNT_156": 0,
            ">STORE_AMOUNT_158": 0,
            ">STORE_AMOUNT_159": 0,
            ">STORE_AMOUNT_160": 0,
            ">STORE_AMOUNT_161": 0,
            ">STORE_AMOUNT_164": 0,
            ">STORE_AMOUNT_165": 0,
            ">STORE_AMOUNT_168": 0,
            ">STORE_AMOUNT_169": 0,
            ">STORE_AMOUNT_174": 0,
            ">STORE_AMOUNT_180": 0,
            ">STORE_AMOUNT_184": 0,
            ">STORE_AMOUNT_185": 0,
            ">STORE_AMOUNT_191": 0,
            ">STORE_AMOUNT_192": 0,
            ">STORE_AMOUNT_194": 0,
            ">STORE_AMOUNT_6087": 0
        },
        "1": {
            "LOGIC": "OR",
            ">CATALOG_CATALOG_GROUP_ID_33": 0,
            ">CATALOG_CATALOG_GROUP_ID_90": 0,
            ">CATALOG_CATALOG_GROUP_ID_96": 0,
            ">CATALOG_CATALOG_GROUP_ID_97": 0,
            ">CATALOG_CATALOG_GROUP_ID_98": 0
        },
        "2": {
            "LOGIC": "OR",
            ">STORE_AMOUNT_156": 0,
            ">STORE_AMOUNT_158": 0,
            ">STORE_AMOUNT_159": 0,
            ">STORE_AMOUNT_160": 0,
            ">STORE_AMOUNT_161": 0,
            ">STORE_AMOUNT_164": 0,
            ">STORE_AMOUNT_165": 0,
            ">STORE_AMOUNT_168": 0,
            ">STORE_AMOUNT_169": 0,
            ">STORE_AMOUNT_174": 0,
            ">STORE_AMOUNT_180": 0,
            ">STORE_AMOUNT_184": 0,
            ">STORE_AMOUNT_185": 0,
            ">STORE_AMOUNT_191": 0,
            ">STORE_AMOUNT_192": 0,
            ">STORE_AMOUNT_194": 0,
            ">STORE_AMOUNT_6087": 0
        },
        "3": {
            "LOGIC": "OR",
            ">CATALOG_CATALOG_GROUP_ID_33": 0,
            ">CATALOG_CATALOG_GROUP_ID_90": 0,
            ">CATALOG_CATALOG_GROUP_ID_96": 0,
            ">CATALOG_CATALOG_GROUP_ID_97": 0,
            ">CATALOG_CATALOG_GROUP_ID_98": 0
        },
        "=PROPERTY_458": [
            "154"
        ]
    },
    "promo": {
        "id": "165954",
        "url": "/promo/shiny-v-rassrochku/",
        "name": "Покупки в рассрочку",
        "text": "Теперь вы можете купить зимние шины, или диски в рассрочку быстро и легко: без первоначального взноса и без переплаты!",
        "imgSrc": "/upload/resize_cache/iblock/356/1075_613_1/8iiw8xmv2bzky9euo9mn57dqx6dk3xa9.jpg",
        "videoSrc": null
    },
    "promoFilter": {
        "IBLOCK_ID": 10,
        "ACTIVE": "Y",
        "=PROPERTY_SECTION": 206,
        "=PROPERTY_CATALOG_SEASON": [
            false,
            204
        ],
        "=PROPERTY_CATALOG_BRAND": [
            false
        ]
    },
    "navNum": 1,
    "pagesCount": 111,
    "pageNum": 28
}