{
    "pageUrl": "/catalog/legkovye/?arCatalogFilter_458_1500340406=Y&set_filter=Y&sort%5Brecommendations%5D=asc&PAGEN_1=31",
    "items": [
        {
            "id": 101252,
            "isNew": false,
            "EDIT_LINK": null,
            "DELETE_LINK": null,
            "props": [
                {
                    "name": "Ширина",
                    "value": "215 "
                },
                {
                    "name": "Диаметр",
                    "value": "17 "
                }
            ],
            "type": "tires",
            "isPromo": null,
            "amount": 47,
            "season": "Летние",
            "price": 7000,
            "name": "215/55 R17 98V CORDIANT Sport 3 TL",
            "sectionId": 7278,
            "sectionName": "Легковые",
            "sectionPath": [
                {
                    "ID": "7278",
                    "NAME": "Легковые"
                },
                {
                    "ID": "7267",
                    "NAME": "Шины"
                }
            ],
            "imgSrc": "/upload/resize_cache/rembg-image/bd1/275_275_1/2jytblwplumathb2xfrc2urz3vi8cwdq.png",
            "url": "/catalog/legkovye/21555-r17-98v-cordiant-sport-3-tl63496/",
            "promo": [],
            "discountStores": [],
            "externalStores": [],
            "commonStores": [
                {
                    "STORE_ID": "158",
                    "PRODUCT_ID": "101252",
                    "AMOUNT": "47",
                    "PRODUCT_XML_ID": "63496",
                    "STORE_XML_ID": "351",
                    "STORE_NAME": "Оптовый Склад",
                    "PRICE": "7000.00",
                    "PRICE_ID": "9"
                }
            ],
            "brand": "CORDIANT",
            "brandCode": "403",
            "vendorCode": "1358810469",
            "model": "Sport 3",
            "raznItems": [
                {
                    "id": "101252",
                    "name": "215/55 R17",
                    "price": 7000,
                    "amount": "47",
                    "quantity": 1,
                    "url": "/catalog/legkovye/21555-r17-98v-cordiant-sport-3-tl63496/"
                },
                {
                    "id": "101253",
                    "name": "225/45 R17",
                    "price": 6650,
                    "amount": "2",
                    "quantity": 1,
                    "url": "/catalog/legkovye/22545-r17-94v-cordiant-sport-3-tl63497/"
                },
                {
                    "id": "101254",
                    "name": "225/50 R17",
                    "price": 7850,
                    "amount": "4",
                    "quantity": 1,
                    "url": "/catalog/legkovye/22550-r17-98v-cordiant-sport-3-tl63498/"
                },
                {
                    "id": "101256",
                    "name": "235/65 R17",
                    "price": 7790,
                    "amount": "4",
                    "quantity": 1,
                    "url": "/catalog/legkovye/23565-r17-108h-cordiant-sport-3-tl63502/"
                }
            ]
        },
        {
            "id": 113684,
            "isNew": false,
            "EDIT_LINK": null,
            "DELETE_LINK": null,
            "props": [
                {
                    "name": "Ширина",
                    "value": "215 "
                },
                {
                    "name": "Диаметр",
                    "value": "17 "
                }
            ],
            "type": "tires",
            "isPromo": null,
            "amount": 6,
            "season": "Летние",
            "price": 7030,
            "name": "215/50 R17 95H CORDIANT Comfort 2 TL",
            "sectionId": 7278,
            "sectionName": "Легковые",
            "sectionPath": [
                {
                    "ID": "7278",
                    "NAME": "Легковые"
                },
                {
                    "ID": "7267",
                    "NAME": "Шины"
                }
            ],
            "imgSrc": "/upload/resize_cache/rembg-image/fe1/275_275_1/tdotneon90cwpy2ibapb03kx5pgrr440.png",
            "url": "/catalog/legkovye/21550-r17-95h-cordiant-comfort-2-tl08770/",
            "promo": [],
            "discountStores": [],
            "externalStores": [],
            "commonStores": [
                {
                    "STORE_ID": "158",
                    "PRODUCT_ID": "113684",
                    "AMOUNT": "2",
                    "PRODUCT_XML_ID": "08770",
                    "STORE_XML_ID": "351",
                    "STORE_NAME": "Оптовый Склад",
                    "PRICE": "7030.00",
                    "PRICE_ID": "9"
                },
                {
                    "STORE_ID": "168",
                    "PRODUCT_ID": "113684",
                    "AMOUNT": "4",
                    "PRODUCT_XML_ID": "08770",
                    "STORE_XML_ID": "391",
                    "STORE_NAME": "г. Челябинск, ул. Бр.Кашириных, 93б",
                    "PRICE": null,
                    "PRICE_ID": null
                }
            ],
            "brand": "CORDIANT",
            "brandCode": "403",
            "vendorCode": "732059741",
            "model": "Comfort 2",
            "raznItems": [
                {
                    "id": "113684",
                    "name": "215/50 R17",
                    "price": 7030,
                    "amount": "4",
                    "quantity": 1,
                    "url": "/catalog/legkovye/21550-r17-95h-cordiant-comfort-2-tl08770/"
                },
                {
                    "id": "113686",
                    "name": "215/55 R17",
                    "price": 7140,
                    "amount": "4",
                    "quantity": 1,
                    "url": "/catalog/legkovye/21555-r17-98h-cordiant-comfort-2-tl08772/"
                },
                {
                    "id": "113687",
                    "name": "225/45 R17",
                    "price": 6790,
                    "amount": "209",
                    "quantity": 1,
                    "url": "/catalog/legkovye/22545-r17-94h-cordiant-comfort-2-tl08773/"
                },
                {
                    "id": "113688",
                    "name": "225/50 R17",
                    "price": 8010,
                    "amount": "3",
                    "quantity": 1,
                    "url": "/catalog/legkovye/22550-r17-98h-cordiant-comfort-2-tl08775/"
                }
            ]
        },
        {
            "id": 104035,
            "isNew": false,
            "EDIT_LINK": null,
            "DELETE_LINK": null,
            "props": [
                {
                    "name": "Ширина",
                    "value": "205 "
                },
                {
                    "name": "Диаметр",
                    "value": "16 "
                }
            ],
            "type": "tires",
            "isPromo": null,
            "amount": 2,
            "season": "Летние",
            "price": 6840,
            "name": "205/65 R16 95H YOKOHAMA BluEarth AE51A TL",
            "sectionId": 7278,
            "sectionName": "Легковые",
            "sectionPath": [
                {
                    "ID": "7278",
                    "NAME": "Легковые"
                },
                {
                    "ID": "7267",
                    "NAME": "Шины"
                }
            ],
            "imgSrc": "/upload/resize_cache/rembg-image/9ba/275_275_1/bqhlu5ko124jrzh1sl48iyu7dlkhdxe4.png",
            "url": "/catalog/legkovye/20565-r16-95h-yokohama-bluearth-ae51a-tl91344/",
            "promo": [],
            "discountStores": [],
            "externalStores": [],
            "commonStores": [
                {
                    "STORE_ID": "168",
                    "PRODUCT_ID": "104035",
                    "AMOUNT": "2",
                    "PRODUCT_XML_ID": "91344",
                    "STORE_XML_ID": "391",
                    "STORE_NAME": "г. Челябинск, ул. Бр.Кашириных, 93б",
                    "PRICE": "6840.00",
                    "PRICE_ID": "19"
                }
            ],
            "brand": "YOKOHAMA",
            "brandCode": "",
            "vendorCode": "R3125",
            "model": "BluEarth-GT AE51A",
            "raznItems": [
                {
                    "id": "104035",
                    "name": "205/65 R16",
                    "price": 6840,
                    "amount": "2",
                    "quantity": 1,
                    "url": "/catalog/legkovye/20565-r16-95h-yokohama-bluearth-ae51a-tl91344/"
                }
            ]
        },
        {
            "id": 156667,
            "isNew": false,
            "EDIT_LINK": null,
            "DELETE_LINK": null,
            "props": [
                {
                    "name": "Ширина",
                    "value": "235 "
                },
                {
                    "name": "Диаметр",
                    "value": "17 "
                }
            ],
            "type": "tires",
            "isPromo": null,
            "amount": 6,
            "season": "Летние",
            "price": 8340,
            "name": "235/45 R17 97Y PIRELLI Powergy TL",
            "sectionId": 7278,
            "sectionName": "Легковые",
            "sectionPath": [
                {
                    "ID": "7278",
                    "NAME": "Легковые"
                },
                {
                    "ID": "7267",
                    "NAME": "Шины"
                }
            ],
            "imgSrc": "/upload/resize_cache/rembg-image/d5c/275_275_1/z2vpbquq3rt28y3gdkn82ehq62ewzx6k.png",
            "url": "/catalog/legkovye/23545-r17-97y-pirelli-powergy-tl25499/",
            "promo": [],
            "discountStores": [],
            "externalStores": [],
            "commonStores": [
                {
                    "STORE_ID": "159",
                    "PRODUCT_ID": "156667",
                    "AMOUNT": "4",
                    "PRODUCT_XML_ID": "25499",
                    "STORE_XML_ID": "387",
                    "STORE_NAME": "г. Челябинск, ул. Бр.Кашириных, 134б",
                    "PRICE": "8340.00",
                    "PRICE_ID": "10"
                },
                {
                    "STORE_ID": "169",
                    "PRODUCT_ID": "156667",
                    "AMOUNT": "2",
                    "PRODUCT_XML_ID": "25499",
                    "STORE_XML_ID": "403",
                    "STORE_NAME": "г. Челябинск, Копейское шоссе, 35д",
                    "PRICE": "8340.00",
                    "PRICE_ID": "20"
                }
            ],
            "brand": "PIRELLI",
            "brandCode": "375",
            "vendorCode": "4003000",
            "model": "Powergy",
            "raznItems": [
                {
                    "id": "138320",
                    "name": "225/55 R17",
                    "price": 10420,
                    "amount": "8",
                    "quantity": 1,
                    "url": "/catalog/legkovye/22555-r17-101y-pirelli-powergy-tl54319/"
                },
                {
                    "id": "156667",
                    "name": "235/45 R17",
                    "price": 8340,
                    "amount": "2",
                    "quantity": 1,
                    "url": "/catalog/legkovye/23545-r17-97y-pirelli-powergy-tl25499/"
                },
                {
                    "id": "156668",
                    "name": "215/50 R17",
                    "price": 8890,
                    "amount": "2",
                    "quantity": 1,
                    "url": "/catalog/legkovye/21550-r17-95y-pirelli-powergy-tl25500/"
                },
                {
                    "id": "156671",
                    "name": "215/55 R17",
                    "price": 8260,
                    "amount": "4",
                    "quantity": 1,
                    "url": "/catalog/legkovye/21555-r17-98y-pirelli-powergy-tl25505/"
                }
            ]
        },
        {
            "id": 156671,
            "isNew": false,
            "EDIT_LINK": null,
            "DELETE_LINK": null,
            "props": [
                {
                    "name": "Ширина",
                    "value": "215 "
                },
                {
                    "name": "Диаметр",
                    "value": "17 "
                }
            ],
            "type": "tires",
            "isPromo": null,
            "amount": 7,
            "season": "Летние",
            "price": 8260,
            "name": "215/55 R17 98Y PIRELLI Powergy TL",
            "sectionId": 7278,
            "sectionName": "Легковые",
            "sectionPath": [
                {
                    "ID": "7278",
                    "NAME": "Легковые"
                },
                {
                    "ID": "7267",
                    "NAME": "Шины"
                }
            ],
            "imgSrc": "/upload/resize_cache/rembg-image/a60/275_275_1/00j7563fg91xgvsy80k5bgkrnefwepa0.png",
            "url": "/catalog/legkovye/21555-r17-98y-pirelli-powergy-tl25505/",
            "promo": [],
            "discountStores": [],
            "externalStores": [],
            "commonStores": [
                {
                    "STORE_ID": "158",
                    "PRODUCT_ID": "156671",
                    "AMOUNT": "3",
                    "PRODUCT_XML_ID": "25505",
                    "STORE_XML_ID": "351",
                    "STORE_NAME": "Оптовый Склад",
                    "PRICE": "8260.00",
                    "PRICE_ID": "9"
                },
                {
                    "STORE_ID": "168",
                    "PRODUCT_ID": "156671",
                    "AMOUNT": "4",
                    "PRODUCT_XML_ID": "25505",
                    "STORE_XML_ID": "391",
                    "STORE_NAME": "г. Челябинск, ул. Бр.Кашириных, 93б",
                    "PRICE": "8260.00",
                    "PRICE_ID": "19"
                }
            ],
            "brand": "PIRELLI",
            "brandCode": "375",
            "vendorCode": "3925400",
            "model": "Powergy",
            "raznItems": [
                {
                    "id": "138320",
                    "name": "225/55 R17",
                    "price": 10420,
                    "amount": "8",
                    "quantity": 1,
                    "url": "/catalog/legkovye/22555-r17-101y-pirelli-powergy-tl54319/"
                },
                {
                    "id": "156667",
                    "name": "235/45 R17",
                    "price": 8340,
                    "amount": "2",
                    "quantity": 1,
                    "url": "/catalog/legkovye/23545-r17-97y-pirelli-powergy-tl25499/"
                },
                {
                    "id": "156668",
                    "name": "215/50 R17",
                    "price": 8890,
                    "amount": "2",
                    "quantity": 1,
                    "url": "/catalog/legkovye/21550-r17-95y-pirelli-powergy-tl25500/"
                },
                {
                    "id": "156671",
                    "name": "215/55 R17",
                    "price": 8260,
                    "amount": "4",
                    "quantity": 1,
                    "url": "/catalog/legkovye/21555-r17-98y-pirelli-powergy-tl25505/"
                }
            ]
        },
        {
            "id": 160033,
            "isNew": false,
            "EDIT_LINK": null,
            "DELETE_LINK": null,
            "props": [
                {
                    "name": "Ширина",
                    "value": "275 "
                },
                {
                    "name": "Диаметр",
                    "value": "20 "
                }
            ],
            "type": "tires",
            "isPromo": null,
            "amount": 8,
            "season": "Летние",
            "price": 8390,
            "name": "275/45 R20 110V CACHLAND CH-HP8006 TL",
            "sectionId": 7278,
            "sectionName": "Легковые",
            "sectionPath": [
                {
                    "ID": "7278",
                    "NAME": "Легковые"
                },
                {
                    "ID": "7267",
                    "NAME": "Шины"
                }
            ],
            "imgSrc": "/upload/resize_cache/rembg-image/c57/275_275_1/0gmjtj0fbeg58rxwbsi9suwcfnp8swqy.png",
            "url": "/catalog/legkovye/27545r20-110v-xl-ch-hp8006-tl/",
            "promo": [],
            "discountStores": [],
            "externalStores": [],
            "commonStores": [],
            "brand": "CACHLAND",
            "brandCode": "",
            "vendorCode": "6970005593439",
            "model": "CH-HP8006",
            "raznItems": [
                {
                    "id": "160033",
                    "name": "275/45 R20",
                    "price": 8390,
                    "amount": "8",
                    "quantity": 1,
                    "url": "/catalog/legkovye/27545r20-110v-xl-ch-hp8006-tl/"
                }
            ]
        },
        {
            "id": 156289,
            "isNew": false,
            "EDIT_LINK": null,
            "DELETE_LINK": null,
            "props": [
                {
                    "name": "Ширина",
                    "value": "245 "
                },
                {
                    "name": "Диаметр",
                    "value": "19 "
                }
            ],
            "type": "tires",
            "isPromo": null,
            "amount": 3,
            "season": "Летние",
            "price": 8390,
            "name": "245/35 R19 93Y TRIANGLE TH201 TL",
            "sectionId": 7278,
            "sectionName": "Легковые",
            "sectionPath": [
                {
                    "ID": "7278",
                    "NAME": "Легковые"
                },
                {
                    "ID": "7267",
                    "NAME": "Шины"
                }
            ],
            "imgSrc": "/upload/resize_cache/rembg-image/68e/275_275_1/wr39p0ey8ojj1lo6x8sfirnmr08jtd3x.png",
            "url": "/catalog/legkovye/24535r19-93y-th201-tl-m-s/",
            "promo": [],
            "discountStores": [],
            "externalStores": [],
            "commonStores": [],
            "brand": "TRIANGLE",
            "brandCode": "",
            "vendorCode": "CTS237407",
            "model": "SporteX TH201",
            "raznItems": [
                {
                    "id": "156289",
                    "name": "245/35 R19",
                    "price": 8390,
                    "amount": "3",
                    "quantity": 1,
                    "url": "/catalog/legkovye/24535r19-93y-th201-tl-m-s/"
                },
                {
                    "id": "156291",
                    "name": "225/45 R19",
                    "price": 7060,
                    "amount": "16",
                    "quantity": 1,
                    "url": "/catalog/legkovye/45225-r19-triangle/"
                }
            ]
        },
        {
            "id": 103957,
            "isNew": false,
            "EDIT_LINK": null,
            "DELETE_LINK": null,
            "props": [
                {
                    "name": "Ширина",
                    "value": "205 "
                },
                {
                    "name": "Диаметр",
                    "value": "17 "
                }
            ],
            "type": "tires",
            "isPromo": null,
            "amount": 4,
            "season": "Летние",
            "price": 8400,
            "name": "205/45 R17 88Y MATADOR MP 47 Hectorra 3 TL",
            "sectionId": 7278,
            "sectionName": "Легковые",
            "sectionPath": [
                {
                    "ID": "7278",
                    "NAME": "Легковые"
                },
                {
                    "ID": "7267",
                    "NAME": "Шины"
                }
            ],
            "imgSrc": "/upload/resize_cache/rembg-image/d8b/275_275_1/94ow7bp6odbebmqawu4ew7d7z20a6tzn.png",
            "url": "/catalog/legkovye/20545r17-88y-xl-mp-47-hectorra-3-tl-fr/",
            "promo": [],
            "discountStores": [],
            "externalStores": [],
            "commonStores": [],
            "brand": "MATADOR",
            "brandCode": "",
            "vendorCode": "1581088",
            "model": "MP 47 Hectorra 3",
            "raznItems": [
                {
                    "id": "103957",
                    "name": "205/45 R17",
                    "price": 8400,
                    "amount": "4",
                    "quantity": 1,
                    "url": "/catalog/legkovye/20545r17-88y-xl-mp-47-hectorra-3-tl-fr/"
                },
                {
                    "id": "159320",
                    "name": "205/55 R17",
                    "price": 9570,
                    "amount": "8",
                    "quantity": 1,
                    "url": "/catalog/legkovye/20555r17-95v-xl-mp-47-hectorra-3-tl-fr/"
                }
            ]
        },
        {
            "id": 90420,
            "isNew": false,
            "EDIT_LINK": null,
            "DELETE_LINK": null,
            "props": [
                {
                    "name": "Ширина",
                    "value": "225 "
                },
                {
                    "name": "Диаметр",
                    "value": "16 "
                }
            ],
            "type": "tires",
            "isPromo": null,
            "amount": 1899,
            "season": "Летние",
            "price": 6200,
            "name": "225/75 R16 104 КАМА Кама-219 TL",
            "sectionId": 7278,
            "sectionName": "Легковые",
            "sectionPath": [
                {
                    "ID": "7278",
                    "NAME": "Легковые"
                },
                {
                    "ID": "7267",
                    "NAME": "Шины"
                }
            ],
            "imgSrc": "/upload/resize_cache/rembg-image/aff/275_275_1/ogblq51hgf8tob8zr91w6jsys357a97f.png",
            "url": "/catalog/legkovye/22575-r16-104-kama-kama-219-tl29539/",
            "promo": [],
            "discountStores": [],
            "externalStores": [],
            "commonStores": [
                {
                    "STORE_ID": "156",
                    "PRODUCT_ID": "90420",
                    "AMOUNT": "2",
                    "PRODUCT_XML_ID": "29539",
                    "STORE_XML_ID": "419",
                    "STORE_NAME": "г. Челябинск, Свердловский тракт, 12б",
                    "PRICE": "6200.00",
                    "PRICE_ID": "7"
                },
                {
                    "STORE_ID": "158",
                    "PRODUCT_ID": "90420",
                    "AMOUNT": "1883",
                    "PRODUCT_XML_ID": "29539",
                    "STORE_XML_ID": "351",
                    "STORE_NAME": "Оптовый Склад",
                    "PRICE": "6200.00",
                    "PRICE_ID": "9"
                },
                {
                    "STORE_ID": "161",
                    "PRODUCT_ID": "90420",
                    "AMOUNT": "4",
                    "PRODUCT_XML_ID": "29539",
                    "STORE_XML_ID": "383",
                    "STORE_NAME": "г. Челябинск, ул. Федорова 2а",
                    "PRICE": "6200.00",
                    "PRICE_ID": "12"
                },
                {
                    "STORE_ID": "164",
                    "PRODUCT_ID": "90420",
                    "AMOUNT": "2",
                    "PRODUCT_XML_ID": "29539",
                    "STORE_XML_ID": "295",
                    "STORE_NAME": "г. Челябинск, Свердловский тракт, 4д",
                    "PRICE": "6200.00",
                    "PRICE_ID": "15"
                },
                {
                    "STORE_ID": "168",
                    "PRODUCT_ID": "90420",
                    "AMOUNT": "4",
                    "PRODUCT_XML_ID": "29539",
                    "STORE_XML_ID": "391",
                    "STORE_NAME": "г. Челябинск, ул. Бр.Кашириных, 93б",
                    "PRICE": "6200.00",
                    "PRICE_ID": "19"
                },
                {
                    "STORE_ID": "174",
                    "PRODUCT_ID": "90420",
                    "AMOUNT": "4",
                    "PRODUCT_XML_ID": "29539",
                    "STORE_XML_ID": "423",
                    "STORE_NAME": "г. Челябинск, ул. Комарова, 34",
                    "PRICE": "6200.00",
                    "PRICE_ID": "25"
                }
            ],
            "brand": "KAMA",
            "brandCode": "",
            "vendorCode": "1120014",
            "model": "219",
            "raznItems": [
                {
                    "id": "90420",
                    "name": "225/75 R16",
                    "price": 6200,
                    "amount": "4",
                    "quantity": 1,
                    "url": "/catalog/legkovye/22575-r16-104-kama-kama-219-tl29539/"
                }
            ]
        },
        {
            "id": 92941,
            "isNew": false,
            "EDIT_LINK": null,
            "DELETE_LINK": null,
            "props": [
                {
                    "name": "Ширина",
                    "value": "205 "
                },
                {
                    "name": "Диаметр",
                    "value": "16 "
                }
            ],
            "type": "tires",
            "isPromo": null,
            "amount": 285,
            "season": "Летние",
            "price": 8430,
            "name": "205/55 R16 91H CONTINENTAL ContiPremiumContact 5 TL",
            "sectionId": 7278,
            "sectionName": "Легковые",
            "sectionPath": [
                {
                    "ID": "7278",
                    "NAME": "Легковые"
                },
                {
                    "ID": "7267",
                    "NAME": "Шины"
                }
            ],
            "imgSrc": "/upload/resize_cache/rembg-image/97b/275_275_1/lw0igrpb1q82q66bt237991cne7llhg8.png",
            "url": "/catalog/legkovye/20555-r16-91h-continental-contipremiumcontact-5-tl08535/",
            "promo": [],
            "discountStores": [],
            "externalStores": [],
            "commonStores": [
                {
                    "STORE_ID": "158",
                    "PRODUCT_ID": "92941",
                    "AMOUNT": "285",
                    "PRODUCT_XML_ID": "08535",
                    "STORE_XML_ID": "351",
                    "STORE_NAME": "Оптовый Склад",
                    "PRICE": "8430.00",
                    "PRICE_ID": "9"
                }
            ],
            "brand": "CONTINENTAL",
            "brandCode": "254",
            "vendorCode": "0358417",
            "model": "ContiPremiumContact 5",
            "raznItems": [
                {
                    "id": "92941",
                    "name": "205/55 R16",
                    "price": 8430,
                    "amount": "285",
                    "quantity": 1,
                    "url": "/catalog/legkovye/20555-r16-91h-continental-contipremiumcontact-5-tl08535/"
                }
            ]
        },
        {
            "id": 167937,
            "isNew": false,
            "EDIT_LINK": null,
            "DELETE_LINK": null,
            "props": [
                {
                    "name": "Ширина",
                    "value": "255 "
                },
                {
                    "name": "Диаметр",
                    "value": "20 "
                }
            ],
            "type": "tires",
            "isPromo": null,
            "amount": 24,
            "season": "Летние",
            "price": 8450,
            "name": "255/50 R20 109V HIFLY Vigorous HP801 TL",
            "sectionId": 7278,
            "sectionName": "Легковые",
            "sectionPath": [
                {
                    "ID": "7278",
                    "NAME": "Легковые"
                },
                {
                    "ID": "7267",
                    "NAME": "Шины"
                }
            ],
            "imgSrc": "/upload/resize_cache/iblock/9cb/275_275_1/8uujqe9v40gr1x60o0odmuwlte9m00ye.png",
            "url": "/catalog/legkovye/25550-r20-109v-hifly-vigorous-hp801-tl-200h3016/",
            "promo": [],
            "discountStores": [],
            "externalStores": [],
            "commonStores": [],
            "brand": "HIFLY",
            "brandCode": "",
            "vendorCode": "200H3016",
            "model": "Vigorous HP801",
            "raznItems": [
                {
                    "id": "167937",
                    "name": "255/50 R20",
                    "price": 8450,
                    "amount": "24",
                    "quantity": 1,
                    "url": "/catalog/legkovye/25550-r20-109v-hifly-vigorous-hp801-tl-200h3016/"
                }
            ]
        },
        {
            "id": 146666,
            "isNew": false,
            "EDIT_LINK": null,
            "DELETE_LINK": null,
            "props": [
                {
                    "name": "Ширина",
                    "value": "225 "
                },
                {
                    "name": "Диаметр",
                    "value": "17 "
                }
            ],
            "type": "tires",
            "isPromo": null,
            "amount": 16,
            "season": "Летние",
            "price": 8460,
            "name": "225/45 R17 94W GOODYEAR EfficientGrip Performance 2 TL",
            "sectionId": 7278,
            "sectionName": "Легковые",
            "sectionPath": [
                {
                    "ID": "7278",
                    "NAME": "Легковые"
                },
                {
                    "ID": "7267",
                    "NAME": "Шины"
                }
            ],
            "imgSrc": "/upload/resize_cache/rembg-image/04a/275_275_1/m1tmr7z4nmd4ap92e6e0ewb7be26u451.png",
            "url": "/catalog/legkovye/22545r17-94w-xl-efficientgrip-performance-2-tl-fp/",
            "promo": [],
            "discountStores": [],
            "externalStores": [],
            "commonStores": [],
            "brand": "GOODYEAR",
            "brandCode": "",
            "vendorCode": "542480",
            "model": "EfficientGrip Performance 2",
            "raznItems": [
                {
                    "id": "143767",
                    "name": "215/55 R17",
                    "price": 10500,
                    "amount": "24",
                    "quantity": 1,
                    "url": "/catalog/legkovye/55215-r17-goodyear/"
                },
                {
                    "id": "146666",
                    "name": "225/45 R17",
                    "price": 8460,
                    "amount": "16",
                    "quantity": 1,
                    "url": "/catalog/legkovye/22545r17-94w-xl-efficientgrip-performance-2-tl-fp/"
                },
                {
                    "id": "148216",
                    "name": "205/55 R17",
                    "price": 9910,
                    "amount": "2",
                    "quantity": 1,
                    "url": "/catalog/legkovye/20555r17-95v-xl-efficientgrip-performance-2-tl/"
                },
                {
                    "id": "157786",
                    "name": "225/50 R17",
                    "price": 10200,
                    "amount": "10",
                    "quantity": 1,
                    "url": "/catalog/legkovye/50225-r17-goodyear/"
                }
            ]
        },
        {
            "id": 156112,
            "isNew": false,
            "EDIT_LINK": null,
            "DELETE_LINK": null,
            "props": [
                {
                    "name": "Ширина",
                    "value": "255 "
                },
                {
                    "name": "Диаметр",
                    "value": "18 "
                }
            ],
            "type": "tires",
            "isPromo": null,
            "amount": 6,
            "season": "Летние",
            "price": 8490,
            "name": "255/35 R18 94Y SAILUN Atrezzo ZSR TL",
            "sectionId": 7278,
            "sectionName": "Легковые",
            "sectionPath": [
                {
                    "ID": "7278",
                    "NAME": "Легковые"
                },
                {
                    "ID": "7267",
                    "NAME": "Шины"
                }
            ],
            "imgSrc": "/upload/resize_cache/rembg-image/127/275_275_1/q7en4u22228hde86ksikjuyaach6990j.png",
            "url": "/catalog/legkovye/25535-r18-94y-sailun-atrezzo-zsr-tl25003/",
            "promo": [],
            "discountStores": [],
            "externalStores": [],
            "commonStores": [
                {
                    "STORE_ID": "158",
                    "PRODUCT_ID": "156112",
                    "AMOUNT": "6",
                    "PRODUCT_XML_ID": "25003",
                    "STORE_XML_ID": "351",
                    "STORE_NAME": "Оптовый Склад",
                    "PRICE": "8490.00",
                    "PRICE_ID": "9"
                }
            ],
            "brand": "SAILUN",
            "brandCode": "674",
            "vendorCode": "3220010153",
            "model": "Atrezzo ZSR",
            "raznItems": [
                {
                    "id": "144485",
                    "name": "235/50 R18",
                    "price": 8860,
                    "amount": "1",
                    "quantity": 1,
                    "url": "/catalog/legkovye/23550-r18-101y-sailun-atrezzo-zsr-tl51908/"
                },
                {
                    "id": "156112",
                    "name": "255/35 R18",
                    "price": 8490,
                    "amount": "6",
                    "quantity": 1,
                    "url": "/catalog/legkovye/25535-r18-94y-sailun-atrezzo-zsr-tl25003/"
                },
                {
                    "id": "156118",
                    "name": "215/45 R18",
                    "price": 7870,
                    "amount": "14",
                    "quantity": 1,
                    "url": "/catalog/legkovye/21545-r18-93y-sailun-atrezzo-zsr-tl25009/"
                }
            ]
        },
        {
            "id": 133998,
            "isNew": false,
            "EDIT_LINK": null,
            "DELETE_LINK": null,
            "props": [
                {
                    "name": "Ширина",
                    "value": "235 "
                },
                {
                    "name": "Диаметр",
                    "value": "19 "
                }
            ],
            "type": "tires",
            "isPromo": null,
            "amount": 107,
            "season": "Летние",
            "price": 8490,
            "name": "235/40 R19 96Y ROTALLA Setula S-Race RU01 TL",
            "sectionId": 7278,
            "sectionName": "Легковые",
            "sectionPath": [
                {
                    "ID": "7278",
                    "NAME": "Легковые"
                },
                {
                    "ID": "7267",
                    "NAME": "Шины"
                }
            ],
            "imgSrc": "/upload/resize_cache/rembg-image/89b/275_275_1/l0yfqqgdvelokv7zuhfw7fz5zr7k8kc2.png",
            "url": "/catalog/legkovye/23540-r19-96y-rotalla-setula-s-race-ru01-tl65772/",
            "promo": [],
            "discountStores": [],
            "externalStores": [],
            "commonStores": [
                {
                    "STORE_ID": "158",
                    "PRODUCT_ID": "133998",
                    "AMOUNT": "107",
                    "PRODUCT_XML_ID": "65772",
                    "STORE_XML_ID": "351",
                    "STORE_NAME": "Оптовый Склад",
                    "PRICE": "8490.00",
                    "PRICE_ID": "9"
                }
            ],
            "brand": "ROTALLA",
            "brandCode": "856",
            "vendorCode": "RTL0924",
            "model": "Setula S-Race RU01",
            "raznItems": [
                {
                    "id": "119685",
                    "name": "245/40 R19",
                    "price": 9230,
                    "amount": "4",
                    "quantity": 1,
                    "url": "/catalog/legkovye/24540-r19-98w-rotalla-setula-s-race-ru01-tl23608/"
                },
                {
                    "id": "119686",
                    "name": "255/40 R19",
                    "price": 9720,
                    "amount": "2",
                    "quantity": 1,
                    "url": "/catalog/legkovye/25540-r19-100w-rotalla-setula-s-race-ru01-tl23609/"
                },
                {
                    "id": "119687",
                    "name": "225/45 R19",
                    "price": 8490,
                    "amount": "1",
                    "quantity": 1,
                    "url": "/catalog/legkovye/22545-r19-96y-rotalla-setula-s-race-ru01-tl23610/"
                },
                {
                    "id": "119688",
                    "name": "245/45 R19",
                    "price": 9720,
                    "amount": "2",
                    "quantity": 1,
                    "url": "/catalog/legkovye/24545-r19-102w-rotalla-setula-s-race-ru01-tl23611/"
                },
                {
                    "id": "119691",
                    "name": "255/50 R19",
                    "price": 9590,
                    "amount": "2",
                    "quantity": 1,
                    "url": "/catalog/legkovye/25550-r19-107y-rotalla-setula-s-race-ru01-tl23614/"
                },
                {
                    "id": "133998",
                    "name": "235/40 R19",
                    "price": 8490,
                    "amount": "107",
                    "quantity": 1,
                    "url": "/catalog/legkovye/23540-r19-96y-rotalla-setula-s-race-ru01-tl65772/"
                },
                {
                    "id": "134001",
                    "name": "275/35 R19",
                    "price": 10950,
                    "amount": "3",
                    "quantity": 1,
                    "url": "/catalog/legkovye/27535-r19-100y-rotalla-setula-s-race-ru01-tl65769/"
                },
                {
                    "id": "134003",
                    "name": "275/40 R19",
                    "price": 12050,
                    "amount": "4",
                    "quantity": 1,
                    "url": "/catalog/legkovye/27540-r19-105y-rotalla-setula-s-race-ru01-tl65767/"
                },
                {
                    "id": "134005",
                    "name": "255/45 R19",
                    "price": 10950,
                    "amount": "46",
                    "quantity": 1,
                    "url": "/catalog/legkovye/25545-r19-104y-rotalla-setula-s-race-ru01-tl65736/"
                },
                {
                    "id": "134006",
                    "name": "245/55 R19",
                    "price": 10330,
                    "amount": "4",
                    "quantity": 1,
                    "url": "/catalog/legkovye/24555-r19-107w-rotalla-setula-s-race-ru01-tl65735/"
                },
                {
                    "id": "134007",
                    "name": "255/55 R19",
                    "price": 10330,
                    "amount": "1",
                    "quantity": 1,
                    "url": "/catalog/legkovye/25555-r19-111w-rotalla-setula-s-race-ru01-tl65734/"
                }
            ]
        }
    ],
    "filter": {
        "0": {
            "LOGIC": "OR",
            ">STORE_AMOUNT_156": 0,
            ">STORE_AMOUNT_158": 0,
            ">STORE_AMOUNT_159": 0,
            ">STORE_AMOUNT_160": 0,
            ">STORE_AMOUNT_161": 0,
            ">STORE_AMOUNT_164": 0,
            ">STORE_AMOUNT_165": 0,
            ">STORE_AMOUNT_168": 0,
            ">STORE_AMOUNT_169": 0,
            ">STORE_AMOUNT_174": 0,
            ">STORE_AMOUNT_180": 0,
            ">STORE_AMOUNT_184": 0,
            ">STORE_AMOUNT_185": 0,
            ">STORE_AMOUNT_191": 0,
            ">STORE_AMOUNT_192": 0,
            ">STORE_AMOUNT_194": 0,
            ">STORE_AMOUNT_6087": 0
        },
        "1": {
            "LOGIC": "OR",
            ">CATALOG_CATALOG_GROUP_ID_33": 0,
            ">CATALOG_CATALOG_GROUP_ID_90": 0,
            ">CATALOG_CATALOG_GROUP_ID_96": 0,
            ">CATALOG_CATALOG_GROUP_ID_97": 0,
            ">CATALOG_CATALOG_GROUP_ID_98": 0
        },
        "2": {
            "LOGIC": "OR",
            ">STORE_AMOUNT_156": 0,
            ">STORE_AMOUNT_158": 0,
            ">STORE_AMOUNT_159": 0,
            ">STORE_AMOUNT_160": 0,
            ">STORE_AMOUNT_161": 0,
            ">STORE_AMOUNT_164": 0,
            ">STORE_AMOUNT_165": 0,
            ">STORE_AMOUNT_168": 0,
            ">STORE_AMOUNT_169": 0,
            ">STORE_AMOUNT_174": 0,
            ">STORE_AMOUNT_180": 0,
            ">STORE_AMOUNT_184": 0,
            ">STORE_AMOUNT_185": 0,
            ">STORE_AMOUNT_191": 0,
            ">STORE_AMOUNT_192": 0,
            ">STORE_AMOUNT_194": 0,
            ">STORE_AMOUNT_6087": 0
        },
        "3": {
            "LOGIC": "OR",
            ">CATALOG_CATALOG_GROUP_ID_33": 0,
            ">CATALOG_CATALOG_GROUP_ID_90": 0,
            ">CATALOG_CATALOG_GROUP_ID_96": 0,
            ">CATALOG_CATALOG_GROUP_ID_97": 0,
            ">CATALOG_CATALOG_GROUP_ID_98": 0
        },
        "=PROPERTY_458": [
            "154"
        ]
    },
    "promo": {
        "id": "165954",
        "url": "/promo/shiny-v-rassrochku/",
        "name": "Покупки в рассрочку",
        "text": "Теперь вы можете купить зимние шины, или диски в рассрочку быстро и легко: без первоначального взноса и без переплаты!",
        "imgSrc": "/upload/resize_cache/iblock/356/1075_613_1/8iiw8xmv2bzky9euo9mn57dqx6dk3xa9.jpg",
        "videoSrc": null
    },
    "promoFilter": {
        "IBLOCK_ID": 10,
        "ACTIVE": "Y",
        "=PROPERTY_SECTION": 206,
        "=PROPERTY_CATALOG_SEASON": [
            false,
            204
        ],
        "=PROPERTY_CATALOG_BRAND": [
            false
        ]
    },
    "navNum": 1,
    "pagesCount": 111,
    "pageNum": 31
}