{
    "pageUrl": "/catalog/legkovye/?arCatalogFilter_458_1500340406=Y&set_filter=Y&sort%5Brecommendations%5D=asc&PAGEN_1=33",
    "items": [
        {
            "id": 104063,
            "isNew": false,
            "EDIT_LINK": null,
            "DELETE_LINK": null,
            "props": [
                {
                    "name": "Ширина",
                    "value": "225 "
                },
                {
                    "name": "Диаметр",
                    "value": "17 "
                }
            ],
            "type": "tires",
            "isPromo": null,
            "amount": 10,
            "season": "Летние",
            "price": 6960,
            "name": "225/65 R17 106H CORDIANT Comfort 2 SUV TL",
            "sectionId": 7278,
            "sectionName": "Легковые",
            "sectionPath": [
                {
                    "ID": "7278",
                    "NAME": "Легковые"
                },
                {
                    "ID": "7267",
                    "NAME": "Шины"
                }
            ],
            "imgSrc": "/upload/resize_cache/rembg-image/7fc/275_275_1/cqe6nv1u59don6xf5d2acki2lw78rxpk.png",
            "url": "/catalog/legkovye/22565-r17-106h-cordiant-comfort-2-suv-tl91376/",
            "promo": [],
            "discountStores": [],
            "externalStores": [],
            "commonStores": [
                {
                    "STORE_ID": "156",
                    "PRODUCT_ID": "104063",
                    "AMOUNT": "4",
                    "PRODUCT_XML_ID": "91376",
                    "STORE_XML_ID": "419",
                    "STORE_NAME": "г. Челябинск, Свердловский тракт, 12б",
                    "PRICE": "6960.00",
                    "PRICE_ID": "7"
                },
                {
                    "STORE_ID": "158",
                    "PRODUCT_ID": "104063",
                    "AMOUNT": "1",
                    "PRODUCT_XML_ID": "91376",
                    "STORE_XML_ID": "351",
                    "STORE_NAME": "Оптовый Склад",
                    "PRICE": "6960.00",
                    "PRICE_ID": "9"
                },
                {
                    "STORE_ID": "160",
                    "PRODUCT_ID": "104063",
                    "AMOUNT": "4",
                    "PRODUCT_XML_ID": "91376",
                    "STORE_XML_ID": "407",
                    "STORE_NAME": "г. Челябинск, ул. Пионерская, 4",
                    "PRICE": "6960.00",
                    "PRICE_ID": "11"
                },
                {
                    "STORE_ID": "161",
                    "PRODUCT_ID": "104063",
                    "AMOUNT": "1",
                    "PRODUCT_XML_ID": "91376",
                    "STORE_XML_ID": "383",
                    "STORE_NAME": "г. Челябинск, ул. Федорова 2а",
                    "PRICE": "6960.00",
                    "PRICE_ID": "12"
                }
            ],
            "brand": "CORDIANT",
            "brandCode": "403",
            "vendorCode": "732066690",
            "model": "Comfort 2 SUV",
            "raznItems": [
                {
                    "id": "104063",
                    "name": "225/65 R17",
                    "price": 6960,
                    "amount": "1",
                    "quantity": 1,
                    "url": "/catalog/legkovye/22565-r17-106h-cordiant-comfort-2-suv-tl91376/"
                },
                {
                    "id": "104064",
                    "name": "235/65 R17",
                    "price": 7950,
                    "amount": "4",
                    "quantity": 1,
                    "url": "/catalog/legkovye/23565-r17-108h-cordiant-comfort-2-suv-tl91377/"
                },
                {
                    "id": "104069",
                    "name": "265/65 R17",
                    "price": 9940,
                    "amount": "1",
                    "quantity": 1,
                    "url": "/catalog/legkovye/26565-r17-116h-cordiant-comfort-2-suv-tl91382/"
                },
                {
                    "id": "113689",
                    "name": "215/60 R17",
                    "price": 8200,
                    "amount": "4",
                    "quantity": 1,
                    "url": "/catalog/legkovye/21560-r17-100h-cordiant-comfort-2-suv-tl08801/"
                },
                {
                    "id": "113694",
                    "name": "235/55 R17",
                    "price": 8890,
                    "amount": "1",
                    "quantity": 1,
                    "url": "/catalog/legkovye/23555-r17-103h-cordiant-comfort-2-suv-tl08806/"
                }
            ]
        },
        {
            "id": 160014,
            "isNew": false,
            "EDIT_LINK": null,
            "DELETE_LINK": null,
            "props": [
                {
                    "name": "Ширина",
                    "value": "265 "
                },
                {
                    "name": "Диаметр",
                    "value": "17 "
                }
            ],
            "type": "tires",
            "isPromo": null,
            "amount": 4,
            "season": "Летние",
            "price": 8660,
            "name": "265/70 R17 115T CACHLAND CH-AT7001 TL",
            "sectionId": 7278,
            "sectionName": "Легковые",
            "sectionPath": [
                {
                    "ID": "7278",
                    "NAME": "Легковые"
                },
                {
                    "ID": "7267",
                    "NAME": "Шины"
                }
            ],
            "imgSrc": "/upload/resize_cache/rembg-image/e35/275_275_1/o1te5n5qv6yol3racrusg2onl4aimy0m.png",
            "url": "/catalog/legkovye/26570r17-115t-ch-at7001-tl/",
            "promo": [],
            "discountStores": [],
            "externalStores": [],
            "commonStores": [],
            "brand": "CACHLAND",
            "brandCode": "",
            "vendorCode": "6970005592739",
            "model": "CH-AT7001",
            "raznItems": [
                {
                    "id": "160012",
                    "name": "245/70 R17",
                    "price": 8000,
                    "amount": "4",
                    "quantity": 1,
                    "url": "/catalog/legkovye/24570r17-110t-ch-at7001-tl/"
                },
                {
                    "id": "160014",
                    "name": "265/70 R17",
                    "price": 8660,
                    "amount": "4",
                    "quantity": 1,
                    "url": "/catalog/legkovye/26570r17-115t-ch-at7001-tl/"
                }
            ]
        },
        {
            "id": 135488,
            "isNew": false,
            "EDIT_LINK": null,
            "DELETE_LINK": null,
            "props": [
                {
                    "name": "Ширина",
                    "value": "215 "
                },
                {
                    "name": "Диаметр",
                    "value": "16 "
                }
            ],
            "type": "tires",
            "isPromo": null,
            "amount": 36,
            "season": "Летние",
            "price": 6790,
            "name": "215/65 R16 98H NOKIAN TYRES Nordman S2 SUV TL",
            "sectionId": 7278,
            "sectionName": "Легковые",
            "sectionPath": [
                {
                    "ID": "7278",
                    "NAME": "Легковые"
                },
                {
                    "ID": "7267",
                    "NAME": "Шины"
                }
            ],
            "imgSrc": "/upload/resize_cache/rembg-image/c07/275_275_1/2e95nx93nlr3s4ieg2bdh8q5x622slf3.png",
            "url": "/catalog/legkovye/21565-r16-98h-nokian-tyres-nordman-s2-suv-tl64260/",
            "promo": [],
            "discountStores": [],
            "externalStores": [],
            "commonStores": [
                {
                    "STORE_ID": "158",
                    "PRODUCT_ID": "135488",
                    "AMOUNT": "28",
                    "PRODUCT_XML_ID": "64260",
                    "STORE_XML_ID": "351",
                    "STORE_NAME": "Оптовый Склад",
                    "PRICE": "6790.00",
                    "PRICE_ID": "9"
                },
                {
                    "STORE_ID": "161",
                    "PRODUCT_ID": "135488",
                    "AMOUNT": "8",
                    "PRODUCT_XML_ID": "64260",
                    "STORE_XML_ID": "383",
                    "STORE_NAME": "г. Челябинск, ул. Федорова 2а",
                    "PRICE": "6790.00",
                    "PRICE_ID": "12"
                }
            ],
            "brand": "NOKIAN TYRES",
            "brandCode": "",
            "vendorCode": "T431699",
            "model": "Nordman S2 SUV",
            "raznItems": [
                {
                    "id": "135488",
                    "name": "215/65 R16",
                    "price": 6790,
                    "amount": "8",
                    "quantity": 1,
                    "url": "/catalog/legkovye/21565-r16-98h-nokian-tyres-nordman-s2-suv-tl64260/"
                },
                {
                    "id": "135491",
                    "name": "235/60 R16",
                    "price": 7620,
                    "amount": "4",
                    "quantity": 1,
                    "url": "/catalog/legkovye/23560-r16-100h-nokian-tyres-nordman-s2-suv-tl64257/"
                }
            ]
        },
        {
            "id": 143247,
            "isNew": false,
            "EDIT_LINK": null,
            "DELETE_LINK": null,
            "props": [
                {
                    "name": "Ширина",
                    "value": "225 "
                },
                {
                    "name": "Диаметр",
                    "value": "18 "
                }
            ],
            "type": "tires",
            "isPromo": null,
            "amount": 2,
            "season": "Летние",
            "price": 8680,
            "name": "225/40 R18 92Y GOODYEAR Eagle Sport TZ TL",
            "sectionId": 7278,
            "sectionName": "Легковые",
            "sectionPath": [
                {
                    "ID": "7278",
                    "NAME": "Легковые"
                },
                {
                    "ID": "7267",
                    "NAME": "Шины"
                }
            ],
            "imgSrc": "/upload/resize_cache/rembg-image/aa2/275_275_1/n11cbb17a5euo1eg93exmpjs55mpoxcz.png",
            "url": "/catalog/legkovye/22540r18-92y-xl-eagle-sport-tz-tl-fp/",
            "promo": [],
            "discountStores": [],
            "externalStores": [],
            "commonStores": [],
            "brand": "GOODYEAR",
            "brandCode": "",
            "vendorCode": "576204",
            "model": "Eagle Sport TZ",
            "raznItems": [
                {
                    "id": "143247",
                    "name": "225/40 R18",
                    "price": 8680,
                    "amount": "2",
                    "quantity": 1,
                    "url": "/catalog/legkovye/22540r18-92y-xl-eagle-sport-tz-tl-fp/"
                },
                {
                    "id": "143248",
                    "name": "235/40 R18",
                    "price": 10580,
                    "amount": "2",
                    "quantity": 1,
                    "url": "/catalog/legkovye/23540r18-95y-xl-eagle-sport-tz-tl-fp/"
                },
                {
                    "id": "143493",
                    "name": "235/45 R18",
                    "price": 12230,
                    "amount": "3",
                    "quantity": 1,
                    "url": "/catalog/legkovye/23545r18-98y-xl-eagle-sport-tz-tl-fp/"
                },
                {
                    "id": "143812",
                    "name": "225/45 R18",
                    "price": 10690,
                    "amount": "41",
                    "quantity": 1,
                    "url": "/catalog/legkovye/22545r18-95y-xl-eagle-sport-tz-tl-fp/"
                }
            ]
        },
        {
            "id": 100066,
            "isNew": false,
            "EDIT_LINK": null,
            "DELETE_LINK": null,
            "props": [
                {
                    "name": "Ширина",
                    "value": "225 "
                },
                {
                    "name": "Диаметр",
                    "value": "17 "
                }
            ],
            "type": "tires",
            "isPromo": null,
            "amount": 36,
            "season": "Летние",
            "price": 6120,
            "name": "225/60 R17 99H VIATTI Bosco A/T (V-237) TL",
            "sectionId": 7278,
            "sectionName": "Легковые",
            "sectionPath": [
                {
                    "ID": "7278",
                    "NAME": "Легковые"
                },
                {
                    "ID": "7267",
                    "NAME": "Шины"
                }
            ],
            "imgSrc": "/upload/resize_cache/rembg-image/7f7/275_275_1/jh8styw651dobdm2352h3a0vig9um9nh.png",
            "url": "/catalog/legkovye/22560-r17-99h-viatti-bosco-at-v-237-tl55731/",
            "promo": [],
            "discountStores": [],
            "externalStores": [],
            "commonStores": [
                {
                    "STORE_ID": "158",
                    "PRODUCT_ID": "100066",
                    "AMOUNT": "32",
                    "PRODUCT_XML_ID": "55731",
                    "STORE_XML_ID": "351",
                    "STORE_NAME": "Оптовый Склад",
                    "PRICE": "6120.00",
                    "PRICE_ID": "9"
                },
                {
                    "STORE_ID": "161",
                    "PRODUCT_ID": "100066",
                    "AMOUNT": "4",
                    "PRODUCT_XML_ID": "55731",
                    "STORE_XML_ID": "383",
                    "STORE_NAME": "г. Челябинск, ул. Федорова 2а",
                    "PRICE": "6120.00",
                    "PRICE_ID": "12"
                }
            ],
            "brand": "VIATTI",
            "brandCode": "",
            "vendorCode": "3110043",
            "model": "Bosco A/T V-237",
            "raznItems": [
                {
                    "id": "91895",
                    "name": "225/65 R17",
                    "price": 5570,
                    "amount": "4",
                    "quantity": 1,
                    "url": "/catalog/legkovye/22565-r17-102h-viatti-bosco-at-v-237-tl86475/"
                },
                {
                    "id": "100065",
                    "name": "215/55 R17",
                    "price": 5460,
                    "amount": "3",
                    "quantity": 1,
                    "url": "/catalog/legkovye/21555-r17-94v-viatti-bosco-at-v-237-tl55730/"
                },
                {
                    "id": "100066",
                    "name": "225/60 R17",
                    "price": 6120,
                    "amount": "4",
                    "quantity": 1,
                    "url": "/catalog/legkovye/22560-r17-99h-viatti-bosco-at-v-237-tl55731/"
                },
                {
                    "id": "100067",
                    "name": "265/65 R17",
                    "price": 7260,
                    "amount": "4",
                    "quantity": 1,
                    "url": "/catalog/legkovye/26565-r17-112h-viatti-bosco-at-v-237-tl55732/"
                },
                {
                    "id": "101788",
                    "name": "215/60 R17",
                    "price": 5740,
                    "amount": "1",
                    "quantity": 1,
                    "url": "/catalog/legkovye/21560-r17-96h-viatti-bosco-at-v-237-tl68892/"
                }
            ]
        },
        {
            "id": 135238,
            "isNew": false,
            "EDIT_LINK": null,
            "DELETE_LINK": null,
            "props": [
                {
                    "name": "Ширина",
                    "value": "205 "
                },
                {
                    "name": "Диаметр",
                    "value": "16 "
                }
            ],
            "type": "tires",
            "isPromo": null,
            "amount": 93,
            "season": "Летние",
            "price": 6900,
            "name": "205/60 R16 96V NOKIAN TYRES Hakka Green 3 TL",
            "sectionId": 7278,
            "sectionName": "Легковые",
            "sectionPath": [
                {
                    "ID": "7278",
                    "NAME": "Легковые"
                },
                {
                    "ID": "7267",
                    "NAME": "Шины"
                }
            ],
            "imgSrc": "/upload/resize_cache/rembg-image/f84/275_275_1/qojvkmyj98zhqabf37ttxee9pln9snhs.png",
            "url": "/catalog/legkovye/20560-r16-96v-nokian-tyres-hakka-green-3-tl65280/",
            "promo": [],
            "discountStores": [],
            "externalStores": [],
            "commonStores": [
                {
                    "STORE_ID": "156",
                    "PRODUCT_ID": "135238",
                    "AMOUNT": "4",
                    "PRODUCT_XML_ID": "FORTOCHKI_T431463",
                    "STORE_XML_ID": "419",
                    "STORE_NAME": "г. Челябинск, Свердловский тракт, 12б",
                    "PRICE": "6900.00",
                    "PRICE_ID": "7"
                },
                {
                    "STORE_ID": "158",
                    "PRODUCT_ID": "135238",
                    "AMOUNT": "85",
                    "PRODUCT_XML_ID": "FORTOCHKI_T431463",
                    "STORE_XML_ID": "351",
                    "STORE_NAME": "Оптовый Склад",
                    "PRICE": "6900.00",
                    "PRICE_ID": "9"
                },
                {
                    "STORE_ID": "161",
                    "PRODUCT_ID": "135238",
                    "AMOUNT": "4",
                    "PRODUCT_XML_ID": "FORTOCHKI_T431463",
                    "STORE_XML_ID": "383",
                    "STORE_NAME": "г. Челябинск, ул. Федорова 2а",
                    "PRICE": null,
                    "PRICE_ID": null
                }
            ],
            "brand": "NOKIAN TYRES",
            "brandCode": "",
            "vendorCode": "T431463",
            "model": "Hakka Green 3",
            "raznItems": [
                {
                    "id": "135234",
                    "name": "195/55 R16",
                    "price": 7950,
                    "amount": "4",
                    "quantity": 1,
                    "url": "/catalog/legkovye/19555-r16-91h-nokian-tyres-hakka-green-3-tl65287/"
                },
                {
                    "id": "135236",
                    "name": "205/55 R16",
                    "price": 5230,
                    "amount": "4",
                    "quantity": 1,
                    "url": "/catalog/legkovye/20555-r16-94h-nokian-tyres-hakka-green-3-tl65284/"
                },
                {
                    "id": "135238",
                    "name": "205/60 R16",
                    "price": 6900,
                    "amount": "4",
                    "quantity": 1,
                    "url": "/catalog/legkovye/20560-r16-96v-nokian-tyres-hakka-green-3-tl65280/"
                },
                {
                    "id": "135239",
                    "name": "215/55 R16",
                    "price": 8390,
                    "amount": "2",
                    "quantity": 1,
                    "url": "/catalog/legkovye/21555-r16-97v-nokian-tyres-hakka-green-3-tl65279/"
                }
            ]
        },
        {
            "id": 164935,
            "isNew": false,
            "EDIT_LINK": null,
            "DELETE_LINK": null,
            "props": [
                {
                    "name": "Ширина",
                    "value": "205 "
                },
                {
                    "name": "Диаметр",
                    "value": "17 "
                }
            ],
            "type": "tires",
            "isPromo": null,
            "amount": 2,
            "season": "Летние",
            "price": 8790,
            "name": "205/50 R17 93W NEXEN NFera SU1 TL",
            "sectionId": 7278,
            "sectionName": "Легковые",
            "sectionPath": [
                {
                    "ID": "7278",
                    "NAME": "Легковые"
                },
                {
                    "ID": "7267",
                    "NAME": "Шины"
                }
            ],
            "imgSrc": "/upload/resize_cache/rembg-image/cae/275_275_1/ac4f0brpmedszmnv3ipy9anfgr1yq66l.png",
            "url": "/catalog/legkovye/20550zr17-93w-xl-nfera-su1-tl/",
            "promo": [],
            "discountStores": [],
            "externalStores": [],
            "commonStores": [],
            "brand": "NEXEN",
            "brandCode": "",
            "vendorCode": "13053",
            "model": "NFera SU1",
            "raznItems": [
                {
                    "id": "164935",
                    "name": "205/50 R17",
                    "price": 8790,
                    "amount": "2",
                    "quantity": 1,
                    "url": "/catalog/legkovye/20550zr17-93w-xl-nfera-su1-tl/"
                }
            ]
        },
        {
            "id": 143741,
            "isNew": false,
            "EDIT_LINK": null,
            "DELETE_LINK": null,
            "props": [
                {
                    "name": "Ширина",
                    "value": "235 "
                },
                {
                    "name": "Диаметр",
                    "value": "17 "
                }
            ],
            "type": "tires",
            "isPromo": null,
            "amount": 2,
            "season": "Летние",
            "price": 8800,
            "name": "235/45 R17 94W GOODYEAR Eagle Sport TZ TL",
            "sectionId": 7278,
            "sectionName": "Легковые",
            "sectionPath": [
                {
                    "ID": "7278",
                    "NAME": "Легковые"
                },
                {
                    "ID": "7267",
                    "NAME": "Шины"
                }
            ],
            "imgSrc": "/upload/resize_cache/rembg-image/542/275_275_1/0v6e7xmte03qisvthwvjbeuenm7sds1w.png",
            "url": "/catalog/legkovye/23545r17-94w-eagle-sport-tz-tl-fp/",
            "promo": [],
            "discountStores": [],
            "externalStores": [],
            "commonStores": [],
            "brand": "GOODYEAR",
            "brandCode": "",
            "vendorCode": "579246",
            "model": "Eagle Sport TZ",
            "raznItems": [
                {
                    "id": "142706",
                    "name": "245/45 R17",
                    "price": 10590,
                    "amount": "4",
                    "quantity": 1,
                    "url": "/catalog/legkovye/24545r17-95w-eagle-sport-tz-tl-fp/"
                },
                {
                    "id": "143741",
                    "name": "235/45 R17",
                    "price": 8800,
                    "amount": "2",
                    "quantity": 1,
                    "url": "/catalog/legkovye/23545r17-94w-eagle-sport-tz-tl-fp/"
                },
                {
                    "id": "144390",
                    "name": "205/50 R17",
                    "price": 9540,
                    "amount": "24",
                    "quantity": 1,
                    "url": "/catalog/legkovye/20550r17-93v-xl-eagle-sport-tz-tl-fp/"
                },
                {
                    "id": "147273",
                    "name": "205/45 R17",
                    "price": 8190,
                    "amount": "4",
                    "quantity": 1,
                    "url": "/catalog/legkovye/20545r17-88v-xl-eagle-sport-tz-tl-fp/"
                }
            ]
        },
        {
            "id": 143583,
            "isNew": false,
            "EDIT_LINK": null,
            "DELETE_LINK": null,
            "props": [
                {
                    "name": "Ширина",
                    "value": "235 "
                },
                {
                    "name": "Диаметр",
                    "value": "16 "
                }
            ],
            "type": "tires",
            "isPromo": null,
            "amount": 3,
            "season": "Летние",
            "price": 8800,
            "name": "235/70 R16 109H KORMORAN Road Terrain TL",
            "sectionId": 7278,
            "sectionName": "Легковые",
            "sectionPath": [
                {
                    "ID": "7278",
                    "NAME": "Легковые"
                },
                {
                    "ID": "7267",
                    "NAME": "Шины"
                }
            ],
            "imgSrc": "/upload/resize_cache/rembg-image/ac7/275_275_1/9avhq7z0k1v8cj6p8f41fffp31vohf3p.png",
            "url": "/catalog/legkovye/23570r16-109h-xl-road-terrain-tl-m-s/",
            "promo": [],
            "discountStores": [],
            "externalStores": [],
            "commonStores": [],
            "brand": "KORMORAN",
            "brandCode": "",
            "vendorCode": "454312",
            "model": "Road Terrain",
            "raznItems": [
                {
                    "id": "143583",
                    "name": "235/70 R16",
                    "price": 8800,
                    "amount": "3",
                    "quantity": 1,
                    "url": "/catalog/legkovye/23570r16-109h-xl-road-terrain-tl-m-s/"
                },
                {
                    "id": "143584",
                    "name": "265/75 R16",
                    "price": 9910,
                    "amount": "4",
                    "quantity": 1,
                    "url": "/catalog/legkovye/26575r16-116s-xl-road-terrain-tl-m-s/"
                },
                {
                    "id": "143712",
                    "name": "265/70 R16",
                    "price": 9050,
                    "amount": "1",
                    "quantity": 1,
                    "url": "/catalog/legkovye/26570r16-116t-xl-road-terrain-tl-m-s/"
                }
            ]
        },
        {
            "id": 144485,
            "isNew": false,
            "EDIT_LINK": null,
            "DELETE_LINK": null,
            "props": [
                {
                    "name": "Ширина",
                    "value": "235 "
                },
                {
                    "name": "Диаметр",
                    "value": "18 "
                }
            ],
            "type": "tires",
            "isPromo": null,
            "amount": 1,
            "season": "Летние",
            "price": 8860,
            "name": "235/50 R18 101Y SAILUN Atrezzo ZSR TL",
            "sectionId": 7278,
            "sectionName": "Легковые",
            "sectionPath": [
                {
                    "ID": "7278",
                    "NAME": "Легковые"
                },
                {
                    "ID": "7267",
                    "NAME": "Шины"
                }
            ],
            "imgSrc": "/upload/resize_cache/rembg-image/8c6/275_275_1/fw2r461imqzfreh6yxfoq506yx4lc6pj.png",
            "url": "/catalog/legkovye/23550-r18-101y-sailun-atrezzo-zsr-tl51908/",
            "promo": [],
            "discountStores": [],
            "externalStores": [],
            "commonStores": [
                {
                    "STORE_ID": "158",
                    "PRODUCT_ID": "144485",
                    "AMOUNT": "1",
                    "PRODUCT_XML_ID": "51908",
                    "STORE_XML_ID": "351",
                    "STORE_NAME": "Оптовый Склад",
                    "PRICE": "8860.00",
                    "PRICE_ID": "9"
                }
            ],
            "brand": "SAILUN",
            "brandCode": "674",
            "vendorCode": "3220005046",
            "model": "Atrezzo ZSR",
            "raznItems": [
                {
                    "id": "144485",
                    "name": "235/50 R18",
                    "price": 8860,
                    "amount": "1",
                    "quantity": 1,
                    "url": "/catalog/legkovye/23550-r18-101y-sailun-atrezzo-zsr-tl51908/"
                },
                {
                    "id": "156112",
                    "name": "255/35 R18",
                    "price": 8490,
                    "amount": "6",
                    "quantity": 1,
                    "url": "/catalog/legkovye/25535-r18-94y-sailun-atrezzo-zsr-tl25003/"
                },
                {
                    "id": "156118",
                    "name": "215/45 R18",
                    "price": 7870,
                    "amount": "14",
                    "quantity": 1,
                    "url": "/catalog/legkovye/21545-r18-93y-sailun-atrezzo-zsr-tl25009/"
                }
            ]
        },
        {
            "id": 104833,
            "isNew": false,
            "EDIT_LINK": null,
            "DELETE_LINK": null,
            "props": [
                {
                    "name": "Ширина",
                    "value": "205 "
                },
                {
                    "name": "Диаметр",
                    "value": "17 "
                }
            ],
            "type": "tires",
            "isPromo": null,
            "amount": 4,
            "season": "Летние",
            "price": 8890,
            "name": "205/45 R17 88W NEXEN NFera SU1 TL",
            "sectionId": 7278,
            "sectionName": "Легковые",
            "sectionPath": [
                {
                    "ID": "7278",
                    "NAME": "Легковые"
                },
                {
                    "ID": "7267",
                    "NAME": "Шины"
                }
            ],
            "imgSrc": "/upload/resize_cache/rembg-image/e58/275_275_1/txdsimgngjel1ggbmbj9zqy5bopfgh6u.png",
            "url": "/catalog/legkovye/20545-r17-88w-nexen-nfera-su1-tl04996/",
            "promo": [],
            "discountStores": [],
            "externalStores": [],
            "commonStores": [
                {
                    "STORE_ID": "158",
                    "PRODUCT_ID": "104833",
                    "AMOUNT": "4",
                    "PRODUCT_XML_ID": "04996",
                    "STORE_XML_ID": "351",
                    "STORE_NAME": "Оптовый Склад",
                    "PRICE": "8890.00",
                    "PRICE_ID": "9"
                }
            ],
            "brand": "NEXEN",
            "brandCode": "321",
            "vendorCode": "NXK12725",
            "model": "NFera SU1",
            "raznItems": [
                {
                    "id": "104833",
                    "name": "205/45 R17",
                    "price": 8890,
                    "amount": "4",
                    "quantity": 1,
                    "url": "/catalog/legkovye/20545-r17-88w-nexen-nfera-su1-tl04996/"
                },
                {
                    "id": "150404",
                    "name": "205/40 R17",
                    "price": 7590,
                    "amount": "4",
                    "quantity": 1,
                    "url": "/catalog/legkovye/20540-r17-84w-nexen-nfera-su1-tl44837/"
                }
            ]
        },
        {
            "id": 158747,
            "isNew": false,
            "EDIT_LINK": null,
            "DELETE_LINK": null,
            "props": [
                {
                    "name": "Ширина",
                    "value": "205 "
                },
                {
                    "name": "Диаметр",
                    "value": "16 "
                }
            ],
            "type": "tires",
            "isPromo": null,
            "amount": 13,
            "season": "Летние",
            "price": 8900,
            "name": "205/55 R16 94V MICHELIN CrossClimate 2 TL",
            "sectionId": 7278,
            "sectionName": "Легковые",
            "sectionPath": [
                {
                    "ID": "7278",
                    "NAME": "Легковые"
                },
                {
                    "ID": "7267",
                    "NAME": "Шины"
                }
            ],
            "imgSrc": "/upload/resize_cache/rembg-image/6fd/275_275_1/zj5mpqlf20itl65ru2l3a1aedc8renzb.png",
            "url": "/catalog/legkovye/20555r16-94v-xl-crossclimate-2-tl/",
            "promo": [],
            "discountStores": [],
            "externalStores": [],
            "commonStores": [],
            "brand": "MICHELIN",
            "brandCode": "",
            "vendorCode": "170766",
            "model": "CrossClimate 2",
            "raznItems": [
                {
                    "id": "158747",
                    "name": "205/55 R16",
                    "price": 8900,
                    "amount": "13",
                    "quantity": 1,
                    "url": "/catalog/legkovye/20555r16-94v-xl-crossclimate-2-tl/"
                }
            ]
        },
        {
            "id": 155828,
            "isNew": false,
            "EDIT_LINK": null,
            "DELETE_LINK": null,
            "props": [
                {
                    "name": "Ширина",
                    "value": "205 "
                },
                {
                    "name": "Диаметр",
                    "value": "16 "
                }
            ],
            "type": "tires",
            "isPromo": null,
            "amount": 1,
            "season": "Летние",
            "price": 8910,
            "name": "205/55 R16 91V CONTINENTAL UltraContact TL",
            "sectionId": 7278,
            "sectionName": "Легковые",
            "sectionPath": [
                {
                    "ID": "7278",
                    "NAME": "Легковые"
                },
                {
                    "ID": "7267",
                    "NAME": "Шины"
                }
            ],
            "imgSrc": "/upload/resize_cache/rembg-image/0a0/275_275_1/0ipwqdzpc0d3617wbnd7089pd8y11pvb.png",
            "url": "/catalog/legkovye/20555-r16-91v-continental-ultracontact-tl24754/",
            "promo": [],
            "discountStores": [],
            "externalStores": [],
            "commonStores": [
                {
                    "STORE_ID": "158",
                    "PRODUCT_ID": "155828",
                    "AMOUNT": "1",
                    "PRODUCT_XML_ID": "24754",
                    "STORE_XML_ID": "351",
                    "STORE_NAME": "Оптовый Склад",
                    "PRICE": "8910.00",
                    "PRICE_ID": "9"
                }
            ],
            "brand": "CONTINENTAL",
            "brandCode": "254",
            "vendorCode": "0312358",
            "model": "UltraContact",
            "raznItems": [
                {
                    "id": "155828",
                    "name": "205/55 R16",
                    "price": 8910,
                    "amount": "1",
                    "quantity": 1,
                    "url": "/catalog/legkovye/20555-r16-91v-continental-ultracontact-tl24754/"
                }
            ]
        },
        {
            "id": 98746,
            "isNew": false,
            "EDIT_LINK": null,
            "DELETE_LINK": null,
            "props": [
                {
                    "name": "Ширина",
                    "value": "215 "
                },
                {
                    "name": "Диаметр",
                    "value": "16 "
                }
            ],
            "type": "tires",
            "isPromo": null,
            "amount": 12,
            "season": "Летние",
            "price": 8910,
            "name": "215/55 R16 97W YOKOHAMA BluEarth-GT AE51 TL",
            "sectionId": 7278,
            "sectionName": "Легковые",
            "sectionPath": [
                {
                    "ID": "7278",
                    "NAME": "Легковые"
                },
                {
                    "ID": "7267",
                    "NAME": "Шины"
                }
            ],
            "imgSrc": "/upload/resize_cache/rembg-image/190/275_275_1/ixcv9csdws6d16023h3mymhqo0kkvrk8.png",
            "url": "/catalog/legkovye/21555-r16-97w-yokohama-bluearth-gt-ae51-tl54293/",
            "promo": [],
            "discountStores": [],
            "externalStores": [],
            "commonStores": [],
            "brand": "YOKOHAMA",
            "brandCode": "",
            "vendorCode": "R6055",
            "model": "BluEarth-GT AE51",
            "raznItems": [
                {
                    "id": "98746",
                    "name": "215/55 R16",
                    "price": 8910,
                    "amount": "12",
                    "quantity": 1,
                    "url": "/catalog/legkovye/21555-r16-97w-yokohama-bluearth-gt-ae51-tl54293/"
                },
                {
                    "id": "136462",
                    "name": "215/60 R16",
                    "price": 7860,
                    "amount": "3",
                    "quantity": 1,
                    "url": "/catalog/legkovye/21560-r16-99v-yokohama-bluearth-gt-ae51-tl60016/"
                },
                {
                    "id": "136745",
                    "name": "195/55 R16",
                    "price": 7550,
                    "amount": "4",
                    "quantity": 1,
                    "url": "/catalog/legkovye/19555-r16-87v-yokohama-bluearth-gt-ae51-tl57781/"
                },
                {
                    "id": "136899",
                    "name": "205/55 R16",
                    "price": 5470,
                    "amount": "4",
                    "quantity": 1,
                    "url": "/catalog/legkovye/20555-r16-94v-yokohama-bluearth-gt-ae51-tl57623/"
                }
            ]
        }
    ],
    "filter": {
        "0": {
            "LOGIC": "OR",
            ">STORE_AMOUNT_156": 0,
            ">STORE_AMOUNT_158": 0,
            ">STORE_AMOUNT_159": 0,
            ">STORE_AMOUNT_160": 0,
            ">STORE_AMOUNT_161": 0,
            ">STORE_AMOUNT_164": 0,
            ">STORE_AMOUNT_165": 0,
            ">STORE_AMOUNT_168": 0,
            ">STORE_AMOUNT_169": 0,
            ">STORE_AMOUNT_174": 0,
            ">STORE_AMOUNT_180": 0,
            ">STORE_AMOUNT_184": 0,
            ">STORE_AMOUNT_185": 0,
            ">STORE_AMOUNT_191": 0,
            ">STORE_AMOUNT_192": 0,
            ">STORE_AMOUNT_194": 0,
            ">STORE_AMOUNT_6087": 0
        },
        "1": {
            "LOGIC": "OR",
            ">CATALOG_CATALOG_GROUP_ID_33": 0,
            ">CATALOG_CATALOG_GROUP_ID_90": 0,
            ">CATALOG_CATALOG_GROUP_ID_96": 0,
            ">CATALOG_CATALOG_GROUP_ID_97": 0,
            ">CATALOG_CATALOG_GROUP_ID_98": 0
        },
        "2": {
            "LOGIC": "OR",
            ">STORE_AMOUNT_156": 0,
            ">STORE_AMOUNT_158": 0,
            ">STORE_AMOUNT_159": 0,
            ">STORE_AMOUNT_160": 0,
            ">STORE_AMOUNT_161": 0,
            ">STORE_AMOUNT_164": 0,
            ">STORE_AMOUNT_165": 0,
            ">STORE_AMOUNT_168": 0,
            ">STORE_AMOUNT_169": 0,
            ">STORE_AMOUNT_174": 0,
            ">STORE_AMOUNT_180": 0,
            ">STORE_AMOUNT_184": 0,
            ">STORE_AMOUNT_185": 0,
            ">STORE_AMOUNT_191": 0,
            ">STORE_AMOUNT_192": 0,
            ">STORE_AMOUNT_194": 0,
            ">STORE_AMOUNT_6087": 0
        },
        "3": {
            "LOGIC": "OR",
            ">CATALOG_CATALOG_GROUP_ID_33": 0,
            ">CATALOG_CATALOG_GROUP_ID_90": 0,
            ">CATALOG_CATALOG_GROUP_ID_96": 0,
            ">CATALOG_CATALOG_GROUP_ID_97": 0,
            ">CATALOG_CATALOG_GROUP_ID_98": 0
        },
        "=PROPERTY_458": [
            "154"
        ]
    },
    "promo": {
        "id": "165954",
        "url": "/promo/shiny-v-rassrochku/",
        "name": "Покупки в рассрочку",
        "text": "Теперь вы можете купить зимние шины, или диски в рассрочку быстро и легко: без первоначального взноса и без переплаты!",
        "imgSrc": "/upload/resize_cache/iblock/356/1075_613_1/8iiw8xmv2bzky9euo9mn57dqx6dk3xa9.jpg",
        "videoSrc": null
    },
    "promoFilter": {
        "IBLOCK_ID": 10,
        "ACTIVE": "Y",
        "=PROPERTY_SECTION": 206,
        "=PROPERTY_CATALOG_SEASON": [
            false,
            204
        ],
        "=PROPERTY_CATALOG_BRAND": [
            false
        ]
    },
    "navNum": 1,
    "pagesCount": 111,
    "pageNum": 33
}