{
    "pageUrl": "/catalog/legkovye/?arCatalogFilter_458_1500340406=Y&set_filter=Y&sort%5Brecommendations%5D=asc&PAGEN_1=34",
    "items": [
        {
            "id": 120104,
            "isNew": false,
            "EDIT_LINK": null,
            "DELETE_LINK": null,
            "props": [
                {
                    "name": "Ширина",
                    "value": "215 "
                },
                {
                    "name": "Диаметр",
                    "value": "17 "
                }
            ],
            "type": "tires",
            "isPromo": null,
            "amount": 7,
            "season": "Летние",
            "price": 8920,
            "name": "215/65 R17 99V TIGAR SUV Summer TL",
            "sectionId": 7278,
            "sectionName": "Легковые",
            "sectionPath": [
                {
                    "ID": "7278",
                    "NAME": "Легковые"
                },
                {
                    "ID": "7267",
                    "NAME": "Шины"
                }
            ],
            "imgSrc": "/upload/resize_cache/rembg-image/b39/275_275_1/0pdglv3bmvnfveaku593mevb5abxn3qe.png",
            "url": "/catalog/legkovye/21565-r17-99v-tigar-suv-summer-tl24277/",
            "promo": [],
            "discountStores": [],
            "externalStores": [],
            "commonStores": [
                {
                    "STORE_ID": "158",
                    "PRODUCT_ID": "120104",
                    "AMOUNT": "7",
                    "PRODUCT_XML_ID": "24277",
                    "STORE_XML_ID": "351",
                    "STORE_NAME": "Оптовый Склад",
                    "PRICE": "8920.00",
                    "PRICE_ID": "9"
                }
            ],
            "brand": "TIGAR",
            "brandCode": "275",
            "vendorCode": "701882",
            "model": "SUV Summer",
            "raznItems": [
                {
                    "id": "104133",
                    "name": "235/60 R17",
                    "price": 11720,
                    "amount": "1",
                    "quantity": 1,
                    "url": "/catalog/legkovye/23560-r17-102v-tigar-suv-summer-tl91520/"
                },
                {
                    "id": "120104",
                    "name": "215/65 R17",
                    "price": 8920,
                    "amount": "7",
                    "quantity": 1,
                    "url": "/catalog/legkovye/21565-r17-99v-tigar-suv-summer-tl24277/"
                }
            ]
        },
        {
            "id": 142926,
            "isNew": false,
            "EDIT_LINK": null,
            "DELETE_LINK": null,
            "props": [
                {
                    "name": "Ширина",
                    "value": "255 "
                },
                {
                    "name": "Диаметр",
                    "value": "16 "
                }
            ],
            "type": "tires",
            "isPromo": null,
            "amount": 1,
            "season": "Летние",
            "price": 8930,
            "name": "255/70 R16 111T TRIANGLE TR257 TL",
            "sectionId": 7278,
            "sectionName": "Легковые",
            "sectionPath": [
                {
                    "ID": "7278",
                    "NAME": "Легковые"
                },
                {
                    "ID": "7267",
                    "NAME": "Шины"
                }
            ],
            "imgSrc": "/upload/resize_cache/rembg-image/d29/275_275_1/qwndoidi5pvq4yvwlngtxolt1qiy3d8m.png",
            "url": "/catalog/legkovye/25570r16-111t-tr257-tl-m-s/",
            "promo": [],
            "discountStores": [],
            "externalStores": [],
            "commonStores": [],
            "brand": "TRIANGLE",
            "brandCode": "",
            "vendorCode": "CTS228007",
            "model": "Sapphire TR257",
            "raznItems": [
                {
                    "id": "142926",
                    "name": "255/70 R16",
                    "price": 8930,
                    "amount": "1",
                    "quantity": 1,
                    "url": "/catalog/legkovye/25570r16-111t-tr257-tl-m-s/"
                }
            ]
        },
        {
            "id": 113858,
            "isNew": false,
            "EDIT_LINK": null,
            "DELETE_LINK": null,
            "props": [
                {
                    "name": "Ширина",
                    "value": "205 "
                },
                {
                    "name": "Диаметр",
                    "value": "16 "
                }
            ],
            "type": "tires",
            "isPromo": null,
            "amount": 77,
            "season": "Летние",
            "price": 8930,
            "name": "205/55 R16 91H CONTINENTAL PremiumContact 6 TL",
            "sectionId": 7278,
            "sectionName": "Легковые",
            "sectionPath": [
                {
                    "ID": "7278",
                    "NAME": "Легковые"
                },
                {
                    "ID": "7267",
                    "NAME": "Шины"
                }
            ],
            "imgSrc": "/upload/resize_cache/rembg-image/c99/275_275_1/3dbi7tm1ne49h6s4v33zhrrkdq7bsj42.png",
            "url": "/catalog/legkovye/20555-r16-91h-continental-premiumcontact-6-tl09210/",
            "promo": [],
            "discountStores": [],
            "externalStores": [],
            "commonStores": [
                {
                    "STORE_ID": "158",
                    "PRODUCT_ID": "113858",
                    "AMOUNT": "71",
                    "PRODUCT_XML_ID": "09210",
                    "STORE_XML_ID": "351",
                    "STORE_NAME": "Оптовый Склад",
                    "PRICE": "8930.00",
                    "PRICE_ID": "9"
                },
                {
                    "STORE_ID": "161",
                    "PRODUCT_ID": "113858",
                    "AMOUNT": "4",
                    "PRODUCT_XML_ID": "09210",
                    "STORE_XML_ID": "383",
                    "STORE_NAME": "г. Челябинск, ул. Федорова 2а",
                    "PRICE": null,
                    "PRICE_ID": null
                },
                {
                    "STORE_ID": "169",
                    "PRODUCT_ID": "113858",
                    "AMOUNT": "2",
                    "PRODUCT_XML_ID": "09210",
                    "STORE_XML_ID": "403",
                    "STORE_NAME": "г. Челябинск, Копейское шоссе, 35д",
                    "PRICE": null,
                    "PRICE_ID": null
                }
            ],
            "brand": "CONTINENTAL",
            "brandCode": "",
            "vendorCode": "0358861",
            "model": "PremiumContact 6",
            "raznItems": [
                {
                    "id": "113858",
                    "name": "205/55 R16",
                    "price": 8930,
                    "amount": "2",
                    "quantity": 1,
                    "url": "/catalog/legkovye/20555-r16-91h-continental-premiumcontact-6-tl09210/"
                }
            ]
        },
        {
            "id": 124766,
            "isNew": false,
            "EDIT_LINK": null,
            "DELETE_LINK": null,
            "props": [
                {
                    "name": "Ширина",
                    "value": "205 "
                },
                {
                    "name": "Диаметр",
                    "value": "15 "
                }
            ],
            "type": "tires",
            "isPromo": null,
            "amount": 4,
            "season": "Летние",
            "price": 8960,
            "name": "205/60 R15 91V MICHELIN Energy XM2   TL",
            "sectionId": 7278,
            "sectionName": "Легковые",
            "sectionPath": [
                {
                    "ID": "7278",
                    "NAME": "Легковые"
                },
                {
                    "ID": "7267",
                    "NAME": "Шины"
                }
            ],
            "imgSrc": "/upload/resize_cache/rembg-image/b10/275_275_1/k5jwctcmkmws769l9f3mbzsirwpytvrk.png",
            "url": "/catalog/legkovye/20560-r15-91v-michelin-energy-xm2-tl88443/",
            "promo": [],
            "discountStores": [],
            "externalStores": [],
            "commonStores": [
                {
                    "STORE_ID": "158",
                    "PRODUCT_ID": "124766",
                    "AMOUNT": "4",
                    "PRODUCT_XML_ID": "88443",
                    "STORE_XML_ID": "351",
                    "STORE_NAME": "Оптовый Склад",
                    "PRICE": "8960.00",
                    "PRICE_ID": "9"
                }
            ],
            "brand": "MICHELIN",
            "brandCode": "",
            "vendorCode": "983314",
            "model": "Energy XM2  ",
            "raznItems": [
                {
                    "id": "119996",
                    "name": "185/55 R15",
                    "price": 7610,
                    "amount": "4",
                    "quantity": 1,
                    "url": "/catalog/legkovye/18555-r15-86v-michelin-energy-xm2-tl24106/"
                },
                {
                    "id": "120002",
                    "name": "205/65 R15",
                    "price": 9290,
                    "amount": "8",
                    "quantity": 1,
                    "url": "/catalog/legkovye/20565-r15-94v-michelin-energy-xm2-tl24112/"
                },
                {
                    "id": "124766",
                    "name": "205/60 R15",
                    "price": 8960,
                    "amount": "4",
                    "quantity": 1,
                    "url": "/catalog/legkovye/20560-r15-91v-michelin-energy-xm2-tl88443/"
                }
            ]
        },
        {
            "id": 101366,
            "isNew": false,
            "EDIT_LINK": null,
            "DELETE_LINK": null,
            "props": [
                {
                    "name": "Ширина",
                    "value": "235 "
                },
                {
                    "name": "Диаметр",
                    "value": "15 "
                }
            ],
            "type": "tires",
            "isPromo": null,
            "amount": 4,
            "season": "Летние",
            "price": 8960,
            "name": "235/75 R15 109H YOKOHAMA Geolandar H/T G056 TL",
            "sectionId": 7278,
            "sectionName": "Легковые",
            "sectionPath": [
                {
                    "ID": "7278",
                    "NAME": "Легковые"
                },
                {
                    "ID": "7267",
                    "NAME": "Шины"
                }
            ],
            "imgSrc": "/upload/resize_cache/rembg-image/2f2/275_275_1/vgcpzkuj1ig2hgb50fudoxxbocks8tq7.png",
            "url": "/catalog/legkovye/23575r15-109h-geolandar-ht-g056-tl-m-s/",
            "promo": [],
            "discountStores": [],
            "externalStores": [],
            "commonStores": [],
            "brand": "YOKOHAMA",
            "brandCode": "",
            "vendorCode": "F9249",
            "model": "Geolandar H/T G056",
            "raznItems": [
                {
                    "id": "101366",
                    "name": "235/75 R15",
                    "price": 8960,
                    "amount": "4",
                    "quantity": 1,
                    "url": "/catalog/legkovye/23575r15-109h-geolandar-ht-g056-tl-m-s/"
                }
            ]
        },
        {
            "id": 105528,
            "isNew": false,
            "EDIT_LINK": null,
            "DELETE_LINK": null,
            "props": [
                {
                    "name": "Ширина",
                    "value": "235 "
                },
                {
                    "name": "Диаметр",
                    "value": "17 "
                }
            ],
            "type": "tires",
            "isPromo": null,
            "amount": 2,
            "season": "Летние",
            "price": 8970,
            "name": "235/45 R17 97W YOKOHAMA BluEarth-GT AE51 TL",
            "sectionId": 7278,
            "sectionName": "Легковые",
            "sectionPath": [
                {
                    "ID": "7278",
                    "NAME": "Легковые"
                },
                {
                    "ID": "7267",
                    "NAME": "Шины"
                }
            ],
            "imgSrc": "/upload/resize_cache/rembg-image/63f/275_275_1/fcex4df97eu3tmvvj63j1j29qal8tpjv.png",
            "url": "/catalog/legkovye/23545-r17-97w-yokohama-bluearth-gt-ae51-tl58560/",
            "promo": [],
            "discountStores": [],
            "externalStores": [],
            "commonStores": [
                {
                    "STORE_ID": "158",
                    "PRODUCT_ID": "105528",
                    "AMOUNT": "2",
                    "PRODUCT_XML_ID": "FORTOCHKI_R6060",
                    "STORE_XML_ID": "351",
                    "STORE_NAME": "Оптовый Склад",
                    "PRICE": "8970.00",
                    "PRICE_ID": "9"
                }
            ],
            "brand": "YOKOHAMA",
            "brandCode": "",
            "vendorCode": "R6060",
            "model": "BluEarth-GT AE51",
            "raznItems": [
                {
                    "id": "105528",
                    "name": "235/45 R17",
                    "price": 8970,
                    "amount": "2",
                    "quantity": 1,
                    "url": "/catalog/legkovye/23545-r17-97w-yokohama-bluearth-gt-ae51-tl58560/"
                },
                {
                    "id": "105590",
                    "name": "225/55 R17",
                    "price": 10660,
                    "amount": "4",
                    "quantity": 1,
                    "url": "/catalog/legkovye/22555-r17-101w-yokohama-bluearth-gt-ae51-tl58731/"
                },
                {
                    "id": "105610",
                    "name": "225/50 R17",
                    "price": 10540,
                    "amount": "4",
                    "quantity": 1,
                    "url": "/catalog/legkovye/22550-r17-98w-yokohama-bluearth-gt-ae51-tl58932/"
                },
                {
                    "id": "136634",
                    "name": "215/50 R17",
                    "price": 9070,
                    "amount": "3",
                    "quantity": 1,
                    "url": "/catalog/legkovye/21550-r17-95w-yokohama-bluearth-gt-ae51-tl57895/"
                },
                {
                    "id": "137213",
                    "name": "215/55 R17",
                    "price": 8890,
                    "amount": "1",
                    "quantity": 1,
                    "url": "/catalog/legkovye/21555-r17-94w-yokohama-bluearth-gt-ae51-tl55569/"
                },
                {
                    "id": "137338",
                    "name": "215/45 R17",
                    "price": 9290,
                    "amount": "4",
                    "quantity": 1,
                    "url": "/catalog/legkovye/21545-r17-91w-yokohama-bluearth-gt-ae51-tl01028/"
                }
            ]
        },
        {
            "id": 156109,
            "isNew": false,
            "EDIT_LINK": null,
            "DELETE_LINK": null,
            "props": [
                {
                    "name": "Ширина",
                    "value": "245 "
                },
                {
                    "name": "Диаметр",
                    "value": "18 "
                }
            ],
            "type": "tires",
            "isPromo": null,
            "amount": 38,
            "season": "Летние",
            "price": 8980,
            "name": "245/40 R18 97Y SAILUN Atrezzo ZSR TL",
            "sectionId": 7278,
            "sectionName": "Легковые",
            "sectionPath": [
                {
                    "ID": "7278",
                    "NAME": "Легковые"
                },
                {
                    "ID": "7267",
                    "NAME": "Шины"
                }
            ],
            "imgSrc": "/upload/resize_cache/rembg-image/3ba/275_275_1/8oqs0d8ebgizc0q0yf15kx3vm5ms8slt.png",
            "url": "/catalog/legkovye/24540-r18-97y-sailun-atrezzo-zsr-tl25000/",
            "promo": [],
            "discountStores": [],
            "externalStores": [],
            "commonStores": [
                {
                    "STORE_ID": "158",
                    "PRODUCT_ID": "156109",
                    "AMOUNT": "38",
                    "PRODUCT_XML_ID": "FORTOCHKI_3220010157",
                    "STORE_XML_ID": "351",
                    "STORE_NAME": "Оптовый Склад",
                    "PRICE": "8980.00",
                    "PRICE_ID": "9"
                }
            ],
            "brand": "SAILUN",
            "brandCode": "",
            "vendorCode": "3220010157",
            "model": "Atrezzo ZSR",
            "raznItems": [
                {
                    "id": "144481",
                    "name": "225/45 R18",
                    "price": 8180,
                    "amount": "4",
                    "quantity": 1,
                    "url": "/catalog/legkovye/22545-r18-95y-sailun-atrezzo-zsr-tl51912/"
                },
                {
                    "id": "144484",
                    "name": "235/45 R18",
                    "price": 8000,
                    "amount": "1",
                    "quantity": 1,
                    "url": "/catalog/legkovye/23545-r18-98y-sailun-atrezzo-zsr-tl51909/"
                },
                {
                    "id": "156109",
                    "name": "245/40 R18",
                    "price": 8980,
                    "amount": "38",
                    "quantity": 1,
                    "url": "/catalog/legkovye/24540-r18-97y-sailun-atrezzo-zsr-tl25000/"
                },
                {
                    "id": "156113",
                    "name": "265/35 R18",
                    "price": 9720,
                    "amount": "23",
                    "quantity": 1,
                    "url": "/catalog/legkovye/26535-r18-97y-sailun-atrezzo-zsr-tl25004/"
                },
                {
                    "id": "159873",
                    "name": "225/40 R18",
                    "price": 6340,
                    "amount": "38",
                    "quantity": 1,
                    "url": "/catalog/legkovye/22540r18-92y-xl-atrezzo-zsr-tl/"
                },
                {
                    "id": "160770",
                    "name": "255/45 R18",
                    "price": 7320,
                    "amount": "4",
                    "quantity": 1,
                    "url": "/catalog/legkovye/25545r18-103y-xl-atrezzo-zsr-tl/"
                }
            ]
        },
        {
            "id": 155518,
            "isNew": false,
            "EDIT_LINK": null,
            "DELETE_LINK": null,
            "props": [
                {
                    "name": "Ширина",
                    "value": "215 "
                },
                {
                    "name": "Диаметр",
                    "value": "16 "
                }
            ],
            "type": "tires",
            "isPromo": null,
            "amount": 1,
            "season": "Летние",
            "price": 6800,
            "name": "215/55 R16 97H NOKIAN TYRES Nordman SX 3 TL",
            "sectionId": 7278,
            "sectionName": "Легковые",
            "sectionPath": [
                {
                    "ID": "7278",
                    "NAME": "Легковые"
                },
                {
                    "ID": "7267",
                    "NAME": "Шины"
                }
            ],
            "imgSrc": "/upload/resize_cache/rembg-image/32b/275_275_1/mr8hewy5qvq67qvwfxmzrpz1ywawvo9u.png",
            "url": "/catalog/legkovye/21555-r16-97h-nokian-tyres-nordman-sx-3-tl24461/",
            "promo": [],
            "discountStores": [],
            "externalStores": [],
            "commonStores": [
                {
                    "STORE_ID": "158",
                    "PRODUCT_ID": "155518",
                    "AMOUNT": "1",
                    "PRODUCT_XML_ID": "FORTOCHKI_T432333",
                    "STORE_XML_ID": "351",
                    "STORE_NAME": "Оптовый Склад",
                    "PRICE": "6800.00",
                    "PRICE_ID": "9"
                }
            ],
            "brand": "NOKIAN TYRES",
            "brandCode": "",
            "vendorCode": "T432333",
            "model": "Nordman SX3",
            "raznItems": [
                {
                    "id": "155353",
                    "name": "205/55 R16",
                    "price": 4350,
                    "amount": "20",
                    "quantity": 1,
                    "url": "/catalog/legkovye/20555-r16-91h-nokian-tyres-nordman-sx-3-tl22690/"
                },
                {
                    "id": "155354",
                    "name": "205/60 R16",
                    "price": 5520,
                    "amount": "4",
                    "quantity": 1,
                    "url": "/catalog/legkovye/20560-r16-92h-nokian-tyres-nordman-sx-3-tl22694/"
                },
                {
                    "id": "155518",
                    "name": "215/55 R16",
                    "price": 6800,
                    "amount": "1",
                    "quantity": 1,
                    "url": "/catalog/legkovye/21555-r16-97h-nokian-tyres-nordman-sx-3-tl24461/"
                }
            ]
        },
        {
            "id": 102811,
            "isNew": false,
            "EDIT_LINK": null,
            "DELETE_LINK": null,
            "props": [
                {
                    "name": "Ширина",
                    "value": "205 "
                },
                {
                    "name": "Диаметр",
                    "value": "15 "
                }
            ],
            "type": "tires",
            "isPromo": null,
            "amount": 1,
            "season": "Летние",
            "price": 7390,
            "name": "205/70 R15 96H YOKOHAMA Geolandar A/T G015 TL",
            "sectionId": 7278,
            "sectionName": "Легковые",
            "sectionPath": [
                {
                    "ID": "7278",
                    "NAME": "Легковые"
                },
                {
                    "ID": "7267",
                    "NAME": "Шины"
                }
            ],
            "imgSrc": "/upload/resize_cache/rembg-image/ded/275_275_1/2i6gah777ip31dmixeeyv8kvmax912x6.png",
            "url": "/catalog/legkovye/20570-r15-96h-yokohama-geolandar-at-g015-tl73998/",
            "promo": [],
            "discountStores": [],
            "externalStores": [],
            "commonStores": [
                {
                    "STORE_ID": "158",
                    "PRODUCT_ID": "102811",
                    "AMOUNT": "1",
                    "PRODUCT_XML_ID": "73998",
                    "STORE_XML_ID": "351",
                    "STORE_NAME": "Оптовый Склад",
                    "PRICE": "7390.00",
                    "PRICE_ID": "9"
                }
            ],
            "brand": "YOKOHAMA",
            "brandCode": "393",
            "vendorCode": "R1150",
            "model": "Geolandar A/T G015",
            "raznItems": [
                {
                    "id": "102811",
                    "name": "205/70 R15",
                    "price": 7390,
                    "amount": "1",
                    "quantity": 1,
                    "url": "/catalog/legkovye/20570-r15-96h-yokohama-geolandar-at-g015-tl73998/"
                }
            ]
        },
        {
            "id": 135452,
            "isNew": false,
            "EDIT_LINK": null,
            "DELETE_LINK": null,
            "props": [
                {
                    "name": "Ширина",
                    "value": "195 "
                },
                {
                    "name": "Диаметр",
                    "value": "16 "
                }
            ],
            "type": "tires",
            "isPromo": null,
            "amount": 4,
            "season": "Летние",
            "price": 9020,
            "name": "195/55 R16 87V MICHELIN Primacy 3 TL",
            "sectionId": 7278,
            "sectionName": "Легковые",
            "sectionPath": [
                {
                    "ID": "7278",
                    "NAME": "Легковые"
                },
                {
                    "ID": "7267",
                    "NAME": "Шины"
                }
            ],
            "imgSrc": "/upload/resize_cache/rembg-image/1c1/275_275_1/ahtdfytd6w95yhzqgavdajo1muskyw3j.png",
            "url": "/catalog/legkovye/19555r16-87v-primacy-3-tl/",
            "promo": [],
            "discountStores": [],
            "externalStores": [],
            "commonStores": [],
            "brand": "MICHELIN",
            "brandCode": "",
            "vendorCode": "282944",
            "model": "Primacy 3",
            "raznItems": [
                {
                    "id": "118051",
                    "name": "225/60 R16",
                    "price": 23510,
                    "amount": "2",
                    "quantity": 1,
                    "url": "/catalog/legkovye/22560r16-102v-xl-primacy-3-tl/"
                },
                {
                    "id": "135452",
                    "name": "195/55 R16",
                    "price": 9020,
                    "amount": "4",
                    "quantity": 1,
                    "url": "/catalog/legkovye/19555r16-87v-primacy-3-tl/"
                }
            ]
        },
        {
            "id": 100152,
            "isNew": false,
            "EDIT_LINK": null,
            "DELETE_LINK": null,
            "props": [
                {
                    "name": "Ширина",
                    "value": "215 "
                },
                {
                    "name": "Диаметр",
                    "value": "17 "
                }
            ],
            "type": "tires",
            "isPromo": null,
            "amount": 17,
            "season": "Летние",
            "price": 9040,
            "name": "215/60 R17 96H MATADOR MP82 Conquerra 2 TL",
            "sectionId": 7278,
            "sectionName": "Легковые",
            "sectionPath": [
                {
                    "ID": "7278",
                    "NAME": "Легковые"
                },
                {
                    "ID": "7267",
                    "NAME": "Шины"
                }
            ],
            "imgSrc": "/upload/resize_cache/rembg-image/0a0/275_275_1/ufi7l1gp4sonc42et4zbgid8mwfw5nwa.png",
            "url": "/catalog/legkovye/21560-r17-96h-matador-mp82-conquerra-2-tl56209/",
            "promo": [],
            "discountStores": [],
            "externalStores": [],
            "commonStores": [],
            "brand": "MATADOR",
            "brandCode": "",
            "vendorCode": "1590139",
            "model": "MP 82 Conquerra 2",
            "raznItems": [
                {
                    "id": "100152",
                    "name": "215/60 R17",
                    "price": 9040,
                    "amount": "17",
                    "quantity": 1,
                    "url": "/catalog/legkovye/21560-r17-96h-matador-mp82-conquerra-2-tl56209/"
                }
            ]
        },
        {
            "id": 145127,
            "isNew": false,
            "EDIT_LINK": null,
            "DELETE_LINK": null,
            "props": [
                {
                    "name": "Ширина",
                    "value": "175 "
                },
                {
                    "name": "Диаметр",
                    "value": "14 "
                }
            ],
            "type": "tires",
            "isPromo": null,
            "amount": 12,
            "season": "Летние",
            "price": 9050,
            "name": "175/70 R14 84T CONTINENTAL EcoContact 6 TL",
            "sectionId": 7278,
            "sectionName": "Легковые",
            "sectionPath": [
                {
                    "ID": "7278",
                    "NAME": "Легковые"
                },
                {
                    "ID": "7267",
                    "NAME": "Шины"
                }
            ],
            "imgSrc": "/upload/resize_cache/rembg-image/f4c/275_275_1/0gdu6ax04cs9hx6cw5k1i75qd09sze7q.png",
            "url": "/catalog/legkovye/17570-r14-84t-continental-ecocontact-6-tl14585/",
            "promo": [],
            "discountStores": [],
            "externalStores": [],
            "commonStores": [
                {
                    "STORE_ID": "158",
                    "PRODUCT_ID": "145127",
                    "AMOUNT": "12",
                    "PRODUCT_XML_ID": "14585",
                    "STORE_XML_ID": "351",
                    "STORE_NAME": "Оптовый Склад",
                    "PRICE": "9050.00",
                    "PRICE_ID": "9"
                }
            ],
            "brand": "CONTINENTAL",
            "brandCode": "254",
            "vendorCode": "0358307",
            "model": "EcoContact 6",
            "raznItems": [
                {
                    "id": "145127",
                    "name": "175/70 R14",
                    "price": 9050,
                    "amount": "12",
                    "quantity": 1,
                    "url": "/catalog/legkovye/17570-r14-84t-continental-ecocontact-6-tl14585/"
                }
            ]
        },
        {
            "id": 143712,
            "isNew": false,
            "EDIT_LINK": null,
            "DELETE_LINK": null,
            "props": [
                {
                    "name": "Ширина",
                    "value": "265 "
                },
                {
                    "name": "Диаметр",
                    "value": "16 "
                }
            ],
            "type": "tires",
            "isPromo": null,
            "amount": 1,
            "season": "Летние",
            "price": 9050,
            "name": "265/70 R16 116T KORMORAN Road Terrain TL",
            "sectionId": 7278,
            "sectionName": "Легковые",
            "sectionPath": [
                {
                    "ID": "7278",
                    "NAME": "Легковые"
                },
                {
                    "ID": "7267",
                    "NAME": "Шины"
                }
            ],
            "imgSrc": "/upload/resize_cache/rembg-image/34b/275_275_1/y3xlo20e71n5axoab498bi4r7kaup8k7.png",
            "url": "/catalog/legkovye/26570r16-116t-xl-road-terrain-tl-m-s/",
            "promo": [],
            "discountStores": [],
            "externalStores": [],
            "commonStores": [],
            "brand": "KORMORAN",
            "brandCode": "",
            "vendorCode": "960545",
            "model": "Road Terrain",
            "raznItems": [
                {
                    "id": "143583",
                    "name": "235/70 R16",
                    "price": 8800,
                    "amount": "3",
                    "quantity": 1,
                    "url": "/catalog/legkovye/23570r16-109h-xl-road-terrain-tl-m-s/"
                },
                {
                    "id": "143584",
                    "name": "265/75 R16",
                    "price": 9910,
                    "amount": "4",
                    "quantity": 1,
                    "url": "/catalog/legkovye/26575r16-116s-xl-road-terrain-tl-m-s/"
                },
                {
                    "id": "143712",
                    "name": "265/70 R16",
                    "price": 9050,
                    "amount": "1",
                    "quantity": 1,
                    "url": "/catalog/legkovye/26570r16-116t-xl-road-terrain-tl-m-s/"
                }
            ]
        },
        {
            "id": 144912,
            "isNew": false,
            "EDIT_LINK": null,
            "DELETE_LINK": null,
            "props": [
                {
                    "name": "Ширина",
                    "value": "215 "
                },
                {
                    "name": "Диаметр",
                    "value": "16 "
                }
            ],
            "type": "tires",
            "isPromo": null,
            "amount": 16,
            "season": "Летние",
            "price": 9070,
            "name": "215/60 R16 99W GOODYEAR EfficientGrip Performance TL",
            "sectionId": 7278,
            "sectionName": "Легковые",
            "sectionPath": [
                {
                    "ID": "7278",
                    "NAME": "Легковые"
                },
                {
                    "ID": "7267",
                    "NAME": "Шины"
                }
            ],
            "imgSrc": "/upload/resize_cache/rembg-image/e5c/275_275_1/3uz15rw2u6eyhel3w09532hmwfv1c51c.png",
            "url": "/catalog/legkovye/21560r16-99w-xl-efficientgrip-performance-tl/",
            "promo": [],
            "discountStores": [],
            "externalStores": [],
            "commonStores": [],
            "brand": "GOODYEAR",
            "brandCode": "",
            "vendorCode": "528413",
            "model": "EfficientGrip Performance",
            "raznItems": [
                {
                    "id": "142937",
                    "name": "205/50 R16",
                    "price": 9080,
                    "amount": "2",
                    "quantity": 1,
                    "url": "/catalog/legkovye/20550r16-87w-efficientgrip-performance-tl/"
                },
                {
                    "id": "143494",
                    "name": "185/55 R16",
                    "price": 8170,
                    "amount": "4",
                    "quantity": 1,
                    "url": "/catalog/legkovye/18555r16-87h-xl-efficientgrip-performance-tl/"
                },
                {
                    "id": "144912",
                    "name": "215/60 R16",
                    "price": 9070,
                    "amount": "16",
                    "quantity": 1,
                    "url": "/catalog/legkovye/21560r16-99w-xl-efficientgrip-performance-tl/"
                },
                {
                    "id": "145484",
                    "name": "225/55 R16",
                    "price": 11140,
                    "amount": "8",
                    "quantity": 1,
                    "url": "/catalog/legkovye/22555r16-95w-efficientgrip-performance-tl/"
                }
            ]
        }
    ],
    "filter": {
        "0": {
            "LOGIC": "OR",
            ">STORE_AMOUNT_156": 0,
            ">STORE_AMOUNT_158": 0,
            ">STORE_AMOUNT_159": 0,
            ">STORE_AMOUNT_160": 0,
            ">STORE_AMOUNT_161": 0,
            ">STORE_AMOUNT_164": 0,
            ">STORE_AMOUNT_165": 0,
            ">STORE_AMOUNT_168": 0,
            ">STORE_AMOUNT_169": 0,
            ">STORE_AMOUNT_174": 0,
            ">STORE_AMOUNT_180": 0,
            ">STORE_AMOUNT_184": 0,
            ">STORE_AMOUNT_185": 0,
            ">STORE_AMOUNT_191": 0,
            ">STORE_AMOUNT_192": 0,
            ">STORE_AMOUNT_194": 0,
            ">STORE_AMOUNT_6087": 0
        },
        "1": {
            "LOGIC": "OR",
            ">CATALOG_CATALOG_GROUP_ID_33": 0,
            ">CATALOG_CATALOG_GROUP_ID_90": 0,
            ">CATALOG_CATALOG_GROUP_ID_96": 0,
            ">CATALOG_CATALOG_GROUP_ID_97": 0,
            ">CATALOG_CATALOG_GROUP_ID_98": 0
        },
        "2": {
            "LOGIC": "OR",
            ">STORE_AMOUNT_156": 0,
            ">STORE_AMOUNT_158": 0,
            ">STORE_AMOUNT_159": 0,
            ">STORE_AMOUNT_160": 0,
            ">STORE_AMOUNT_161": 0,
            ">STORE_AMOUNT_164": 0,
            ">STORE_AMOUNT_165": 0,
            ">STORE_AMOUNT_168": 0,
            ">STORE_AMOUNT_169": 0,
            ">STORE_AMOUNT_174": 0,
            ">STORE_AMOUNT_180": 0,
            ">STORE_AMOUNT_184": 0,
            ">STORE_AMOUNT_185": 0,
            ">STORE_AMOUNT_191": 0,
            ">STORE_AMOUNT_192": 0,
            ">STORE_AMOUNT_194": 0,
            ">STORE_AMOUNT_6087": 0
        },
        "3": {
            "LOGIC": "OR",
            ">CATALOG_CATALOG_GROUP_ID_33": 0,
            ">CATALOG_CATALOG_GROUP_ID_90": 0,
            ">CATALOG_CATALOG_GROUP_ID_96": 0,
            ">CATALOG_CATALOG_GROUP_ID_97": 0,
            ">CATALOG_CATALOG_GROUP_ID_98": 0
        },
        "=PROPERTY_458": [
            "154"
        ]
    },
    "promo": {
        "id": "165954",
        "url": "/promo/shiny-v-rassrochku/",
        "name": "Покупки в рассрочку",
        "text": "Теперь вы можете купить зимние шины, или диски в рассрочку быстро и легко: без первоначального взноса и без переплаты!",
        "imgSrc": "/upload/resize_cache/iblock/356/1075_613_1/8iiw8xmv2bzky9euo9mn57dqx6dk3xa9.jpg",
        "videoSrc": null
    },
    "promoFilter": {
        "IBLOCK_ID": 10,
        "ACTIVE": "Y",
        "=PROPERTY_SECTION": 206,
        "=PROPERTY_CATALOG_SEASON": [
            false,
            204
        ],
        "=PROPERTY_CATALOG_BRAND": [
            false
        ]
    },
    "navNum": 1,
    "pagesCount": 111,
    "pageNum": 34
}