{
    "pageUrl": "/catalog/legkovye/?arCatalogFilter_458_1500340406=Y&set_filter=Y&sort%5Brecommendations%5D=asc&PAGEN_1=35",
    "items": [
        {
            "id": 136634,
            "isNew": false,
            "EDIT_LINK": null,
            "DELETE_LINK": null,
            "props": [
                {
                    "name": "Ширина",
                    "value": "215 "
                },
                {
                    "name": "Диаметр",
                    "value": "17 "
                }
            ],
            "type": "tires",
            "isPromo": null,
            "amount": 3,
            "season": "Летние",
            "price": 9070,
            "name": "215/50 R17 95W YOKOHAMA BluEarth-GT AE51 TL",
            "sectionId": 7278,
            "sectionName": "Легковые",
            "sectionPath": [
                {
                    "ID": "7278",
                    "NAME": "Легковые"
                },
                {
                    "ID": "7267",
                    "NAME": "Шины"
                }
            ],
            "imgSrc": "/upload/resize_cache/rembg-image/04d/275_275_1/610nr8tgzas82cr28qi7jrw3rwh0hdxw.png",
            "url": "/catalog/legkovye/21550-r17-95w-yokohama-bluearth-gt-ae51-tl57895/",
            "promo": [],
            "discountStores": [],
            "externalStores": [],
            "commonStores": [
                {
                    "STORE_ID": "158",
                    "PRODUCT_ID": "136634",
                    "AMOUNT": "3",
                    "PRODUCT_XML_ID": "FORTOCHKI_R6053",
                    "STORE_XML_ID": "351",
                    "STORE_NAME": "Оптовый Склад",
                    "PRICE": "9070.00",
                    "PRICE_ID": "9"
                }
            ],
            "brand": "YOKOHAMA",
            "brandCode": "",
            "vendorCode": "R6053",
            "model": "BluEarth-GT AE51",
            "raznItems": [
                {
                    "id": "105528",
                    "name": "235/45 R17",
                    "price": 8970,
                    "amount": "2",
                    "quantity": 1,
                    "url": "/catalog/legkovye/23545-r17-97w-yokohama-bluearth-gt-ae51-tl58560/"
                },
                {
                    "id": "105590",
                    "name": "225/55 R17",
                    "price": 10660,
                    "amount": "4",
                    "quantity": 1,
                    "url": "/catalog/legkovye/22555-r17-101w-yokohama-bluearth-gt-ae51-tl58731/"
                },
                {
                    "id": "105610",
                    "name": "225/50 R17",
                    "price": 10540,
                    "amount": "4",
                    "quantity": 1,
                    "url": "/catalog/legkovye/22550-r17-98w-yokohama-bluearth-gt-ae51-tl58932/"
                },
                {
                    "id": "136634",
                    "name": "215/50 R17",
                    "price": 9070,
                    "amount": "3",
                    "quantity": 1,
                    "url": "/catalog/legkovye/21550-r17-95w-yokohama-bluearth-gt-ae51-tl57895/"
                },
                {
                    "id": "137213",
                    "name": "215/55 R17",
                    "price": 8890,
                    "amount": "1",
                    "quantity": 1,
                    "url": "/catalog/legkovye/21555-r17-94w-yokohama-bluearth-gt-ae51-tl55569/"
                },
                {
                    "id": "137338",
                    "name": "215/45 R17",
                    "price": 9290,
                    "amount": "4",
                    "quantity": 1,
                    "url": "/catalog/legkovye/21545-r17-91w-yokohama-bluearth-gt-ae51-tl01028/"
                }
            ]
        },
        {
            "id": 142937,
            "isNew": false,
            "EDIT_LINK": null,
            "DELETE_LINK": null,
            "props": [
                {
                    "name": "Ширина",
                    "value": "205 "
                },
                {
                    "name": "Диаметр",
                    "value": "16 "
                }
            ],
            "type": "tires",
            "isPromo": null,
            "amount": 2,
            "season": "Летние",
            "price": 9080,
            "name": "205/50 R16 87W GOODYEAR EfficientGrip Performance TL",
            "sectionId": 7278,
            "sectionName": "Легковые",
            "sectionPath": [
                {
                    "ID": "7278",
                    "NAME": "Легковые"
                },
                {
                    "ID": "7267",
                    "NAME": "Шины"
                }
            ],
            "imgSrc": "/upload/resize_cache/rembg-image/73f/275_275_1/07d45npyuror03n8ju1ao47qy6e2f3gu.png",
            "url": "/catalog/legkovye/20550r16-87w-efficientgrip-performance-tl/",
            "promo": [],
            "discountStores": [],
            "externalStores": [],
            "commonStores": [],
            "brand": "GOODYEAR",
            "brandCode": "",
            "vendorCode": "528359",
            "model": "EfficientGrip Performance",
            "raznItems": [
                {
                    "id": "142937",
                    "name": "205/50 R16",
                    "price": 9080,
                    "amount": "2",
                    "quantity": 1,
                    "url": "/catalog/legkovye/20550r16-87w-efficientgrip-performance-tl/"
                },
                {
                    "id": "143494",
                    "name": "185/55 R16",
                    "price": 8170,
                    "amount": "4",
                    "quantity": 1,
                    "url": "/catalog/legkovye/18555r16-87h-xl-efficientgrip-performance-tl/"
                },
                {
                    "id": "144912",
                    "name": "215/60 R16",
                    "price": 9070,
                    "amount": "16",
                    "quantity": 1,
                    "url": "/catalog/legkovye/21560r16-99w-xl-efficientgrip-performance-tl/"
                },
                {
                    "id": "145484",
                    "name": "225/55 R16",
                    "price": 11140,
                    "amount": "8",
                    "quantity": 1,
                    "url": "/catalog/legkovye/22555r16-95w-efficientgrip-performance-tl/"
                }
            ]
        },
        {
            "id": 159137,
            "isNew": false,
            "EDIT_LINK": null,
            "DELETE_LINK": null,
            "props": [
                {
                    "name": "Ширина",
                    "value": "255 "
                },
                {
                    "name": "Диаметр",
                    "value": "19 "
                }
            ],
            "type": "tires",
            "isPromo": null,
            "amount": 8,
            "season": "Летние",
            "price": 9110,
            "name": "255/50 R19 107V Triangle TR259 TL",
            "sectionId": 7278,
            "sectionName": "Легковые",
            "sectionPath": [
                {
                    "ID": "7278",
                    "NAME": "Легковые"
                },
                {
                    "ID": "7267",
                    "NAME": "Шины"
                }
            ],
            "imgSrc": "/upload/resize_cache/rembg-image/b4c/275_275_1/fkrn7qw5ujtbr8p799592dakjr1hycu5.png",
            "url": "/catalog/legkovye/25550r19-107v-tr259-tl-cts228010/",
            "promo": [],
            "discountStores": [],
            "externalStores": [],
            "commonStores": [],
            "brand": "TRIANGLE",
            "brandCode": "",
            "vendorCode": "CTS228010",
            "model": "AdvanteX SUV TR259",
            "raznItems": [
                {
                    "id": "145963",
                    "name": "225/55 R19",
                    "price": 6780,
                    "amount": "24",
                    "quantity": 1,
                    "url": "/catalog/legkovye/22555r19-99v-tr259-tl/"
                },
                {
                    "id": "159137",
                    "name": "255/50 R19",
                    "price": 9110,
                    "amount": "8",
                    "quantity": 1,
                    "url": "/catalog/legkovye/25550r19-107v-tr259-tl-cts228010/"
                }
            ]
        },
        {
            "id": 102510,
            "isNew": false,
            "EDIT_LINK": null,
            "DELETE_LINK": null,
            "props": [
                {
                    "name": "Ширина",
                    "value": "285 "
                },
                {
                    "name": "Диаметр",
                    "value": "18 "
                }
            ],
            "type": "tires",
            "isPromo": null,
            "amount": 3,
            "season": "Летние",
            "price": 9110,
            "name": "285/60 R18 116H VIATTI Bosco A/T (V-237) TL",
            "sectionId": 7278,
            "sectionName": "Легковые",
            "sectionPath": [
                {
                    "ID": "7278",
                    "NAME": "Легковые"
                },
                {
                    "ID": "7267",
                    "NAME": "Шины"
                }
            ],
            "imgSrc": "/upload/resize_cache/rembg-image/c38/275_275_1/hybosg8r31lq9my1w5efftn87r3df9o4.png",
            "url": "/catalog/legkovye/28560-r18-116h-viatti-bosco-at-v-237-tl73495/",
            "promo": [],
            "discountStores": [],
            "externalStores": [],
            "commonStores": [
                {
                    "STORE_ID": "158",
                    "PRODUCT_ID": "102510",
                    "AMOUNT": "3",
                    "PRODUCT_XML_ID": "FORTOCHKI_3110054",
                    "STORE_XML_ID": "351",
                    "STORE_NAME": "Оптовый Склад",
                    "PRICE": "9110.00",
                    "PRICE_ID": "9"
                }
            ],
            "brand": "VIATTI",
            "brandCode": "",
            "vendorCode": "3110054",
            "model": "Bosco A/T V-237",
            "raznItems": [
                {
                    "id": "100068",
                    "name": "235/60 R18",
                    "price": 7090,
                    "amount": "5",
                    "quantity": 1,
                    "url": "/catalog/legkovye/23560-r18-103h-viatti-bosco-at-v-237-tl55733/"
                },
                {
                    "id": "102115",
                    "name": "265/60 R18",
                    "price": 8600,
                    "amount": "19",
                    "quantity": 1,
                    "url": "/catalog/legkovye/26560-r18-110h-viatti-bosco-at-v-237-tl70695/"
                },
                {
                    "id": "102116",
                    "name": "225/55 R18",
                    "price": 6660,
                    "amount": "16",
                    "quantity": 1,
                    "url": "/catalog/legkovye/22555-r18-102v-viatti-bosco-at-v-237-tl70696/"
                },
                {
                    "id": "102509",
                    "name": "235/55 R18",
                    "price": 6880,
                    "amount": "20",
                    "quantity": 1,
                    "url": "/catalog/legkovye/23555-r18-100h-viatti-bosco-at-v-237-tl73494/"
                },
                {
                    "id": "102510",
                    "name": "285/60 R18",
                    "price": 9110,
                    "amount": "3",
                    "quantity": 1,
                    "url": "/catalog/legkovye/28560-r18-116h-viatti-bosco-at-v-237-tl73495/"
                }
            ]
        },
        {
            "id": 160518,
            "isNew": false,
            "EDIT_LINK": null,
            "DELETE_LINK": null,
            "props": [
                {
                    "name": "Ширина",
                    "value": "245 "
                },
                {
                    "name": "Диаметр",
                    "value": "20 "
                }
            ],
            "type": "tires",
            "isPromo": null,
            "amount": 4,
            "season": "Летние",
            "price": 9120,
            "name": "245/35 R20 95Y SAILUN Atrezzo ZSR TL",
            "sectionId": 7278,
            "sectionName": "Легковые",
            "sectionPath": [
                {
                    "ID": "7278",
                    "NAME": "Легковые"
                },
                {
                    "ID": "7267",
                    "NAME": "Шины"
                }
            ],
            "imgSrc": "/upload/resize_cache/rembg-image/5ec/275_275_1/icgehnffemtdvp1bo3atu1a6om53wiqy.png",
            "url": "/catalog/legkovye/24535zr20-95y-xl-atrezzo-zsr-tl/",
            "promo": [],
            "discountStores": [],
            "externalStores": [],
            "commonStores": [],
            "brand": "SAILUN",
            "brandCode": "",
            "vendorCode": "3220005048",
            "model": "Atrezzo ZSR",
            "raznItems": [
                {
                    "id": "160518",
                    "name": "245/35 R20",
                    "price": 9120,
                    "amount": "4",
                    "quantity": 1,
                    "url": "/catalog/legkovye/24535zr20-95y-xl-atrezzo-zsr-tl/"
                }
            ]
        },
        {
            "id": 138321,
            "isNew": false,
            "EDIT_LINK": null,
            "DELETE_LINK": null,
            "props": [
                {
                    "name": "Ширина",
                    "value": "225 "
                },
                {
                    "name": "Диаметр",
                    "value": "17 "
                }
            ],
            "type": "tires",
            "isPromo": null,
            "amount": 7,
            "season": "Летние",
            "price": 9150,
            "name": "225/50 R17 98Y PIRELLI Powergy TL",
            "sectionId": 7278,
            "sectionName": "Легковые",
            "sectionPath": [
                {
                    "ID": "7278",
                    "NAME": "Легковые"
                },
                {
                    "ID": "7267",
                    "NAME": "Шины"
                }
            ],
            "imgSrc": "/upload/resize_cache/rembg-image/4cb/275_275_1/bl04wwv4dcfmhgal55r71egpsgisc2wd.png",
            "url": "/catalog/legkovye/22550-r17-98y-pirelli-powergy-tl54318/",
            "promo": [],
            "discountStores": [],
            "externalStores": [],
            "commonStores": [
                {
                    "STORE_ID": "158",
                    "PRODUCT_ID": "138321",
                    "AMOUNT": "7",
                    "PRODUCT_XML_ID": "54318",
                    "STORE_XML_ID": "351",
                    "STORE_NAME": "Оптовый Склад",
                    "PRICE": "9150.00",
                    "PRICE_ID": "9"
                }
            ],
            "brand": "PIRELLI",
            "brandCode": "",
            "vendorCode": "3881300",
            "model": "Powergy",
            "raznItems": [
                {
                    "id": "138321",
                    "name": "225/50 R17",
                    "price": 9150,
                    "amount": "7",
                    "quantity": 1,
                    "url": "/catalog/legkovye/22550-r17-98y-pirelli-powergy-tl54318/"
                },
                {
                    "id": "156672",
                    "name": "215/60 R17",
                    "price": 10220,
                    "amount": "4",
                    "quantity": 1,
                    "url": "/catalog/legkovye/21560-r17-96v-pirelli-powergy-tl25506/"
                }
            ]
        },
        {
            "id": 102810,
            "isNew": false,
            "EDIT_LINK": null,
            "DELETE_LINK": null,
            "props": [
                {
                    "name": "Ширина",
                    "value": "215 "
                },
                {
                    "name": "Диаметр",
                    "value": "17 "
                }
            ],
            "type": "tires",
            "isPromo": null,
            "amount": 31,
            "season": "Летние",
            "price": 9160,
            "name": "215/55 R17 94V YOKOHAMA BluEarth E70B TL",
            "sectionId": 7278,
            "sectionName": "Легковые",
            "sectionPath": [
                {
                    "ID": "7278",
                    "NAME": "Легковые"
                },
                {
                    "ID": "7267",
                    "NAME": "Шины"
                }
            ],
            "imgSrc": "/upload/resize_cache/rembg-image/985/275_275_1/kfq3licd0cq3rzlfueif557r11a5ne6p.png",
            "url": "/catalog/legkovye/21555-r17-94v-yokohama-bluearth-e70b-tl73997/",
            "promo": [],
            "discountStores": [],
            "externalStores": [],
            "commonStores": [
                {
                    "STORE_ID": "158",
                    "PRODUCT_ID": "102810",
                    "AMOUNT": "31",
                    "PRODUCT_XML_ID": "FORTOCHKI_R1013",
                    "STORE_XML_ID": "351",
                    "STORE_NAME": "Оптовый Склад",
                    "PRICE": "9160.00",
                    "PRICE_ID": "9"
                }
            ],
            "brand": "YOKOHAMA",
            "brandCode": "",
            "vendorCode": "R1013",
            "model": "BluEarth E70BZ",
            "raznItems": [
                {
                    "id": "102810",
                    "name": "215/55 R17",
                    "price": 9160,
                    "amount": "31",
                    "quantity": 1,
                    "url": "/catalog/legkovye/21555-r17-94v-yokohama-bluearth-e70b-tl73997/"
                }
            ]
        },
        {
            "id": 148944,
            "isNew": false,
            "EDIT_LINK": null,
            "DELETE_LINK": null,
            "props": [
                {
                    "name": "Ширина",
                    "value": "235 "
                },
                {
                    "name": "Диаметр",
                    "value": "17 "
                }
            ],
            "type": "tires",
            "isPromo": null,
            "amount": 4,
            "season": "Летние",
            "price": 9180,
            "name": "235/65R17 108H XL All Season SUV TL",
            "sectionId": 7278,
            "sectionName": "Легковые",
            "sectionPath": [
                {
                    "ID": "7278",
                    "NAME": "Легковые"
                },
                {
                    "ID": "7267",
                    "NAME": "Шины"
                }
            ],
            "imgSrc": "/upload/resize_cache/rembg-image/240/275_275_1/qink778s07v0fhwa0glkb278zbnj5n3f.png",
            "url": "/catalog/legkovye/23565r17-108h-xl-all-season-suv-tl-091499/",
            "promo": [],
            "discountStores": [],
            "externalStores": [],
            "commonStores": [],
            "brand": "KORMORAN",
            "brandCode": "",
            "vendorCode": "091499",
            "model": "All Season SUV",
            "raznItems": [
                {
                    "id": "145968",
                    "name": "225/65 R17",
                    "price": 8600,
                    "amount": "3",
                    "quantity": 1,
                    "url": "/catalog/legkovye/22565r17-106v-xl-all-season-suv-tl/"
                },
                {
                    "id": "147042",
                    "name": "215/60 R17",
                    "price": 7940,
                    "amount": "2",
                    "quantity": 1,
                    "url": "/catalog/legkovye/21560r17-96h-all-season-suv-tl/"
                },
                {
                    "id": "148944",
                    "name": "235/65 R17",
                    "price": 9180,
                    "amount": "4",
                    "quantity": 1,
                    "url": "/catalog/legkovye/23565r17-108h-xl-all-season-suv-tl-091499/"
                }
            ]
        },
        {
            "id": 163658,
            "isNew": false,
            "EDIT_LINK": null,
            "DELETE_LINK": null,
            "props": [
                {
                    "name": "Ширина",
                    "value": "225 "
                },
                {
                    "name": "Диаметр",
                    "value": "19 "
                }
            ],
            "type": "tires",
            "isPromo": null,
            "amount": 4,
            "season": "Летние",
            "price": 9200,
            "name": "225/40 R19 93Y GT RADIAL Champiro HPY TL",
            "sectionId": 7278,
            "sectionName": "Легковые",
            "sectionPath": [
                {
                    "ID": "7278",
                    "NAME": "Легковые"
                },
                {
                    "ID": "7267",
                    "NAME": "Шины"
                }
            ],
            "imgSrc": "/upload/resize_cache/rembg-image/502/275_275_1/2r7o4mna9epr8zadgd5irkuy769hkq59.png",
            "url": "/catalog/legkovye/22540zr19-93y-xl-champiro-hpy-tl/",
            "promo": [],
            "discountStores": [],
            "externalStores": [],
            "commonStores": [],
            "brand": "GT RADIAL",
            "brandCode": "",
            "vendorCode": "B025",
            "model": "Champiro HPY",
            "raznItems": [
                {
                    "id": "163658",
                    "name": "225/40 R19",
                    "price": 9200,
                    "amount": "4",
                    "quantity": 1,
                    "url": "/catalog/legkovye/22540zr19-93y-xl-champiro-hpy-tl/"
                },
                {
                    "id": "163659",
                    "name": "255/40 R19",
                    "price": 10350,
                    "amount": "4",
                    "quantity": 1,
                    "url": "/catalog/legkovye/25540zr19-96y-champiro-hpy-tl/"
                }
            ]
        },
        {
            "id": 155807,
            "isNew": false,
            "EDIT_LINK": null,
            "DELETE_LINK": null,
            "props": [
                {
                    "name": "Ширина",
                    "value": "215 "
                },
                {
                    "name": "Диаметр",
                    "value": "16 "
                }
            ],
            "type": "tires",
            "isPromo": null,
            "amount": 4,
            "season": "Летние",
            "price": 7560,
            "name": "215/65 R16 98H YOKOHAMA BluEarth-XT AE61 TL",
            "sectionId": 7278,
            "sectionName": "Легковые",
            "sectionPath": [
                {
                    "ID": "7278",
                    "NAME": "Легковые"
                },
                {
                    "ID": "7267",
                    "NAME": "Шины"
                }
            ],
            "imgSrc": "/upload/resize_cache/rembg-image/b8f/275_275_1/awyz76z1s38a3fn8vb40szm72fgniilk.png",
            "url": "/catalog/legkovye/21565-r16-98h-yokohama-bluearth-xt-ae61-tl24725/",
            "promo": [],
            "discountStores": [],
            "externalStores": [],
            "commonStores": [
                {
                    "STORE_ID": "174",
                    "PRODUCT_ID": "155807",
                    "AMOUNT": "4",
                    "PRODUCT_XML_ID": "24725",
                    "STORE_XML_ID": "423",
                    "STORE_NAME": "г. Челябинск, ул. Комарова, 34",
                    "PRICE": "7560.00",
                    "PRICE_ID": "25"
                }
            ],
            "brand": "YOKOHAMA",
            "brandCode": "",
            "vendorCode": "R7523",
            "model": "BluEarth-XT AE61",
            "raznItems": [
                {
                    "id": "155807",
                    "name": "215/65 R16",
                    "price": 7560,
                    "amount": "4",
                    "quantity": 1,
                    "url": "/catalog/legkovye/21565-r16-98h-yokohama-bluearth-xt-ae61-tl24725/"
                },
                {
                    "id": "155808",
                    "name": "215/70 R16",
                    "price": 8760,
                    "amount": "4",
                    "quantity": 1,
                    "url": "/catalog/legkovye/21570-r16-100h-yokohama-bluearth-xt-ae61-tl24726/"
                }
            ]
        },
        {
            "id": 117761,
            "isNew": false,
            "EDIT_LINK": null,
            "DELETE_LINK": null,
            "props": [
                {
                    "name": "Ширина",
                    "value": "285 "
                },
                {
                    "name": "Диаметр",
                    "value": "18 "
                }
            ],
            "type": "tires",
            "isPromo": null,
            "amount": 12,
            "season": "Летние",
            "price": 9200,
            "name": "285/60 R18 116V VIATTI Bosco H/T (V-238) TL",
            "sectionId": 7278,
            "sectionName": "Легковые",
            "sectionPath": [
                {
                    "ID": "7278",
                    "NAME": "Легковые"
                },
                {
                    "ID": "7267",
                    "NAME": "Шины"
                }
            ],
            "imgSrc": "/upload/resize_cache/rembg-image/d47/275_275_1/krar9ztp46vizjo4irf12i04twuwohg6.png",
            "url": "/catalog/legkovye/28560-r18-116v-viatti-bosco-ht-v-238-tl21058/",
            "promo": [],
            "discountStores": [],
            "externalStores": [],
            "commonStores": [
                {
                    "STORE_ID": "158",
                    "PRODUCT_ID": "117761",
                    "AMOUNT": "12",
                    "PRODUCT_XML_ID": "FORTOCHKI_3110070",
                    "STORE_XML_ID": "351",
                    "STORE_NAME": "Оптовый Склад",
                    "PRICE": "9200.00",
                    "PRICE_ID": "9"
                }
            ],
            "brand": "VIATTI",
            "brandCode": "",
            "vendorCode": "3110070",
            "model": "Bosco H/T V-238",
            "raznItems": [
                {
                    "id": "117751",
                    "name": "225/60 R18",
                    "price": 6460,
                    "amount": "10",
                    "quantity": 1,
                    "url": "/catalog/legkovye/22560-r18-100v-viatti-bosco-ht-v-238-tl21039/"
                },
                {
                    "id": "117753",
                    "name": "235/55 R18",
                    "price": 6950,
                    "amount": "13",
                    "quantity": 1,
                    "url": "/catalog/legkovye/23555-r18-100v-viatti-bosco-ht-v-238-tl21041/"
                },
                {
                    "id": "117755",
                    "name": "235/60 R18",
                    "price": 7160,
                    "amount": "6",
                    "quantity": 1,
                    "url": "/catalog/legkovye/23560-r18-103v-viatti-bosco-ht-v-238-tl21045/"
                },
                {
                    "id": "117758",
                    "name": "255/55 R18",
                    "price": 7430,
                    "amount": "10",
                    "quantity": 1,
                    "url": "/catalog/legkovye/25555-r18-109v-viatti-bosco-ht-v-238-tl21051/"
                },
                {
                    "id": "117761",
                    "name": "285/60 R18",
                    "price": 9200,
                    "amount": "12",
                    "quantity": 1,
                    "url": "/catalog/legkovye/28560-r18-116v-viatti-bosco-ht-v-238-tl21058/"
                }
            ]
        },
        {
            "id": 102859,
            "isNew": false,
            "EDIT_LINK": null,
            "DELETE_LINK": null,
            "props": [
                {
                    "name": "Ширина",
                    "value": "215 "
                },
                {
                    "name": "Диаметр",
                    "value": "17 "
                }
            ],
            "type": "tires",
            "isPromo": null,
            "amount": 2,
            "season": "Летние",
            "price": 9200,
            "name": "215/50 R17 95W YOKOHAMA Advan Fleva V701 TL",
            "sectionId": 7278,
            "sectionName": "Легковые",
            "sectionPath": [
                {
                    "ID": "7278",
                    "NAME": "Легковые"
                },
                {
                    "ID": "7267",
                    "NAME": "Шины"
                }
            ],
            "imgSrc": "/upload/resize_cache/rembg-image/ba3/275_275_1/bmk78m8up9kdxni1vgp8eb8nacvbupai.png",
            "url": "/catalog/legkovye/21550-r17-95w-yokohama-advan-fleva-v701-tl74047/",
            "promo": [],
            "discountStores": [],
            "externalStores": [],
            "commonStores": [
                {
                    "STORE_ID": "158",
                    "PRODUCT_ID": "102859",
                    "AMOUNT": "2",
                    "PRODUCT_XML_ID": "74047",
                    "STORE_XML_ID": "351",
                    "STORE_NAME": "Оптовый Склад",
                    "PRICE": "9200.00",
                    "PRICE_ID": "9"
                }
            ],
            "brand": "YOKOHAMA",
            "brandCode": "393",
            "vendorCode": "R0411",
            "model": "Advan Fleva V701",
            "raznItems": [
                {
                    "id": "102859",
                    "name": "215/50 R17",
                    "price": 9200,
                    "amount": "2",
                    "quantity": 1,
                    "url": "/catalog/legkovye/21550-r17-95w-yokohama-advan-fleva-v701-tl74047/"
                },
                {
                    "id": "102862",
                    "name": "225/50 R17",
                    "price": 10780,
                    "amount": "8",
                    "quantity": 1,
                    "url": "/catalog/legkovye/22550-r17-98w-yokohama-advan-fleva-v701-tl74050/"
                },
                {
                    "id": "155728",
                    "name": "205/55 R17",
                    "price": 10910,
                    "amount": "4",
                    "quantity": 1,
                    "url": "/catalog/legkovye/20555-r17-91v-yokohama-advan-fleva-v701-tl24651/"
                }
            ]
        },
        {
            "id": 135496,
            "isNew": false,
            "EDIT_LINK": null,
            "DELETE_LINK": null,
            "props": [
                {
                    "name": "Ширина",
                    "value": "215 "
                },
                {
                    "name": "Диаметр",
                    "value": "17 "
                }
            ],
            "type": "tires",
            "isPromo": null,
            "amount": 2,
            "season": "Летние",
            "price": 9220,
            "name": "215/60 R17 96H NOKIAN TYRES Nordman S2 SUV TL",
            "sectionId": 7278,
            "sectionName": "Легковые",
            "sectionPath": [
                {
                    "ID": "7278",
                    "NAME": "Легковые"
                },
                {
                    "ID": "7267",
                    "NAME": "Шины"
                }
            ],
            "imgSrc": "/upload/resize_cache/rembg-image/a35/275_275_1/n6lsnx1ke6a23bn15azcpj6rxoxyyn1s.png",
            "url": "/catalog/legkovye/21560-r17-96h-nokian-tyres-nordman-s2-suv-tl64252/",
            "promo": [],
            "discountStores": [],
            "externalStores": [],
            "commonStores": [
                {
                    "STORE_ID": "158",
                    "PRODUCT_ID": "135496",
                    "AMOUNT": "2",
                    "PRODUCT_XML_ID": "64252",
                    "STORE_XML_ID": "351",
                    "STORE_NAME": "Оптовый Склад",
                    "PRICE": "9220.00",
                    "PRICE_ID": "9"
                }
            ],
            "brand": "NOKIAN TYRES",
            "brandCode": "",
            "vendorCode": "T431708",
            "model": "Nordman S2 SUV",
            "raznItems": [
                {
                    "id": "135496",
                    "name": "215/60 R17",
                    "price": 9220,
                    "amount": "76",
                    "quantity": 1,
                    "url": "/catalog/legkovye/21560-r17-96h-nokian-tyres-nordman-s2-suv-tl64252/"
                },
                {
                    "id": "135498",
                    "name": "225/60 R17",
                    "price": 10320,
                    "amount": "10",
                    "quantity": 1,
                    "url": "/catalog/legkovye/22560-r17-99h-nokian-tyres-nordman-s2-suv-tl64250/"
                },
                {
                    "id": "135499",
                    "name": "225/65 R17",
                    "price": 7990,
                    "amount": "74",
                    "quantity": 1,
                    "url": "/catalog/legkovye/22565r17-102h-nordman-s2-suv-tl/"
                },
                {
                    "id": "135501",
                    "name": "235/55 R17",
                    "price": 9920,
                    "amount": "2",
                    "quantity": 1,
                    "url": "/catalog/legkovye/23555-r17-99h-nokian-tyres-nordman-s2-suv-tl64247/"
                }
            ]
        },
        {
            "id": 101758,
            "isNew": false,
            "EDIT_LINK": null,
            "DELETE_LINK": null,
            "props": [
                {
                    "name": "Ширина",
                    "value": "225 "
                },
                {
                    "name": "Диаметр",
                    "value": "17 "
                }
            ],
            "type": "tires",
            "isPromo": null,
            "amount": 12,
            "season": "Летние",
            "price": 9220,
            "name": "225/65 R17 102H HANKOOK RA33 Dynapro HP2 TL",
            "sectionId": 7278,
            "sectionName": "Легковые",
            "sectionPath": [
                {
                    "ID": "7278",
                    "NAME": "Легковые"
                },
                {
                    "ID": "7267",
                    "NAME": "Шины"
                }
            ],
            "imgSrc": "/upload/resize_cache/rembg-image/c8d/275_275_1/kzdk01qs36vx3byq3zmd4jcg2hr9w53m.png",
            "url": "/catalog/legkovye/22565-r17-102h-hankook-ra33-dynapro-hp2-tl68818/",
            "promo": [],
            "discountStores": [],
            "externalStores": [],
            "commonStores": [],
            "brand": "HANKOOK",
            "brandCode": "",
            "vendorCode": "1014145",
            "model": "Dynapro HP2 RA33",
            "raznItems": [
                {
                    "id": "100490",
                    "name": "265/65 R17",
                    "price": 13300,
                    "amount": "3",
                    "quantity": 1,
                    "url": "/catalog/legkovye/26565-r17-112h-hankook-ra33-dynapro-hp2-tl59373/"
                },
                {
                    "id": "101758",
                    "name": "225/65 R17",
                    "price": 9220,
                    "amount": "12",
                    "quantity": 1,
                    "url": "/catalog/legkovye/22565-r17-102h-hankook-ra33-dynapro-hp2-tl68818/"
                },
                {
                    "id": "136774",
                    "name": "245/65 R17",
                    "price": 11360,
                    "amount": "4",
                    "quantity": 1,
                    "url": "/catalog/legkovye/24565r17-111h-xl-dynapro-hp2-ra33-tl/"
                }
            ]
        }
    ],
    "filter": {
        "0": {
            "LOGIC": "OR",
            ">STORE_AMOUNT_156": 0,
            ">STORE_AMOUNT_158": 0,
            ">STORE_AMOUNT_159": 0,
            ">STORE_AMOUNT_160": 0,
            ">STORE_AMOUNT_161": 0,
            ">STORE_AMOUNT_164": 0,
            ">STORE_AMOUNT_165": 0,
            ">STORE_AMOUNT_168": 0,
            ">STORE_AMOUNT_169": 0,
            ">STORE_AMOUNT_174": 0,
            ">STORE_AMOUNT_180": 0,
            ">STORE_AMOUNT_184": 0,
            ">STORE_AMOUNT_185": 0,
            ">STORE_AMOUNT_191": 0,
            ">STORE_AMOUNT_192": 0,
            ">STORE_AMOUNT_194": 0,
            ">STORE_AMOUNT_6087": 0
        },
        "1": {
            "LOGIC": "OR",
            ">CATALOG_CATALOG_GROUP_ID_33": 0,
            ">CATALOG_CATALOG_GROUP_ID_90": 0,
            ">CATALOG_CATALOG_GROUP_ID_96": 0,
            ">CATALOG_CATALOG_GROUP_ID_97": 0,
            ">CATALOG_CATALOG_GROUP_ID_98": 0
        },
        "2": {
            "LOGIC": "OR",
            ">STORE_AMOUNT_156": 0,
            ">STORE_AMOUNT_158": 0,
            ">STORE_AMOUNT_159": 0,
            ">STORE_AMOUNT_160": 0,
            ">STORE_AMOUNT_161": 0,
            ">STORE_AMOUNT_164": 0,
            ">STORE_AMOUNT_165": 0,
            ">STORE_AMOUNT_168": 0,
            ">STORE_AMOUNT_169": 0,
            ">STORE_AMOUNT_174": 0,
            ">STORE_AMOUNT_180": 0,
            ">STORE_AMOUNT_184": 0,
            ">STORE_AMOUNT_185": 0,
            ">STORE_AMOUNT_191": 0,
            ">STORE_AMOUNT_192": 0,
            ">STORE_AMOUNT_194": 0,
            ">STORE_AMOUNT_6087": 0
        },
        "3": {
            "LOGIC": "OR",
            ">CATALOG_CATALOG_GROUP_ID_33": 0,
            ">CATALOG_CATALOG_GROUP_ID_90": 0,
            ">CATALOG_CATALOG_GROUP_ID_96": 0,
            ">CATALOG_CATALOG_GROUP_ID_97": 0,
            ">CATALOG_CATALOG_GROUP_ID_98": 0
        },
        "=PROPERTY_458": [
            "154"
        ]
    },
    "promo": {
        "id": "165954",
        "url": "/promo/shiny-v-rassrochku/",
        "name": "Покупки в рассрочку",
        "text": "Теперь вы можете купить зимние шины, или диски в рассрочку быстро и легко: без первоначального взноса и без переплаты!",
        "imgSrc": "/upload/resize_cache/iblock/356/1075_613_1/8iiw8xmv2bzky9euo9mn57dqx6dk3xa9.jpg",
        "videoSrc": null
    },
    "promoFilter": {
        "IBLOCK_ID": 10,
        "ACTIVE": "Y",
        "=PROPERTY_SECTION": 206,
        "=PROPERTY_CATALOG_SEASON": [
            false,
            204
        ],
        "=PROPERTY_CATALOG_BRAND": [
            false
        ]
    },
    "navNum": 1,
    "pagesCount": 111,
    "pageNum": 35
}