{
    "pageUrl": "/catalog/legkovye/?arCatalogFilter_458_1500340406=Y&set_filter=Y&sort%5Brecommendations%5D=asc&PAGEN_1=40",
    "items": [
        {
            "id": 135304,
            "isNew": false,
            "EDIT_LINK": null,
            "DELETE_LINK": null,
            "props": [
                {
                    "name": "Ширина",
                    "value": "225 "
                },
                {
                    "name": "Диаметр",
                    "value": "18 "
                }
            ],
            "type": "tires",
            "isPromo": null,
            "amount": 2,
            "season": "Летние",
            "price": 9780,
            "name": "225/45 R18 95W NOKIAN TYRES Nordman SZ2 TL",
            "sectionId": 7278,
            "sectionName": "Легковые",
            "sectionPath": [
                {
                    "ID": "7278",
                    "NAME": "Легковые"
                },
                {
                    "ID": "7267",
                    "NAME": "Шины"
                }
            ],
            "imgSrc": "/upload/resize_cache/rembg-image/00e/275_275_1/z29p1m9b2qwolxf8rurj146131iegeny.png",
            "url": "/catalog/legkovye/22545-r18-95w-nokian-tyres-nordman-sz2-tl65137/",
            "promo": [],
            "discountStores": [],
            "externalStores": [],
            "commonStores": [],
            "brand": "NOKIAN TYRES",
            "brandCode": "277",
            "vendorCode": "T431737",
            "model": "Nordman SZ2",
            "raznItems": [
                {
                    "id": "135304",
                    "name": "225/45 R18",
                    "price": 9780,
                    "amount": "2",
                    "quantity": 1,
                    "url": "/catalog/legkovye/22545-r18-95w-nokian-tyres-nordman-sz2-tl65137/"
                }
            ]
        },
        {
            "id": 160751,
            "isNew": false,
            "EDIT_LINK": null,
            "DELETE_LINK": null,
            "props": [
                {
                    "name": "Ширина",
                    "value": "225 "
                },
                {
                    "name": "Диаметр",
                    "value": "16 "
                }
            ],
            "type": "tires",
            "isPromo": null,
            "amount": 4,
            "season": "Летние",
            "price": 9810,
            "name": "225/50 R16 92V NEXEN Nblue HD Plus TL",
            "sectionId": 7278,
            "sectionName": "Легковые",
            "sectionPath": [
                {
                    "ID": "7278",
                    "NAME": "Легковые"
                },
                {
                    "ID": "7267",
                    "NAME": "Шины"
                }
            ],
            "imgSrc": "/upload/resize_cache/rembg-image/b5c/275_275_1/81dwzdrdmfnz58gkygkmv9csmw8fkm0w.png",
            "url": "/catalog/legkovye/22550r16-92v-nblue-hd-plus-tl/",
            "promo": [],
            "discountStores": [],
            "externalStores": [],
            "commonStores": [],
            "brand": "NEXEN",
            "brandCode": "",
            "vendorCode": "13886",
            "model": "NBlue HD Plus",
            "raznItems": [
                {
                    "id": "160415",
                    "name": "215/60 R16",
                    "price": 8050,
                    "amount": "1",
                    "quantity": 1,
                    "url": "/catalog/legkovye/21560r16-95v-nblue-hd-plus-tl/"
                },
                {
                    "id": "160751",
                    "name": "225/50 R16",
                    "price": 9810,
                    "amount": "4",
                    "quantity": 1,
                    "url": "/catalog/legkovye/22550r16-92v-nblue-hd-plus-tl/"
                }
            ]
        },
        {
            "id": 155358,
            "isNew": false,
            "EDIT_LINK": null,
            "DELETE_LINK": null,
            "props": [
                {
                    "name": "Ширина",
                    "value": "205 "
                },
                {
                    "name": "Диаметр",
                    "value": "16 "
                }
            ],
            "type": "tires",
            "isPromo": null,
            "amount": 37,
            "season": "Летние",
            "price": 7520,
            "name": "205/60 R16 96W NOKIAN TYRES Hakka Blue 3 TL",
            "sectionId": 7278,
            "sectionName": "Легковые",
            "sectionPath": [
                {
                    "ID": "7278",
                    "NAME": "Легковые"
                },
                {
                    "ID": "7267",
                    "NAME": "Шины"
                }
            ],
            "imgSrc": "/upload/resize_cache/rembg-image/a5d/275_275_1/1j32ozzh1llpep86sz8ulyuu0pnf19fd.png",
            "url": "/catalog/legkovye/20560-r16-96w-nokian-tyres-hakka-blue-3-tl22887/",
            "promo": [],
            "discountStores": [],
            "externalStores": [],
            "commonStores": [
                {
                    "STORE_ID": "158",
                    "PRODUCT_ID": "155358",
                    "AMOUNT": "25",
                    "PRODUCT_XML_ID": "FORTOCHKI_T432277",
                    "STORE_XML_ID": "351",
                    "STORE_NAME": "Оптовый Склад",
                    "PRICE": "7520.00",
                    "PRICE_ID": "9"
                },
                {
                    "STORE_ID": "159",
                    "PRODUCT_ID": "155358",
                    "AMOUNT": "4",
                    "PRODUCT_XML_ID": "FORTOCHKI_T432277",
                    "STORE_XML_ID": "387",
                    "STORE_NAME": "г. Челябинск, ул. Бр.Кашириных, 134б",
                    "PRICE": null,
                    "PRICE_ID": null
                },
                {
                    "STORE_ID": "161",
                    "PRODUCT_ID": "155358",
                    "AMOUNT": "4",
                    "PRODUCT_XML_ID": "FORTOCHKI_T432277",
                    "STORE_XML_ID": "383",
                    "STORE_NAME": "г. Челябинск, ул. Федорова 2а",
                    "PRICE": null,
                    "PRICE_ID": null
                },
                {
                    "STORE_ID": "174",
                    "PRODUCT_ID": "155358",
                    "AMOUNT": "4",
                    "PRODUCT_XML_ID": "FORTOCHKI_T432277",
                    "STORE_XML_ID": "423",
                    "STORE_NAME": "г. Челябинск, ул. Комарова, 34",
                    "PRICE": null,
                    "PRICE_ID": null
                }
            ],
            "brand": "NOKIAN TYRES",
            "brandCode": "",
            "vendorCode": "T432277",
            "model": "Hakka Blue 3",
            "raznItems": [
                {
                    "id": "155358",
                    "name": "205/60 R16",
                    "price": 7520,
                    "amount": "4",
                    "quantity": 1,
                    "url": "/catalog/legkovye/20560-r16-96w-nokian-tyres-hakka-blue-3-tl22887/"
                }
            ]
        },
        {
            "id": 94044,
            "isNew": false,
            "EDIT_LINK": null,
            "DELETE_LINK": null,
            "props": [
                {
                    "name": "Ширина",
                    "value": "225 "
                },
                {
                    "name": "Диаметр",
                    "value": "16 "
                }
            ],
            "type": "tires",
            "isPromo": null,
            "amount": 20,
            "season": "Летние",
            "price": 9810,
            "name": "225/75 R16 115/112S NOKIAN TYRES Outpost AT TL",
            "sectionId": 7278,
            "sectionName": "Легковые",
            "sectionPath": [
                {
                    "ID": "7278",
                    "NAME": "Легковые"
                },
                {
                    "ID": "7267",
                    "NAME": "Шины"
                }
            ],
            "imgSrc": "/upload/resize_cache/rembg-image/532/275_275_1/2ssw7zhwomfnm0tavyd17gzx4oaq652d.png",
            "url": "/catalog/legkovye/22575-r16-115112s-nokian-tyres-outpost-at-tl23346/",
            "promo": [],
            "discountStores": [],
            "externalStores": [],
            "commonStores": [
                {
                    "STORE_ID": "158",
                    "PRODUCT_ID": "94044",
                    "AMOUNT": "20",
                    "PRODUCT_XML_ID": "FORTOCHKI_T431873",
                    "STORE_XML_ID": "351",
                    "STORE_NAME": "Оптовый Склад",
                    "PRICE": "9810.00",
                    "PRICE_ID": "9"
                }
            ],
            "brand": "NOKIAN TYRES",
            "brandCode": "",
            "vendorCode": "T431873",
            "model": "Outpost AT",
            "raznItems": [
                {
                    "id": "90255",
                    "name": "245/70 R16",
                    "price": 9490,
                    "amount": "12",
                    "quantity": 1,
                    "url": "/catalog/legkovye/24570-r16-107t-nokian-tyres-outpost-at-tl23070/"
                },
                {
                    "id": "94042",
                    "name": "265/75 R16",
                    "price": 12170,
                    "amount": "2",
                    "quantity": 1,
                    "url": "/catalog/legkovye/26575-r16-116t-nokian-tyres-outpost-at-tl23239/"
                },
                {
                    "id": "94044",
                    "name": "225/75 R16",
                    "price": 9810,
                    "amount": "20",
                    "quantity": 1,
                    "url": "/catalog/legkovye/22575-r16-115112s-nokian-tyres-outpost-at-tl23346/"
                },
                {
                    "id": "155360",
                    "name": "245/75 R16",
                    "price": 10340,
                    "amount": "32",
                    "quantity": 1,
                    "url": "/catalog/legkovye/24575-r16-111t-nokian-tyres-outpost-at-tl23117/"
                },
                {
                    "id": "155364",
                    "name": "265/70 R16",
                    "price": 10410,
                    "amount": "8",
                    "quantity": 1,
                    "url": "/catalog/legkovye/26570-r16-112t-nokian-tyres-outpost-at-tl23225/"
                }
            ]
        },
        {
            "id": 146179,
            "isNew": false,
            "EDIT_LINK": null,
            "DELETE_LINK": null,
            "props": [
                {
                    "name": "Ширина",
                    "value": "265 "
                },
                {
                    "name": "Диаметр",
                    "value": "20 "
                }
            ],
            "type": "tires",
            "isPromo": null,
            "amount": 8,
            "season": "Летние",
            "price": 9820,
            "name": "265/45 R20 108Y TRIANGLE TH201 TL",
            "sectionId": 7278,
            "sectionName": "Легковые",
            "sectionPath": [
                {
                    "ID": "7278",
                    "NAME": "Легковые"
                },
                {
                    "ID": "7267",
                    "NAME": "Шины"
                }
            ],
            "imgSrc": "/upload/resize_cache/rembg-image/8d6/275_275_1/tnsshpyjnc7fvekbftj7ag3fjocp3u3t.png",
            "url": "/catalog/legkovye/26545r20-108y-th201-tl/",
            "promo": [],
            "discountStores": [],
            "externalStores": [],
            "commonStores": [],
            "brand": "TRIANGLE",
            "brandCode": "",
            "vendorCode": "CTS270378",
            "model": "TH201",
            "raznItems": [
                {
                    "id": "146179",
                    "name": "265/45 R20",
                    "price": 9820,
                    "amount": "8",
                    "quantity": 1,
                    "url": "/catalog/legkovye/26545r20-108y-th201-tl/"
                }
            ]
        },
        {
            "id": 159205,
            "isNew": false,
            "EDIT_LINK": null,
            "DELETE_LINK": null,
            "props": [
                {
                    "name": "Ширина",
                    "value": "285 "
                },
                {
                    "name": "Диаметр",
                    "value": "18 "
                }
            ],
            "type": "tires",
            "isPromo": null,
            "amount": 20,
            "season": "Летние",
            "price": 9830,
            "name": "285/60 R18 120V TRIANGLE TR259 TL",
            "sectionId": 7278,
            "sectionName": "Легковые",
            "sectionPath": [
                {
                    "ID": "7278",
                    "NAME": "Легковые"
                },
                {
                    "ID": "7267",
                    "NAME": "Шины"
                }
            ],
            "imgSrc": "/upload/resize_cache/rembg-image/4ee/275_275_1/xrhve2aucphmlckrkxajg7am7itvgg09.png",
            "url": "/catalog/legkovye/28560r18-120v-tr259-tl/",
            "promo": [],
            "discountStores": [],
            "externalStores": [],
            "commonStores": [],
            "brand": "TRIANGLE",
            "brandCode": "",
            "vendorCode": "CTS270490",
            "model": "TR259",
            "raznItems": [
                {
                    "id": "159205",
                    "name": "285/60 R18",
                    "price": 9830,
                    "amount": "20",
                    "quantity": 1,
                    "url": "/catalog/legkovye/28560r18-120v-tr259-tl/"
                }
            ]
        },
        {
            "id": 114334,
            "isNew": false,
            "EDIT_LINK": null,
            "DELETE_LINK": null,
            "props": [
                {
                    "name": "Ширина",
                    "value": "255 "
                },
                {
                    "name": "Диаметр",
                    "value": "18 "
                }
            ],
            "type": "tires",
            "isPromo": null,
            "amount": 12,
            "season": "Летние",
            "price": 9850,
            "name": "255/35 R18 94W TIGAR Ultra High Performance TL",
            "sectionId": 7278,
            "sectionName": "Легковые",
            "sectionPath": [
                {
                    "ID": "7278",
                    "NAME": "Легковые"
                },
                {
                    "ID": "7267",
                    "NAME": "Шины"
                }
            ],
            "imgSrc": "/upload/resize_cache/rembg-image/17c/275_275_1/dntx988y39ss7d44f2cwkv4bwgcb71no.png",
            "url": "/catalog/legkovye/25535-r18-94w-tigar-ultra-high-performance-tl10131/",
            "promo": [],
            "discountStores": [],
            "externalStores": [],
            "commonStores": [
                {
                    "STORE_ID": "158",
                    "PRODUCT_ID": "114334",
                    "AMOUNT": "12",
                    "PRODUCT_XML_ID": "10131",
                    "STORE_XML_ID": "351",
                    "STORE_NAME": "Оптовый Склад",
                    "PRICE": "9850.00",
                    "PRICE_ID": "9"
                }
            ],
            "brand": "TIGAR",
            "brandCode": "275",
            "vendorCode": "514165",
            "model": "Ultra High Performance",
            "raznItems": [
                {
                    "id": "114333",
                    "name": "255/45 R18",
                    "price": 9690,
                    "amount": "3",
                    "quantity": 1,
                    "url": "/catalog/legkovye/25545-r18-103y-tigar-ultra-high-performance-tl10130/"
                },
                {
                    "id": "114334",
                    "name": "255/35 R18",
                    "price": 9850,
                    "amount": "12",
                    "quantity": 1,
                    "url": "/catalog/legkovye/25535-r18-94w-tigar-ultra-high-performance-tl10131/"
                }
            ]
        },
        {
            "id": 102816,
            "isNew": false,
            "EDIT_LINK": null,
            "DELETE_LINK": null,
            "props": [
                {
                    "name": "Ширина",
                    "value": "235 "
                },
                {
                    "name": "Диаметр",
                    "value": "16 "
                }
            ],
            "type": "tires",
            "isPromo": null,
            "amount": 20,
            "season": "Летние",
            "price": 9860,
            "name": "235/60 R16 100H YOKOHAMA Geolandar A/T G015 TL",
            "sectionId": 7278,
            "sectionName": "Легковые",
            "sectionPath": [
                {
                    "ID": "7278",
                    "NAME": "Легковые"
                },
                {
                    "ID": "7267",
                    "NAME": "Шины"
                }
            ],
            "imgSrc": "/upload/resize_cache/rembg-image/6db/275_275_1/n0z6vnso4nbybjpfmbsebf1689x13nje.png",
            "url": "/catalog/legkovye/23560r16-100h-geolandar-at-g015-tl-m-s-3pmsf/",
            "promo": [],
            "discountStores": [],
            "externalStores": [],
            "commonStores": [],
            "brand": "YOKOHAMA",
            "brandCode": "",
            "vendorCode": "R1156",
            "model": "Geolandar A/T G015",
            "raznItems": [
                {
                    "id": "102815",
                    "name": "225/70 R16",
                    "price": 9730,
                    "amount": "4",
                    "quantity": 1,
                    "url": "/catalog/legkovye/22570-r16-103h-yokohama-geolandar-at-g015-tl74003/"
                },
                {
                    "id": "102816",
                    "name": "235/60 R16",
                    "price": 9860,
                    "amount": "20",
                    "quantity": 1,
                    "url": "/catalog/legkovye/23560r16-100h-geolandar-at-g015-tl-m-s-3pmsf/"
                },
                {
                    "id": "102822",
                    "name": "245/70 R16",
                    "price": 10870,
                    "amount": "1",
                    "quantity": 1,
                    "url": "/catalog/legkovye/24570-r16-111h-yokohama-geolandar-at-g015-tl74010/"
                },
                {
                    "id": "102828",
                    "name": "265/70 R16",
                    "price": 11230,
                    "amount": "4",
                    "quantity": 1,
                    "url": "/catalog/legkovye/26570-r16-112h-yokohama-geolandar-at-g015-tl74016/"
                },
                {
                    "id": "102831",
                    "name": "275/70 R16",
                    "price": 11210,
                    "amount": "3",
                    "quantity": 1,
                    "url": "/catalog/legkovye/27570-r16-114h-yokohama-geolandar-at-g015-tl74019/"
                },
                {
                    "id": "102840",
                    "name": "265/75 R16",
                    "price": 12670,
                    "amount": "2",
                    "quantity": 1,
                    "url": "/catalog/legkovye/26575-r16-114t-yokohama-geolandar-at-g015-tl74028/"
                },
                {
                    "id": "140215",
                    "name": "205/80 R16",
                    "price": 9300,
                    "amount": "5",
                    "quantity": 1,
                    "url": "/catalog/legkovye/20580r16-104t-geolandar-at-g015-tl-m-s-3pmsf/"
                },
                {
                    "id": "143436",
                    "name": "255/65 R16",
                    "price": 10720,
                    "amount": "2",
                    "quantity": 1,
                    "url": "/catalog/legkovye/25565r16-109h-geolandar-at-g015-tl-ms-3pmsf-r1146/"
                }
            ]
        },
        {
            "id": 160757,
            "isNew": false,
            "EDIT_LINK": null,
            "DELETE_LINK": null,
            "props": [
                {
                    "name": "Ширина",
                    "value": "225 "
                },
                {
                    "name": "Диаметр",
                    "value": "15 "
                }
            ],
            "type": "tires",
            "isPromo": null,
            "amount": 4,
            "season": "Летние",
            "price": 9890,
            "name": "225/70 R15 100S NEXEN Roadian HTX RH5 TL",
            "sectionId": 7278,
            "sectionName": "Легковые",
            "sectionPath": [
                {
                    "ID": "7278",
                    "NAME": "Легковые"
                },
                {
                    "ID": "7267",
                    "NAME": "Шины"
                }
            ],
            "imgSrc": "/upload/resize_cache/rembg-image/3e6/275_275_1/6ar6we3o86z6n859kq6uo9yoawy9dgf2.png",
            "url": "/catalog/legkovye/22570r15-100s-roadian-htx-rh5-tl-owl-m-s-pr4/",
            "promo": [],
            "discountStores": [],
            "externalStores": [],
            "commonStores": [],
            "brand": "NEXEN",
            "brandCode": "",
            "vendorCode": "13137",
            "model": "Roadian HTX RH5",
            "raznItems": [
                {
                    "id": "160757",
                    "name": "225/70 R15",
                    "price": 9890,
                    "amount": "4",
                    "quantity": 1,
                    "url": "/catalog/legkovye/22570r15-100s-roadian-htx-rh5-tl-owl-m-s-pr4/"
                },
                {
                    "id": "160758",
                    "name": "265/70 R15",
                    "price": 11380,
                    "amount": "3",
                    "quantity": 1,
                    "url": "/catalog/legkovye/26570r15-112s-roadian-htx-rh5-tl-owl-m-s-pr4/"
                }
            ]
        },
        {
            "id": 148216,
            "isNew": false,
            "EDIT_LINK": null,
            "DELETE_LINK": null,
            "props": [
                {
                    "name": "Ширина",
                    "value": "205 "
                },
                {
                    "name": "Диаметр",
                    "value": "17 "
                }
            ],
            "type": "tires",
            "isPromo": null,
            "amount": 2,
            "season": "Летние",
            "price": 9910,
            "name": "205/55 R17 95V GOODYEAR EfficientGrip Performance 2 TL",
            "sectionId": 7278,
            "sectionName": "Легковые",
            "sectionPath": [
                {
                    "ID": "7278",
                    "NAME": "Легковые"
                },
                {
                    "ID": "7267",
                    "NAME": "Шины"
                }
            ],
            "imgSrc": "/upload/resize_cache/rembg-image/933/275_275_1/2of37zj3kh2pv2x3nteqwphqq6k7dp2h.png",
            "url": "/catalog/legkovye/20555r17-95v-xl-efficientgrip-performance-2-tl/",
            "promo": [],
            "discountStores": [],
            "externalStores": [],
            "commonStores": [],
            "brand": "GOODYEAR",
            "brandCode": "",
            "vendorCode": "542453",
            "model": "EfficientGrip Performance 2",
            "raznItems": [
                {
                    "id": "143767",
                    "name": "215/55 R17",
                    "price": 10500,
                    "amount": "24",
                    "quantity": 1,
                    "url": "/catalog/legkovye/55215-r17-goodyear/"
                },
                {
                    "id": "146666",
                    "name": "225/45 R17",
                    "price": 8460,
                    "amount": "16",
                    "quantity": 1,
                    "url": "/catalog/legkovye/22545r17-94w-xl-efficientgrip-performance-2-tl-fp/"
                },
                {
                    "id": "148216",
                    "name": "205/55 R17",
                    "price": 9910,
                    "amount": "2",
                    "quantity": 1,
                    "url": "/catalog/legkovye/20555r17-95v-xl-efficientgrip-performance-2-tl/"
                },
                {
                    "id": "157786",
                    "name": "225/50 R17",
                    "price": 10200,
                    "amount": "10",
                    "quantity": 1,
                    "url": "/catalog/legkovye/50225-r17-goodyear/"
                }
            ]
        },
        {
            "id": 143584,
            "isNew": false,
            "EDIT_LINK": null,
            "DELETE_LINK": null,
            "props": [
                {
                    "name": "Ширина",
                    "value": "265 "
                },
                {
                    "name": "Диаметр",
                    "value": "16 "
                }
            ],
            "type": "tires",
            "isPromo": null,
            "amount": 4,
            "season": "Летние",
            "price": 9910,
            "name": "265/75 R16 116S KORMORAN Road Terrain TL",
            "sectionId": 7278,
            "sectionName": "Легковые",
            "sectionPath": [
                {
                    "ID": "7278",
                    "NAME": "Легковые"
                },
                {
                    "ID": "7267",
                    "NAME": "Шины"
                }
            ],
            "imgSrc": "/upload/resize_cache/rembg-image/16b/275_275_1/t2sdqbzpcmowu2i54zcy0a3zmjb6svf6.png",
            "url": "/catalog/legkovye/26575r16-116s-xl-road-terrain-tl-m-s/",
            "promo": [],
            "discountStores": [],
            "externalStores": [],
            "commonStores": [],
            "brand": "KORMORAN",
            "brandCode": "",
            "vendorCode": "376782",
            "model": "Road Terrain",
            "raznItems": [
                {
                    "id": "143583",
                    "name": "235/70 R16",
                    "price": 8800,
                    "amount": "3",
                    "quantity": 1,
                    "url": "/catalog/legkovye/23570r16-109h-xl-road-terrain-tl-m-s/"
                },
                {
                    "id": "143584",
                    "name": "265/75 R16",
                    "price": 9910,
                    "amount": "4",
                    "quantity": 1,
                    "url": "/catalog/legkovye/26575r16-116s-xl-road-terrain-tl-m-s/"
                },
                {
                    "id": "143712",
                    "name": "265/70 R16",
                    "price": 9050,
                    "amount": "1",
                    "quantity": 1,
                    "url": "/catalog/legkovye/26570r16-116t-xl-road-terrain-tl-m-s/"
                }
            ]
        },
        {
            "id": 135501,
            "isNew": false,
            "EDIT_LINK": null,
            "DELETE_LINK": null,
            "props": [
                {
                    "name": "Ширина",
                    "value": "235 "
                },
                {
                    "name": "Диаметр",
                    "value": "17 "
                }
            ],
            "type": "tires",
            "isPromo": null,
            "amount": 2,
            "season": "Летние",
            "price": 9920,
            "name": "235/55 R17 99H NOKIAN TYRES Nordman S2 SUV TL",
            "sectionId": 7278,
            "sectionName": "Легковые",
            "sectionPath": [
                {
                    "ID": "7278",
                    "NAME": "Легковые"
                },
                {
                    "ID": "7267",
                    "NAME": "Шины"
                }
            ],
            "imgSrc": "/upload/resize_cache/rembg-image/3c2/275_275_1/ci05beboguq1dkgnlu1tir19ouzdzwox.png",
            "url": "/catalog/legkovye/23555-r17-99h-nokian-tyres-nordman-s2-suv-tl64247/",
            "promo": [],
            "discountStores": [],
            "externalStores": [],
            "commonStores": [
                {
                    "STORE_ID": "158",
                    "PRODUCT_ID": "135501",
                    "AMOUNT": "2",
                    "PRODUCT_XML_ID": "FORTOCHKI_T431707",
                    "STORE_XML_ID": "351",
                    "STORE_NAME": "Оптовый Склад",
                    "PRICE": "9920.00",
                    "PRICE_ID": "9"
                }
            ],
            "brand": "NOKIAN TYRES",
            "brandCode": "",
            "vendorCode": "T431707",
            "model": "Nordman S2 SUV",
            "raznItems": [
                {
                    "id": "135496",
                    "name": "215/60 R17",
                    "price": 9220,
                    "amount": "76",
                    "quantity": 1,
                    "url": "/catalog/legkovye/21560-r17-96h-nokian-tyres-nordman-s2-suv-tl64252/"
                },
                {
                    "id": "135498",
                    "name": "225/60 R17",
                    "price": 10320,
                    "amount": "10",
                    "quantity": 1,
                    "url": "/catalog/legkovye/22560-r17-99h-nokian-tyres-nordman-s2-suv-tl64250/"
                },
                {
                    "id": "135499",
                    "name": "225/65 R17",
                    "price": 7990,
                    "amount": "74",
                    "quantity": 1,
                    "url": "/catalog/legkovye/22565r17-102h-nordman-s2-suv-tl/"
                },
                {
                    "id": "135501",
                    "name": "235/55 R17",
                    "price": 9920,
                    "amount": "2",
                    "quantity": 1,
                    "url": "/catalog/legkovye/23555-r17-99h-nokian-tyres-nordman-s2-suv-tl64247/"
                }
            ]
        },
        {
            "id": 123430,
            "isNew": false,
            "EDIT_LINK": null,
            "DELETE_LINK": null,
            "props": [
                {
                    "name": "Ширина",
                    "value": "225 "
                },
                {
                    "name": "Диаметр",
                    "value": "17 "
                }
            ],
            "type": "tires",
            "isPromo": null,
            "amount": 1,
            "season": "Летние",
            "price": 9920,
            "name": "225/45 R17 91V CONTINENTAL PremiumContact 6 TL",
            "sectionId": 7278,
            "sectionName": "Легковые",
            "sectionPath": [
                {
                    "ID": "7278",
                    "NAME": "Легковые"
                },
                {
                    "ID": "7267",
                    "NAME": "Шины"
                }
            ],
            "imgSrc": "/upload/resize_cache/rembg-image/f51/275_275_1/w86xjp62302wxjxx1swkwyls1d1oymii.png",
            "url": "/catalog/legkovye/22545r17-91v-premiumcontact-6-tl-fr/",
            "promo": [],
            "discountStores": [],
            "externalStores": [],
            "commonStores": [],
            "brand": "CONTINENTAL",
            "brandCode": "",
            "vendorCode": "0357057",
            "model": "PremiumContact 6",
            "raznItems": [
                {
                    "id": "113861",
                    "name": "215/55 R17",
                    "price": 15770,
                    "amount": "3",
                    "quantity": 1,
                    "url": "/catalog/legkovye/21555-r17-94v-continental-premiumcontact-6-tl09220/"
                },
                {
                    "id": "123430",
                    "name": "225/45 R17",
                    "price": 9920,
                    "amount": "1",
                    "quantity": 1,
                    "url": "/catalog/legkovye/22545r17-91v-premiumcontact-6-tl-fr/"
                }
            ]
        },
        {
            "id": 149263,
            "isNew": false,
            "EDIT_LINK": null,
            "DELETE_LINK": null,
            "props": [
                {
                    "name": "Ширина",
                    "value": "195 "
                },
                {
                    "name": "Диаметр",
                    "value": "16 "
                }
            ],
            "type": "tires",
            "isPromo": null,
            "amount": 3,
            "season": "Летние",
            "price": 7970,
            "name": "195/55 R16 91V PIRELLI P1 Cinturato TL",
            "sectionId": 7278,
            "sectionName": "Легковые",
            "sectionPath": [
                {
                    "ID": "7278",
                    "NAME": "Легковые"
                },
                {
                    "ID": "7267",
                    "NAME": "Шины"
                }
            ],
            "imgSrc": "/upload/resize_cache/rembg-image/7e7/275_275_1/j597xarsv0hv287ji94mb7p96t6wloe6.png",
            "url": "/catalog/legkovye/19555-r16-91v-pirelli-p1-cinturato-tl25485/",
            "promo": [],
            "discountStores": [],
            "externalStores": [],
            "commonStores": [
                {
                    "STORE_ID": "158",
                    "PRODUCT_ID": "149263",
                    "AMOUNT": "3",
                    "PRODUCT_XML_ID": "FORTOCHKI_3584300",
                    "STORE_XML_ID": "351",
                    "STORE_NAME": "Оптовый Склад",
                    "PRICE": "7970.00",
                    "PRICE_ID": "9"
                }
            ],
            "brand": "PIRELLI",
            "brandCode": "",
            "vendorCode": "3584300",
            "model": "Cinturato P1 Verde",
            "raznItems": [
                {
                    "id": "149263",
                    "name": "195/55 R16",
                    "price": 7970,
                    "amount": "3",
                    "quantity": 1,
                    "url": "/catalog/legkovye/19555-r16-91v-pirelli-p1-cinturato-tl25485/"
                }
            ]
        }
    ],
    "filter": {
        "0": {
            "LOGIC": "OR",
            ">STORE_AMOUNT_156": 0,
            ">STORE_AMOUNT_158": 0,
            ">STORE_AMOUNT_159": 0,
            ">STORE_AMOUNT_160": 0,
            ">STORE_AMOUNT_161": 0,
            ">STORE_AMOUNT_164": 0,
            ">STORE_AMOUNT_165": 0,
            ">STORE_AMOUNT_168": 0,
            ">STORE_AMOUNT_169": 0,
            ">STORE_AMOUNT_174": 0,
            ">STORE_AMOUNT_180": 0,
            ">STORE_AMOUNT_184": 0,
            ">STORE_AMOUNT_185": 0,
            ">STORE_AMOUNT_191": 0,
            ">STORE_AMOUNT_192": 0,
            ">STORE_AMOUNT_194": 0,
            ">STORE_AMOUNT_6087": 0
        },
        "1": {
            "LOGIC": "OR",
            ">CATALOG_CATALOG_GROUP_ID_33": 0,
            ">CATALOG_CATALOG_GROUP_ID_90": 0,
            ">CATALOG_CATALOG_GROUP_ID_96": 0,
            ">CATALOG_CATALOG_GROUP_ID_97": 0,
            ">CATALOG_CATALOG_GROUP_ID_98": 0
        },
        "2": {
            "LOGIC": "OR",
            ">STORE_AMOUNT_156": 0,
            ">STORE_AMOUNT_158": 0,
            ">STORE_AMOUNT_159": 0,
            ">STORE_AMOUNT_160": 0,
            ">STORE_AMOUNT_161": 0,
            ">STORE_AMOUNT_164": 0,
            ">STORE_AMOUNT_165": 0,
            ">STORE_AMOUNT_168": 0,
            ">STORE_AMOUNT_169": 0,
            ">STORE_AMOUNT_174": 0,
            ">STORE_AMOUNT_180": 0,
            ">STORE_AMOUNT_184": 0,
            ">STORE_AMOUNT_185": 0,
            ">STORE_AMOUNT_191": 0,
            ">STORE_AMOUNT_192": 0,
            ">STORE_AMOUNT_194": 0,
            ">STORE_AMOUNT_6087": 0
        },
        "3": {
            "LOGIC": "OR",
            ">CATALOG_CATALOG_GROUP_ID_33": 0,
            ">CATALOG_CATALOG_GROUP_ID_90": 0,
            ">CATALOG_CATALOG_GROUP_ID_96": 0,
            ">CATALOG_CATALOG_GROUP_ID_97": 0,
            ">CATALOG_CATALOG_GROUP_ID_98": 0
        },
        "=PROPERTY_458": [
            "154"
        ]
    },
    "promo": {
        "id": "165954",
        "url": "/promo/shiny-v-rassrochku/",
        "name": "Покупки в рассрочку",
        "text": "Теперь вы можете купить зимние шины, или диски в рассрочку быстро и легко: без первоначального взноса и без переплаты!",
        "imgSrc": "/upload/resize_cache/iblock/356/1075_613_1/8iiw8xmv2bzky9euo9mn57dqx6dk3xa9.jpg",
        "videoSrc": null
    },
    "promoFilter": {
        "IBLOCK_ID": 10,
        "ACTIVE": "Y",
        "=PROPERTY_SECTION": 206,
        "=PROPERTY_CATALOG_SEASON": [
            false,
            204
        ],
        "=PROPERTY_CATALOG_BRAND": [
            false
        ]
    },
    "navNum": 1,
    "pagesCount": 111,
    "pageNum": 40
}