{
    "pageUrl": "/catalog/legkovye/?arCatalogFilter_458_1500340406=Y&set_filter=Y&sort%5Brecommendations%5D=asc&PAGEN_1=41",
    "items": [
        {
            "id": 121456,
            "isNew": false,
            "EDIT_LINK": null,
            "DELETE_LINK": null,
            "props": [
                {
                    "name": "Ширина",
                    "value": "215 "
                },
                {
                    "name": "Диаметр",
                    "value": "16 "
                }
            ],
            "type": "tires",
            "isPromo": null,
            "amount": 1,
            "season": "Летние",
            "price": 9940,
            "name": "215/70 R16 100H BFGOODRICH Advantage SUV TL",
            "sectionId": 7278,
            "sectionName": "Легковые",
            "sectionPath": [
                {
                    "ID": "7278",
                    "NAME": "Легковые"
                },
                {
                    "ID": "7267",
                    "NAME": "Шины"
                }
            ],
            "imgSrc": "/upload/resize_cache/rembg-image/e3f/275_275_1/ove67plvdji8oodm2t4paxzsihbt6l98.png",
            "url": "/catalog/legkovye/21570r16-100h-advantage-suv-tl/",
            "promo": [],
            "discountStores": [],
            "externalStores": [],
            "commonStores": [],
            "brand": "BFGOODRICH",
            "brandCode": "",
            "vendorCode": "920538",
            "model": "Advantage SUV",
            "raznItems": [
                {
                    "id": "121456",
                    "name": "215/70 R16",
                    "price": 9940,
                    "amount": "1",
                    "quantity": 1,
                    "url": "/catalog/legkovye/21570r16-100h-advantage-suv-tl/"
                }
            ]
        },
        {
            "id": 104069,
            "isNew": false,
            "EDIT_LINK": null,
            "DELETE_LINK": null,
            "props": [
                {
                    "name": "Ширина",
                    "value": "265 "
                },
                {
                    "name": "Диаметр",
                    "value": "17 "
                }
            ],
            "type": "tires",
            "isPromo": null,
            "amount": 1,
            "season": "Летние",
            "price": 9940,
            "name": "265/65 R17 116H CORDIANT Comfort 2 SUV TL",
            "sectionId": 7278,
            "sectionName": "Легковые",
            "sectionPath": [
                {
                    "ID": "7278",
                    "NAME": "Легковые"
                },
                {
                    "ID": "7267",
                    "NAME": "Шины"
                }
            ],
            "imgSrc": "/upload/resize_cache/rembg-image/651/275_275_1/4tubfaot76ey84rbwmonmd8x636r0kd6.png",
            "url": "/catalog/legkovye/26565-r17-116h-cordiant-comfort-2-suv-tl91382/",
            "promo": [],
            "discountStores": [],
            "externalStores": [],
            "commonStores": [
                {
                    "STORE_ID": "158",
                    "PRODUCT_ID": "104069",
                    "AMOUNT": "1",
                    "PRODUCT_XML_ID": "91382",
                    "STORE_XML_ID": "351",
                    "STORE_NAME": "Оптовый Склад",
                    "PRICE": "9940.00",
                    "PRICE_ID": "9"
                }
            ],
            "brand": "CORDIANT",
            "brandCode": "403",
            "vendorCode": "732068558",
            "model": "Comfort 2 SUV",
            "raznItems": [
                {
                    "id": "104063",
                    "name": "225/65 R17",
                    "price": 6960,
                    "amount": "1",
                    "quantity": 1,
                    "url": "/catalog/legkovye/22565-r17-106h-cordiant-comfort-2-suv-tl91376/"
                },
                {
                    "id": "104064",
                    "name": "235/65 R17",
                    "price": 7950,
                    "amount": "4",
                    "quantity": 1,
                    "url": "/catalog/legkovye/23565-r17-108h-cordiant-comfort-2-suv-tl91377/"
                },
                {
                    "id": "104069",
                    "name": "265/65 R17",
                    "price": 9940,
                    "amount": "1",
                    "quantity": 1,
                    "url": "/catalog/legkovye/26565-r17-116h-cordiant-comfort-2-suv-tl91382/"
                },
                {
                    "id": "113689",
                    "name": "215/60 R17",
                    "price": 8200,
                    "amount": "4",
                    "quantity": 1,
                    "url": "/catalog/legkovye/21560-r17-100h-cordiant-comfort-2-suv-tl08801/"
                },
                {
                    "id": "113694",
                    "name": "235/55 R17",
                    "price": 8890,
                    "amount": "1",
                    "quantity": 1,
                    "url": "/catalog/legkovye/23555-r17-103h-cordiant-comfort-2-suv-tl08806/"
                }
            ]
        },
        {
            "id": 113694,
            "isNew": false,
            "EDIT_LINK": null,
            "DELETE_LINK": null,
            "props": [
                {
                    "name": "Ширина",
                    "value": "235 "
                },
                {
                    "name": "Диаметр",
                    "value": "17 "
                }
            ],
            "type": "tires",
            "isPromo": null,
            "amount": 1,
            "season": "Летние",
            "price": 8890,
            "name": "235/55 R17 103H CORDIANT Comfort 2 SUV TL",
            "sectionId": 7278,
            "sectionName": "Легковые",
            "sectionPath": [
                {
                    "ID": "7278",
                    "NAME": "Легковые"
                },
                {
                    "ID": "7267",
                    "NAME": "Шины"
                }
            ],
            "imgSrc": "/upload/resize_cache/rembg-image/796/275_275_1/tka2xrj79732b24d3au3l6p9uc4cj8lv.png",
            "url": "/catalog/legkovye/23555-r17-103h-cordiant-comfort-2-suv-tl08806/",
            "promo": [],
            "discountStores": [],
            "externalStores": [],
            "commonStores": [
                {
                    "STORE_ID": "158",
                    "PRODUCT_ID": "113694",
                    "AMOUNT": "1",
                    "PRODUCT_XML_ID": "08806",
                    "STORE_XML_ID": "351",
                    "STORE_NAME": "Оптовый Склад",
                    "PRICE": "8890.00",
                    "PRICE_ID": "9"
                }
            ],
            "brand": "CORDIANT",
            "brandCode": "403",
            "vendorCode": "1329743778",
            "model": "Comfort 2 SUV",
            "raznItems": [
                {
                    "id": "104063",
                    "name": "225/65 R17",
                    "price": 6960,
                    "amount": "1",
                    "quantity": 1,
                    "url": "/catalog/legkovye/22565-r17-106h-cordiant-comfort-2-suv-tl91376/"
                },
                {
                    "id": "104064",
                    "name": "235/65 R17",
                    "price": 7950,
                    "amount": "4",
                    "quantity": 1,
                    "url": "/catalog/legkovye/23565-r17-108h-cordiant-comfort-2-suv-tl91377/"
                },
                {
                    "id": "104069",
                    "name": "265/65 R17",
                    "price": 9940,
                    "amount": "1",
                    "quantity": 1,
                    "url": "/catalog/legkovye/26565-r17-116h-cordiant-comfort-2-suv-tl91382/"
                },
                {
                    "id": "113689",
                    "name": "215/60 R17",
                    "price": 8200,
                    "amount": "4",
                    "quantity": 1,
                    "url": "/catalog/legkovye/21560-r17-100h-cordiant-comfort-2-suv-tl08801/"
                },
                {
                    "id": "113694",
                    "name": "235/55 R17",
                    "price": 8890,
                    "amount": "1",
                    "quantity": 1,
                    "url": "/catalog/legkovye/23555-r17-103h-cordiant-comfort-2-suv-tl08806/"
                }
            ]
        },
        {
            "id": 135243,
            "isNew": false,
            "EDIT_LINK": null,
            "DELETE_LINK": null,
            "props": [
                {
                    "name": "Ширина",
                    "value": "215 "
                },
                {
                    "name": "Диаметр",
                    "value": "18 "
                }
            ],
            "type": "tires",
            "isPromo": null,
            "amount": 8,
            "season": "Летние",
            "price": 9970,
            "name": "215/55 R18 99V NOKIAN TYRES Hakka Green 3 TL",
            "sectionId": 7278,
            "sectionName": "Легковые",
            "sectionPath": [
                {
                    "ID": "7278",
                    "NAME": "Легковые"
                },
                {
                    "ID": "7267",
                    "NAME": "Шины"
                }
            ],
            "imgSrc": "/upload/resize_cache/rembg-image/84c/275_275_1/n51d3ciji3dtmf52f9qz9049f9cddjyx.png",
            "url": "/catalog/legkovye/21555-r18-99v-nokian-tyres-hakka-green-3-tl65269/",
            "promo": [],
            "discountStores": [],
            "externalStores": [],
            "commonStores": [
                {
                    "STORE_ID": "158",
                    "PRODUCT_ID": "135243",
                    "AMOUNT": "4",
                    "PRODUCT_XML_ID": "65269",
                    "STORE_XML_ID": "351",
                    "STORE_NAME": "Оптовый Склад",
                    "PRICE": "9970.00",
                    "PRICE_ID": "9"
                },
                {
                    "STORE_ID": "161",
                    "PRODUCT_ID": "135243",
                    "AMOUNT": "4",
                    "PRODUCT_XML_ID": "65269",
                    "STORE_XML_ID": "383",
                    "STORE_NAME": "г. Челябинск, ул. Федорова 2а",
                    "PRICE": "9970.00",
                    "PRICE_ID": "12"
                }
            ],
            "brand": "NOKIAN TYRES",
            "brandCode": "277",
            "vendorCode": "T431468",
            "model": "Hakka Green 3",
            "raznItems": [
                {
                    "id": "135243",
                    "name": "215/55 R18",
                    "price": 9970,
                    "amount": "100",
                    "quantity": 1,
                    "url": "/catalog/legkovye/21555-r18-99v-nokian-tyres-hakka-green-3-tl65269/"
                }
            ]
        },
        {
            "id": 100195,
            "isNew": false,
            "EDIT_LINK": null,
            "DELETE_LINK": null,
            "props": [
                {
                    "name": "Ширина",
                    "value": "215 "
                },
                {
                    "name": "Диаметр",
                    "value": "17 "
                }
            ],
            "type": "tires",
            "isPromo": null,
            "amount": 39,
            "season": "Летние",
            "price": 9990,
            "name": "215/50 R17 95W PIRELLI P7 Cinturato TL",
            "sectionId": 7278,
            "sectionName": "Легковые",
            "sectionPath": [
                {
                    "ID": "7278",
                    "NAME": "Легковые"
                },
                {
                    "ID": "7267",
                    "NAME": "Шины"
                }
            ],
            "imgSrc": "/upload/resize_cache/rembg-image/904/275_275_1/ren0xv3if8j2nuzh0jnk62nwm92acx78.png",
            "url": "/catalog/legkovye/21550-r17-95w-pirelli-p7-cinturato-tl56328/",
            "promo": [],
            "discountStores": [],
            "externalStores": [],
            "commonStores": [
                {
                    "STORE_ID": "158",
                    "PRODUCT_ID": "100195",
                    "AMOUNT": "35",
                    "PRODUCT_XML_ID": "56328",
                    "STORE_XML_ID": "351",
                    "STORE_NAME": "Оптовый Склад",
                    "PRICE": "9990.00",
                    "PRICE_ID": "9"
                },
                {
                    "STORE_ID": "159",
                    "PRODUCT_ID": "100195",
                    "AMOUNT": "4",
                    "PRODUCT_XML_ID": "56328",
                    "STORE_XML_ID": "387",
                    "STORE_NAME": "г. Челябинск, ул. Бр.Кашириных, 134б",
                    "PRICE": "9990.00",
                    "PRICE_ID": "10"
                }
            ],
            "brand": "PIRELLI",
            "brandCode": "375",
            "vendorCode": "2332200",
            "model": "P7 Cinturato",
            "raznItems": [
                {
                    "id": "99673",
                    "name": "225/45 R17",
                    "price": 13940,
                    "amount": "5",
                    "quantity": 1,
                    "url": "/catalog/legkovye/22545-r17-91v-pirelli-p7-cinturato-tl44739/"
                },
                {
                    "id": "100195",
                    "name": "215/50 R17",
                    "price": 9990,
                    "amount": "4",
                    "quantity": 1,
                    "url": "/catalog/legkovye/21550-r17-95w-pirelli-p7-cinturato-tl56328/"
                },
                {
                    "id": "117176",
                    "name": "225/50 R17",
                    "price": 13670,
                    "amount": "7",
                    "quantity": 1,
                    "url": "/catalog/legkovye/22550-r17-98y-pirelli-p7-cinturato-tl18987/"
                }
            ]
        },
        {
            "id": 143656,
            "isNew": false,
            "EDIT_LINK": null,
            "DELETE_LINK": null,
            "props": [
                {
                    "name": "Ширина",
                    "value": "215 "
                },
                {
                    "name": "Диаметр",
                    "value": "18 "
                }
            ],
            "type": "tires",
            "isPromo": null,
            "amount": 12,
            "season": "Летние",
            "price": 10000,
            "name": "215/55 R18 99V GOODYEAR Eagle Sport SUV TZ TL",
            "sectionId": 7278,
            "sectionName": "Легковые",
            "sectionPath": [
                {
                    "ID": "7278",
                    "NAME": "Легковые"
                },
                {
                    "ID": "7267",
                    "NAME": "Шины"
                }
            ],
            "imgSrc": "/upload/resize_cache/rembg-image/c35/275_275_1/1juxzc278ul6k5p9nkjm1ux0aos9rga3.png",
            "url": "/catalog/legkovye/21555r18-99v-xl-eagle-sport-suv-tz-tl-fp/",
            "promo": [],
            "discountStores": [],
            "externalStores": [],
            "commonStores": [],
            "brand": "GOODYEAR",
            "brandCode": "",
            "vendorCode": "576205",
            "model": "Eagle Sport SUV TZ",
            "raznItems": [
                {
                    "id": "143656",
                    "name": "215/55 R18",
                    "price": 10000,
                    "amount": "12",
                    "quantity": 1,
                    "url": "/catalog/legkovye/21555r18-99v-xl-eagle-sport-suv-tz-tl-fp/"
                }
            ]
        },
        {
            "id": 102857,
            "isNew": false,
            "EDIT_LINK": null,
            "DELETE_LINK": null,
            "props": [
                {
                    "name": "Ширина",
                    "value": "195 "
                },
                {
                    "name": "Диаметр",
                    "value": "16 "
                }
            ],
            "type": "tires",
            "isPromo": null,
            "amount": 20,
            "season": "Летние",
            "price": 8130,
            "name": "195/55 R16 87V YOKOHAMA Advan Fleva V701 TL",
            "sectionId": 7278,
            "sectionName": "Легковые",
            "sectionPath": [
                {
                    "ID": "7278",
                    "NAME": "Легковые"
                },
                {
                    "ID": "7267",
                    "NAME": "Шины"
                }
            ],
            "imgSrc": "/upload/resize_cache/rembg-image/8fd/275_275_1/ikmrtsi6v1i5oj52ks9v8xhlw0qrsn5o.png",
            "url": "/catalog/legkovye/19555-r16-87v-yokohama-advan-fleva-v701-tl74045/",
            "promo": [],
            "discountStores": [],
            "externalStores": [],
            "commonStores": [
                {
                    "STORE_ID": "158",
                    "PRODUCT_ID": "102857",
                    "AMOUNT": "20",
                    "PRODUCT_XML_ID": "FORTOCHKI_R0405",
                    "STORE_XML_ID": "351",
                    "STORE_NAME": "Оптовый Склад",
                    "PRICE": "8130.00",
                    "PRICE_ID": "9"
                }
            ],
            "brand": "YOKOHAMA",
            "brandCode": "",
            "vendorCode": "R0405",
            "model": "Advan Fleva V701",
            "raznItems": [
                {
                    "id": "102857",
                    "name": "195/55 R16",
                    "price": 8130,
                    "amount": "20",
                    "quantity": 1,
                    "url": "/catalog/legkovye/19555-r16-87v-yokohama-advan-fleva-v701-tl74045/"
                },
                {
                    "id": "104049",
                    "name": "215/55 R16",
                    "price": 9390,
                    "amount": "4",
                    "quantity": 1,
                    "url": "/catalog/legkovye/21555r16-93w-advan-fleva-v701-tl/"
                }
            ]
        },
        {
            "id": 144614,
            "isNew": false,
            "EDIT_LINK": null,
            "DELETE_LINK": null,
            "props": [
                {
                    "name": "Ширина",
                    "value": "195 "
                },
                {
                    "name": "Диаметр",
                    "value": "16 "
                }
            ],
            "type": "tires",
            "isPromo": null,
            "amount": 3,
            "season": "Летние",
            "price": 10040,
            "name": "195/45 R16 84V MICHELIN Primacy 4 TL",
            "sectionId": 7278,
            "sectionName": "Легковые",
            "sectionPath": [
                {
                    "ID": "7278",
                    "NAME": "Легковые"
                },
                {
                    "ID": "7267",
                    "NAME": "Шины"
                }
            ],
            "imgSrc": "/upload/resize_cache/rembg-image/56e/275_275_1/kxnxlt7f7v5pwffwk5i46s0lwhkspa28.png",
            "url": "/catalog/legkovye/19545r16-84v-xl-primacy-4-tl/",
            "promo": [],
            "discountStores": [],
            "externalStores": [],
            "commonStores": [],
            "brand": "MICHELIN",
            "brandCode": "",
            "vendorCode": "074440",
            "model": "Primacy 4",
            "raznItems": [
                {
                    "id": "104076",
                    "name": "215/60 R16",
                    "price": 15700,
                    "amount": "23",
                    "quantity": 1,
                    "url": "/catalog/legkovye/21560-r16-99v-michelin-primacy-4-tl91463/"
                },
                {
                    "id": "120005",
                    "name": "205/60 R16",
                    "price": 12230,
                    "amount": "16",
                    "quantity": 1,
                    "url": "/catalog/legkovye/20560r16-92h-primacy-4-tl/"
                },
                {
                    "id": "144614",
                    "name": "195/45 R16",
                    "price": 10040,
                    "amount": "3",
                    "quantity": 1,
                    "url": "/catalog/legkovye/19545r16-84v-xl-primacy-4-tl/"
                }
            ]
        },
        {
            "id": 136680,
            "isNew": false,
            "EDIT_LINK": null,
            "DELETE_LINK": null,
            "props": [
                {
                    "name": "Ширина",
                    "value": "205 "
                },
                {
                    "name": "Диаметр",
                    "value": "16 "
                }
            ],
            "type": "tires",
            "isPromo": null,
            "amount": 22,
            "season": "Летние",
            "price": 10060,
            "name": "205/60 R16 92H HANKOOK K435 Kinergy Eco2 TL",
            "sectionId": 7278,
            "sectionName": "Легковые",
            "sectionPath": [
                {
                    "ID": "7278",
                    "NAME": "Легковые"
                },
                {
                    "ID": "7267",
                    "NAME": "Шины"
                }
            ],
            "imgSrc": "/upload/resize_cache/rembg-image/686/275_275_1/p9qhd3sujjtk298eeu652ll5j4jwq0ll.png",
            "url": "/catalog/legkovye/20560-r16-92h-hankook-k435-kinergy-eco2-tl57847/",
            "promo": [],
            "discountStores": [],
            "externalStores": [],
            "commonStores": [
                {
                    "STORE_ID": "158",
                    "PRODUCT_ID": "136680",
                    "AMOUNT": "22",
                    "PRODUCT_XML_ID": "57847",
                    "STORE_XML_ID": "351",
                    "STORE_NAME": "Оптовый Склад",
                    "PRICE": "10060.00",
                    "PRICE_ID": "9"
                }
            ],
            "brand": "HANKOOK",
            "brandCode": "359",
            "vendorCode": "1027041",
            "model": "K435 Kinergy Eco2",
            "raznItems": [
                {
                    "id": "136679",
                    "name": "195/55 R16",
                    "price": 10280,
                    "amount": "7",
                    "quantity": 1,
                    "url": "/catalog/legkovye/19555-r16-87h-hankook-k435-kinergy-eco2-tl57848/"
                },
                {
                    "id": "136680",
                    "name": "205/60 R16",
                    "price": 10060,
                    "amount": "22",
                    "quantity": 1,
                    "url": "/catalog/legkovye/20560-r16-92h-hankook-k435-kinergy-eco2-tl57847/"
                }
            ]
        },
        {
            "id": 113689,
            "isNew": false,
            "EDIT_LINK": null,
            "DELETE_LINK": null,
            "props": [
                {
                    "name": "Ширина",
                    "value": "215 "
                },
                {
                    "name": "Диаметр",
                    "value": "17 "
                }
            ],
            "type": "tires",
            "isPromo": null,
            "amount": 10,
            "season": "Летние",
            "price": 8200,
            "name": "215/60 R17 100H CORDIANT Comfort 2 SUV TL",
            "sectionId": 7278,
            "sectionName": "Легковые",
            "sectionPath": [
                {
                    "ID": "7278",
                    "NAME": "Легковые"
                },
                {
                    "ID": "7267",
                    "NAME": "Шины"
                }
            ],
            "imgSrc": "/upload/resize_cache/rembg-image/63b/275_275_1/fsm6o3v45eaxdxa3z40g1t32mpv1t4cu.png",
            "url": "/catalog/legkovye/21560-r17-100h-cordiant-comfort-2-suv-tl08801/",
            "promo": [],
            "discountStores": [],
            "externalStores": [],
            "commonStores": [
                {
                    "STORE_ID": "156",
                    "PRODUCT_ID": "113689",
                    "AMOUNT": "4",
                    "PRODUCT_XML_ID": "08801",
                    "STORE_XML_ID": "419",
                    "STORE_NAME": "г. Челябинск, Свердловский тракт, 12б",
                    "PRICE": "8200.00",
                    "PRICE_ID": "7"
                },
                {
                    "STORE_ID": "158",
                    "PRODUCT_ID": "113689",
                    "AMOUNT": "2",
                    "PRODUCT_XML_ID": "08801",
                    "STORE_XML_ID": "351",
                    "STORE_NAME": "Оптовый Склад",
                    "PRICE": "8200.00",
                    "PRICE_ID": "9"
                },
                {
                    "STORE_ID": "160",
                    "PRODUCT_ID": "113689",
                    "AMOUNT": "4",
                    "PRODUCT_XML_ID": "08801",
                    "STORE_XML_ID": "407",
                    "STORE_NAME": "г. Челябинск, ул. Пионерская, 4",
                    "PRICE": null,
                    "PRICE_ID": null
                }
            ],
            "brand": "CORDIANT",
            "brandCode": "403",
            "vendorCode": "732066196",
            "model": "Comfort 2 SUV",
            "raznItems": [
                {
                    "id": "104063",
                    "name": "225/65 R17",
                    "price": 6960,
                    "amount": "1",
                    "quantity": 1,
                    "url": "/catalog/legkovye/22565-r17-106h-cordiant-comfort-2-suv-tl91376/"
                },
                {
                    "id": "104064",
                    "name": "235/65 R17",
                    "price": 7950,
                    "amount": "4",
                    "quantity": 1,
                    "url": "/catalog/legkovye/23565-r17-108h-cordiant-comfort-2-suv-tl91377/"
                },
                {
                    "id": "104069",
                    "name": "265/65 R17",
                    "price": 9940,
                    "amount": "1",
                    "quantity": 1,
                    "url": "/catalog/legkovye/26565-r17-116h-cordiant-comfort-2-suv-tl91382/"
                },
                {
                    "id": "113689",
                    "name": "215/60 R17",
                    "price": 8200,
                    "amount": "4",
                    "quantity": 1,
                    "url": "/catalog/legkovye/21560-r17-100h-cordiant-comfort-2-suv-tl08801/"
                },
                {
                    "id": "113694",
                    "name": "235/55 R17",
                    "price": 8890,
                    "amount": "1",
                    "quantity": 1,
                    "url": "/catalog/legkovye/23555-r17-103h-cordiant-comfort-2-suv-tl08806/"
                }
            ]
        },
        {
            "id": 155380,
            "isNew": false,
            "EDIT_LINK": null,
            "DELETE_LINK": null,
            "props": [
                {
                    "name": "Ширина",
                    "value": "215 "
                },
                {
                    "name": "Диаметр",
                    "value": "16 "
                }
            ],
            "type": "tires",
            "isPromo": null,
            "amount": 8,
            "season": "Летние",
            "price": 7810,
            "name": "215/65 R16 102V NOKIAN TYRES Hakka Blue 3 SUV TL",
            "sectionId": 7278,
            "sectionName": "Легковые",
            "sectionPath": [
                {
                    "ID": "7278",
                    "NAME": "Легковые"
                },
                {
                    "ID": "7267",
                    "NAME": "Шины"
                }
            ],
            "imgSrc": "/upload/resize_cache/rembg-image/0b0/275_275_1/4vdbqt8huhwt6he23lsvg50h70mpdz0z.png",
            "url": "/catalog/legkovye/21565-r16-102v-nokian-tyres-hakka-blue-3-suv-tl24282/",
            "promo": [],
            "discountStores": [],
            "externalStores": [],
            "commonStores": [
                {
                    "STORE_ID": "156",
                    "PRODUCT_ID": "155380",
                    "AMOUNT": "4",
                    "PRODUCT_XML_ID": "24282",
                    "STORE_XML_ID": "419",
                    "STORE_NAME": "г. Челябинск, Свердловский тракт, 12б",
                    "PRICE": "7810.00",
                    "PRICE_ID": "7"
                },
                {
                    "STORE_ID": "161",
                    "PRODUCT_ID": "155380",
                    "AMOUNT": "4",
                    "PRODUCT_XML_ID": "24282",
                    "STORE_XML_ID": "383",
                    "STORE_NAME": "г. Челябинск, ул. Федорова 2а",
                    "PRICE": "7810.00",
                    "PRICE_ID": "12"
                }
            ],
            "brand": "NOKIAN TYRES",
            "brandCode": "",
            "vendorCode": "T432289",
            "model": "Hakka Blue 3 SUV",
            "raznItems": [
                {
                    "id": "155380",
                    "name": "215/65 R16",
                    "price": 7810,
                    "amount": "4",
                    "quantity": 1,
                    "url": "/catalog/legkovye/21565-r16-102v-nokian-tyres-hakka-blue-3-suv-tl24282/"
                }
            ]
        },
        {
            "id": 121453,
            "isNew": false,
            "EDIT_LINK": null,
            "DELETE_LINK": null,
            "props": [
                {
                    "name": "Ширина",
                    "value": "225 "
                },
                {
                    "name": "Диаметр",
                    "value": "17 "
                }
            ],
            "type": "tires",
            "isPromo": null,
            "amount": 6,
            "season": "Летние",
            "price": 10100,
            "name": "225/55 R17 101Y BFGOODRICH Advantage TL",
            "sectionId": 7278,
            "sectionName": "Легковые",
            "sectionPath": [
                {
                    "ID": "7278",
                    "NAME": "Легковые"
                },
                {
                    "ID": "7267",
                    "NAME": "Шины"
                }
            ],
            "imgSrc": "/upload/resize_cache/rembg-image/940/275_275_1/nqxdt8bc1rvi33ilchte3l7zt9u97xmr.png",
            "url": "/catalog/legkovye/22555r17-101y-xl-advantage-tl/",
            "promo": [],
            "discountStores": [],
            "externalStores": [],
            "commonStores": [],
            "brand": "BFGOODRICH",
            "brandCode": "",
            "vendorCode": "375630",
            "model": "Advantage",
            "raznItems": [
                {
                    "id": "121450",
                    "name": "215/55 R17",
                    "price": 9290,
                    "amount": "14",
                    "quantity": 1,
                    "url": "/catalog/legkovye/21555-r17-98w-bfgoodrich-advantage-tl93109/"
                },
                {
                    "id": "121451",
                    "name": "225/45 R17",
                    "price": 7480,
                    "amount": "41",
                    "quantity": 1,
                    "url": "/catalog/legkovye/22545r17-94w-xl-advantage-tl/"
                },
                {
                    "id": "121453",
                    "name": "225/55 R17",
                    "price": 10100,
                    "amount": "6",
                    "quantity": 1,
                    "url": "/catalog/legkovye/22555r17-101y-xl-advantage-tl/"
                },
                {
                    "id": "121454",
                    "name": "235/45 R17",
                    "price": 7820,
                    "amount": "4",
                    "quantity": 1,
                    "url": "/catalog/legkovye/23545r17-97y-xl-advantage-tl/"
                },
                {
                    "id": "121463",
                    "name": "235/55 R17",
                    "price": 10320,
                    "amount": "1",
                    "quantity": 1,
                    "url": "/catalog/legkovye/23555r17-103w-xl-advantage-tl/"
                }
            ]
        },
        {
            "id": 114338,
            "isNew": false,
            "EDIT_LINK": null,
            "DELETE_LINK": null,
            "props": [
                {
                    "name": "Ширина",
                    "value": "235 "
                },
                {
                    "name": "Диаметр",
                    "value": "19 "
                }
            ],
            "type": "tires",
            "isPromo": null,
            "amount": 2,
            "season": "Летние",
            "price": 10140,
            "name": "235/35 R19 91Y TIGAR Ultra High Performance TL",
            "sectionId": 7278,
            "sectionName": "Легковые",
            "sectionPath": [
                {
                    "ID": "7278",
                    "NAME": "Легковые"
                },
                {
                    "ID": "7267",
                    "NAME": "Шины"
                }
            ],
            "imgSrc": "/upload/resize_cache/rembg-image/508/275_275_1/u0fb6i130r0w2ku7a66yo7jrd5psfdd8.png",
            "url": "/catalog/legkovye/23535-r19-91y-tigar-ultra-high-performance-tl10135/",
            "promo": [],
            "discountStores": [],
            "externalStores": [],
            "commonStores": [
                {
                    "STORE_ID": "158",
                    "PRODUCT_ID": "114338",
                    "AMOUNT": "2",
                    "PRODUCT_XML_ID": "10135",
                    "STORE_XML_ID": "351",
                    "STORE_NAME": "Оптовый Склад",
                    "PRICE": "10140.00",
                    "PRICE_ID": "9"
                }
            ],
            "brand": "TIGAR",
            "brandCode": "275",
            "vendorCode": "585582",
            "model": "Ultra High Performance",
            "raznItems": [
                {
                    "id": "114338",
                    "name": "235/35 R19",
                    "price": 10140,
                    "amount": "2",
                    "quantity": 1,
                    "url": "/catalog/legkovye/23535-r19-91y-tigar-ultra-high-performance-tl10135/"
                }
            ]
        },
        {
            "id": 100143,
            "isNew": false,
            "EDIT_LINK": null,
            "DELETE_LINK": null,
            "props": [
                {
                    "name": "Ширина",
                    "value": "225 "
                },
                {
                    "name": "Диаметр",
                    "value": "18 "
                }
            ],
            "type": "tires",
            "isPromo": null,
            "amount": 7,
            "season": "Летние",
            "price": 10150,
            "name": "225/55 R18 98V MATADOR MP47 Hectorra 3 SUV TL",
            "sectionId": 7278,
            "sectionName": "Легковые",
            "sectionPath": [
                {
                    "ID": "7278",
                    "NAME": "Легковые"
                },
                {
                    "ID": "7267",
                    "NAME": "Шины"
                }
            ],
            "imgSrc": "/upload/resize_cache/rembg-image/096/275_275_1/rweyy067sm3pu0lob7hgv1wb8e0y0q3n.png",
            "url": "/catalog/legkovye/22555-r18-98v-matador-mp47-hectorra-3-suv-tl56200/",
            "promo": [],
            "discountStores": [],
            "externalStores": [],
            "commonStores": [],
            "brand": "MATADOR",
            "brandCode": "",
            "vendorCode": "1590166",
            "model": "MP 47 Hectorra 3",
            "raznItems": [
                {
                    "id": "100143",
                    "name": "225/55 R18",
                    "price": 10150,
                    "amount": "7",
                    "quantity": 1,
                    "url": "/catalog/legkovye/22555-r18-98v-matador-mp47-hectorra-3-suv-tl56200/"
                },
                {
                    "id": "100145",
                    "name": "255/55 R18",
                    "price": 12510,
                    "amount": "21",
                    "quantity": 1,
                    "url": "/catalog/legkovye/25555-r18-109y-matador-mp47-hectorra-3-tl56202/"
                },
                {
                    "id": "113923",
                    "name": "235/45 R18",
                    "price": 10570,
                    "amount": "2",
                    "quantity": 1,
                    "url": "/catalog/legkovye/23545-r18-98y-matador-mp47-hectorra-3-tl09346/"
                }
            ]
        }
    ],
    "filter": {
        "0": {
            "LOGIC": "OR",
            ">STORE_AMOUNT_156": 0,
            ">STORE_AMOUNT_158": 0,
            ">STORE_AMOUNT_159": 0,
            ">STORE_AMOUNT_160": 0,
            ">STORE_AMOUNT_161": 0,
            ">STORE_AMOUNT_164": 0,
            ">STORE_AMOUNT_165": 0,
            ">STORE_AMOUNT_168": 0,
            ">STORE_AMOUNT_169": 0,
            ">STORE_AMOUNT_174": 0,
            ">STORE_AMOUNT_180": 0,
            ">STORE_AMOUNT_184": 0,
            ">STORE_AMOUNT_185": 0,
            ">STORE_AMOUNT_191": 0,
            ">STORE_AMOUNT_192": 0,
            ">STORE_AMOUNT_194": 0,
            ">STORE_AMOUNT_6087": 0
        },
        "1": {
            "LOGIC": "OR",
            ">CATALOG_CATALOG_GROUP_ID_33": 0,
            ">CATALOG_CATALOG_GROUP_ID_90": 0,
            ">CATALOG_CATALOG_GROUP_ID_96": 0,
            ">CATALOG_CATALOG_GROUP_ID_97": 0,
            ">CATALOG_CATALOG_GROUP_ID_98": 0
        },
        "2": {
            "LOGIC": "OR",
            ">STORE_AMOUNT_156": 0,
            ">STORE_AMOUNT_158": 0,
            ">STORE_AMOUNT_159": 0,
            ">STORE_AMOUNT_160": 0,
            ">STORE_AMOUNT_161": 0,
            ">STORE_AMOUNT_164": 0,
            ">STORE_AMOUNT_165": 0,
            ">STORE_AMOUNT_168": 0,
            ">STORE_AMOUNT_169": 0,
            ">STORE_AMOUNT_174": 0,
            ">STORE_AMOUNT_180": 0,
            ">STORE_AMOUNT_184": 0,
            ">STORE_AMOUNT_185": 0,
            ">STORE_AMOUNT_191": 0,
            ">STORE_AMOUNT_192": 0,
            ">STORE_AMOUNT_194": 0,
            ">STORE_AMOUNT_6087": 0
        },
        "3": {
            "LOGIC": "OR",
            ">CATALOG_CATALOG_GROUP_ID_33": 0,
            ">CATALOG_CATALOG_GROUP_ID_90": 0,
            ">CATALOG_CATALOG_GROUP_ID_96": 0,
            ">CATALOG_CATALOG_GROUP_ID_97": 0,
            ">CATALOG_CATALOG_GROUP_ID_98": 0
        },
        "=PROPERTY_458": [
            "154"
        ]
    },
    "promo": {
        "id": "165954",
        "url": "/promo/shiny-v-rassrochku/",
        "name": "Покупки в рассрочку",
        "text": "Теперь вы можете купить зимние шины, или диски в рассрочку быстро и легко: без первоначального взноса и без переплаты!",
        "imgSrc": "/upload/resize_cache/iblock/356/1075_613_1/8iiw8xmv2bzky9euo9mn57dqx6dk3xa9.jpg",
        "videoSrc": null
    },
    "promoFilter": {
        "IBLOCK_ID": 10,
        "ACTIVE": "Y",
        "=PROPERTY_SECTION": 206,
        "=PROPERTY_CATALOG_SEASON": [
            false,
            204
        ],
        "=PROPERTY_CATALOG_BRAND": [
            false
        ]
    },
    "navNum": 1,
    "pagesCount": 111,
    "pageNum": 41
}