{
    "pageUrl": "/catalog/legkovye/?arCatalogFilter_458_1500340406=Y&set_filter=Y&sort%5Brecommendations%5D=asc&PAGEN_1=44",
    "items": [
        {
            "id": 144124,
            "isNew": false,
            "EDIT_LINK": null,
            "DELETE_LINK": null,
            "props": [
                {
                    "name": "Ширина",
                    "value": "225 "
                },
                {
                    "name": "Диаметр",
                    "value": "17 "
                }
            ],
            "type": "tires",
            "isPromo": null,
            "amount": 5,
            "season": "Летние",
            "price": 10440,
            "name": "225/55 R17 101W MARSHAL MU12 TL",
            "sectionId": 7278,
            "sectionName": "Легковые",
            "sectionPath": [
                {
                    "ID": "7278",
                    "NAME": "Легковые"
                },
                {
                    "ID": "7267",
                    "NAME": "Шины"
                }
            ],
            "imgSrc": "/upload/resize_cache/rembg-image/3c8/275_275_1/xsv8kgupbx33h1rp7nmhpzxv6c1xcb9h.png",
            "url": "/catalog/legkovye/22555zr17-101w-xl-mu12-tl/",
            "promo": [],
            "discountStores": [],
            "externalStores": [],
            "commonStores": [],
            "brand": "MARSHAL",
            "brandCode": "",
            "vendorCode": "2208773",
            "model": "MU12",
            "raznItems": [
                {
                    "id": "142743",
                    "name": "245/45 R17",
                    "price": 9540,
                    "amount": "3",
                    "quantity": 1,
                    "url": "/catalog/legkovye/24545zr17-99y-xl-mu12-tl/"
                },
                {
                    "id": "144124",
                    "name": "225/55 R17",
                    "price": 10440,
                    "amount": "5",
                    "quantity": 1,
                    "url": "/catalog/legkovye/22555zr17-101w-xl-mu12-tl/"
                },
                {
                    "id": "144590",
                    "name": "205/45 R17",
                    "price": 7810,
                    "amount": "3",
                    "quantity": 1,
                    "url": "/catalog/legkovye/20545zr17-88y-xl-mu12-tl/"
                },
                {
                    "id": "144592",
                    "name": "235/55 R17",
                    "price": 9630,
                    "amount": "1",
                    "quantity": 1,
                    "url": "/catalog/legkovye/23555zr17-103w-xl-mu12-tl/"
                }
            ]
        },
        {
            "id": 121517,
            "isNew": false,
            "EDIT_LINK": null,
            "DELETE_LINK": null,
            "props": [
                {
                    "name": "Ширина",
                    "value": "205 "
                },
                {
                    "name": "Диаметр",
                    "value": "17 "
                }
            ],
            "type": "tires",
            "isPromo": null,
            "amount": 7,
            "season": "Летние",
            "price": 10450,
            "name": "205/45 R17 88W YOKOHAMA Advan Fleva V701 TL",
            "sectionId": 7278,
            "sectionName": "Легковые",
            "sectionPath": [
                {
                    "ID": "7278",
                    "NAME": "Легковые"
                },
                {
                    "ID": "7267",
                    "NAME": "Шины"
                }
            ],
            "imgSrc": "/upload/resize_cache/rembg-image/b98/275_275_1/747mrgady0bhlg334vk0olbh9wo32vm2.png",
            "url": "/catalog/legkovye/20545-r17-88w-yokohama-advan-fleva-v701-tl92961/",
            "promo": [],
            "discountStores": [],
            "externalStores": [],
            "commonStores": [],
            "brand": "YOKOHAMA",
            "brandCode": "",
            "vendorCode": "R0397",
            "model": "Advan Fleva V701",
            "raznItems": [
                {
                    "id": "102860",
                    "name": "225/45 R17",
                    "price": 8830,
                    "amount": "51",
                    "quantity": 1,
                    "url": "/catalog/legkovye/22545-r17-94w-yokohama-advan-fleva-v701-tl74048/"
                },
                {
                    "id": "103141",
                    "name": "215/45 R17",
                    "price": 9400,
                    "amount": "7",
                    "quantity": 1,
                    "url": "/catalog/legkovye/21545-r17-91w-yokohama-advan-fleva-v701-tl75225/"
                },
                {
                    "id": "106247",
                    "name": "215/55 R17",
                    "price": 9180,
                    "amount": "115",
                    "quantity": 1,
                    "url": "/catalog/legkovye/21555-r17-94w-yokohama-advan-fleva-v701-tl62265/"
                },
                {
                    "id": "106248",
                    "name": "205/50 R17",
                    "price": 11760,
                    "amount": "7",
                    "quantity": 1,
                    "url": "/catalog/legkovye/20550-r17-93w-yokohama-advan-fleva-v701-tl62266/"
                },
                {
                    "id": "121517",
                    "name": "205/45 R17",
                    "price": 10450,
                    "amount": "7",
                    "quantity": 1,
                    "url": "/catalog/legkovye/20545-r17-88w-yokohama-advan-fleva-v701-tl92961/"
                },
                {
                    "id": "160230",
                    "name": "245/40 R17",
                    "price": 12650,
                    "amount": "2",
                    "quantity": 1,
                    "url": "/catalog/legkovye/24540r17-95w-xl-advan-fleva-v701-tl/"
                }
            ]
        },
        {
            "id": 158596,
            "isNew": false,
            "EDIT_LINK": null,
            "DELETE_LINK": null,
            "props": [
                {
                    "name": "Ширина",
                    "value": "245 "
                },
                {
                    "name": "Диаметр",
                    "value": "18 "
                }
            ],
            "type": "tires",
            "isPromo": null,
            "amount": 5,
            "season": "Летние",
            "price": 10460,
            "name": "245/45 R18 100W MARSHAL MU12 TL",
            "sectionId": 7278,
            "sectionName": "Легковые",
            "sectionPath": [
                {
                    "ID": "7278",
                    "NAME": "Легковые"
                },
                {
                    "ID": "7267",
                    "NAME": "Шины"
                }
            ],
            "imgSrc": "/upload/resize_cache/rembg-image/d1b/275_275_1/cx2xzg813ns8pr61229ctg53ypk2nlj0.png",
            "url": "/catalog/legkovye/24545zr18-100w-xl-mu12-tl/",
            "promo": [],
            "discountStores": [],
            "externalStores": [],
            "commonStores": [],
            "brand": "MARSHAL",
            "brandCode": "",
            "vendorCode": "2208683",
            "model": "MU12",
            "raznItems": [
                {
                    "id": "139386",
                    "name": "245/45 R18",
                    "price": 10640,
                    "amount": "12",
                    "quantity": 1,
                    "url": "/catalog/legkovye/24545zr18-100y-xl-mu12-tl/"
                },
                {
                    "id": "142916",
                    "name": "235/45 R18",
                    "price": 12810,
                    "amount": "9",
                    "quantity": 1,
                    "url": "/catalog/legkovye/23545zr18-98y-xl-mu12-tl/"
                },
                {
                    "id": "144120",
                    "name": "225/40 R18",
                    "price": 9530,
                    "amount": "13",
                    "quantity": 1,
                    "url": "/catalog/legkovye/22540zr18-92y-xl-mu12-tl/"
                },
                {
                    "id": "144319",
                    "name": "245/40 R18",
                    "price": 10630,
                    "amount": "10",
                    "quantity": 1,
                    "url": "/catalog/legkovye/24540zr18-97y-xl-mu12-tl/"
                },
                {
                    "id": "158596",
                    "name": "245/45 R18",
                    "price": 10460,
                    "amount": "5",
                    "quantity": 1,
                    "url": "/catalog/legkovye/24545zr18-100w-xl-mu12-tl/"
                },
                {
                    "id": "159357",
                    "name": "225/50 R18",
                    "price": 11920,
                    "amount": "4",
                    "quantity": 1,
                    "url": "/catalog/legkovye/22550zr18-95w-mu12-tl/"
                },
                {
                    "id": "159412",
                    "name": "225/60 R18",
                    "price": 10830,
                    "amount": "4",
                    "quantity": 1,
                    "url": "/catalog/legkovye/22560r18-104h-xl-mu12-tl/"
                },
                {
                    "id": "159414",
                    "name": "285/60 R18",
                    "price": 13910,
                    "amount": "1",
                    "quantity": 1,
                    "url": "/catalog/legkovye/28560r18-116v-mu12-tl/"
                }
            ]
        },
        {
            "id": 155382,
            "isNew": false,
            "EDIT_LINK": null,
            "DELETE_LINK": null,
            "props": [
                {
                    "name": "Ширина",
                    "value": "235 "
                },
                {
                    "name": "Диаметр",
                    "value": "17 "
                }
            ],
            "type": "tires",
            "isPromo": null,
            "amount": 4,
            "season": "Летние",
            "price": 10460,
            "name": "235/65 R17 108H nokian Hakka Blue 3 SUV",
            "sectionId": 7278,
            "sectionName": "Легковые",
            "sectionPath": [
                {
                    "ID": "7278",
                    "NAME": "Легковые"
                },
                {
                    "ID": "7267",
                    "NAME": "Шины"
                }
            ],
            "imgSrc": "/upload/resize_cache/rembg-image/86a/275_275_1/gl5g9ianum9494iz7vi8r0ovfps77c6n.png",
            "url": "/catalog/legkovye/65235-r17-nokian/",
            "promo": [],
            "discountStores": [],
            "externalStores": [],
            "commonStores": [
                {
                    "STORE_ID": "158",
                    "PRODUCT_ID": "155382",
                    "AMOUNT": "4",
                    "PRODUCT_XML_ID": "FORTOCHKI_T432298",
                    "STORE_XML_ID": "351",
                    "STORE_NAME": "Оптовый Склад",
                    "PRICE": "10460.00",
                    "PRICE_ID": "9"
                }
            ],
            "brand": "NOKIAN TYRES",
            "brandCode": "",
            "vendorCode": "T432298",
            "model": "Hakka Blue 3 SUV",
            "raznItems": [
                {
                    "id": "155381",
                    "name": "225/65 R17",
                    "price": 9530,
                    "amount": "3",
                    "quantity": 1,
                    "url": "/catalog/legkovye/22565-r17-106h-nokian-tyres-hakka-blue-3-suv-tl24283/"
                },
                {
                    "id": "155382",
                    "name": "235/65 R17",
                    "price": 10460,
                    "amount": "4",
                    "quantity": 1,
                    "url": "/catalog/legkovye/65235-r17-nokian/"
                }
            ]
        },
        {
            "id": 144488,
            "isNew": false,
            "EDIT_LINK": null,
            "DELETE_LINK": null,
            "props": [
                {
                    "name": "Ширина",
                    "value": "225 "
                },
                {
                    "name": "Диаметр",
                    "value": "19 "
                }
            ],
            "type": "tires",
            "isPromo": null,
            "amount": 56,
            "season": "Летние",
            "price": 10460,
            "name": "225/45 R19 96Y SAILUN Atrezzo ZSR TL",
            "sectionId": 7278,
            "sectionName": "Легковые",
            "sectionPath": [
                {
                    "ID": "7278",
                    "NAME": "Легковые"
                },
                {
                    "ID": "7267",
                    "NAME": "Шины"
                }
            ],
            "imgSrc": "/upload/resize_cache/rembg-image/2ae/275_275_1/yznu2k5r5prgi63evwmyqlyv8ix307y5.png",
            "url": "/catalog/legkovye/22545-r19-96y-sailun-atrezzo-zsr-tl51904/",
            "promo": [],
            "discountStores": [],
            "externalStores": [],
            "commonStores": [
                {
                    "STORE_ID": "158",
                    "PRODUCT_ID": "144488",
                    "AMOUNT": "56",
                    "PRODUCT_XML_ID": "51904",
                    "STORE_XML_ID": "351",
                    "STORE_NAME": "Оптовый Склад",
                    "PRICE": "10460.00",
                    "PRICE_ID": "9"
                }
            ],
            "brand": "SAILUN",
            "brandCode": "674",
            "vendorCode": "3220006737",
            "model": "Atrezzo ZSR",
            "raznItems": [
                {
                    "id": "144488",
                    "name": "225/45 R19",
                    "price": 10460,
                    "amount": "56",
                    "quantity": 1,
                    "url": "/catalog/legkovye/22545-r19-96y-sailun-atrezzo-zsr-tl51904/"
                },
                {
                    "id": "156104",
                    "name": "275/40 R19",
                    "price": 12550,
                    "amount": "20",
                    "quantity": 1,
                    "url": "/catalog/legkovye/27540-r19-105y-sailun-atrezzo-zsr-tl24995/"
                },
                {
                    "id": "156106",
                    "name": "285/45 R19",
                    "price": 15740,
                    "amount": "23",
                    "quantity": 1,
                    "url": "/catalog/legkovye/28545-r19-111y-sailun-atrezzo-zsr-tl24997/"
                },
                {
                    "id": "156111",
                    "name": "245/45 R19",
                    "price": 13900,
                    "amount": "6",
                    "quantity": 1,
                    "url": "/catalog/legkovye/24545-r19-102y-sailun-atrezzo-zsr-tl25002/"
                },
                {
                    "id": "156114",
                    "name": "275/35 R19",
                    "price": 12050,
                    "amount": "36",
                    "quantity": 1,
                    "url": "/catalog/legkovye/27535-r19-96y-sailun-atrezzo-zsr-tl25005/"
                }
            ]
        },
        {
            "id": 96816,
            "isNew": false,
            "EDIT_LINK": null,
            "DELETE_LINK": null,
            "props": [
                {
                    "name": "Ширина",
                    "value": "205 "
                },
                {
                    "name": "Диаметр",
                    "value": "16 "
                }
            ],
            "type": "tires",
            "isPromo": null,
            "amount": 81,
            "season": "Летние",
            "price": 10470,
            "name": "205/60 R16 92H MICHELIN Primacy 4  TL",
            "sectionId": 7278,
            "sectionName": "Легковые",
            "sectionPath": [
                {
                    "ID": "7278",
                    "NAME": "Легковые"
                },
                {
                    "ID": "7267",
                    "NAME": "Шины"
                }
            ],
            "imgSrc": "/upload/resize_cache/rembg-image/175/275_275_1/7t6q92f1tv10ybu7xac2c1tcx8ul67zl.png",
            "url": "/catalog/legkovye/20560-r16-92h-michelin-primacy-4-tl19835/",
            "promo": [],
            "discountStores": [],
            "externalStores": [],
            "commonStores": [
                {
                    "STORE_ID": "158",
                    "PRODUCT_ID": "96816",
                    "AMOUNT": "77",
                    "PRODUCT_XML_ID": "FORTOCHKI_954487",
                    "STORE_XML_ID": "351",
                    "STORE_NAME": "Оптовый Склад",
                    "PRICE": "10470.00",
                    "PRICE_ID": "9"
                },
                {
                    "STORE_ID": "169",
                    "PRODUCT_ID": "96816",
                    "AMOUNT": "4",
                    "PRODUCT_XML_ID": "FORTOCHKI_954487",
                    "STORE_XML_ID": "403",
                    "STORE_NAME": "г. Челябинск, Копейское шоссе, 35д",
                    "PRICE": null,
                    "PRICE_ID": null
                }
            ],
            "brand": "MICHELIN",
            "brandCode": "",
            "vendorCode": "954487",
            "model": "Primacy 4 ",
            "raznItems": [
                {
                    "id": "96812",
                    "name": "205/55 R16",
                    "price": 7920,
                    "amount": "4",
                    "quantity": 1,
                    "url": "/catalog/legkovye/20555-r16-91v-michelin-primacy-4-tl19823/"
                },
                {
                    "id": "96816",
                    "name": "205/60 R16",
                    "price": 10470,
                    "amount": "4",
                    "quantity": 1,
                    "url": "/catalog/legkovye/20560-r16-92h-michelin-primacy-4-tl19835/"
                },
                {
                    "id": "96817",
                    "name": "215/60 R16",
                    "price": 13430,
                    "amount": "4",
                    "quantity": 1,
                    "url": "/catalog/legkovye/21560-r16-99v-michelin-primacy-4-tl19837/"
                }
            ]
        },
        {
            "id": 157952,
            "isNew": false,
            "EDIT_LINK": null,
            "DELETE_LINK": null,
            "props": [
                {
                    "name": "Ширина",
                    "value": "235 "
                },
                {
                    "name": "Диаметр",
                    "value": "17 "
                }
            ],
            "type": "tires",
            "isPromo": null,
            "amount": 4,
            "season": "Летние",
            "price": 10480,
            "name": "235/45 R17 97Y GOODYEAR Eagle F1 Asymmetric 6 TL",
            "sectionId": 7278,
            "sectionName": "Легковые",
            "sectionPath": [
                {
                    "ID": "7278",
                    "NAME": "Легковые"
                },
                {
                    "ID": "7267",
                    "NAME": "Шины"
                }
            ],
            "imgSrc": "/upload/resize_cache/rembg-image/208/275_275_1/a5wpfz0890aqvf5jgmfshyga84zaf5ju.png",
            "url": "/catalog/legkovye/23545r17-97y-xl-eagle-f1-asymmetric-6-tl-fp/",
            "promo": [],
            "discountStores": [],
            "externalStores": [],
            "commonStores": [],
            "brand": "GOODYEAR",
            "brandCode": "",
            "vendorCode": "581523",
            "model": "Eagle F1 Asymmetric 6",
            "raznItems": [
                {
                    "id": "157952",
                    "name": "235/45 R17",
                    "price": 10480,
                    "amount": "4",
                    "quantity": 1,
                    "url": "/catalog/legkovye/23545r17-97y-xl-eagle-f1-asymmetric-6-tl-fp/"
                },
                {
                    "id": "158436",
                    "name": "215/45 R17",
                    "price": 10820,
                    "amount": "6",
                    "quantity": 1,
                    "url": "/catalog/legkovye/21545r17-91y-xl-eagle-f1-asymmetric-6-tl-fp/"
                }
            ]
        },
        {
            "id": 121438,
            "isNew": false,
            "EDIT_LINK": null,
            "DELETE_LINK": null,
            "props": [
                {
                    "name": "Ширина",
                    "value": "185 "
                },
                {
                    "name": "Диаметр",
                    "value": "15 "
                }
            ],
            "type": "tires",
            "isPromo": null,
            "amount": 2,
            "season": "Летние",
            "price": 10490,
            "name": "185/60 R15 88V MICHELIN CrossClimate   TL",
            "sectionId": 7278,
            "sectionName": "Легковые",
            "sectionPath": [
                {
                    "ID": "7278",
                    "NAME": "Легковые"
                },
                {
                    "ID": "7267",
                    "NAME": "Шины"
                }
            ],
            "imgSrc": "/upload/resize_cache/rembg-image/848/275_275_1/jmqa9qne6gxuxlw4tshtliremqs95a8h.png",
            "url": "/catalog/legkovye/18560r15-88v-xl-crossclimate-tl/",
            "promo": [],
            "discountStores": [],
            "externalStores": [],
            "commonStores": [],
            "brand": "MICHELIN",
            "brandCode": "",
            "vendorCode": "275683",
            "model": "CrossClimate  ",
            "raznItems": [
                {
                    "id": "121438",
                    "name": "185/60 R15",
                    "price": 10490,
                    "amount": "2",
                    "quantity": 1,
                    "url": "/catalog/legkovye/18560r15-88v-xl-crossclimate-tl/"
                },
                {
                    "id": "124733",
                    "name": "205/65 R15",
                    "price": 12410,
                    "amount": "4",
                    "quantity": 1,
                    "url": "/catalog/legkovye/20565r15-99v-xl-crossclimate-tl/"
                },
                {
                    "id": "145157",
                    "name": "195/55 R15",
                    "price": 14430,
                    "amount": "4",
                    "quantity": 1,
                    "url": "/catalog/legkovye/19555r15-89v-xl-crossclimate-tl/"
                }
            ]
        },
        {
            "id": 143767,
            "isNew": false,
            "EDIT_LINK": null,
            "DELETE_LINK": null,
            "props": [
                {
                    "name": "Ширина",
                    "value": "215 "
                },
                {
                    "name": "Диаметр",
                    "value": "17 "
                }
            ],
            "type": "tires",
            "isPromo": null,
            "amount": 24,
            "season": "Летние",
            "price": 10500,
            "name": "215/55 R17 94W goodyear EfficientGrip Performance 2",
            "sectionId": 7278,
            "sectionName": "Легковые",
            "sectionPath": [
                {
                    "ID": "7278",
                    "NAME": "Легковые"
                },
                {
                    "ID": "7267",
                    "NAME": "Шины"
                }
            ],
            "imgSrc": "/upload/resize_cache/rembg-image/a4a/275_275_1/p3ceovekx7fm4eq62h9wtqjsyc4io1sq.png",
            "url": "/catalog/legkovye/55215-r17-goodyear/",
            "promo": [],
            "discountStores": [],
            "externalStores": [],
            "commonStores": [],
            "brand": "GOODYEAR",
            "brandCode": "",
            "vendorCode": "542472",
            "model": "EfficientGrip Performance 2",
            "raznItems": [
                {
                    "id": "143767",
                    "name": "215/55 R17",
                    "price": 10500,
                    "amount": "24",
                    "quantity": 1,
                    "url": "/catalog/legkovye/55215-r17-goodyear/"
                },
                {
                    "id": "146666",
                    "name": "225/45 R17",
                    "price": 8460,
                    "amount": "16",
                    "quantity": 1,
                    "url": "/catalog/legkovye/22545r17-94w-xl-efficientgrip-performance-2-tl-fp/"
                },
                {
                    "id": "148216",
                    "name": "205/55 R17",
                    "price": 9910,
                    "amount": "2",
                    "quantity": 1,
                    "url": "/catalog/legkovye/20555r17-95v-xl-efficientgrip-performance-2-tl/"
                },
                {
                    "id": "157786",
                    "name": "225/50 R17",
                    "price": 10200,
                    "amount": "10",
                    "quantity": 1,
                    "url": "/catalog/legkovye/50225-r17-goodyear/"
                }
            ]
        },
        {
            "id": 144389,
            "isNew": false,
            "EDIT_LINK": null,
            "DELETE_LINK": null,
            "props": [
                {
                    "name": "Ширина",
                    "value": "225 "
                },
                {
                    "name": "Диаметр",
                    "value": "17 "
                }
            ],
            "type": "tires",
            "isPromo": null,
            "amount": 4,
            "season": "Летние",
            "price": 10510,
            "name": "225/45 R17 94W GOODYEAR Vector 4Seasons Gen-3 TL",
            "sectionId": 7278,
            "sectionName": "Легковые",
            "sectionPath": [
                {
                    "ID": "7278",
                    "NAME": "Легковые"
                },
                {
                    "ID": "7267",
                    "NAME": "Шины"
                }
            ],
            "imgSrc": "/upload/resize_cache/rembg-image/27e/275_275_1/yoifdwii233haolpnksegd8tetsk940v.png",
            "url": "/catalog/legkovye/22545r17-94w-xl-vector-4seasons-gen-3-tl-fp/",
            "promo": [],
            "discountStores": [],
            "externalStores": [],
            "commonStores": [],
            "brand": "GOODYEAR",
            "brandCode": "",
            "vendorCode": "545061",
            "model": "Vector 4Seasons Gen-3",
            "raznItems": [
                {
                    "id": "144389",
                    "name": "225/45 R17",
                    "price": 10510,
                    "amount": "4",
                    "quantity": 1,
                    "url": "/catalog/legkovye/22545r17-94w-xl-vector-4seasons-gen-3-tl-fp/"
                },
                {
                    "id": "147157",
                    "name": "235/55 R17",
                    "price": 14210,
                    "amount": "1",
                    "quantity": 1,
                    "url": "/catalog/legkovye/23555r17-103y-xl-vector-4seasons-gen-3-tl-545095/"
                }
            ]
        },
        {
            "id": 160146,
            "isNew": false,
            "EDIT_LINK": null,
            "DELETE_LINK": null,
            "props": [
                {
                    "name": "Ширина",
                    "value": "215 "
                },
                {
                    "name": "Диаметр",
                    "value": "17 "
                }
            ],
            "type": "tires",
            "isPromo": null,
            "amount": 41,
            "season": "Летние",
            "price": 10520,
            "name": "215/60 R17 96H CONTINENTAL ContiCrossContact LX2 TL",
            "sectionId": 7278,
            "sectionName": "Легковые",
            "sectionPath": [
                {
                    "ID": "7278",
                    "NAME": "Легковые"
                },
                {
                    "ID": "7267",
                    "NAME": "Шины"
                }
            ],
            "imgSrc": "/upload/resize_cache/rembg-image/dd0/275_275_1/yf2auw6dajpc67vuk551yycnzqiwrlel.png",
            "url": "/catalog/legkovye/21560r17-96h-conticrosscontact-lx2-tl-fr/",
            "promo": [],
            "discountStores": [],
            "externalStores": [],
            "commonStores": [],
            "brand": "CONTINENTAL",
            "brandCode": "",
            "vendorCode": "1549252",
            "model": "ContiCrossContact LX2",
            "raznItems": [
                {
                    "id": "101478",
                    "name": "225/65 R17",
                    "price": 11510,
                    "amount": "4",
                    "quantity": 1,
                    "url": "/catalog/legkovye/22565-r17-102h-continental-conticrosscontact-lx-2-tl64456/"
                },
                {
                    "id": "122765",
                    "name": "215/50 R17",
                    "price": 12070,
                    "amount": "8",
                    "quantity": 1,
                    "url": "/catalog/legkovye/21550-r17-91h-continental-conticrosscontact-lx-2-tl90552/"
                },
                {
                    "id": "160146",
                    "name": "215/60 R17",
                    "price": 10520,
                    "amount": "41",
                    "quantity": 1,
                    "url": "/catalog/legkovye/21560r17-96h-conticrosscontact-lx2-tl-fr/"
                }
            ]
        },
        {
            "id": 143306,
            "isNew": false,
            "EDIT_LINK": null,
            "DELETE_LINK": null,
            "props": [
                {
                    "name": "Ширина",
                    "value": "215 "
                },
                {
                    "name": "Диаметр",
                    "value": "17 "
                }
            ],
            "type": "tires",
            "isPromo": null,
            "amount": 1,
            "season": "Летние",
            "price": 10520,
            "name": "215/65 R17 99V GOODYEAR Vector 4Seasons SUV Gen-2 TL",
            "sectionId": 7278,
            "sectionName": "Легковые",
            "sectionPath": [
                {
                    "ID": "7278",
                    "NAME": "Легковые"
                },
                {
                    "ID": "7267",
                    "NAME": "Шины"
                }
            ],
            "imgSrc": "/upload/resize_cache/rembg-image/5f0/275_275_1/xrps620u3ju79bygfqxk89wcnmpwvu6o.png",
            "url": "/catalog/legkovye/21565r17-99v-vector-4seasons-suv-gen-2-tl-m-s/",
            "promo": [],
            "discountStores": [],
            "externalStores": [],
            "commonStores": [],
            "brand": "GOODYEAR",
            "brandCode": "",
            "vendorCode": "545717",
            "model": "Vector 4Seasons SUV Gen-2",
            "raznItems": [
                {
                    "id": "143306",
                    "name": "215/65 R17",
                    "price": 10520,
                    "amount": "1",
                    "quantity": 1,
                    "url": "/catalog/legkovye/21565r17-99v-vector-4seasons-suv-gen-2-tl-m-s/"
                }
            ]
        },
        {
            "id": 143388,
            "isNew": false,
            "EDIT_LINK": null,
            "DELETE_LINK": null,
            "props": [
                {
                    "name": "Ширина",
                    "value": "235 "
                },
                {
                    "name": "Диаметр",
                    "value": "16 "
                }
            ],
            "type": "tires",
            "isPromo": null,
            "amount": 8,
            "season": "Летние",
            "price": 10550,
            "name": "235/60 R16 100V GOODYEAR EfficientGrip SUV TL",
            "sectionId": 7278,
            "sectionName": "Легковые",
            "sectionPath": [
                {
                    "ID": "7278",
                    "NAME": "Легковые"
                },
                {
                    "ID": "7267",
                    "NAME": "Шины"
                }
            ],
            "imgSrc": "/upload/resize_cache/rembg-image/4c0/275_275_1/vruiu5tkpbma5akavg89pd1eet7zfyc9.png",
            "url": "/catalog/legkovye/23560r16-100v-efficientgrip-suv-tl-fp-m-s/",
            "promo": [],
            "discountStores": [],
            "externalStores": [],
            "commonStores": [],
            "brand": "GOODYEAR",
            "brandCode": "",
            "vendorCode": "548939",
            "model": "EfficientGrip SUV",
            "raznItems": [
                {
                    "id": "143388",
                    "name": "235/60 R16",
                    "price": 10550,
                    "amount": "8",
                    "quantity": 1,
                    "url": "/catalog/legkovye/23560r16-100v-efficientgrip-suv-tl-fp-m-s/"
                }
            ]
        },
        {
            "id": 94068,
            "isNew": false,
            "EDIT_LINK": null,
            "DELETE_LINK": null,
            "props": [
                {
                    "name": "Ширина",
                    "value": "225 "
                },
                {
                    "name": "Диаметр",
                    "value": "17 "
                }
            ],
            "type": "tires",
            "isPromo": null,
            "amount": 4,
            "season": "Летние",
            "price": 8670,
            "name": "225/65 R17 102H YOKOHAMA BluEarth-XT AE61 TL",
            "sectionId": 7278,
            "sectionName": "Легковые",
            "sectionPath": [
                {
                    "ID": "7278",
                    "NAME": "Легковые"
                },
                {
                    "ID": "7267",
                    "NAME": "Шины"
                }
            ],
            "imgSrc": "/upload/resize_cache/rembg-image/e49/275_275_1/eh98zer2av7u9o5x78m577z1hi89bj4g.png",
            "url": "/catalog/legkovye/22565-r17-102h-yokohama-bluearth-xt-ae61-tl24731/",
            "promo": [],
            "discountStores": [],
            "externalStores": [],
            "commonStores": [
                {
                    "STORE_ID": "159",
                    "PRODUCT_ID": "94068",
                    "AMOUNT": "4",
                    "PRODUCT_XML_ID": "24731",
                    "STORE_XML_ID": "387",
                    "STORE_NAME": "г. Челябинск, ул. Бр.Кашириных, 134б",
                    "PRICE": "8670.00",
                    "PRICE_ID": "10"
                }
            ],
            "brand": "YOKOHAMA",
            "brandCode": "",
            "vendorCode": "R7526",
            "model": "BluEarth-XT AE61",
            "raznItems": [
                {
                    "id": "94068",
                    "name": "225/65 R17",
                    "price": 8670,
                    "amount": "4",
                    "quantity": 1,
                    "url": "/catalog/legkovye/22565-r17-102h-yokohama-bluearth-xt-ae61-tl24731/"
                },
                {
                    "id": "155806",
                    "name": "215/60 R17",
                    "price": 11090,
                    "amount": "4",
                    "quantity": 1,
                    "url": "/catalog/legkovye/21560-r17-96v-yokohama-bluearth-xt-ae61-tl24724/"
                },
                {
                    "id": "155811",
                    "name": "225/60 R17",
                    "price": 11180,
                    "amount": "41",
                    "quantity": 1,
                    "url": "/catalog/legkovye/22560r17-99v-bluearth-xt-ae61-tl/"
                },
                {
                    "id": "155814",
                    "name": "235/55 R17",
                    "price": 10920,
                    "amount": "4",
                    "quantity": 1,
                    "url": "/catalog/legkovye/23555-r17-103w-yokohama-bluearth-xt-ae61-tl24733/"
                }
            ]
        }
    ],
    "filter": {
        "0": {
            "LOGIC": "OR",
            ">STORE_AMOUNT_156": 0,
            ">STORE_AMOUNT_158": 0,
            ">STORE_AMOUNT_159": 0,
            ">STORE_AMOUNT_160": 0,
            ">STORE_AMOUNT_161": 0,
            ">STORE_AMOUNT_164": 0,
            ">STORE_AMOUNT_165": 0,
            ">STORE_AMOUNT_168": 0,
            ">STORE_AMOUNT_169": 0,
            ">STORE_AMOUNT_174": 0,
            ">STORE_AMOUNT_180": 0,
            ">STORE_AMOUNT_184": 0,
            ">STORE_AMOUNT_185": 0,
            ">STORE_AMOUNT_191": 0,
            ">STORE_AMOUNT_192": 0,
            ">STORE_AMOUNT_194": 0,
            ">STORE_AMOUNT_6087": 0
        },
        "1": {
            "LOGIC": "OR",
            ">CATALOG_CATALOG_GROUP_ID_33": 0,
            ">CATALOG_CATALOG_GROUP_ID_90": 0,
            ">CATALOG_CATALOG_GROUP_ID_96": 0,
            ">CATALOG_CATALOG_GROUP_ID_97": 0,
            ">CATALOG_CATALOG_GROUP_ID_98": 0
        },
        "2": {
            "LOGIC": "OR",
            ">STORE_AMOUNT_156": 0,
            ">STORE_AMOUNT_158": 0,
            ">STORE_AMOUNT_159": 0,
            ">STORE_AMOUNT_160": 0,
            ">STORE_AMOUNT_161": 0,
            ">STORE_AMOUNT_164": 0,
            ">STORE_AMOUNT_165": 0,
            ">STORE_AMOUNT_168": 0,
            ">STORE_AMOUNT_169": 0,
            ">STORE_AMOUNT_174": 0,
            ">STORE_AMOUNT_180": 0,
            ">STORE_AMOUNT_184": 0,
            ">STORE_AMOUNT_185": 0,
            ">STORE_AMOUNT_191": 0,
            ">STORE_AMOUNT_192": 0,
            ">STORE_AMOUNT_194": 0,
            ">STORE_AMOUNT_6087": 0
        },
        "3": {
            "LOGIC": "OR",
            ">CATALOG_CATALOG_GROUP_ID_33": 0,
            ">CATALOG_CATALOG_GROUP_ID_90": 0,
            ">CATALOG_CATALOG_GROUP_ID_96": 0,
            ">CATALOG_CATALOG_GROUP_ID_97": 0,
            ">CATALOG_CATALOG_GROUP_ID_98": 0
        },
        "=PROPERTY_458": [
            "154"
        ]
    },
    "promo": {
        "id": "165954",
        "url": "/promo/shiny-v-rassrochku/",
        "name": "Покупки в рассрочку",
        "text": "Теперь вы можете купить зимние шины, или диски в рассрочку быстро и легко: без первоначального взноса и без переплаты!",
        "imgSrc": "/upload/resize_cache/iblock/356/1075_613_1/8iiw8xmv2bzky9euo9mn57dqx6dk3xa9.jpg",
        "videoSrc": null
    },
    "promoFilter": {
        "IBLOCK_ID": 10,
        "ACTIVE": "Y",
        "=PROPERTY_SECTION": 206,
        "=PROPERTY_CATALOG_SEASON": [
            false,
            204
        ],
        "=PROPERTY_CATALOG_BRAND": [
            false
        ]
    },
    "navNum": 1,
    "pagesCount": 111,
    "pageNum": 44
}