{
    "pageUrl": "/catalog/legkovye/?arCatalogFilter_458_1500340406=Y&set_filter=Y&sort%5Brecommendations%5D=asc&PAGEN_1=45",
    "items": [
        {
            "id": 121459,
            "isNew": false,
            "EDIT_LINK": null,
            "DELETE_LINK": null,
            "props": [
                {
                    "name": "Ширина",
                    "value": "205 "
                },
                {
                    "name": "Диаметр",
                    "value": "15 "
                }
            ],
            "type": "tires",
            "isPromo": null,
            "amount": 1,
            "season": "Летние",
            "price": 10560,
            "name": "205/70 R15 96H BFGOODRICH Urban Terrain T/A TL",
            "sectionId": 7278,
            "sectionName": "Легковые",
            "sectionPath": [
                {
                    "ID": "7278",
                    "NAME": "Легковые"
                },
                {
                    "ID": "7267",
                    "NAME": "Шины"
                }
            ],
            "imgSrc": "/upload/resize_cache/rembg-image/3fc/275_275_1/3p0ti0d508xv2kvzcoz4i2l1fnrekwuh.png",
            "url": "/catalog/legkovye/20570-r15-96h-bfgoodrich-urban-terrain-ta-tl93100/",
            "promo": [],
            "discountStores": [],
            "externalStores": [],
            "commonStores": [
                {
                    "STORE_ID": "158",
                    "PRODUCT_ID": "121459",
                    "AMOUNT": "1",
                    "PRODUCT_XML_ID": "93100",
                    "STORE_XML_ID": "351",
                    "STORE_NAME": "Оптовый Склад",
                    "PRICE": "10560.00",
                    "PRICE_ID": "9"
                }
            ],
            "brand": "BFGOODRICH",
            "brandCode": "268",
            "vendorCode": "517558",
            "model": "Urban Terrain T/A",
            "raznItems": [
                {
                    "id": "121459",
                    "name": "205/70 R15",
                    "price": 10560,
                    "amount": "1",
                    "quantity": 1,
                    "url": "/catalog/legkovye/20570-r15-96h-bfgoodrich-urban-terrain-ta-tl93100/"
                },
                {
                    "id": "121460",
                    "name": "235/75 R15",
                    "price": 12740,
                    "amount": "3",
                    "quantity": 1,
                    "url": "/catalog/legkovye/23575-r15-109h-bfgoodrich-urban-terrain-ta-tl93099/"
                }
            ]
        },
        {
            "id": 94033,
            "isNew": false,
            "EDIT_LINK": null,
            "DELETE_LINK": null,
            "props": [
                {
                    "name": "Ширина",
                    "value": "225 "
                },
                {
                    "name": "Диаметр",
                    "value": "18 "
                }
            ],
            "type": "tires",
            "isPromo": null,
            "amount": 3,
            "season": "Летние",
            "price": 10560,
            "name": "225/40 R18 92Y MICHELIN Primacy 4  TL",
            "sectionId": 7278,
            "sectionName": "Легковые",
            "sectionPath": [
                {
                    "ID": "7278",
                    "NAME": "Легковые"
                },
                {
                    "ID": "7267",
                    "NAME": "Шины"
                }
            ],
            "imgSrc": "/upload/resize_cache/rembg-image/3c3/275_275_1/u3r8ph2z5tz8jujwui6c5394h6tlkfqw.png",
            "url": "/catalog/legkovye/22540-r18-92y-michelin-primacy-4-tl21090/",
            "promo": [],
            "discountStores": [],
            "externalStores": [],
            "commonStores": [],
            "brand": "MICHELIN",
            "brandCode": "",
            "vendorCode": "566558",
            "model": "Primacy 4 ",
            "raznItems": [
                {
                    "id": "94033",
                    "name": "225/40 R18",
                    "price": 10560,
                    "amount": "3",
                    "quantity": 1,
                    "url": "/catalog/legkovye/22540-r18-92y-michelin-primacy-4-tl21090/"
                },
                {
                    "id": "96902",
                    "name": "225/50 R18",
                    "price": 21020,
                    "amount": "14",
                    "quantity": 1,
                    "url": "/catalog/legkovye/22550-r18-99w-michelin-primacy-4-tl21440/"
                }
            ]
        },
        {
            "id": 113923,
            "isNew": false,
            "EDIT_LINK": null,
            "DELETE_LINK": null,
            "props": [
                {
                    "name": "Ширина",
                    "value": "235 "
                },
                {
                    "name": "Диаметр",
                    "value": "18 "
                }
            ],
            "type": "tires",
            "isPromo": null,
            "amount": 2,
            "season": "Летние",
            "price": 10570,
            "name": "235/45 R18 98Y MATADOR MP47 Hectorra 3 TL",
            "sectionId": 7278,
            "sectionName": "Легковые",
            "sectionPath": [
                {
                    "ID": "7278",
                    "NAME": "Легковые"
                },
                {
                    "ID": "7267",
                    "NAME": "Шины"
                }
            ],
            "imgSrc": "/upload/resize_cache/rembg-image/0a2/275_275_1/eutb7a53qi00hh9aojebggtha32lwl17.png",
            "url": "/catalog/legkovye/23545-r18-98y-matador-mp47-hectorra-3-tl09346/",
            "promo": [],
            "discountStores": [],
            "externalStores": [],
            "commonStores": [
                {
                    "STORE_ID": "158",
                    "PRODUCT_ID": "113923",
                    "AMOUNT": "2",
                    "PRODUCT_XML_ID": "09346",
                    "STORE_XML_ID": "351",
                    "STORE_NAME": "Оптовый Склад",
                    "PRICE": "10570.00",
                    "PRICE_ID": "9"
                }
            ],
            "brand": "MATADOR",
            "brandCode": "",
            "vendorCode": "1581090",
            "model": "MP 47 Hectorra 3",
            "raznItems": [
                {
                    "id": "100143",
                    "name": "225/55 R18",
                    "price": 10150,
                    "amount": "7",
                    "quantity": 1,
                    "url": "/catalog/legkovye/22555-r18-98v-matador-mp47-hectorra-3-suv-tl56200/"
                },
                {
                    "id": "100145",
                    "name": "255/55 R18",
                    "price": 12510,
                    "amount": "21",
                    "quantity": 1,
                    "url": "/catalog/legkovye/25555-r18-109y-matador-mp47-hectorra-3-tl56202/"
                },
                {
                    "id": "113923",
                    "name": "235/45 R18",
                    "price": 10570,
                    "amount": "2",
                    "quantity": 1,
                    "url": "/catalog/legkovye/23545-r18-98y-matador-mp47-hectorra-3-tl09346/"
                }
            ]
        },
        {
            "id": 156123,
            "isNew": false,
            "EDIT_LINK": null,
            "DELETE_LINK": null,
            "props": [
                {
                    "name": "Ширина",
                    "value": "235 "
                },
                {
                    "name": "Диаметр",
                    "value": "19 "
                }
            ],
            "type": "tires",
            "isPromo": null,
            "amount": 22,
            "season": "Летние",
            "price": 10580,
            "name": "235/45 R19 99Y SAILUN Atrezzo ZSR TL",
            "sectionId": 7278,
            "sectionName": "Легковые",
            "sectionPath": [
                {
                    "ID": "7278",
                    "NAME": "Легковые"
                },
                {
                    "ID": "7267",
                    "NAME": "Шины"
                }
            ],
            "imgSrc": "/upload/resize_cache/rembg-image/5c2/275_275_1/ifggoebnc06antppu6199stahyfccgyb.png",
            "url": "/catalog/legkovye/23545-r19-99y-sailun-atrezzo-zsr-tl25014/",
            "promo": [],
            "discountStores": [],
            "externalStores": [],
            "commonStores": [
                {
                    "STORE_ID": "158",
                    "PRODUCT_ID": "156123",
                    "AMOUNT": "22",
                    "PRODUCT_XML_ID": "25014",
                    "STORE_XML_ID": "351",
                    "STORE_NAME": "Оптовый Склад",
                    "PRICE": "10580.00",
                    "PRICE_ID": "9"
                }
            ],
            "brand": "SAILUN",
            "brandCode": "",
            "vendorCode": "3220005529",
            "model": "Atrezzo ZSR SUV",
            "raznItems": [
                {
                    "id": "144487",
                    "name": "225/40 R19",
                    "price": 9230,
                    "amount": "19",
                    "quantity": 1,
                    "url": "/catalog/legkovye/22540-r19-93y-sailun-atrezzo-zsr-tl51906/"
                },
                {
                    "id": "144490",
                    "name": "225/55 R19",
                    "price": 6960,
                    "amount": "4",
                    "quantity": 1,
                    "url": "/catalog/legkovye/22555r19-99v-atrezzo-zsr-suv-tl/"
                },
                {
                    "id": "156123",
                    "name": "235/45 R19",
                    "price": 10580,
                    "amount": "22",
                    "quantity": 1,
                    "url": "/catalog/legkovye/23545-r19-99y-sailun-atrezzo-zsr-tl25014/"
                }
            ]
        },
        {
            "id": 143248,
            "isNew": false,
            "EDIT_LINK": null,
            "DELETE_LINK": null,
            "props": [
                {
                    "name": "Ширина",
                    "value": "235 "
                },
                {
                    "name": "Диаметр",
                    "value": "18 "
                }
            ],
            "type": "tires",
            "isPromo": null,
            "amount": 2,
            "season": "Летние",
            "price": 10580,
            "name": "235/40 R18 95Y GOODYEAR Eagle Sport TZ TL",
            "sectionId": 7278,
            "sectionName": "Легковые",
            "sectionPath": [
                {
                    "ID": "7278",
                    "NAME": "Легковые"
                },
                {
                    "ID": "7267",
                    "NAME": "Шины"
                }
            ],
            "imgSrc": "/upload/resize_cache/rembg-image/32d/275_275_1/lgz7xwqxmpljv48097ixs4c34al5wgvx.png",
            "url": "/catalog/legkovye/23540r18-95y-xl-eagle-sport-tz-tl-fp/",
            "promo": [],
            "discountStores": [],
            "externalStores": [],
            "commonStores": [],
            "brand": "GOODYEAR",
            "brandCode": "",
            "vendorCode": "576207",
            "model": "Eagle Sport TZ",
            "raznItems": [
                {
                    "id": "143247",
                    "name": "225/40 R18",
                    "price": 8680,
                    "amount": "2",
                    "quantity": 1,
                    "url": "/catalog/legkovye/22540r18-92y-xl-eagle-sport-tz-tl-fp/"
                },
                {
                    "id": "143248",
                    "name": "235/40 R18",
                    "price": 10580,
                    "amount": "2",
                    "quantity": 1,
                    "url": "/catalog/legkovye/23540r18-95y-xl-eagle-sport-tz-tl-fp/"
                },
                {
                    "id": "143493",
                    "name": "235/45 R18",
                    "price": 12230,
                    "amount": "3",
                    "quantity": 1,
                    "url": "/catalog/legkovye/23545r18-98y-xl-eagle-sport-tz-tl-fp/"
                },
                {
                    "id": "143812",
                    "name": "225/45 R18",
                    "price": 10690,
                    "amount": "41",
                    "quantity": 1,
                    "url": "/catalog/legkovye/22545r18-95y-xl-eagle-sport-tz-tl-fp/"
                }
            ]
        },
        {
            "id": 135239,
            "isNew": false,
            "EDIT_LINK": null,
            "DELETE_LINK": null,
            "props": [
                {
                    "name": "Ширина",
                    "value": "215 "
                },
                {
                    "name": "Диаметр",
                    "value": "16 "
                }
            ],
            "type": "tires",
            "isPromo": null,
            "amount": 2,
            "season": "Летние",
            "price": 8390,
            "name": "215/55 R16 97V NOKIAN TYRES Hakka Green 3 TL",
            "sectionId": 7278,
            "sectionName": "Легковые",
            "sectionPath": [
                {
                    "ID": "7278",
                    "NAME": "Легковые"
                },
                {
                    "ID": "7267",
                    "NAME": "Шины"
                }
            ],
            "imgSrc": "/upload/resize_cache/rembg-image/f19/275_275_1/u6vqwodgewbtcr6gbzqxbpdh2qco6wim.png",
            "url": "/catalog/legkovye/21555-r16-97v-nokian-tyres-hakka-green-3-tl65279/",
            "promo": [],
            "discountStores": [],
            "externalStores": [],
            "commonStores": [
                {
                    "STORE_ID": "158",
                    "PRODUCT_ID": "135239",
                    "AMOUNT": "2",
                    "PRODUCT_XML_ID": "FORTOCHKI_T431461",
                    "STORE_XML_ID": "351",
                    "STORE_NAME": "Оптовый Склад",
                    "PRICE": "8390.00",
                    "PRICE_ID": "9"
                }
            ],
            "brand": "NOKIAN TYRES",
            "brandCode": "",
            "vendorCode": "T431461",
            "model": "Hakka Green 3",
            "raznItems": [
                {
                    "id": "135234",
                    "name": "195/55 R16",
                    "price": 7950,
                    "amount": "4",
                    "quantity": 1,
                    "url": "/catalog/legkovye/19555-r16-91h-nokian-tyres-hakka-green-3-tl65287/"
                },
                {
                    "id": "135236",
                    "name": "205/55 R16",
                    "price": 5230,
                    "amount": "4",
                    "quantity": 1,
                    "url": "/catalog/legkovye/20555-r16-94h-nokian-tyres-hakka-green-3-tl65284/"
                },
                {
                    "id": "135238",
                    "name": "205/60 R16",
                    "price": 6900,
                    "amount": "4",
                    "quantity": 1,
                    "url": "/catalog/legkovye/20560-r16-96v-nokian-tyres-hakka-green-3-tl65280/"
                },
                {
                    "id": "135239",
                    "name": "215/55 R16",
                    "price": 8390,
                    "amount": "2",
                    "quantity": 1,
                    "url": "/catalog/legkovye/21555-r16-97v-nokian-tyres-hakka-green-3-tl65279/"
                }
            ]
        },
        {
            "id": 124769,
            "isNew": false,
            "EDIT_LINK": null,
            "DELETE_LINK": null,
            "props": [
                {
                    "name": "Ширина",
                    "value": "205 "
                },
                {
                    "name": "Диаметр",
                    "value": "16 "
                }
            ],
            "type": "tires",
            "isPromo": null,
            "amount": 1,
            "season": "Летние",
            "price": 10580,
            "name": "205/65 R16 95H MICHELIN Energy XM2   TL",
            "sectionId": 7278,
            "sectionName": "Легковые",
            "sectionPath": [
                {
                    "ID": "7278",
                    "NAME": "Легковые"
                },
                {
                    "ID": "7267",
                    "NAME": "Шины"
                }
            ],
            "imgSrc": "/upload/resize_cache/rembg-image/0c5/275_275_1/d3h62cpk5r5mch4n9dmknf639r424zpm.png",
            "url": "/catalog/legkovye/20565-r16-95h-michelin-energy-xm2-tl88439/",
            "promo": [],
            "discountStores": [],
            "externalStores": [],
            "commonStores": [
                {
                    "STORE_ID": "158",
                    "PRODUCT_ID": "124769",
                    "AMOUNT": "1",
                    "PRODUCT_XML_ID": "88439",
                    "STORE_XML_ID": "351",
                    "STORE_NAME": "Оптовый Склад",
                    "PRICE": "10580.00",
                    "PRICE_ID": "9"
                }
            ],
            "brand": "MICHELIN",
            "brandCode": "273",
            "vendorCode": "41035",
            "model": "Energy XM2  ",
            "raznItems": [
                {
                    "id": "124769",
                    "name": "205/65 R16",
                    "price": 10580,
                    "amount": "1",
                    "quantity": 1,
                    "url": "/catalog/legkovye/20565-r16-95h-michelin-energy-xm2-tl88439/"
                }
            ]
        },
        {
            "id": 142706,
            "isNew": false,
            "EDIT_LINK": null,
            "DELETE_LINK": null,
            "props": [
                {
                    "name": "Ширина",
                    "value": "245 "
                },
                {
                    "name": "Диаметр",
                    "value": "17 "
                }
            ],
            "type": "tires",
            "isPromo": null,
            "amount": 4,
            "season": "Летние",
            "price": 10590,
            "name": "245/45 R17 95W GOODYEAR Eagle Sport TZ TL",
            "sectionId": 7278,
            "sectionName": "Легковые",
            "sectionPath": [
                {
                    "ID": "7278",
                    "NAME": "Легковые"
                },
                {
                    "ID": "7267",
                    "NAME": "Шины"
                }
            ],
            "imgSrc": "/upload/resize_cache/rembg-image/fcd/275_275_1/s7f33ac1s7mppev6wwq1pj1xp0y6q6gz.png",
            "url": "/catalog/legkovye/24545r17-95w-eagle-sport-tz-tl-fp/",
            "promo": [],
            "discountStores": [],
            "externalStores": [],
            "commonStores": [],
            "brand": "GOODYEAR",
            "brandCode": "",
            "vendorCode": "579249",
            "model": "Eagle Sport TZ",
            "raznItems": [
                {
                    "id": "142706",
                    "name": "245/45 R17",
                    "price": 10590,
                    "amount": "4",
                    "quantity": 1,
                    "url": "/catalog/legkovye/24545r17-95w-eagle-sport-tz-tl-fp/"
                },
                {
                    "id": "143741",
                    "name": "235/45 R17",
                    "price": 8800,
                    "amount": "2",
                    "quantity": 1,
                    "url": "/catalog/legkovye/23545r17-94w-eagle-sport-tz-tl-fp/"
                },
                {
                    "id": "144390",
                    "name": "205/50 R17",
                    "price": 9540,
                    "amount": "24",
                    "quantity": 1,
                    "url": "/catalog/legkovye/20550r17-93v-xl-eagle-sport-tz-tl-fp/"
                },
                {
                    "id": "147273",
                    "name": "205/45 R17",
                    "price": 8190,
                    "amount": "4",
                    "quantity": 1,
                    "url": "/catalog/legkovye/20545r17-88v-xl-eagle-sport-tz-tl-fp/"
                }
            ]
        },
        {
            "id": 135510,
            "isNew": false,
            "EDIT_LINK": null,
            "DELETE_LINK": null,
            "props": [
                {
                    "name": "Ширина",
                    "value": "255 "
                },
                {
                    "name": "Диаметр",
                    "value": "18 "
                }
            ],
            "type": "tires",
            "isPromo": null,
            "amount": 2,
            "season": "Летние",
            "price": 10590,
            "name": "255/55 R18 109V NOKIAN TYRES Nordman S2 SUV TL",
            "sectionId": 7278,
            "sectionName": "Легковые",
            "sectionPath": [
                {
                    "ID": "7278",
                    "NAME": "Легковые"
                },
                {
                    "ID": "7267",
                    "NAME": "Шины"
                }
            ],
            "imgSrc": "/upload/resize_cache/rembg-image/7c1/275_275_1/w010n8t55d4ssk7k6kd2fltef78y8x8n.png",
            "url": "/catalog/legkovye/25555-r18-109v-nokian-tyres-nordman-s2-suv-tl64236/",
            "promo": [],
            "discountStores": [],
            "externalStores": [],
            "commonStores": [
                {
                    "STORE_ID": "158",
                    "PRODUCT_ID": "135510",
                    "AMOUNT": "2",
                    "PRODUCT_XML_ID": "64236",
                    "STORE_XML_ID": "351",
                    "STORE_NAME": "Оптовый Склад",
                    "PRICE": "10590.00",
                    "PRICE_ID": "9"
                }
            ],
            "brand": "NOKIAN TYRES",
            "brandCode": "",
            "vendorCode": "T431718",
            "model": "Nordman S2 SUV",
            "raznItems": [
                {
                    "id": "135506",
                    "name": "225/55 R18",
                    "price": 10320,
                    "amount": "4",
                    "quantity": 1,
                    "url": "/catalog/legkovye/22555-r18-98h-nokian-tyres-nordman-s2-suv-tl64240/"
                },
                {
                    "id": "135508",
                    "name": "235/55 R18",
                    "price": 11780,
                    "amount": "2",
                    "quantity": 1,
                    "url": "/catalog/legkovye/23555-r18-100v-nokian-tyres-nordman-s2-suv-tl64238/"
                },
                {
                    "id": "135510",
                    "name": "255/55 R18",
                    "price": 10590,
                    "amount": "60",
                    "quantity": 1,
                    "url": "/catalog/legkovye/25555-r18-109v-nokian-tyres-nordman-s2-suv-tl64236/"
                },
                {
                    "id": "135512",
                    "name": "285/60 R18",
                    "price": 12810,
                    "amount": "47",
                    "quantity": 1,
                    "url": "/catalog/legkovye/28560-r18-116v-nokian-tyres-nordman-s2-suv-tl64233/"
                }
            ]
        },
        {
            "id": 135277,
            "isNew": false,
            "EDIT_LINK": null,
            "DELETE_LINK": null,
            "props": [
                {
                    "name": "Ширина",
                    "value": "255 "
                },
                {
                    "name": "Диаметр",
                    "value": "18 "
                }
            ],
            "type": "tires",
            "isPromo": null,
            "amount": 1,
            "season": "Летние",
            "price": 10590,
            "name": "255/70 R18 113H NOKIAN TYRES Rotiiva AT TL",
            "sectionId": 7278,
            "sectionName": "Легковые",
            "sectionPath": [
                {
                    "ID": "7278",
                    "NAME": "Легковые"
                },
                {
                    "ID": "7267",
                    "NAME": "Шины"
                }
            ],
            "imgSrc": "/upload/resize_cache/rembg-image/a1d/275_275_1/fh2ghmtu0pejzflfhxfsexfi00pie06s.png",
            "url": "/catalog/legkovye/25570r18-113h-rotiiva-at-tl/",
            "promo": [],
            "discountStores": [],
            "externalStores": [],
            "commonStores": [],
            "brand": "NOKIAN TYRES",
            "brandCode": "",
            "vendorCode": "T431017",
            "model": "Rotiiva AT",
            "raznItems": [
                {
                    "id": "135277",
                    "name": "255/70 R18",
                    "price": 10590,
                    "amount": "1",
                    "quantity": 1,
                    "url": "/catalog/legkovye/25570r18-113h-rotiiva-at-tl/"
                }
            ]
        },
        {
            "id": 156668,
            "isNew": false,
            "EDIT_LINK": null,
            "DELETE_LINK": null,
            "props": [
                {
                    "name": "Ширина",
                    "value": "215 "
                },
                {
                    "name": "Диаметр",
                    "value": "17 "
                }
            ],
            "type": "tires",
            "isPromo": null,
            "amount": 2,
            "season": "Летние",
            "price": 8890,
            "name": "215/50 R17 95Y PIRELLI Powergy TL",
            "sectionId": 7278,
            "sectionName": "Легковые",
            "sectionPath": [
                {
                    "ID": "7278",
                    "NAME": "Легковые"
                },
                {
                    "ID": "7267",
                    "NAME": "Шины"
                }
            ],
            "imgSrc": "/upload/resize_cache/rembg-image/f2d/275_275_1/y0z8zw05exe0496r5wu75zk7nnfjz06b.png",
            "url": "/catalog/legkovye/21550-r17-95y-pirelli-powergy-tl25500/",
            "promo": [],
            "discountStores": [],
            "externalStores": [],
            "commonStores": [
                {
                    "STORE_ID": "158",
                    "PRODUCT_ID": "156668",
                    "AMOUNT": "2",
                    "PRODUCT_XML_ID": "25500",
                    "STORE_XML_ID": "351",
                    "STORE_NAME": "Оптовый Склад",
                    "PRICE": "8890.00",
                    "PRICE_ID": "9"
                }
            ],
            "brand": "PIRELLI",
            "brandCode": "375",
            "vendorCode": "3881500",
            "model": "Powergy",
            "raznItems": [
                {
                    "id": "138320",
                    "name": "225/55 R17",
                    "price": 10420,
                    "amount": "8",
                    "quantity": 1,
                    "url": "/catalog/legkovye/22555-r17-101y-pirelli-powergy-tl54319/"
                },
                {
                    "id": "156667",
                    "name": "235/45 R17",
                    "price": 8340,
                    "amount": "2",
                    "quantity": 1,
                    "url": "/catalog/legkovye/23545-r17-97y-pirelli-powergy-tl25499/"
                },
                {
                    "id": "156668",
                    "name": "215/50 R17",
                    "price": 8890,
                    "amount": "2",
                    "quantity": 1,
                    "url": "/catalog/legkovye/21550-r17-95y-pirelli-powergy-tl25500/"
                },
                {
                    "id": "156671",
                    "name": "215/55 R17",
                    "price": 8260,
                    "amount": "4",
                    "quantity": 1,
                    "url": "/catalog/legkovye/21555-r17-98y-pirelli-powergy-tl25505/"
                }
            ]
        },
        {
            "id": 144319,
            "isNew": false,
            "EDIT_LINK": null,
            "DELETE_LINK": null,
            "props": [
                {
                    "name": "Ширина",
                    "value": "245 "
                },
                {
                    "name": "Диаметр",
                    "value": "18 "
                }
            ],
            "type": "tires",
            "isPromo": null,
            "amount": 10,
            "season": "Летние",
            "price": 10630,
            "name": "245/40 R18 97Y MARSHAL MU12 TL",
            "sectionId": 7278,
            "sectionName": "Легковые",
            "sectionPath": [
                {
                    "ID": "7278",
                    "NAME": "Легковые"
                },
                {
                    "ID": "7267",
                    "NAME": "Шины"
                }
            ],
            "imgSrc": "/upload/resize_cache/rembg-image/50e/275_275_1/xgjnqbyli99ty565lj3z0mbl95xr594u.png",
            "url": "/catalog/legkovye/24540zr18-97y-xl-mu12-tl/",
            "promo": [],
            "discountStores": [],
            "externalStores": [],
            "commonStores": [],
            "brand": "MARSHAL",
            "brandCode": "",
            "vendorCode": "2208713",
            "model": "MU12",
            "raznItems": [
                {
                    "id": "139386",
                    "name": "245/45 R18",
                    "price": 10640,
                    "amount": "12",
                    "quantity": 1,
                    "url": "/catalog/legkovye/24545zr18-100y-xl-mu12-tl/"
                },
                {
                    "id": "142916",
                    "name": "235/45 R18",
                    "price": 12810,
                    "amount": "9",
                    "quantity": 1,
                    "url": "/catalog/legkovye/23545zr18-98y-xl-mu12-tl/"
                },
                {
                    "id": "144120",
                    "name": "225/40 R18",
                    "price": 9530,
                    "amount": "13",
                    "quantity": 1,
                    "url": "/catalog/legkovye/22540zr18-92y-xl-mu12-tl/"
                },
                {
                    "id": "144319",
                    "name": "245/40 R18",
                    "price": 10630,
                    "amount": "10",
                    "quantity": 1,
                    "url": "/catalog/legkovye/24540zr18-97y-xl-mu12-tl/"
                },
                {
                    "id": "158596",
                    "name": "245/45 R18",
                    "price": 10460,
                    "amount": "5",
                    "quantity": 1,
                    "url": "/catalog/legkovye/24545zr18-100w-xl-mu12-tl/"
                },
                {
                    "id": "159357",
                    "name": "225/50 R18",
                    "price": 11920,
                    "amount": "4",
                    "quantity": 1,
                    "url": "/catalog/legkovye/22550zr18-95w-mu12-tl/"
                },
                {
                    "id": "159412",
                    "name": "225/60 R18",
                    "price": 10830,
                    "amount": "4",
                    "quantity": 1,
                    "url": "/catalog/legkovye/22560r18-104h-xl-mu12-tl/"
                },
                {
                    "id": "159414",
                    "name": "285/60 R18",
                    "price": 13910,
                    "amount": "1",
                    "quantity": 1,
                    "url": "/catalog/legkovye/28560r18-116v-mu12-tl/"
                }
            ]
        },
        {
            "id": 135503,
            "isNew": false,
            "EDIT_LINK": null,
            "DELETE_LINK": null,
            "props": [
                {
                    "name": "Ширина",
                    "value": "245 "
                },
                {
                    "name": "Диаметр",
                    "value": "17 "
                }
            ],
            "type": "tires",
            "isPromo": null,
            "amount": 52,
            "season": "Летние",
            "price": 10630,
            "name": "245/65 R17 111H NOKIAN TYRES Nordman S2 SUV TL",
            "sectionId": 7278,
            "sectionName": "Легковые",
            "sectionPath": [
                {
                    "ID": "7278",
                    "NAME": "Легковые"
                },
                {
                    "ID": "7267",
                    "NAME": "Шины"
                }
            ],
            "imgSrc": "/upload/resize_cache/rembg-image/0ff/275_275_1/r69aixt5dig13hozpboutyfr413w5vwn.png",
            "url": "/catalog/legkovye/24565-r17-111h-nokian-tyres-nordman-s2-suv-tl64244/",
            "promo": [],
            "discountStores": [],
            "externalStores": [],
            "commonStores": [],
            "brand": "NOKIAN TYRES",
            "brandCode": "277",
            "vendorCode": "T431713",
            "model": "Nordman S2 SUV",
            "raznItems": [
                {
                    "id": "135503",
                    "name": "245/65 R17",
                    "price": 10630,
                    "amount": "52",
                    "quantity": 1,
                    "url": "/catalog/legkovye/24565-r17-111h-nokian-tyres-nordman-s2-suv-tl64244/"
                }
            ]
        },
        {
            "id": 139386,
            "isNew": false,
            "EDIT_LINK": null,
            "DELETE_LINK": null,
            "props": [
                {
                    "name": "Ширина",
                    "value": "245 "
                },
                {
                    "name": "Диаметр",
                    "value": "18 "
                }
            ],
            "type": "tires",
            "isPromo": null,
            "amount": 12,
            "season": "Летние",
            "price": 10640,
            "name": "245/45 R18 100Y MARSHAL MU12 TL",
            "sectionId": 7278,
            "sectionName": "Легковые",
            "sectionPath": [
                {
                    "ID": "7278",
                    "NAME": "Легковые"
                },
                {
                    "ID": "7267",
                    "NAME": "Шины"
                }
            ],
            "imgSrc": "/upload/resize_cache/rembg-image/2af/275_275_1/6hh63j93of5d58x19375pd2ol1f789b8.png",
            "url": "/catalog/legkovye/24545zr18-100y-xl-mu12-tl/",
            "promo": [],
            "discountStores": [],
            "externalStores": [],
            "commonStores": [],
            "brand": "MARSHAL",
            "brandCode": "",
            "vendorCode": "2231583",
            "model": "MU12",
            "raznItems": [
                {
                    "id": "139386",
                    "name": "245/45 R18",
                    "price": 10640,
                    "amount": "12",
                    "quantity": 1,
                    "url": "/catalog/legkovye/24545zr18-100y-xl-mu12-tl/"
                },
                {
                    "id": "142916",
                    "name": "235/45 R18",
                    "price": 12810,
                    "amount": "9",
                    "quantity": 1,
                    "url": "/catalog/legkovye/23545zr18-98y-xl-mu12-tl/"
                },
                {
                    "id": "144120",
                    "name": "225/40 R18",
                    "price": 9530,
                    "amount": "13",
                    "quantity": 1,
                    "url": "/catalog/legkovye/22540zr18-92y-xl-mu12-tl/"
                },
                {
                    "id": "144319",
                    "name": "245/40 R18",
                    "price": 10630,
                    "amount": "10",
                    "quantity": 1,
                    "url": "/catalog/legkovye/24540zr18-97y-xl-mu12-tl/"
                },
                {
                    "id": "158596",
                    "name": "245/45 R18",
                    "price": 10460,
                    "amount": "5",
                    "quantity": 1,
                    "url": "/catalog/legkovye/24545zr18-100w-xl-mu12-tl/"
                },
                {
                    "id": "159357",
                    "name": "225/50 R18",
                    "price": 11920,
                    "amount": "4",
                    "quantity": 1,
                    "url": "/catalog/legkovye/22550zr18-95w-mu12-tl/"
                },
                {
                    "id": "159412",
                    "name": "225/60 R18",
                    "price": 10830,
                    "amount": "4",
                    "quantity": 1,
                    "url": "/catalog/legkovye/22560r18-104h-xl-mu12-tl/"
                },
                {
                    "id": "159414",
                    "name": "285/60 R18",
                    "price": 13910,
                    "amount": "1",
                    "quantity": 1,
                    "url": "/catalog/legkovye/28560r18-116v-mu12-tl/"
                }
            ]
        }
    ],
    "filter": {
        "0": {
            "LOGIC": "OR",
            ">STORE_AMOUNT_156": 0,
            ">STORE_AMOUNT_158": 0,
            ">STORE_AMOUNT_159": 0,
            ">STORE_AMOUNT_160": 0,
            ">STORE_AMOUNT_161": 0,
            ">STORE_AMOUNT_164": 0,
            ">STORE_AMOUNT_165": 0,
            ">STORE_AMOUNT_168": 0,
            ">STORE_AMOUNT_169": 0,
            ">STORE_AMOUNT_174": 0,
            ">STORE_AMOUNT_180": 0,
            ">STORE_AMOUNT_184": 0,
            ">STORE_AMOUNT_185": 0,
            ">STORE_AMOUNT_191": 0,
            ">STORE_AMOUNT_192": 0,
            ">STORE_AMOUNT_194": 0,
            ">STORE_AMOUNT_6087": 0
        },
        "1": {
            "LOGIC": "OR",
            ">CATALOG_CATALOG_GROUP_ID_33": 0,
            ">CATALOG_CATALOG_GROUP_ID_90": 0,
            ">CATALOG_CATALOG_GROUP_ID_96": 0,
            ">CATALOG_CATALOG_GROUP_ID_97": 0,
            ">CATALOG_CATALOG_GROUP_ID_98": 0
        },
        "2": {
            "LOGIC": "OR",
            ">STORE_AMOUNT_156": 0,
            ">STORE_AMOUNT_158": 0,
            ">STORE_AMOUNT_159": 0,
            ">STORE_AMOUNT_160": 0,
            ">STORE_AMOUNT_161": 0,
            ">STORE_AMOUNT_164": 0,
            ">STORE_AMOUNT_165": 0,
            ">STORE_AMOUNT_168": 0,
            ">STORE_AMOUNT_169": 0,
            ">STORE_AMOUNT_174": 0,
            ">STORE_AMOUNT_180": 0,
            ">STORE_AMOUNT_184": 0,
            ">STORE_AMOUNT_185": 0,
            ">STORE_AMOUNT_191": 0,
            ">STORE_AMOUNT_192": 0,
            ">STORE_AMOUNT_194": 0,
            ">STORE_AMOUNT_6087": 0
        },
        "3": {
            "LOGIC": "OR",
            ">CATALOG_CATALOG_GROUP_ID_33": 0,
            ">CATALOG_CATALOG_GROUP_ID_90": 0,
            ">CATALOG_CATALOG_GROUP_ID_96": 0,
            ">CATALOG_CATALOG_GROUP_ID_97": 0,
            ">CATALOG_CATALOG_GROUP_ID_98": 0
        },
        "=PROPERTY_458": [
            "154"
        ]
    },
    "promo": {
        "id": "165954",
        "url": "/promo/shiny-v-rassrochku/",
        "name": "Покупки в рассрочку",
        "text": "Теперь вы можете купить зимние шины, или диски в рассрочку быстро и легко: без первоначального взноса и без переплаты!",
        "imgSrc": "/upload/resize_cache/iblock/356/1075_613_1/8iiw8xmv2bzky9euo9mn57dqx6dk3xa9.jpg",
        "videoSrc": null
    },
    "promoFilter": {
        "IBLOCK_ID": 10,
        "ACTIVE": "Y",
        "=PROPERTY_SECTION": 206,
        "=PROPERTY_CATALOG_SEASON": [
            false,
            204
        ],
        "=PROPERTY_CATALOG_BRAND": [
            false
        ]
    },
    "navNum": 1,
    "pagesCount": 111,
    "pageNum": 45
}