{
    "pageUrl": "/catalog/legkovye/?arCatalogFilter_458_1500340406=Y&set_filter=Y&sort%5Brecommendations%5D=asc&PAGEN_1=46",
    "items": [
        {
            "id": 155808,
            "isNew": false,
            "EDIT_LINK": null,
            "DELETE_LINK": null,
            "props": [
                {
                    "name": "Ширина",
                    "value": "215 "
                },
                {
                    "name": "Диаметр",
                    "value": "16 "
                }
            ],
            "type": "tires",
            "isPromo": null,
            "amount": 4,
            "season": "Летние",
            "price": 8760,
            "name": "215/70 R16 100H YOKOHAMA BluEarth-XT AE61 TL",
            "sectionId": 7278,
            "sectionName": "Легковые",
            "sectionPath": [
                {
                    "ID": "7278",
                    "NAME": "Легковые"
                },
                {
                    "ID": "7267",
                    "NAME": "Шины"
                }
            ],
            "imgSrc": "/upload/resize_cache/rembg-image/b78/275_275_1/izrio5cm03zqkez1exepzcmczt1p2sq4.png",
            "url": "/catalog/legkovye/21570-r16-100h-yokohama-bluearth-xt-ae61-tl24726/",
            "promo": [],
            "discountStores": [],
            "externalStores": [],
            "commonStores": [
                {
                    "STORE_ID": "185",
                    "PRODUCT_ID": "155808",
                    "AMOUNT": "4",
                    "PRODUCT_XML_ID": "24726",
                    "STORE_XML_ID": "415",
                    "STORE_NAME": "г. Челябинск, Свердловский пр-т, 40а",
                    "PRICE": "8760.00",
                    "PRICE_ID": "21"
                }
            ],
            "brand": "YOKOHAMA",
            "brandCode": "",
            "vendorCode": "R7522",
            "model": "BluEarth-XT AE61",
            "raznItems": [
                {
                    "id": "155807",
                    "name": "215/65 R16",
                    "price": 7560,
                    "amount": "4",
                    "quantity": 1,
                    "url": "/catalog/legkovye/21565-r16-98h-yokohama-bluearth-xt-ae61-tl24725/"
                },
                {
                    "id": "155808",
                    "name": "215/70 R16",
                    "price": 8760,
                    "amount": "4",
                    "quantity": 1,
                    "url": "/catalog/legkovye/21570-r16-100h-yokohama-bluearth-xt-ae61-tl24726/"
                }
            ]
        },
        {
            "id": 145957,
            "isNew": false,
            "EDIT_LINK": null,
            "DELETE_LINK": null,
            "props": [
                {
                    "name": "Ширина",
                    "value": "275 "
                },
                {
                    "name": "Диаметр",
                    "value": "20 "
                }
            ],
            "type": "tires",
            "isPromo": null,
            "amount": 1,
            "season": "Летние",
            "price": 10660,
            "name": "275/45 R20 110Y TRIANGLE TH201 TL",
            "sectionId": 7278,
            "sectionName": "Легковые",
            "sectionPath": [
                {
                    "ID": "7278",
                    "NAME": "Легковые"
                },
                {
                    "ID": "7267",
                    "NAME": "Шины"
                }
            ],
            "imgSrc": "/upload/resize_cache/rembg-image/ba2/275_275_1/a5y202ukoppby7lg7ytwsqpwompkx8yi.png",
            "url": "/catalog/legkovye/27545r20-110y-xl-th201-tl-m-s/",
            "promo": [],
            "discountStores": [],
            "externalStores": [],
            "commonStores": [],
            "brand": "TRIANGLE",
            "brandCode": "",
            "vendorCode": "CTS237402",
            "model": "SporteX TH201",
            "raznItems": [
                {
                    "id": "145957",
                    "name": "275/45 R20",
                    "price": 10660,
                    "amount": "1",
                    "quantity": 1,
                    "url": "/catalog/legkovye/27545r20-110y-xl-th201-tl-m-s/"
                },
                {
                    "id": "148069",
                    "name": "245/45 R20",
                    "price": 9590,
                    "amount": "4",
                    "quantity": 1,
                    "url": "/catalog/legkovye/24545r20-103y-th201-tl-cts220199/"
                }
            ]
        },
        {
            "id": 135254,
            "isNew": false,
            "EDIT_LINK": null,
            "DELETE_LINK": null,
            "props": [
                {
                    "name": "Ширина",
                    "value": "205 "
                },
                {
                    "name": "Диаметр",
                    "value": "16 "
                }
            ],
            "type": "tires",
            "isPromo": null,
            "amount": 4,
            "season": "Летние",
            "price": 10680,
            "name": "205/65 R16 107/105T NOKIAN TYRES Hakka Van TL",
            "sectionId": 7278,
            "sectionName": "Легковые",
            "sectionPath": [
                {
                    "ID": "7278",
                    "NAME": "Легковые"
                },
                {
                    "ID": "7267",
                    "NAME": "Шины"
                }
            ],
            "imgSrc": "/upload/resize_cache/rembg-image/26e/275_275_1/wrh3rimuliawodals2wjejtkiv4lkygi.png",
            "url": "/catalog/legkovye/20565-r16-107105t-nokian-tyres-hakka-van-tl65253/",
            "promo": [],
            "discountStores": [],
            "externalStores": [],
            "commonStores": [
                {
                    "STORE_ID": "158",
                    "PRODUCT_ID": "135254",
                    "AMOUNT": "4",
                    "PRODUCT_XML_ID": "FORTOCHKI_T431746",
                    "STORE_XML_ID": "351",
                    "STORE_NAME": "Оптовый Склад",
                    "PRICE": "10680.00",
                    "PRICE_ID": "9"
                }
            ],
            "brand": "NOKIAN TYRES",
            "brandCode": "",
            "vendorCode": "T431746",
            "model": "Hakka Van",
            "raznItems": [
                {
                    "id": "135254",
                    "name": "205/65 R16",
                    "price": 10680,
                    "amount": "4",
                    "quantity": 1,
                    "url": "/catalog/legkovye/20565-r16-107105t-nokian-tyres-hakka-van-tl65253/"
                }
            ]
        },
        {
            "id": 102820,
            "isNew": false,
            "EDIT_LINK": null,
            "DELETE_LINK": null,
            "props": [
                {
                    "name": "Ширина",
                    "value": "235 "
                },
                {
                    "name": "Диаметр",
                    "value": "15 "
                }
            ],
            "type": "tires",
            "isPromo": null,
            "amount": 1,
            "season": "Летние",
            "price": 9390,
            "name": "235/75 R15 109H YOKOHAMA Geolandar A/T G015 TL",
            "sectionId": 7278,
            "sectionName": "Легковые",
            "sectionPath": [
                {
                    "ID": "7278",
                    "NAME": "Легковые"
                },
                {
                    "ID": "7267",
                    "NAME": "Шины"
                }
            ],
            "imgSrc": "/upload/resize_cache/rembg-image/b62/275_275_1/pcatg6fejmco821lcyhbt1pt8b1rsgtr.png",
            "url": "/catalog/legkovye/23575-r15-109h-yokohama-geolandar-at-g015-tl74008/",
            "promo": [],
            "discountStores": [],
            "externalStores": [],
            "commonStores": [
                {
                    "STORE_ID": "158",
                    "PRODUCT_ID": "102820",
                    "AMOUNT": "1",
                    "PRODUCT_XML_ID": "FORTOCHKI_R1164",
                    "STORE_XML_ID": "351",
                    "STORE_NAME": "Оптовый Склад",
                    "PRICE": "9390.00",
                    "PRICE_ID": "9"
                }
            ],
            "brand": "YOKOHAMA",
            "brandCode": "",
            "vendorCode": "R1164",
            "model": "Geolandar A/T G015",
            "raznItems": [
                {
                    "id": "102820",
                    "name": "235/75 R15",
                    "price": 9390,
                    "amount": "1",
                    "quantity": 1,
                    "url": "/catalog/legkovye/23575-r15-109h-yokohama-geolandar-at-g015-tl74008/"
                },
                {
                    "id": "102837",
                    "name": "225/70 R15",
                    "price": 10930,
                    "amount": "4",
                    "quantity": 1,
                    "url": "/catalog/legkovye/p22570r15-100t-geolandar-at-g015-tl-m-s-3pmsf/"
                },
                {
                    "id": "121611",
                    "name": "9.5 R15",
                    "price": 10240,
                    "amount": "8",
                    "quantity": 1,
                    "url": "/catalog/legkovye/30x95r15-104s-geolandar-at-g015-tl-m-s-3pmsf/"
                },
                {
                    "id": "142785",
                    "name": "195/80 R15",
                    "price": 8290,
                    "amount": "5",
                    "quantity": 1,
                    "url": "/catalog/legkovye/19580r15-96h-geolandar-at-g015-tl-m-s-3pmsf/"
                },
                {
                    "id": "143441",
                    "name": "175/80 R15",
                    "price": 7470,
                    "amount": "3",
                    "quantity": 1,
                    "url": "/catalog/legkovye/17580r15-90s-geolandar-at-g015-tl/"
                }
            ]
        },
        {
            "id": 143812,
            "isNew": false,
            "EDIT_LINK": null,
            "DELETE_LINK": null,
            "props": [
                {
                    "name": "Ширина",
                    "value": "225 "
                },
                {
                    "name": "Диаметр",
                    "value": "18 "
                }
            ],
            "type": "tires",
            "isPromo": null,
            "amount": 41,
            "season": "Летние",
            "price": 10690,
            "name": "225/45 R18 95Y GOODYEAR Eagle Sport TZ TL",
            "sectionId": 7278,
            "sectionName": "Легковые",
            "sectionPath": [
                {
                    "ID": "7278",
                    "NAME": "Легковые"
                },
                {
                    "ID": "7267",
                    "NAME": "Шины"
                }
            ],
            "imgSrc": "/upload/resize_cache/rembg-image/2ca/275_275_1/lcb3lanucn2n6s32lsn5q9fexfw4bkcw.png",
            "url": "/catalog/legkovye/22545r18-95y-xl-eagle-sport-tz-tl-fp/",
            "promo": [],
            "discountStores": [],
            "externalStores": [],
            "commonStores": [],
            "brand": "GOODYEAR",
            "brandCode": "",
            "vendorCode": "576206",
            "model": "Eagle Sport TZ",
            "raznItems": [
                {
                    "id": "143247",
                    "name": "225/40 R18",
                    "price": 8680,
                    "amount": "2",
                    "quantity": 1,
                    "url": "/catalog/legkovye/22540r18-92y-xl-eagle-sport-tz-tl-fp/"
                },
                {
                    "id": "143248",
                    "name": "235/40 R18",
                    "price": 10580,
                    "amount": "2",
                    "quantity": 1,
                    "url": "/catalog/legkovye/23540r18-95y-xl-eagle-sport-tz-tl-fp/"
                },
                {
                    "id": "143493",
                    "name": "235/45 R18",
                    "price": 12230,
                    "amount": "3",
                    "quantity": 1,
                    "url": "/catalog/legkovye/23545r18-98y-xl-eagle-sport-tz-tl-fp/"
                },
                {
                    "id": "143812",
                    "name": "225/45 R18",
                    "price": 10690,
                    "amount": "41",
                    "quantity": 1,
                    "url": "/catalog/legkovye/22545r18-95y-xl-eagle-sport-tz-tl-fp/"
                }
            ]
        },
        {
            "id": 119893,
            "isNew": false,
            "EDIT_LINK": null,
            "DELETE_LINK": null,
            "props": [
                {
                    "name": "Ширина",
                    "value": "195 "
                },
                {
                    "name": "Диаметр",
                    "value": "16 "
                }
            ],
            "type": "tires",
            "isPromo": null,
            "amount": 1,
            "season": "Летние",
            "price": 10700,
            "name": "195/55 R16 87T CONTINENTAL EcoContact 6 TL",
            "sectionId": 7278,
            "sectionName": "Легковые",
            "sectionPath": [
                {
                    "ID": "7278",
                    "NAME": "Легковые"
                },
                {
                    "ID": "7267",
                    "NAME": "Шины"
                }
            ],
            "imgSrc": "/upload/resize_cache/rembg-image/61e/275_275_1/0b06ls3dxqtpe9w7o1conlrosl0wpc8a.png",
            "url": "/catalog/legkovye/19555-r16-87t-continental-ecocontact-6-tl23917/",
            "promo": [],
            "discountStores": [],
            "externalStores": [],
            "commonStores": [
                {
                    "STORE_ID": "158",
                    "PRODUCT_ID": "119893",
                    "AMOUNT": "1",
                    "PRODUCT_XML_ID": "23917",
                    "STORE_XML_ID": "351",
                    "STORE_NAME": "Оптовый Склад",
                    "PRICE": "10700.00",
                    "PRICE_ID": "9"
                }
            ],
            "brand": "CONTINENTAL",
            "brandCode": "254",
            "vendorCode": "0311104",
            "model": "EcoContact 6",
            "raznItems": [
                {
                    "id": "119893",
                    "name": "195/55 R16",
                    "price": 10700,
                    "amount": "1",
                    "quantity": 1,
                    "url": "/catalog/legkovye/19555-r16-87t-continental-ecocontact-6-tl23917/"
                },
                {
                    "id": "123307",
                    "name": "195/45 R16",
                    "price": 11310,
                    "amount": "4",
                    "quantity": 1,
                    "url": "/catalog/legkovye/19545-r16-84h-continental-ecocontact-6-tl89976/"
                }
            ]
        },
        {
            "id": 103837,
            "isNew": false,
            "EDIT_LINK": null,
            "DELETE_LINK": null,
            "props": [
                {
                    "name": "Ширина",
                    "value": "215 "
                },
                {
                    "name": "Диаметр",
                    "value": "17 "
                }
            ],
            "type": "tires",
            "isPromo": null,
            "amount": 10,
            "season": "Летние",
            "price": 10260,
            "name": "215/60 R17 96H PIRELLI Scorpion Verde TL",
            "sectionId": 7278,
            "sectionName": "Легковые",
            "sectionPath": [
                {
                    "ID": "7278",
                    "NAME": "Легковые"
                },
                {
                    "ID": "7267",
                    "NAME": "Шины"
                }
            ],
            "imgSrc": "/upload/resize_cache/rembg-image/320/275_275_1/7rgvzqlw70x9zbyoz6fvm21mebyt0sg8.png",
            "url": "/catalog/legkovye/21560-r17-96h-pirelli-scorpion-verde-tl78127/",
            "promo": [],
            "discountStores": [],
            "externalStores": [],
            "commonStores": [],
            "brand": "PIRELLI",
            "brandCode": "",
            "vendorCode": "2543200",
            "model": "Scorpion Verde",
            "raznItems": [
                {
                    "id": "103837",
                    "name": "215/60 R17",
                    "price": 10260,
                    "amount": "10",
                    "quantity": 1,
                    "url": "/catalog/legkovye/21560-r17-96h-pirelli-scorpion-verde-tl78127/"
                }
            ]
        },
        {
            "id": 143436,
            "isNew": false,
            "EDIT_LINK": null,
            "DELETE_LINK": null,
            "props": [
                {
                    "name": "Ширина",
                    "value": "255 "
                },
                {
                    "name": "Диаметр",
                    "value": "16 "
                }
            ],
            "type": "tires",
            "isPromo": null,
            "amount": 2,
            "season": "Летние",
            "price": 10720,
            "name": "255/65 R16 109H Yokohama Geolandar A/T G015 TL",
            "sectionId": 7278,
            "sectionName": "Легковые",
            "sectionPath": [
                {
                    "ID": "7278",
                    "NAME": "Легковые"
                },
                {
                    "ID": "7267",
                    "NAME": "Шины"
                }
            ],
            "imgSrc": "/upload/resize_cache/rembg-image/cfa/275_275_1/xv4c64rbwgzezixvc29yq45j1zujjfey.png",
            "url": "/catalog/legkovye/25565r16-109h-geolandar-at-g015-tl-ms-3pmsf-r1146/",
            "promo": [],
            "discountStores": [],
            "externalStores": [],
            "commonStores": [],
            "brand": "YOKOHAMA",
            "brandCode": "",
            "vendorCode": "R1146",
            "model": "Geolandar A/T G015",
            "raznItems": [
                {
                    "id": "102815",
                    "name": "225/70 R16",
                    "price": 9730,
                    "amount": "4",
                    "quantity": 1,
                    "url": "/catalog/legkovye/22570-r16-103h-yokohama-geolandar-at-g015-tl74003/"
                },
                {
                    "id": "102816",
                    "name": "235/60 R16",
                    "price": 9860,
                    "amount": "20",
                    "quantity": 1,
                    "url": "/catalog/legkovye/23560r16-100h-geolandar-at-g015-tl-m-s-3pmsf/"
                },
                {
                    "id": "102822",
                    "name": "245/70 R16",
                    "price": 10870,
                    "amount": "1",
                    "quantity": 1,
                    "url": "/catalog/legkovye/24570-r16-111h-yokohama-geolandar-at-g015-tl74010/"
                },
                {
                    "id": "102828",
                    "name": "265/70 R16",
                    "price": 11230,
                    "amount": "4",
                    "quantity": 1,
                    "url": "/catalog/legkovye/26570-r16-112h-yokohama-geolandar-at-g015-tl74016/"
                },
                {
                    "id": "102831",
                    "name": "275/70 R16",
                    "price": 11210,
                    "amount": "3",
                    "quantity": 1,
                    "url": "/catalog/legkovye/27570-r16-114h-yokohama-geolandar-at-g015-tl74019/"
                },
                {
                    "id": "102840",
                    "name": "265/75 R16",
                    "price": 12670,
                    "amount": "2",
                    "quantity": 1,
                    "url": "/catalog/legkovye/26575-r16-114t-yokohama-geolandar-at-g015-tl74028/"
                },
                {
                    "id": "140215",
                    "name": "205/80 R16",
                    "price": 9300,
                    "amount": "5",
                    "quantity": 1,
                    "url": "/catalog/legkovye/20580r16-104t-geolandar-at-g015-tl-m-s-3pmsf/"
                },
                {
                    "id": "143436",
                    "name": "255/65 R16",
                    "price": 10720,
                    "amount": "2",
                    "quantity": 1,
                    "url": "/catalog/legkovye/25565r16-109h-geolandar-at-g015-tl-ms-3pmsf-r1146/"
                }
            ]
        },
        {
            "id": 159300,
            "isNew": false,
            "EDIT_LINK": null,
            "DELETE_LINK": null,
            "props": [
                {
                    "name": "Ширина",
                    "value": "225 "
                },
                {
                    "name": "Диаметр",
                    "value": "17 "
                }
            ],
            "type": "tires",
            "isPromo": null,
            "amount": 12,
            "season": "Летние",
            "price": 10730,
            "name": "225/55 R17 97W MARSHAL Crugen HP91 TL",
            "sectionId": 7278,
            "sectionName": "Легковые",
            "sectionPath": [
                {
                    "ID": "7278",
                    "NAME": "Легковые"
                },
                {
                    "ID": "7267",
                    "NAME": "Шины"
                }
            ],
            "imgSrc": "/upload/resize_cache/rembg-image/355/275_275_1/ilu2c14i3uuewhoq0wpohu61sermy4sq.png",
            "url": "/catalog/legkovye/22555zr17-97w-crugen-hp91-tl/",
            "promo": [],
            "discountStores": [],
            "externalStores": [],
            "commonStores": [],
            "brand": "MARSHAL",
            "brandCode": "",
            "vendorCode": "2155243",
            "model": "Crugen HP91",
            "raznItems": [
                {
                    "id": "159300",
                    "name": "225/55 R17",
                    "price": 10730,
                    "amount": "12",
                    "quantity": 1,
                    "url": "/catalog/legkovye/22555zr17-97w-crugen-hp91-tl/"
                },
                {
                    "id": "164779",
                    "name": "285/65 R17",
                    "price": 13720,
                    "amount": "3",
                    "quantity": 1,
                    "url": "/catalog/legkovye/28565r17-116h-crugen-hp91-tl-pr4/"
                }
            ]
        },
        {
            "id": 102860,
            "isNew": false,
            "EDIT_LINK": null,
            "DELETE_LINK": null,
            "props": [
                {
                    "name": "Ширина",
                    "value": "225 "
                },
                {
                    "name": "Диаметр",
                    "value": "17 "
                }
            ],
            "type": "tires",
            "isPromo": null,
            "amount": 51,
            "season": "Летние",
            "price": 8830,
            "name": "225/45 R17 94W YOKOHAMA Advan Fleva V701 TL",
            "sectionId": 7278,
            "sectionName": "Легковые",
            "sectionPath": [
                {
                    "ID": "7278",
                    "NAME": "Легковые"
                },
                {
                    "ID": "7267",
                    "NAME": "Шины"
                }
            ],
            "imgSrc": "/upload/resize_cache/rembg-image/089/275_275_1/m1x8x9j477i6e5b1t8fsygnj5vqtupya.png",
            "url": "/catalog/legkovye/22545-r17-94w-yokohama-advan-fleva-v701-tl74048/",
            "promo": [],
            "discountStores": [],
            "externalStores": [],
            "commonStores": [
                {
                    "STORE_ID": "158",
                    "PRODUCT_ID": "102860",
                    "AMOUNT": "51",
                    "PRODUCT_XML_ID": "FORTOCHKI_R0382",
                    "STORE_XML_ID": "351",
                    "STORE_NAME": "Оптовый Склад",
                    "PRICE": "8830.00",
                    "PRICE_ID": "9"
                }
            ],
            "brand": "YOKOHAMA",
            "brandCode": "",
            "vendorCode": "R0382",
            "model": "Advan Fleva V701",
            "raznItems": [
                {
                    "id": "102860",
                    "name": "225/45 R17",
                    "price": 8830,
                    "amount": "51",
                    "quantity": 1,
                    "url": "/catalog/legkovye/22545-r17-94w-yokohama-advan-fleva-v701-tl74048/"
                },
                {
                    "id": "103141",
                    "name": "215/45 R17",
                    "price": 9400,
                    "amount": "7",
                    "quantity": 1,
                    "url": "/catalog/legkovye/21545-r17-91w-yokohama-advan-fleva-v701-tl75225/"
                },
                {
                    "id": "106247",
                    "name": "215/55 R17",
                    "price": 9180,
                    "amount": "115",
                    "quantity": 1,
                    "url": "/catalog/legkovye/21555-r17-94w-yokohama-advan-fleva-v701-tl62265/"
                },
                {
                    "id": "106248",
                    "name": "205/50 R17",
                    "price": 11760,
                    "amount": "7",
                    "quantity": 1,
                    "url": "/catalog/legkovye/20550-r17-93w-yokohama-advan-fleva-v701-tl62266/"
                },
                {
                    "id": "121517",
                    "name": "205/45 R17",
                    "price": 10450,
                    "amount": "7",
                    "quantity": 1,
                    "url": "/catalog/legkovye/20545-r17-88w-yokohama-advan-fleva-v701-tl92961/"
                },
                {
                    "id": "160230",
                    "name": "245/40 R17",
                    "price": 12650,
                    "amount": "2",
                    "quantity": 1,
                    "url": "/catalog/legkovye/24540r17-95w-xl-advan-fleva-v701-tl/"
                }
            ]
        },
        {
            "id": 122906,
            "isNew": false,
            "EDIT_LINK": null,
            "DELETE_LINK": null,
            "props": [
                {
                    "name": "Ширина",
                    "value": "195 "
                },
                {
                    "name": "Диаметр",
                    "value": "16 "
                }
            ],
            "type": "tires",
            "isPromo": null,
            "amount": 41,
            "season": "Летние",
            "price": 10750,
            "name": "195/55 R16 91V CONTINENTAL ContiPremiumContact 5 TL",
            "sectionId": 7278,
            "sectionName": "Легковые",
            "sectionPath": [
                {
                    "ID": "7278",
                    "NAME": "Легковые"
                },
                {
                    "ID": "7267",
                    "NAME": "Шины"
                }
            ],
            "imgSrc": "/upload/resize_cache/rembg-image/3f8/275_275_1/i97t1qwsfjhhz3nd96r11dudfinawz9z.png",
            "url": "/catalog/legkovye/19555r16-91v-xl-contipremiumcontact-5-tl/",
            "promo": [],
            "discountStores": [],
            "externalStores": [],
            "commonStores": [],
            "brand": "CONTINENTAL",
            "brandCode": "",
            "vendorCode": "0357342",
            "model": "ContiPremiumContact 5",
            "raznItems": [
                {
                    "id": "122906",
                    "name": "195/55 R16",
                    "price": 10750,
                    "amount": "41",
                    "quantity": 1,
                    "url": "/catalog/legkovye/19555r16-91v-xl-contipremiumcontact-5-tl/"
                }
            ]
        },
        {
            "id": 160761,
            "isNew": false,
            "EDIT_LINK": null,
            "DELETE_LINK": null,
            "props": [
                {
                    "name": "Ширина",
                    "value": "235 "
                },
                {
                    "name": "Диаметр",
                    "value": "15 "
                }
            ],
            "type": "tires",
            "isPromo": null,
            "amount": 4,
            "season": "Летние",
            "price": 10760,
            "name": "235/75 R15 104/101S NEXEN Roadian AT 4x4 TL",
            "sectionId": 7278,
            "sectionName": "Легковые",
            "sectionPath": [
                {
                    "ID": "7278",
                    "NAME": "Легковые"
                },
                {
                    "ID": "7267",
                    "NAME": "Шины"
                }
            ],
            "imgSrc": "/upload/resize_cache/rembg-image/6e8/275_275_1/btp9oa7g76nmlj62w7ql4y72vhu9r1ok.png",
            "url": "/catalog/legkovye/lt23575r15-104101s-roadian-at-4x4-tl/",
            "promo": [],
            "discountStores": [],
            "externalStores": [],
            "commonStores": [],
            "brand": "NEXEN",
            "brandCode": "",
            "vendorCode": "16418",
            "model": "Roadian AT 4x4",
            "raznItems": [
                {
                    "id": "160761",
                    "name": "235/75 R15",
                    "price": 10760,
                    "amount": "4",
                    "quantity": 1,
                    "url": "/catalog/legkovye/lt23575r15-104101s-roadian-at-4x4-tl/"
                }
            ]
        },
        {
            "id": 120102,
            "isNew": false,
            "EDIT_LINK": null,
            "DELETE_LINK": null,
            "props": [
                {
                    "name": "Ширина",
                    "value": "225 "
                },
                {
                    "name": "Диаметр",
                    "value": "19 "
                }
            ],
            "type": "tires",
            "isPromo": null,
            "amount": 5,
            "season": "Летние",
            "price": 10760,
            "name": "225/45 R19 96W TIGAR SUV Summer TL",
            "sectionId": 7278,
            "sectionName": "Легковые",
            "sectionPath": [
                {
                    "ID": "7278",
                    "NAME": "Легковые"
                },
                {
                    "ID": "7267",
                    "NAME": "Шины"
                }
            ],
            "imgSrc": "/upload/resize_cache/rembg-image/78f/275_275_1/34ltva8e2molrkmy96kn2i1f5thpzq4f.png",
            "url": "/catalog/legkovye/22545-r19-96w-tigar-suv-summer-tl24275/",
            "promo": [],
            "discountStores": [],
            "externalStores": [],
            "commonStores": [
                {
                    "STORE_ID": "158",
                    "PRODUCT_ID": "120102",
                    "AMOUNT": "5",
                    "PRODUCT_XML_ID": "24275",
                    "STORE_XML_ID": "351",
                    "STORE_NAME": "Оптовый Склад",
                    "PRICE": "10760.00",
                    "PRICE_ID": "9"
                }
            ],
            "brand": "TIGAR",
            "brandCode": "275",
            "vendorCode": "156471",
            "model": "SUV Summer",
            "raznItems": [
                {
                    "id": "120102",
                    "name": "225/45 R19",
                    "price": 10760,
                    "amount": "5",
                    "quantity": 1,
                    "url": "/catalog/legkovye/22545-r19-96w-tigar-suv-summer-tl24275/"
                }
            ]
        },
        {
            "id": 102862,
            "isNew": false,
            "EDIT_LINK": null,
            "DELETE_LINK": null,
            "props": [
                {
                    "name": "Ширина",
                    "value": "225 "
                },
                {
                    "name": "Диаметр",
                    "value": "17 "
                }
            ],
            "type": "tires",
            "isPromo": null,
            "amount": 8,
            "season": "Летние",
            "price": 10780,
            "name": "225/50 R17 98W YOKOHAMA Advan Fleva V701 TL",
            "sectionId": 7278,
            "sectionName": "Легковые",
            "sectionPath": [
                {
                    "ID": "7278",
                    "NAME": "Легковые"
                },
                {
                    "ID": "7267",
                    "NAME": "Шины"
                }
            ],
            "imgSrc": "/upload/resize_cache/rembg-image/343/275_275_1/1oh6l731wt2i4e6smampzlmjjluou376.png",
            "url": "/catalog/legkovye/22550-r17-98w-yokohama-advan-fleva-v701-tl74050/",
            "promo": [],
            "discountStores": [],
            "externalStores": [],
            "commonStores": [
                {
                    "STORE_ID": "158",
                    "PRODUCT_ID": "102862",
                    "AMOUNT": "8",
                    "PRODUCT_XML_ID": "74050",
                    "STORE_XML_ID": "351",
                    "STORE_NAME": "Оптовый Склад",
                    "PRICE": "10780.00",
                    "PRICE_ID": "9"
                }
            ],
            "brand": "YOKOHAMA",
            "brandCode": "393",
            "vendorCode": "R0404",
            "model": "Advan Fleva V701",
            "raznItems": [
                {
                    "id": "102859",
                    "name": "215/50 R17",
                    "price": 9200,
                    "amount": "2",
                    "quantity": 1,
                    "url": "/catalog/legkovye/21550-r17-95w-yokohama-advan-fleva-v701-tl74047/"
                },
                {
                    "id": "102862",
                    "name": "225/50 R17",
                    "price": 10780,
                    "amount": "8",
                    "quantity": 1,
                    "url": "/catalog/legkovye/22550-r17-98w-yokohama-advan-fleva-v701-tl74050/"
                },
                {
                    "id": "155728",
                    "name": "205/55 R17",
                    "price": 10910,
                    "amount": "4",
                    "quantity": 1,
                    "url": "/catalog/legkovye/20555-r17-91v-yokohama-advan-fleva-v701-tl24651/"
                }
            ]
        }
    ],
    "filter": {
        "0": {
            "LOGIC": "OR",
            ">STORE_AMOUNT_156": 0,
            ">STORE_AMOUNT_158": 0,
            ">STORE_AMOUNT_159": 0,
            ">STORE_AMOUNT_160": 0,
            ">STORE_AMOUNT_161": 0,
            ">STORE_AMOUNT_164": 0,
            ">STORE_AMOUNT_165": 0,
            ">STORE_AMOUNT_168": 0,
            ">STORE_AMOUNT_169": 0,
            ">STORE_AMOUNT_174": 0,
            ">STORE_AMOUNT_180": 0,
            ">STORE_AMOUNT_184": 0,
            ">STORE_AMOUNT_185": 0,
            ">STORE_AMOUNT_191": 0,
            ">STORE_AMOUNT_192": 0,
            ">STORE_AMOUNT_194": 0,
            ">STORE_AMOUNT_6087": 0
        },
        "1": {
            "LOGIC": "OR",
            ">CATALOG_CATALOG_GROUP_ID_33": 0,
            ">CATALOG_CATALOG_GROUP_ID_90": 0,
            ">CATALOG_CATALOG_GROUP_ID_96": 0,
            ">CATALOG_CATALOG_GROUP_ID_97": 0,
            ">CATALOG_CATALOG_GROUP_ID_98": 0
        },
        "2": {
            "LOGIC": "OR",
            ">STORE_AMOUNT_156": 0,
            ">STORE_AMOUNT_158": 0,
            ">STORE_AMOUNT_159": 0,
            ">STORE_AMOUNT_160": 0,
            ">STORE_AMOUNT_161": 0,
            ">STORE_AMOUNT_164": 0,
            ">STORE_AMOUNT_165": 0,
            ">STORE_AMOUNT_168": 0,
            ">STORE_AMOUNT_169": 0,
            ">STORE_AMOUNT_174": 0,
            ">STORE_AMOUNT_180": 0,
            ">STORE_AMOUNT_184": 0,
            ">STORE_AMOUNT_185": 0,
            ">STORE_AMOUNT_191": 0,
            ">STORE_AMOUNT_192": 0,
            ">STORE_AMOUNT_194": 0,
            ">STORE_AMOUNT_6087": 0
        },
        "3": {
            "LOGIC": "OR",
            ">CATALOG_CATALOG_GROUP_ID_33": 0,
            ">CATALOG_CATALOG_GROUP_ID_90": 0,
            ">CATALOG_CATALOG_GROUP_ID_96": 0,
            ">CATALOG_CATALOG_GROUP_ID_97": 0,
            ">CATALOG_CATALOG_GROUP_ID_98": 0
        },
        "=PROPERTY_458": [
            "154"
        ]
    },
    "promo": {
        "id": "165954",
        "url": "/promo/shiny-v-rassrochku/",
        "name": "Покупки в рассрочку",
        "text": "Теперь вы можете купить зимние шины, или диски в рассрочку быстро и легко: без первоначального взноса и без переплаты!",
        "imgSrc": "/upload/resize_cache/iblock/356/1075_613_1/8iiw8xmv2bzky9euo9mn57dqx6dk3xa9.jpg",
        "videoSrc": null
    },
    "promoFilter": {
        "IBLOCK_ID": 10,
        "ACTIVE": "Y",
        "=PROPERTY_SECTION": 206,
        "=PROPERTY_CATALOG_SEASON": [
            false,
            204
        ],
        "=PROPERTY_CATALOG_BRAND": [
            false
        ]
    },
    "navNum": 1,
    "pagesCount": 111,
    "pageNum": 46
}