{
    "pageUrl": "/catalog/legkovye/?arCatalogFilter_458_1500340406=Y&set_filter=Y&sort%5Brecommendations%5D=asc&PAGEN_1=47",
    "items": [
        {
            "id": 158436,
            "isNew": false,
            "EDIT_LINK": null,
            "DELETE_LINK": null,
            "props": [
                {
                    "name": "Ширина",
                    "value": "215 "
                },
                {
                    "name": "Диаметр",
                    "value": "17 "
                }
            ],
            "type": "tires",
            "isPromo": null,
            "amount": 6,
            "season": "Летние",
            "price": 10820,
            "name": "215/45 R17 91Y GOODYEAR Eagle F1 Asymmetric 6 TL",
            "sectionId": 7278,
            "sectionName": "Легковые",
            "sectionPath": [
                {
                    "ID": "7278",
                    "NAME": "Легковые"
                },
                {
                    "ID": "7267",
                    "NAME": "Шины"
                }
            ],
            "imgSrc": "/upload/resize_cache/rembg-image/4ec/275_275_1/wyfa533rhq3o90id1fox66f1qthh4hus.png",
            "url": "/catalog/legkovye/21545r17-91y-xl-eagle-f1-asymmetric-6-tl-fp/",
            "promo": [],
            "discountStores": [],
            "externalStores": [],
            "commonStores": [],
            "brand": "GOODYEAR",
            "brandCode": "",
            "vendorCode": "581481",
            "model": "Eagle F1 Asymmetric 6",
            "raznItems": [
                {
                    "id": "157952",
                    "name": "235/45 R17",
                    "price": 10480,
                    "amount": "4",
                    "quantity": 1,
                    "url": "/catalog/legkovye/23545r17-97y-xl-eagle-f1-asymmetric-6-tl-fp/"
                },
                {
                    "id": "158436",
                    "name": "215/45 R17",
                    "price": 10820,
                    "amount": "6",
                    "quantity": 1,
                    "url": "/catalog/legkovye/21545r17-91y-xl-eagle-f1-asymmetric-6-tl-fp/"
                }
            ]
        },
        {
            "id": 159412,
            "isNew": false,
            "EDIT_LINK": null,
            "DELETE_LINK": null,
            "props": [
                {
                    "name": "Ширина",
                    "value": "225 "
                },
                {
                    "name": "Диаметр",
                    "value": "18 "
                }
            ],
            "type": "tires",
            "isPromo": null,
            "amount": 4,
            "season": "Летние",
            "price": 10830,
            "name": "225/60 R18 104H MARSHAL MU12 TL",
            "sectionId": 7278,
            "sectionName": "Легковые",
            "sectionPath": [
                {
                    "ID": "7278",
                    "NAME": "Легковые"
                },
                {
                    "ID": "7267",
                    "NAME": "Шины"
                }
            ],
            "imgSrc": "/upload/resize_cache/rembg-image/b7d/275_275_1/ce511596mgjlmmrosh6si178qboflvod.png",
            "url": "/catalog/legkovye/22560r18-104h-xl-mu12-tl/",
            "promo": [],
            "discountStores": [],
            "externalStores": [],
            "commonStores": [],
            "brand": "MARSHAL",
            "brandCode": "",
            "vendorCode": "2279833",
            "model": "MU12",
            "raznItems": [
                {
                    "id": "139386",
                    "name": "245/45 R18",
                    "price": 10640,
                    "amount": "12",
                    "quantity": 1,
                    "url": "/catalog/legkovye/24545zr18-100y-xl-mu12-tl/"
                },
                {
                    "id": "142916",
                    "name": "235/45 R18",
                    "price": 12810,
                    "amount": "9",
                    "quantity": 1,
                    "url": "/catalog/legkovye/23545zr18-98y-xl-mu12-tl/"
                },
                {
                    "id": "144120",
                    "name": "225/40 R18",
                    "price": 9530,
                    "amount": "13",
                    "quantity": 1,
                    "url": "/catalog/legkovye/22540zr18-92y-xl-mu12-tl/"
                },
                {
                    "id": "144319",
                    "name": "245/40 R18",
                    "price": 10630,
                    "amount": "10",
                    "quantity": 1,
                    "url": "/catalog/legkovye/24540zr18-97y-xl-mu12-tl/"
                },
                {
                    "id": "158596",
                    "name": "245/45 R18",
                    "price": 10460,
                    "amount": "5",
                    "quantity": 1,
                    "url": "/catalog/legkovye/24545zr18-100w-xl-mu12-tl/"
                },
                {
                    "id": "159357",
                    "name": "225/50 R18",
                    "price": 11920,
                    "amount": "4",
                    "quantity": 1,
                    "url": "/catalog/legkovye/22550zr18-95w-mu12-tl/"
                },
                {
                    "id": "159412",
                    "name": "225/60 R18",
                    "price": 10830,
                    "amount": "4",
                    "quantity": 1,
                    "url": "/catalog/legkovye/22560r18-104h-xl-mu12-tl/"
                },
                {
                    "id": "159414",
                    "name": "285/60 R18",
                    "price": 13910,
                    "amount": "1",
                    "quantity": 1,
                    "url": "/catalog/legkovye/28560r18-116v-mu12-tl/"
                }
            ]
        },
        {
            "id": 162948,
            "isNew": false,
            "EDIT_LINK": null,
            "DELETE_LINK": null,
            "props": [
                {
                    "name": "Ширина",
                    "value": "285 "
                },
                {
                    "name": "Диаметр",
                    "value": "18 "
                }
            ],
            "type": "tires",
            "isPromo": null,
            "amount": 18,
            "season": "Летние",
            "price": 10870,
            "name": "285/60 R18 116V GT RADIAL Savero SUV TL",
            "sectionId": 7278,
            "sectionName": "Легковые",
            "sectionPath": [
                {
                    "ID": "7278",
                    "NAME": "Легковые"
                },
                {
                    "ID": "7267",
                    "NAME": "Шины"
                }
            ],
            "imgSrc": "/upload/resize_cache/rembg-image/eb2/275_275_1/z5s8rrcnujib3ygn69nb3pp8zfhucxpl.png",
            "url": "/catalog/legkovye/28560r18-116v-savero-suv-tl/",
            "promo": [],
            "discountStores": [],
            "externalStores": [],
            "commonStores": [],
            "brand": "GT RADIAL",
            "brandCode": "",
            "vendorCode": "A760",
            "model": "Savero SUV",
            "raznItems": [
                {
                    "id": "162948",
                    "name": "285/60 R18",
                    "price": 10870,
                    "amount": "18",
                    "quantity": 1,
                    "url": "/catalog/legkovye/28560r18-116v-savero-suv-tl/"
                }
            ]
        },
        {
            "id": 120090,
            "isNew": false,
            "EDIT_LINK": null,
            "DELETE_LINK": null,
            "props": [
                {
                    "name": "Ширина",
                    "value": "215 "
                },
                {
                    "name": "Диаметр",
                    "value": "18 "
                }
            ],
            "type": "tires",
            "isPromo": null,
            "amount": 8,
            "season": "Летние",
            "price": 10870,
            "name": "215/55 R18 99V BFGOODRICH Advantage SUV TL",
            "sectionId": 7278,
            "sectionName": "Легковые",
            "sectionPath": [
                {
                    "ID": "7278",
                    "NAME": "Легковые"
                },
                {
                    "ID": "7267",
                    "NAME": "Шины"
                }
            ],
            "imgSrc": "/upload/resize_cache/rembg-image/d6d/275_275_1/mfruf6dl37xboylv4j3lvgn4mp1pispq.png",
            "url": "/catalog/legkovye/21555-r18-99v-bfgoodrich-advantage-suv-tl24262/",
            "promo": [],
            "discountStores": [],
            "externalStores": [],
            "commonStores": [],
            "brand": "BFGOODRICH",
            "brandCode": "",
            "vendorCode": "592445",
            "model": "Advantage SUV",
            "raznItems": [
                {
                    "id": "120090",
                    "name": "215/55 R18",
                    "price": 10870,
                    "amount": "8",
                    "quantity": 1,
                    "url": "/catalog/legkovye/21555-r18-99v-bfgoodrich-advantage-suv-tl24262/"
                }
            ]
        },
        {
            "id": 159907,
            "isNew": false,
            "EDIT_LINK": null,
            "DELETE_LINK": null,
            "props": [
                {
                    "name": "Ширина",
                    "value": "205 "
                },
                {
                    "name": "Диаметр",
                    "value": "16 "
                }
            ],
            "type": "tires",
            "isPromo": null,
            "amount": 4,
            "season": "Летние",
            "price": 10890,
            "name": "205/60 R16 92V BRIDGESTONE Potenza Adrenalin RE004 TL",
            "sectionId": 7278,
            "sectionName": "Легковые",
            "sectionPath": [
                {
                    "ID": "7278",
                    "NAME": "Легковые"
                },
                {
                    "ID": "7267",
                    "NAME": "Шины"
                }
            ],
            "imgSrc": "/upload/resize_cache/rembg-image/010/275_275_1/2p87igr6egt988taws5wexgzxfitcqad.png",
            "url": "/catalog/legkovye/20560r16-92v-potenza-adrenalin-re004-tl/",
            "promo": [],
            "discountStores": [],
            "externalStores": [],
            "commonStores": [],
            "brand": "BRIDGESTONE",
            "brandCode": "",
            "vendorCode": "BR023578",
            "model": "Potenza Adrenalin RE004",
            "raznItems": [
                {
                    "id": "159907",
                    "name": "205/60 R16",
                    "price": 10890,
                    "amount": "4",
                    "quantity": 1,
                    "url": "/catalog/legkovye/20560r16-92v-potenza-adrenalin-re004-tl/"
                }
            ]
        },
        {
            "id": 122795,
            "isNew": false,
            "EDIT_LINK": null,
            "DELETE_LINK": null,
            "props": [
                {
                    "name": "Ширина",
                    "value": "195 "
                },
                {
                    "name": "Диаметр",
                    "value": "15 "
                }
            ],
            "type": "tires",
            "isPromo": null,
            "amount": 1,
            "season": "Летние",
            "price": 10900,
            "name": "195/65 R15 95H CONTINENTAL ContiEcoContact 5 TL",
            "sectionId": 7278,
            "sectionName": "Легковые",
            "sectionPath": [
                {
                    "ID": "7278",
                    "NAME": "Легковые"
                },
                {
                    "ID": "7267",
                    "NAME": "Шины"
                }
            ],
            "imgSrc": "/upload/resize_cache/rembg-image/5fe/275_275_1/g6uh1j26tw5jey9ara22t25e2o8npwz6.png",
            "url": "/catalog/legkovye/19565-r15-95h-continental-contiecocontact-5-tl90521/",
            "promo": [],
            "discountStores": [],
            "externalStores": [],
            "commonStores": [
                {
                    "STORE_ID": "158",
                    "PRODUCT_ID": "122795",
                    "AMOUNT": "1",
                    "PRODUCT_XML_ID": "90521",
                    "STORE_XML_ID": "351",
                    "STORE_NAME": "Оптовый Склад",
                    "PRICE": "10900.00",
                    "PRICE_ID": "9"
                }
            ],
            "brand": "CONTINENTAL",
            "brandCode": "254",
            "vendorCode": "0357060",
            "model": "ContiEcoContact 5",
            "raznItems": [
                {
                    "id": "122795",
                    "name": "195/65 R15",
                    "price": 10900,
                    "amount": "1",
                    "quantity": 1,
                    "url": "/catalog/legkovye/19565-r15-95h-continental-contiecocontact-5-tl90521/"
                }
            ]
        },
        {
            "id": 155728,
            "isNew": false,
            "EDIT_LINK": null,
            "DELETE_LINK": null,
            "props": [
                {
                    "name": "Ширина",
                    "value": "205 "
                },
                {
                    "name": "Диаметр",
                    "value": "17 "
                }
            ],
            "type": "tires",
            "isPromo": null,
            "amount": 4,
            "season": "Летние",
            "price": 10910,
            "name": "205/55 R17 91V YOKOHAMA Advan Fleva V701 TL",
            "sectionId": 7278,
            "sectionName": "Легковые",
            "sectionPath": [
                {
                    "ID": "7278",
                    "NAME": "Легковые"
                },
                {
                    "ID": "7267",
                    "NAME": "Шины"
                }
            ],
            "imgSrc": "/upload/resize_cache/rembg-image/74e/275_275_1/jog09q8og6603tzcxy8eqa1qnd5v6lq3.png",
            "url": "/catalog/legkovye/20555-r17-91v-yokohama-advan-fleva-v701-tl24651/",
            "promo": [],
            "discountStores": [],
            "externalStores": [],
            "commonStores": [
                {
                    "STORE_ID": "158",
                    "PRODUCT_ID": "155728",
                    "AMOUNT": "4",
                    "PRODUCT_XML_ID": "24651",
                    "STORE_XML_ID": "351",
                    "STORE_NAME": "Оптовый Склад",
                    "PRICE": "10910.00",
                    "PRICE_ID": "9"
                }
            ],
            "brand": "YOKOHAMA",
            "brandCode": "393",
            "vendorCode": "R0421",
            "model": "Advan Fleva V701",
            "raznItems": [
                {
                    "id": "102859",
                    "name": "215/50 R17",
                    "price": 9200,
                    "amount": "2",
                    "quantity": 1,
                    "url": "/catalog/legkovye/21550-r17-95w-yokohama-advan-fleva-v701-tl74047/"
                },
                {
                    "id": "102862",
                    "name": "225/50 R17",
                    "price": 10780,
                    "amount": "8",
                    "quantity": 1,
                    "url": "/catalog/legkovye/22550-r17-98w-yokohama-advan-fleva-v701-tl74050/"
                },
                {
                    "id": "155728",
                    "name": "205/55 R17",
                    "price": 10910,
                    "amount": "4",
                    "quantity": 1,
                    "url": "/catalog/legkovye/20555-r17-91v-yokohama-advan-fleva-v701-tl24651/"
                }
            ]
        },
        {
            "id": 142705,
            "isNew": false,
            "EDIT_LINK": null,
            "DELETE_LINK": null,
            "props": [
                {
                    "name": "Ширина",
                    "value": "215 "
                },
                {
                    "name": "Диаметр",
                    "value": "17 "
                }
            ],
            "type": "tires",
            "isPromo": null,
            "amount": 3,
            "season": "Летние",
            "price": 10920,
            "name": "215/55R17 94V Turanza T001 AO TL",
            "sectionId": 7278,
            "sectionName": "Легковые",
            "sectionPath": [
                {
                    "ID": "7278",
                    "NAME": "Легковые"
                },
                {
                    "ID": "7267",
                    "NAME": "Шины"
                }
            ],
            "imgSrc": "/local/templates/roscar/img/svg/product-temp.svg",
            "url": "/catalog/legkovye/21555r17-94v-turanza-t001-ao-tl-br008558/",
            "promo": [],
            "discountStores": [],
            "externalStores": [],
            "commonStores": [],
            "brand": "BRIDGESTONE",
            "brandCode": "",
            "vendorCode": "BR008558",
            "model": "Turanza T001",
            "raznItems": [
                {
                    "id": "142705",
                    "name": "215/55 R17",
                    "price": 10920,
                    "amount": "3",
                    "quantity": 1,
                    "url": "/catalog/legkovye/21555r17-94v-turanza-t001-ao-tl-br008558/"
                },
                {
                    "id": "142838",
                    "name": "225/50 R17",
                    "price": 13250,
                    "amount": "2",
                    "quantity": 1,
                    "url": "/catalog/legkovye/22550r17-94v-turanza-t001-tl/"
                }
            ]
        },
        {
            "id": 138863,
            "isNew": false,
            "EDIT_LINK": null,
            "DELETE_LINK": null,
            "props": [
                {
                    "name": "Ширина",
                    "value": "225 "
                },
                {
                    "name": "Диаметр",
                    "value": "18 "
                }
            ],
            "type": "tires",
            "isPromo": null,
            "amount": 4,
            "season": "Летние",
            "price": 10920,
            "name": "225/40 R18 92W YOKOHAMA BluEarth-GT AE51 TL",
            "sectionId": 7278,
            "sectionName": "Легковые",
            "sectionPath": [
                {
                    "ID": "7278",
                    "NAME": "Легковые"
                },
                {
                    "ID": "7267",
                    "NAME": "Шины"
                }
            ],
            "imgSrc": "/upload/resize_cache/rembg-image/352/275_275_1/qmr5d3thfmy398fcxtvw4zzyamlaoxu4.png",
            "url": "/catalog/legkovye/22540r18-92w-bluearth-gt-ae51-tl/",
            "promo": [],
            "discountStores": [],
            "externalStores": [],
            "commonStores": [],
            "brand": "YOKOHAMA",
            "brandCode": "",
            "vendorCode": "R6067",
            "model": "BluEarth-GT AE51",
            "raznItems": [
                {
                    "id": "98740",
                    "name": "245/45 R18",
                    "price": 12760,
                    "amount": "8",
                    "quantity": 1,
                    "url": "/catalog/legkovye/24545r18-100w-bluearth-gt-ae51-tl/"
                },
                {
                    "id": "98741",
                    "name": "235/45 R18",
                    "price": 12850,
                    "amount": "4",
                    "quantity": 1,
                    "url": "/catalog/legkovye/23545-r18-94w-yokohama-bluearth-gt-ae51-tl54280/"
                },
                {
                    "id": "138863",
                    "name": "225/40 R18",
                    "price": 10920,
                    "amount": "4",
                    "quantity": 1,
                    "url": "/catalog/legkovye/22540r18-92w-bluearth-gt-ae51-tl/"
                }
            ]
        },
        {
            "id": 102743,
            "isNew": false,
            "EDIT_LINK": null,
            "DELETE_LINK": null,
            "props": [
                {
                    "name": "Ширина",
                    "value": "225 "
                },
                {
                    "name": "Диаметр",
                    "value": "17 "
                }
            ],
            "type": "tires",
            "isPromo": null,
            "amount": 4,
            "season": "Летние",
            "price": 10920,
            "name": "225/65 R17 102H MATADOR MP72 Izzarda A/T 2 TL",
            "sectionId": 7278,
            "sectionName": "Легковые",
            "sectionPath": [
                {
                    "ID": "7278",
                    "NAME": "Легковые"
                },
                {
                    "ID": "7267",
                    "NAME": "Шины"
                }
            ],
            "imgSrc": "/upload/resize_cache/rembg-image/7b4/275_275_1/v3r8vj4sw3eaavylcq9e7eynic6euli7.png",
            "url": "/catalog/legkovye/22565-r17-102h-matador-mp72-izzarda-at-2-tl73809/",
            "promo": [],
            "discountStores": [],
            "externalStores": [],
            "commonStores": [
                {
                    "STORE_ID": "158",
                    "PRODUCT_ID": "102743",
                    "AMOUNT": "4",
                    "PRODUCT_XML_ID": "73809",
                    "STORE_XML_ID": "351",
                    "STORE_NAME": "Оптовый Склад",
                    "PRICE": "10920.00",
                    "PRICE_ID": "9"
                }
            ],
            "brand": "MATADOR",
            "brandCode": "256",
            "vendorCode": "1590188",
            "model": "MP72 Izzarda A/T 2",
            "raznItems": [
                {
                    "id": "102743",
                    "name": "225/65 R17",
                    "price": 10920,
                    "amount": "4",
                    "quantity": 1,
                    "url": "/catalog/legkovye/22565-r17-102h-matador-mp72-izzarda-at-2-tl73809/"
                }
            ]
        },
        {
            "id": 102837,
            "isNew": false,
            "EDIT_LINK": null,
            "DELETE_LINK": null,
            "props": [
                {
                    "name": "Ширина",
                    "value": "225 "
                },
                {
                    "name": "Диаметр",
                    "value": "15 "
                }
            ],
            "type": "tires",
            "isPromo": null,
            "amount": 4,
            "season": "Летние",
            "price": 10930,
            "name": "225/70 R15 100T YOKOHAMA Geolandar A/T G015 TL",
            "sectionId": 7278,
            "sectionName": "Легковые",
            "sectionPath": [
                {
                    "ID": "7278",
                    "NAME": "Легковые"
                },
                {
                    "ID": "7267",
                    "NAME": "Шины"
                }
            ],
            "imgSrc": "/upload/resize_cache/rembg-image/f4f/275_275_1/2nf1slcx53bboj1pmoe7hpef3t4g2wpd.png",
            "url": "/catalog/legkovye/p22570r15-100t-geolandar-at-g015-tl-m-s-3pmsf/",
            "promo": [],
            "discountStores": [],
            "externalStores": [],
            "commonStores": [],
            "brand": "YOKOHAMA",
            "brandCode": "",
            "vendorCode": "R1160",
            "model": "Geolandar A/T G015",
            "raznItems": [
                {
                    "id": "102820",
                    "name": "235/75 R15",
                    "price": 9390,
                    "amount": "1",
                    "quantity": 1,
                    "url": "/catalog/legkovye/23575-r15-109h-yokohama-geolandar-at-g015-tl74008/"
                },
                {
                    "id": "102837",
                    "name": "225/70 R15",
                    "price": 10930,
                    "amount": "4",
                    "quantity": 1,
                    "url": "/catalog/legkovye/p22570r15-100t-geolandar-at-g015-tl-m-s-3pmsf/"
                },
                {
                    "id": "121611",
                    "name": "9.5 R15",
                    "price": 10240,
                    "amount": "8",
                    "quantity": 1,
                    "url": "/catalog/legkovye/30x95r15-104s-geolandar-at-g015-tl-m-s-3pmsf/"
                },
                {
                    "id": "142785",
                    "name": "195/80 R15",
                    "price": 8290,
                    "amount": "5",
                    "quantity": 1,
                    "url": "/catalog/legkovye/19580r15-96h-geolandar-at-g015-tl-m-s-3pmsf/"
                },
                {
                    "id": "143441",
                    "name": "175/80 R15",
                    "price": 7470,
                    "amount": "3",
                    "quantity": 1,
                    "url": "/catalog/legkovye/17580r15-90s-geolandar-at-g015-tl/"
                }
            ]
        },
        {
            "id": 146371,
            "isNew": false,
            "EDIT_LINK": null,
            "DELETE_LINK": null,
            "props": [
                {
                    "name": "Ширина",
                    "value": "225 "
                },
                {
                    "name": "Диаметр",
                    "value": "17 "
                }
            ],
            "type": "tires",
            "isPromo": null,
            "amount": 4,
            "season": "Летние",
            "price": 10950,
            "name": "225/45 R17 91Y YOKOHAMA Advan Sport V103S TL",
            "sectionId": 7278,
            "sectionName": "Легковые",
            "sectionPath": [
                {
                    "ID": "7278",
                    "NAME": "Легковые"
                },
                {
                    "ID": "7267",
                    "NAME": "Шины"
                }
            ],
            "imgSrc": "/upload/resize_cache/rembg-image/c1e/275_275_1/0897010qcb0w6q9nl8kkwlmog9qd79ln.png",
            "url": "/catalog/legkovye/22545r17-91y-advan-sport-v103s-tl-zps/",
            "promo": [],
            "discountStores": [],
            "externalStores": [],
            "commonStores": [],
            "brand": "YOKOHAMA",
            "brandCode": "",
            "vendorCode": "R6104",
            "model": "Advan Sport V103S",
            "raznItems": [
                {
                    "id": "146371",
                    "name": "225/45 R17",
                    "price": 10950,
                    "amount": "4",
                    "quantity": 1,
                    "url": "/catalog/legkovye/22545r17-91y-advan-sport-v103s-tl-zps/"
                }
            ]
        },
        {
            "id": 137213,
            "isNew": false,
            "EDIT_LINK": null,
            "DELETE_LINK": null,
            "props": [
                {
                    "name": "Ширина",
                    "value": "215 "
                },
                {
                    "name": "Диаметр",
                    "value": "17 "
                }
            ],
            "type": "tires",
            "isPromo": null,
            "amount": 1,
            "season": "Летние",
            "price": 8890,
            "name": "215/55 R17 94W YOKOHAMA BluEarth-GT AE51 TL",
            "sectionId": 7278,
            "sectionName": "Легковые",
            "sectionPath": [
                {
                    "ID": "7278",
                    "NAME": "Легковые"
                },
                {
                    "ID": "7267",
                    "NAME": "Шины"
                }
            ],
            "imgSrc": "/upload/resize_cache/rembg-image/e64/275_275_1/6lzlq31gt1j3j8n0xc0h3b1q7jrxk02z.png",
            "url": "/catalog/legkovye/21555-r17-94w-yokohama-bluearth-gt-ae51-tl55569/",
            "promo": [],
            "discountStores": [],
            "externalStores": [],
            "commonStores": [
                {
                    "STORE_ID": "158",
                    "PRODUCT_ID": "137213",
                    "AMOUNT": "1",
                    "PRODUCT_XML_ID": "FORTOCHKI_R6052",
                    "STORE_XML_ID": "351",
                    "STORE_NAME": "Оптовый Склад",
                    "PRICE": "8890.00",
                    "PRICE_ID": "9"
                }
            ],
            "brand": "YOKOHAMA",
            "brandCode": "",
            "vendorCode": "R6052",
            "model": "BluEarth-GT AE51",
            "raznItems": [
                {
                    "id": "105528",
                    "name": "235/45 R17",
                    "price": 8970,
                    "amount": "2",
                    "quantity": 1,
                    "url": "/catalog/legkovye/23545-r17-97w-yokohama-bluearth-gt-ae51-tl58560/"
                },
                {
                    "id": "105590",
                    "name": "225/55 R17",
                    "price": 10660,
                    "amount": "4",
                    "quantity": 1,
                    "url": "/catalog/legkovye/22555-r17-101w-yokohama-bluearth-gt-ae51-tl58731/"
                },
                {
                    "id": "105610",
                    "name": "225/50 R17",
                    "price": 10540,
                    "amount": "4",
                    "quantity": 1,
                    "url": "/catalog/legkovye/22550-r17-98w-yokohama-bluearth-gt-ae51-tl58932/"
                },
                {
                    "id": "136634",
                    "name": "215/50 R17",
                    "price": 9070,
                    "amount": "3",
                    "quantity": 1,
                    "url": "/catalog/legkovye/21550-r17-95w-yokohama-bluearth-gt-ae51-tl57895/"
                },
                {
                    "id": "137213",
                    "name": "215/55 R17",
                    "price": 8890,
                    "amount": "1",
                    "quantity": 1,
                    "url": "/catalog/legkovye/21555-r17-94w-yokohama-bluearth-gt-ae51-tl55569/"
                },
                {
                    "id": "137338",
                    "name": "215/45 R17",
                    "price": 9290,
                    "amount": "4",
                    "quantity": 1,
                    "url": "/catalog/legkovye/21545-r17-91w-yokohama-bluearth-gt-ae51-tl01028/"
                }
            ]
        },
        {
            "id": 134009,
            "isNew": false,
            "EDIT_LINK": null,
            "DELETE_LINK": null,
            "props": [
                {
                    "name": "Ширина",
                    "value": "255 "
                },
                {
                    "name": "Диаметр",
                    "value": "20 "
                }
            ],
            "type": "tires",
            "isPromo": null,
            "amount": 2,
            "season": "Летние",
            "price": 10950,
            "name": "255/50 R20 109W ROTALLA Setula S-Race RU01 TL",
            "sectionId": 7278,
            "sectionName": "Легковые",
            "sectionPath": [
                {
                    "ID": "7278",
                    "NAME": "Легковые"
                },
                {
                    "ID": "7267",
                    "NAME": "Шины"
                }
            ],
            "imgSrc": "/upload/resize_cache/rembg-image/953/275_275_1/1jp2is8r6aqp3tb6jo0ufcvzkb3183w1.png",
            "url": "/catalog/legkovye/25550-r20-109w-rotalla-setula-s-race-ru01-tl65732/",
            "promo": [],
            "discountStores": [],
            "externalStores": [],
            "commonStores": [
                {
                    "STORE_ID": "158",
                    "PRODUCT_ID": "134009",
                    "AMOUNT": "2",
                    "PRODUCT_XML_ID": "65732",
                    "STORE_XML_ID": "351",
                    "STORE_NAME": "Оптовый Склад",
                    "PRICE": "10950.00",
                    "PRICE_ID": "9"
                }
            ],
            "brand": "ROTALLA",
            "brandCode": "856",
            "vendorCode": "RTL0961",
            "model": "Setula S-Race RU01",
            "raznItems": [
                {
                    "id": "95978",
                    "name": "255/55 R20",
                    "price": 12050,
                    "amount": "2",
                    "quantity": 1,
                    "url": "/catalog/legkovye/25555-r20-110w-rotalla-setula-s-race-ru01-tl06886/"
                },
                {
                    "id": "134009",
                    "name": "255/50 R20",
                    "price": 10950,
                    "amount": "2",
                    "quantity": 1,
                    "url": "/catalog/legkovye/25550-r20-109w-rotalla-setula-s-race-ru01-tl65732/"
                }
            ]
        }
    ],
    "filter": {
        "0": {
            "LOGIC": "OR",
            ">STORE_AMOUNT_156": 0,
            ">STORE_AMOUNT_158": 0,
            ">STORE_AMOUNT_159": 0,
            ">STORE_AMOUNT_160": 0,
            ">STORE_AMOUNT_161": 0,
            ">STORE_AMOUNT_164": 0,
            ">STORE_AMOUNT_165": 0,
            ">STORE_AMOUNT_168": 0,
            ">STORE_AMOUNT_169": 0,
            ">STORE_AMOUNT_174": 0,
            ">STORE_AMOUNT_180": 0,
            ">STORE_AMOUNT_184": 0,
            ">STORE_AMOUNT_185": 0,
            ">STORE_AMOUNT_191": 0,
            ">STORE_AMOUNT_192": 0,
            ">STORE_AMOUNT_194": 0,
            ">STORE_AMOUNT_6087": 0
        },
        "1": {
            "LOGIC": "OR",
            ">CATALOG_CATALOG_GROUP_ID_33": 0,
            ">CATALOG_CATALOG_GROUP_ID_90": 0,
            ">CATALOG_CATALOG_GROUP_ID_96": 0,
            ">CATALOG_CATALOG_GROUP_ID_97": 0,
            ">CATALOG_CATALOG_GROUP_ID_98": 0
        },
        "2": {
            "LOGIC": "OR",
            ">STORE_AMOUNT_156": 0,
            ">STORE_AMOUNT_158": 0,
            ">STORE_AMOUNT_159": 0,
            ">STORE_AMOUNT_160": 0,
            ">STORE_AMOUNT_161": 0,
            ">STORE_AMOUNT_164": 0,
            ">STORE_AMOUNT_165": 0,
            ">STORE_AMOUNT_168": 0,
            ">STORE_AMOUNT_169": 0,
            ">STORE_AMOUNT_174": 0,
            ">STORE_AMOUNT_180": 0,
            ">STORE_AMOUNT_184": 0,
            ">STORE_AMOUNT_185": 0,
            ">STORE_AMOUNT_191": 0,
            ">STORE_AMOUNT_192": 0,
            ">STORE_AMOUNT_194": 0,
            ">STORE_AMOUNT_6087": 0
        },
        "3": {
            "LOGIC": "OR",
            ">CATALOG_CATALOG_GROUP_ID_33": 0,
            ">CATALOG_CATALOG_GROUP_ID_90": 0,
            ">CATALOG_CATALOG_GROUP_ID_96": 0,
            ">CATALOG_CATALOG_GROUP_ID_97": 0,
            ">CATALOG_CATALOG_GROUP_ID_98": 0
        },
        "=PROPERTY_458": [
            "154"
        ]
    },
    "promo": {
        "id": "165954",
        "url": "/promo/shiny-v-rassrochku/",
        "name": "Покупки в рассрочку",
        "text": "Теперь вы можете купить зимние шины, или диски в рассрочку быстро и легко: без первоначального взноса и без переплаты!",
        "imgSrc": "/upload/resize_cache/iblock/356/1075_613_1/8iiw8xmv2bzky9euo9mn57dqx6dk3xa9.jpg",
        "videoSrc": null
    },
    "promoFilter": {
        "IBLOCK_ID": 10,
        "ACTIVE": "Y",
        "=PROPERTY_SECTION": 206,
        "=PROPERTY_CATALOG_SEASON": [
            false,
            204
        ],
        "=PROPERTY_CATALOG_BRAND": [
            false
        ]
    },
    "navNum": 1,
    "pagesCount": 111,
    "pageNum": 47
}