{
    "pageUrl": "/catalog/legkovye/?arCatalogFilter_458_1500340406=Y&set_filter=Y&sort%5Brecommendations%5D=asc&PAGEN_1=51",
    "items": [
        {
            "id": 101478,
            "isNew": false,
            "EDIT_LINK": null,
            "DELETE_LINK": null,
            "props": [
                {
                    "name": "Ширина",
                    "value": "225 "
                },
                {
                    "name": "Диаметр",
                    "value": "17 "
                }
            ],
            "type": "tires",
            "isPromo": null,
            "amount": 4,
            "season": "Летние",
            "price": 11510,
            "name": "225/65 R17 102H CONTINENTAL ContiCrossContact LX 2 TL",
            "sectionId": 7278,
            "sectionName": "Легковые",
            "sectionPath": [
                {
                    "ID": "7278",
                    "NAME": "Легковые"
                },
                {
                    "ID": "7267",
                    "NAME": "Шины"
                }
            ],
            "imgSrc": "/upload/resize_cache/rembg-image/98c/275_275_1/gaxm3o9e4w41qydwqnbx932a0b22d2df.png",
            "url": "/catalog/legkovye/22565-r17-102h-continental-conticrosscontact-lx-2-tl64456/",
            "promo": [],
            "discountStores": [],
            "externalStores": [],
            "commonStores": [
                {
                    "STORE_ID": "169",
                    "PRODUCT_ID": "101478",
                    "AMOUNT": "4",
                    "PRODUCT_XML_ID": "64456",
                    "STORE_XML_ID": "403",
                    "STORE_NAME": "г. Челябинск, Копейское шоссе, 35д",
                    "PRICE": "11510.00",
                    "PRICE_ID": "20"
                }
            ],
            "brand": "CONTINENTAL",
            "brandCode": "",
            "vendorCode": "1549340",
            "model": "ContiCrossContact LX2",
            "raznItems": [
                {
                    "id": "101478",
                    "name": "225/65 R17",
                    "price": 11510,
                    "amount": "4",
                    "quantity": 1,
                    "url": "/catalog/legkovye/22565-r17-102h-continental-conticrosscontact-lx-2-tl64456/"
                },
                {
                    "id": "122765",
                    "name": "215/50 R17",
                    "price": 12070,
                    "amount": "8",
                    "quantity": 1,
                    "url": "/catalog/legkovye/21550-r17-91h-continental-conticrosscontact-lx-2-tl90552/"
                },
                {
                    "id": "160146",
                    "name": "215/60 R17",
                    "price": 10520,
                    "amount": "41",
                    "quantity": 1,
                    "url": "/catalog/legkovye/21560r17-96h-conticrosscontact-lx2-tl-fr/"
                }
            ]
        },
        {
            "id": 135165,
            "isNew": false,
            "EDIT_LINK": null,
            "DELETE_LINK": null,
            "props": [
                {
                    "name": "Ширина",
                    "value": "235 "
                },
                {
                    "name": "Диаметр",
                    "value": "17 "
                }
            ],
            "type": "tires",
            "isPromo": null,
            "amount": 4,
            "season": "Летние",
            "price": 11540,
            "name": "235/55 R17 103Y NOKIAN TYRES Hakka Black 2 TL",
            "sectionId": 7278,
            "sectionName": "Легковые",
            "sectionPath": [
                {
                    "ID": "7278",
                    "NAME": "Легковые"
                },
                {
                    "ID": "7267",
                    "NAME": "Шины"
                }
            ],
            "imgSrc": "/upload/resize_cache/rembg-image/b97/275_275_1/abe5hwgc1zzvlrp9j0jlqqi5bvt0yvd3.png",
            "url": "/catalog/legkovye/23555-r17-103y-nokian-tyres-hakka-black-2-tl65389/",
            "promo": [],
            "discountStores": [],
            "externalStores": [],
            "commonStores": [
                {
                    "STORE_ID": "169",
                    "PRODUCT_ID": "135165",
                    "AMOUNT": "4",
                    "PRODUCT_XML_ID": "65389",
                    "STORE_XML_ID": "403",
                    "STORE_NAME": "г. Челябинск, Копейское шоссе, 35д",
                    "PRICE": "11540.00",
                    "PRICE_ID": "20"
                }
            ],
            "brand": "NOKIAN TYRES",
            "brandCode": "",
            "vendorCode": "T430527",
            "model": "Hakka Black 2",
            "raznItems": [
                {
                    "id": "104598",
                    "name": "225/55 R17",
                    "price": 11680,
                    "amount": "4",
                    "quantity": 1,
                    "url": "/catalog/legkovye/22555-r17-101y-nokian-tyres-hakka-black-2-tl19085/"
                },
                {
                    "id": "135160",
                    "name": "215/50 R17",
                    "price": 11410,
                    "amount": "4",
                    "quantity": 1,
                    "url": "/catalog/legkovye/21550-r17-95w-nokian-tyres-hakka-black-2-tl65394/"
                },
                {
                    "id": "135161",
                    "name": "225/45 R17",
                    "price": 8630,
                    "amount": "4",
                    "quantity": 1,
                    "url": "/catalog/legkovye/22545zr17-94y-xl-hakka-black-2-tl/"
                },
                {
                    "id": "135165",
                    "name": "235/55 R17",
                    "price": 11540,
                    "amount": "4",
                    "quantity": 1,
                    "url": "/catalog/legkovye/23555-r17-103y-nokian-tyres-hakka-black-2-tl65389/"
                }
            ]
        },
        {
            "id": 156110,
            "isNew": false,
            "EDIT_LINK": null,
            "DELETE_LINK": null,
            "props": [
                {
                    "name": "Ширина",
                    "value": "245 "
                },
                {
                    "name": "Диаметр",
                    "value": "19 "
                }
            ],
            "type": "tires",
            "isPromo": null,
            "amount": 45,
            "season": "Летние",
            "price": 11560,
            "name": "245/40 R19 98Y SAILUN Atrezzo ZSR TL",
            "sectionId": 7278,
            "sectionName": "Легковые",
            "sectionPath": [
                {
                    "ID": "7278",
                    "NAME": "Легковые"
                },
                {
                    "ID": "7267",
                    "NAME": "Шины"
                }
            ],
            "imgSrc": "/upload/resize_cache/rembg-image/da5/275_275_1/6x9ae2hj49pgre0y5lmy56w0yain5rvw.png",
            "url": "/catalog/legkovye/24540-r19-98y-sailun-atrezzo-zsr-tl25001/",
            "promo": [],
            "discountStores": [],
            "externalStores": [],
            "commonStores": [
                {
                    "STORE_ID": "158",
                    "PRODUCT_ID": "156110",
                    "AMOUNT": "45",
                    "PRODUCT_XML_ID": "25001",
                    "STORE_XML_ID": "351",
                    "STORE_NAME": "Оптовый Склад",
                    "PRICE": "11560.00",
                    "PRICE_ID": "9"
                }
            ],
            "brand": "SAILUN",
            "brandCode": "",
            "vendorCode": "3220010151",
            "model": "Atrezzo ZSR",
            "raznItems": [
                {
                    "id": "156110",
                    "name": "245/40 R19",
                    "price": 11560,
                    "amount": "45",
                    "quantity": 1,
                    "url": "/catalog/legkovye/24540-r19-98y-sailun-atrezzo-zsr-tl25001/"
                },
                {
                    "id": "160500",
                    "name": "225/35 R19",
                    "price": 7800,
                    "amount": "2",
                    "quantity": 1,
                    "url": "/catalog/legkovye/22535r19-88y-xl-atrezzo-zsr-tl/"
                }
            ]
        },
        {
            "id": 104127,
            "isNew": false,
            "EDIT_LINK": null,
            "DELETE_LINK": null,
            "props": [
                {
                    "name": "Ширина",
                    "value": "235 "
                },
                {
                    "name": "Диаметр",
                    "value": "17 "
                }
            ],
            "type": "tires",
            "isPromo": null,
            "amount": 19,
            "season": "Летние",
            "price": 11560,
            "name": "235/45 R17 97W MICHELIN Primacy 4 TL",
            "sectionId": 7278,
            "sectionName": "Легковые",
            "sectionPath": [
                {
                    "ID": "7278",
                    "NAME": "Легковые"
                },
                {
                    "ID": "7267",
                    "NAME": "Шины"
                }
            ],
            "imgSrc": "/upload/resize_cache/rembg-image/605/275_275_1/6u8r8414x0xiuspal3gxb3v69muefn6i.png",
            "url": "/catalog/legkovye/23545-r17-97w-michelin-primacy-4-tl91514/",
            "promo": [],
            "discountStores": [],
            "externalStores": [],
            "commonStores": [
                {
                    "STORE_ID": "158",
                    "PRODUCT_ID": "104127",
                    "AMOUNT": "15",
                    "PRODUCT_XML_ID": "FORTOCHKI_129634",
                    "STORE_XML_ID": "351",
                    "STORE_NAME": "Оптовый Склад",
                    "PRICE": "11560.00",
                    "PRICE_ID": "9"
                },
                {
                    "STORE_ID": "169",
                    "PRODUCT_ID": "104127",
                    "AMOUNT": "4",
                    "PRODUCT_XML_ID": "FORTOCHKI_129634",
                    "STORE_XML_ID": "403",
                    "STORE_NAME": "г. Челябинск, Копейское шоссе, 35д",
                    "PRICE": null,
                    "PRICE_ID": null
                }
            ],
            "brand": "MICHELIN",
            "brandCode": "",
            "vendorCode": "129634",
            "model": "Primacy 4",
            "raznItems": [
                {
                    "id": "104121",
                    "name": "215/55 R17",
                    "price": 14270,
                    "amount": "4",
                    "quantity": 1,
                    "url": "/catalog/legkovye/21555-r17-94v-michelin-primacy-4-tl91508/"
                },
                {
                    "id": "104124",
                    "name": "225/50 R17",
                    "price": 17520,
                    "amount": "1",
                    "quantity": 1,
                    "url": "/catalog/legkovye/22550r17-98w-xl-primacy-4-tl/"
                },
                {
                    "id": "104127",
                    "name": "235/45 R17",
                    "price": 11560,
                    "amount": "4",
                    "quantity": 1,
                    "url": "/catalog/legkovye/23545-r17-97w-michelin-primacy-4-tl91514/"
                }
            ]
        },
        {
            "id": 120010,
            "isNew": false,
            "EDIT_LINK": null,
            "DELETE_LINK": null,
            "props": [
                {
                    "name": "Ширина",
                    "value": "215 "
                },
                {
                    "name": "Диаметр",
                    "value": "16 "
                }
            ],
            "type": "tires",
            "isPromo": null,
            "amount": 1,
            "season": "Летние",
            "price": 11600,
            "name": "215/65 R16 102H MICHELIN Primacy 4 TL",
            "sectionId": 7278,
            "sectionName": "Легковые",
            "sectionPath": [
                {
                    "ID": "7278",
                    "NAME": "Легковые"
                },
                {
                    "ID": "7267",
                    "NAME": "Шины"
                }
            ],
            "imgSrc": "/upload/resize_cache/rembg-image/5b0/275_275_1/impt2cilam0bh6hk9paa4vhx6cn1c99s.png",
            "url": "/catalog/legkovye/21565-r16-102h-michelin-primacy-4-tl24124/",
            "promo": [],
            "discountStores": [],
            "externalStores": [],
            "commonStores": [
                {
                    "STORE_ID": "158",
                    "PRODUCT_ID": "120010",
                    "AMOUNT": "1",
                    "PRODUCT_XML_ID": "24124",
                    "STORE_XML_ID": "351",
                    "STORE_NAME": "Оптовый Склад",
                    "PRICE": "11600.00",
                    "PRICE_ID": "9"
                }
            ],
            "brand": "MICHELIN",
            "brandCode": "273",
            "vendorCode": "889474",
            "model": "Primacy 4",
            "raznItems": [
                {
                    "id": "116268",
                    "name": "205/60 R16",
                    "price": 14300,
                    "amount": "4",
                    "quantity": 1,
                    "url": "/catalog/legkovye/20560-r16-92v-michelin-primacy-4-tl14916/"
                },
                {
                    "id": "120010",
                    "name": "215/65 R16",
                    "price": 11600,
                    "amount": "1",
                    "quantity": 1,
                    "url": "/catalog/legkovye/21565-r16-102h-michelin-primacy-4-tl24124/"
                }
            ]
        },
        {
            "id": 102691,
            "isNew": false,
            "EDIT_LINK": null,
            "DELETE_LINK": null,
            "props": [
                {
                    "name": "Ширина",
                    "value": "215 "
                },
                {
                    "name": "Диаметр",
                    "value": "16 "
                }
            ],
            "type": "tires",
            "isPromo": null,
            "amount": 2,
            "season": "Летние",
            "price": 11630,
            "name": "215/65 R16 98H CONTINENTAL CrossContact ATR TL",
            "sectionId": 7278,
            "sectionName": "Легковые",
            "sectionPath": [
                {
                    "ID": "7278",
                    "NAME": "Легковые"
                },
                {
                    "ID": "7267",
                    "NAME": "Шины"
                }
            ],
            "imgSrc": "/upload/resize_cache/rembg-image/34a/275_275_1/lrj662ve87ft8r43tsxh9d3u8qdyh3cv.png",
            "url": "/catalog/legkovye/21565r16-98h-crosscontact-atr-tl-fr/",
            "promo": [],
            "discountStores": [],
            "externalStores": [],
            "commonStores": [],
            "brand": "CONTINENTAL",
            "brandCode": "",
            "vendorCode": "0354814",
            "model": "CrossContact ATR",
            "raznItems": [
                {
                    "id": "102691",
                    "name": "215/65 R16",
                    "price": 11630,
                    "amount": "2",
                    "quantity": 1,
                    "url": "/catalog/legkovye/21565r16-98h-crosscontact-atr-tl-fr/"
                },
                {
                    "id": "123194",
                    "name": "235/70 R16",
                    "price": 12700,
                    "amount": "12",
                    "quantity": 1,
                    "url": "/catalog/legkovye/23570r16-106h-crosscontact-atr-tl-fr/"
                }
            ]
        },
        {
            "id": 90617,
            "isNew": false,
            "EDIT_LINK": null,
            "DELETE_LINK": null,
            "props": [
                {
                    "name": "Ширина",
                    "value": "215 "
                },
                {
                    "name": "Диаметр",
                    "value": "17 "
                }
            ],
            "type": "tires",
            "isPromo": null,
            "amount": 4,
            "season": "Летние",
            "price": 11640,
            "name": "215/55 R17 94V YOKOHAMA Geolandar H/T G900A TL",
            "sectionId": 7278,
            "sectionName": "Легковые",
            "sectionPath": [
                {
                    "ID": "7278",
                    "NAME": "Легковые"
                },
                {
                    "ID": "7267",
                    "NAME": "Шины"
                }
            ],
            "imgSrc": "/upload/resize_cache/rembg-image/608/275_275_1/owlh4btr41nuk1828jg7fk0fbk29n0ee.png",
            "url": "/catalog/legkovye/21555r17-94v-geolandar-ht-g900a-tl/",
            "promo": [],
            "discountStores": [],
            "externalStores": [],
            "commonStores": [],
            "brand": "YOKOHAMA",
            "brandCode": "",
            "vendorCode": "K9316",
            "model": "Geolandar H/T G900A",
            "raznItems": [
                {
                    "id": "90617",
                    "name": "215/55 R17",
                    "price": 11640,
                    "amount": "4",
                    "quantity": 1,
                    "url": "/catalog/legkovye/21555r17-94v-geolandar-ht-g900a-tl/"
                }
            ]
        },
        {
            "id": 143305,
            "isNew": false,
            "EDIT_LINK": null,
            "DELETE_LINK": null,
            "props": [
                {
                    "name": "Ширина",
                    "value": "235 "
                },
                {
                    "name": "Диаметр",
                    "value": "17 "
                }
            ],
            "type": "tires",
            "isPromo": null,
            "amount": 5,
            "season": "Летние",
            "price": 11680,
            "name": "235/50 R17 96V YOKOHAMA Advan dB V552 TL",
            "sectionId": 7278,
            "sectionName": "Легковые",
            "sectionPath": [
                {
                    "ID": "7278",
                    "NAME": "Легковые"
                },
                {
                    "ID": "7267",
                    "NAME": "Шины"
                }
            ],
            "imgSrc": "/upload/resize_cache/rembg-image/6a4/275_275_1/2b2dbszdu5geg2103gl3v2m19mb9n4in.png",
            "url": "/catalog/legkovye/23550r17-96v-advan-db-v552-tl/",
            "promo": [],
            "discountStores": [],
            "externalStores": [],
            "commonStores": [],
            "brand": "YOKOHAMA",
            "brandCode": "",
            "vendorCode": "R2964",
            "model": "Advan dB V552",
            "raznItems": [
                {
                    "id": "143305",
                    "name": "235/50 R17",
                    "price": 11680,
                    "amount": "5",
                    "quantity": 1,
                    "url": "/catalog/legkovye/23550r17-96v-advan-db-v552-tl/"
                }
            ]
        },
        {
            "id": 121618,
            "isNew": false,
            "EDIT_LINK": null,
            "DELETE_LINK": null,
            "props": [
                {
                    "name": "Ширина",
                    "value": "225 "
                },
                {
                    "name": "Диаметр",
                    "value": "17 "
                }
            ],
            "type": "tires",
            "isPromo": null,
            "amount": 3,
            "season": "Летние",
            "price": 11680,
            "name": "225/55 R17 101Y YOKOHAMA Advan Sport V105S TL",
            "sectionId": 7278,
            "sectionName": "Легковые",
            "sectionPath": [
                {
                    "ID": "7278",
                    "NAME": "Легковые"
                },
                {
                    "ID": "7267",
                    "NAME": "Шины"
                }
            ],
            "imgSrc": "/upload/resize_cache/rembg-image/430/275_275_1/qmmwot9hyn8uuz3wrqesk8y61maroiaz.png",
            "url": "/catalog/legkovye/22555zr17-101y-xl-advan-sport-v105s-tl/",
            "promo": [],
            "discountStores": [],
            "externalStores": [],
            "commonStores": [],
            "brand": "YOKOHAMA",
            "brandCode": "",
            "vendorCode": "F7852",
            "model": "Advan Sport V105S",
            "raznItems": [
                {
                    "id": "121618",
                    "name": "225/55 R17",
                    "price": 11680,
                    "amount": "3",
                    "quantity": 1,
                    "url": "/catalog/legkovye/22555zr17-101y-xl-advan-sport-v105s-tl/"
                },
                {
                    "id": "143400",
                    "name": "225/50 R17",
                    "price": 11420,
                    "amount": "8",
                    "quantity": 1,
                    "url": "/catalog/legkovye/22550zr17-98y-xl-advan-sport-v105s-tl/"
                },
                {
                    "id": "144966",
                    "name": "245/45 R17",
                    "price": 15260,
                    "amount": "3",
                    "quantity": 1,
                    "url": "/catalog/legkovye/24545zr17-99y-xl-advan-sport-v105s-tl/"
                }
            ]
        },
        {
            "id": 113696,
            "isNew": false,
            "EDIT_LINK": null,
            "DELETE_LINK": null,
            "props": [
                {
                    "name": "Ширина",
                    "value": "235 "
                },
                {
                    "name": "Диаметр",
                    "value": "18 "
                }
            ],
            "type": "tires",
            "isPromo": null,
            "amount": 1,
            "season": "Летние",
            "price": 9870,
            "name": "235/60 R18 107H CORDIANT Comfort 2 SUV TL",
            "sectionId": 7278,
            "sectionName": "Легковые",
            "sectionPath": [
                {
                    "ID": "7278",
                    "NAME": "Легковые"
                },
                {
                    "ID": "7267",
                    "NAME": "Шины"
                }
            ],
            "imgSrc": "/upload/resize_cache/rembg-image/479/275_275_1/02nllxw76j4fkdf88y2gtxa0p6x47i0q.png",
            "url": "/catalog/legkovye/23560-r18-107h-cordiant-comfort-2-suv-tl08810/",
            "promo": [],
            "discountStores": [],
            "externalStores": [],
            "commonStores": [
                {
                    "STORE_ID": "158",
                    "PRODUCT_ID": "113696",
                    "AMOUNT": "1",
                    "PRODUCT_XML_ID": "08810",
                    "STORE_XML_ID": "351",
                    "STORE_NAME": "Оптовый Склад",
                    "PRICE": "9870.00",
                    "PRICE_ID": "9"
                }
            ],
            "brand": "CORDIANT",
            "brandCode": "403",
            "vendorCode": "732068414",
            "model": "Comfort 2 SUV",
            "raznItems": [
                {
                    "id": "113696",
                    "name": "235/60 R18",
                    "price": 9870,
                    "amount": "1",
                    "quantity": 1,
                    "url": "/catalog/legkovye/23560-r18-107h-cordiant-comfort-2-suv-tl08810/"
                },
                {
                    "id": "113697",
                    "name": "255/55 R18",
                    "price": 9940,
                    "amount": "1",
                    "quantity": 1,
                    "url": "/catalog/legkovye/25555-r18-109h-cordiant-comfort-2-suv-tl08812/"
                },
                {
                    "id": "113698",
                    "name": "265/60 R18",
                    "price": 10870,
                    "amount": "4",
                    "quantity": 1,
                    "url": "/catalog/legkovye/26560-r18-114h-cordiant-comfort-2-suv-tl08818/"
                }
            ]
        },
        {
            "id": 104598,
            "isNew": false,
            "EDIT_LINK": null,
            "DELETE_LINK": null,
            "props": [
                {
                    "name": "Ширина",
                    "value": "225 "
                },
                {
                    "name": "Диаметр",
                    "value": "17 "
                }
            ],
            "type": "tires",
            "isPromo": null,
            "amount": 4,
            "season": "Летние",
            "price": 11680,
            "name": "225/55 R17 101Y NOKIAN TYRES Hakka Black 2 TL",
            "sectionId": 7278,
            "sectionName": "Легковые",
            "sectionPath": [
                {
                    "ID": "7278",
                    "NAME": "Легковые"
                },
                {
                    "ID": "7267",
                    "NAME": "Шины"
                }
            ],
            "imgSrc": "/upload/resize_cache/rembg-image/d3e/275_275_1/1d83uepk1kom99532lfy5mt0bitvoaaa.png",
            "url": "/catalog/legkovye/22555-r17-101y-nokian-tyres-hakka-black-2-tl19085/",
            "promo": [],
            "discountStores": [],
            "externalStores": [],
            "commonStores": [],
            "brand": "NOKIAN TYRES",
            "brandCode": "",
            "vendorCode": "T430525",
            "model": "Hakka Black 2",
            "raznItems": [
                {
                    "id": "104598",
                    "name": "225/55 R17",
                    "price": 11680,
                    "amount": "4",
                    "quantity": 1,
                    "url": "/catalog/legkovye/22555-r17-101y-nokian-tyres-hakka-black-2-tl19085/"
                },
                {
                    "id": "135160",
                    "name": "215/50 R17",
                    "price": 11410,
                    "amount": "4",
                    "quantity": 1,
                    "url": "/catalog/legkovye/21550-r17-95w-nokian-tyres-hakka-black-2-tl65394/"
                },
                {
                    "id": "135161",
                    "name": "225/45 R17",
                    "price": 8630,
                    "amount": "4",
                    "quantity": 1,
                    "url": "/catalog/legkovye/22545zr17-94y-xl-hakka-black-2-tl/"
                },
                {
                    "id": "135165",
                    "name": "235/55 R17",
                    "price": 11540,
                    "amount": "4",
                    "quantity": 1,
                    "url": "/catalog/legkovye/23555-r17-103y-nokian-tyres-hakka-black-2-tl65389/"
                }
            ]
        },
        {
            "id": 143293,
            "isNew": false,
            "EDIT_LINK": null,
            "DELETE_LINK": null,
            "props": [
                {
                    "name": "Ширина",
                    "value": "205 "
                },
                {
                    "name": "Диаметр",
                    "value": "16 "
                }
            ],
            "type": "tires",
            "isPromo": null,
            "amount": 4,
            "season": "Летние",
            "price": 11690,
            "name": "205/60 R16 92H GOODYEAR Vector 4Seasons Gen-3 TL",
            "sectionId": 7278,
            "sectionName": "Легковые",
            "sectionPath": [
                {
                    "ID": "7278",
                    "NAME": "Легковые"
                },
                {
                    "ID": "7267",
                    "NAME": "Шины"
                }
            ],
            "imgSrc": "/upload/resize_cache/rembg-image/cdc/275_275_1/c6wuyso3einjoiyxd23jgqhwpxb8cqpg.png",
            "url": "/catalog/legkovye/20560r16-92h-vector-4seasons-gen-3-tl/",
            "promo": [],
            "discountStores": [],
            "externalStores": [],
            "commonStores": [],
            "brand": "GOODYEAR",
            "brandCode": "",
            "vendorCode": "581580",
            "model": "Vector 4Seasons Gen-3",
            "raznItems": [
                {
                    "id": "143293",
                    "name": "205/60 R16",
                    "price": 11690,
                    "amount": "4",
                    "quantity": 1,
                    "url": "/catalog/legkovye/20560r16-92h-vector-4seasons-gen-3-tl/"
                }
            ]
        },
        {
            "id": 119799,
            "isNew": false,
            "EDIT_LINK": null,
            "DELETE_LINK": null,
            "props": [
                {
                    "name": "Ширина",
                    "value": "245 "
                },
                {
                    "name": "Диаметр",
                    "value": "17 "
                }
            ],
            "type": "tires",
            "isPromo": null,
            "amount": 18,
            "season": "Летние",
            "price": 11690,
            "name": "245/65 R17 107H YOKOHAMA Geolandar G058 TL",
            "sectionId": 7278,
            "sectionName": "Легковые",
            "sectionPath": [
                {
                    "ID": "7278",
                    "NAME": "Легковые"
                },
                {
                    "ID": "7267",
                    "NAME": "Шины"
                }
            ],
            "imgSrc": "/upload/resize_cache/rembg-image/f76/275_275_1/wblj4sn1t20vqxif7olrp02zsqin9iix.png",
            "url": "/catalog/legkovye/24565-r17-107h-yokohama-geolandar-g058-tl23769/",
            "promo": [],
            "discountStores": [],
            "externalStores": [],
            "commonStores": [
                {
                    "STORE_ID": "158",
                    "PRODUCT_ID": "119799",
                    "AMOUNT": "14",
                    "PRODUCT_XML_ID": "FORTOCHKI_R5686",
                    "STORE_XML_ID": "351",
                    "STORE_NAME": "Оптовый Склад",
                    "PRICE": "11690.00",
                    "PRICE_ID": "9"
                },
                {
                    "STORE_ID": "161",
                    "PRODUCT_ID": "119799",
                    "AMOUNT": "4",
                    "PRODUCT_XML_ID": "FORTOCHKI_R5686",
                    "STORE_XML_ID": "383",
                    "STORE_NAME": "г. Челябинск, ул. Федорова 2а",
                    "PRICE": null,
                    "PRICE_ID": null
                }
            ],
            "brand": "YOKOHAMA",
            "brandCode": "",
            "vendorCode": "R5686",
            "model": "Geolandar CV G058",
            "raznItems": [
                {
                    "id": "119775",
                    "name": "215/60 R17",
                    "price": 11520,
                    "amount": "1",
                    "quantity": 1,
                    "url": "/catalog/legkovye/21560-r17-96h-yokohama-geolandar-g058-tl23739/"
                },
                {
                    "id": "119778",
                    "name": "225/55 R17",
                    "price": 11270,
                    "amount": "11",
                    "quantity": 1,
                    "url": "/catalog/legkovye/22555r17-97v-geolandar-cv-g058-tl/"
                },
                {
                    "id": "119787",
                    "name": "235/55 R17",
                    "price": 11400,
                    "amount": "1",
                    "quantity": 1,
                    "url": "/catalog/legkovye/23555-r17-99h-yokohama-geolandar-g058-tl23754/"
                },
                {
                    "id": "119799",
                    "name": "245/65 R17",
                    "price": 11690,
                    "amount": "4",
                    "quantity": 1,
                    "url": "/catalog/legkovye/24565-r17-107h-yokohama-geolandar-g058-tl23769/"
                }
            ]
        },
        {
            "id": 90255,
            "isNew": false,
            "EDIT_LINK": null,
            "DELETE_LINK": null,
            "props": [
                {
                    "name": "Ширина",
                    "value": "245 "
                },
                {
                    "name": "Диаметр",
                    "value": "16 "
                }
            ],
            "type": "tires",
            "isPromo": null,
            "amount": 12,
            "season": "Летние",
            "price": 9490,
            "name": "245/70 R16 107T NOKIAN TYRES Outpost AT TL",
            "sectionId": 7278,
            "sectionName": "Легковые",
            "sectionPath": [
                {
                    "ID": "7278",
                    "NAME": "Легковые"
                },
                {
                    "ID": "7267",
                    "NAME": "Шины"
                }
            ],
            "imgSrc": "/upload/resize_cache/rembg-image/241/275_275_1/9lkvtw2gp3ohmp53fireigcvg1wnn4ge.png",
            "url": "/catalog/legkovye/24570-r16-107t-nokian-tyres-outpost-at-tl23070/",
            "promo": [],
            "discountStores": [],
            "externalStores": [],
            "commonStores": [
                {
                    "STORE_ID": "158",
                    "PRODUCT_ID": "90255",
                    "AMOUNT": "12",
                    "PRODUCT_XML_ID": "FORTOCHKI_T431881",
                    "STORE_XML_ID": "351",
                    "STORE_NAME": "Оптовый Склад",
                    "PRICE": "9490.00",
                    "PRICE_ID": "9"
                }
            ],
            "brand": "NOKIAN TYRES",
            "brandCode": "",
            "vendorCode": "T431881",
            "model": "Outpost AT",
            "raznItems": [
                {
                    "id": "90255",
                    "name": "245/70 R16",
                    "price": 9490,
                    "amount": "12",
                    "quantity": 1,
                    "url": "/catalog/legkovye/24570-r16-107t-nokian-tyres-outpost-at-tl23070/"
                },
                {
                    "id": "94042",
                    "name": "265/75 R16",
                    "price": 12170,
                    "amount": "2",
                    "quantity": 1,
                    "url": "/catalog/legkovye/26575-r16-116t-nokian-tyres-outpost-at-tl23239/"
                },
                {
                    "id": "94044",
                    "name": "225/75 R16",
                    "price": 9810,
                    "amount": "20",
                    "quantity": 1,
                    "url": "/catalog/legkovye/22575-r16-115112s-nokian-tyres-outpost-at-tl23346/"
                },
                {
                    "id": "155360",
                    "name": "245/75 R16",
                    "price": 10340,
                    "amount": "32",
                    "quantity": 1,
                    "url": "/catalog/legkovye/24575-r16-111t-nokian-tyres-outpost-at-tl23117/"
                },
                {
                    "id": "155364",
                    "name": "265/70 R16",
                    "price": 10410,
                    "amount": "8",
                    "quantity": 1,
                    "url": "/catalog/legkovye/26570-r16-112t-nokian-tyres-outpost-at-tl23225/"
                }
            ]
        }
    ],
    "filter": {
        "0": {
            "LOGIC": "OR",
            ">STORE_AMOUNT_156": 0,
            ">STORE_AMOUNT_158": 0,
            ">STORE_AMOUNT_159": 0,
            ">STORE_AMOUNT_160": 0,
            ">STORE_AMOUNT_161": 0,
            ">STORE_AMOUNT_164": 0,
            ">STORE_AMOUNT_165": 0,
            ">STORE_AMOUNT_168": 0,
            ">STORE_AMOUNT_169": 0,
            ">STORE_AMOUNT_174": 0,
            ">STORE_AMOUNT_180": 0,
            ">STORE_AMOUNT_184": 0,
            ">STORE_AMOUNT_185": 0,
            ">STORE_AMOUNT_191": 0,
            ">STORE_AMOUNT_192": 0,
            ">STORE_AMOUNT_194": 0,
            ">STORE_AMOUNT_6087": 0
        },
        "1": {
            "LOGIC": "OR",
            ">CATALOG_CATALOG_GROUP_ID_33": 0,
            ">CATALOG_CATALOG_GROUP_ID_90": 0,
            ">CATALOG_CATALOG_GROUP_ID_96": 0,
            ">CATALOG_CATALOG_GROUP_ID_97": 0,
            ">CATALOG_CATALOG_GROUP_ID_98": 0
        },
        "2": {
            "LOGIC": "OR",
            ">STORE_AMOUNT_156": 0,
            ">STORE_AMOUNT_158": 0,
            ">STORE_AMOUNT_159": 0,
            ">STORE_AMOUNT_160": 0,
            ">STORE_AMOUNT_161": 0,
            ">STORE_AMOUNT_164": 0,
            ">STORE_AMOUNT_165": 0,
            ">STORE_AMOUNT_168": 0,
            ">STORE_AMOUNT_169": 0,
            ">STORE_AMOUNT_174": 0,
            ">STORE_AMOUNT_180": 0,
            ">STORE_AMOUNT_184": 0,
            ">STORE_AMOUNT_185": 0,
            ">STORE_AMOUNT_191": 0,
            ">STORE_AMOUNT_192": 0,
            ">STORE_AMOUNT_194": 0,
            ">STORE_AMOUNT_6087": 0
        },
        "3": {
            "LOGIC": "OR",
            ">CATALOG_CATALOG_GROUP_ID_33": 0,
            ">CATALOG_CATALOG_GROUP_ID_90": 0,
            ">CATALOG_CATALOG_GROUP_ID_96": 0,
            ">CATALOG_CATALOG_GROUP_ID_97": 0,
            ">CATALOG_CATALOG_GROUP_ID_98": 0
        },
        "=PROPERTY_458": [
            "154"
        ]
    },
    "promo": {
        "id": "165954",
        "url": "/promo/shiny-v-rassrochku/",
        "name": "Покупки в рассрочку",
        "text": "Теперь вы можете купить зимние шины, или диски в рассрочку быстро и легко: без первоначального взноса и без переплаты!",
        "imgSrc": "/upload/resize_cache/iblock/356/1075_613_1/8iiw8xmv2bzky9euo9mn57dqx6dk3xa9.jpg",
        "videoSrc": null
    },
    "promoFilter": {
        "IBLOCK_ID": 10,
        "ACTIVE": "Y",
        "=PROPERTY_SECTION": 206,
        "=PROPERTY_CATALOG_SEASON": [
            false,
            204
        ],
        "=PROPERTY_CATALOG_BRAND": [
            false
        ]
    },
    "navNum": 1,
    "pagesCount": 111,
    "pageNum": 51
}