{
    "pageUrl": "/catalog/legkovye/?arCatalogFilter_458_1500340406=Y&set_filter=Y&sort%5Brecommendations%5D=asc&PAGEN_1=52",
    "items": [
        {
            "id": 104133,
            "isNew": false,
            "EDIT_LINK": null,
            "DELETE_LINK": null,
            "props": [
                {
                    "name": "Ширина",
                    "value": "235 "
                },
                {
                    "name": "Диаметр",
                    "value": "17 "
                }
            ],
            "type": "tires",
            "isPromo": null,
            "amount": 1,
            "season": "Летние",
            "price": 11720,
            "name": "235/60 R17 102V TIGAR SUV Summer TL",
            "sectionId": 7278,
            "sectionName": "Легковые",
            "sectionPath": [
                {
                    "ID": "7278",
                    "NAME": "Легковые"
                },
                {
                    "ID": "7267",
                    "NAME": "Шины"
                }
            ],
            "imgSrc": "/upload/resize_cache/rembg-image/df1/275_275_1/3inkue4mm85lq2ns13cow89fyd5mcxbo.png",
            "url": "/catalog/legkovye/23560-r17-102v-tigar-suv-summer-tl91520/",
            "promo": [],
            "discountStores": [],
            "externalStores": [],
            "commonStores": [
                {
                    "STORE_ID": "158",
                    "PRODUCT_ID": "104133",
                    "AMOUNT": "1",
                    "PRODUCT_XML_ID": "91520",
                    "STORE_XML_ID": "351",
                    "STORE_NAME": "Оптовый Склад",
                    "PRICE": "11720.00",
                    "PRICE_ID": "9"
                }
            ],
            "brand": "TIGAR",
            "brandCode": "275",
            "vendorCode": "961785",
            "model": "SUV Summer",
            "raznItems": [
                {
                    "id": "104133",
                    "name": "235/60 R17",
                    "price": 11720,
                    "amount": "1",
                    "quantity": 1,
                    "url": "/catalog/legkovye/23560-r17-102v-tigar-suv-summer-tl91520/"
                },
                {
                    "id": "120104",
                    "name": "215/65 R17",
                    "price": 8920,
                    "amount": "7",
                    "quantity": 1,
                    "url": "/catalog/legkovye/21565-r17-99v-tigar-suv-summer-tl24277/"
                }
            ]
        },
        {
            "id": 93772,
            "isNew": false,
            "EDIT_LINK": null,
            "DELETE_LINK": null,
            "props": [
                {
                    "name": "Ширина",
                    "value": "235 "
                },
                {
                    "name": "Диаметр",
                    "value": "16 "
                }
            ],
            "type": "tires",
            "isPromo": null,
            "amount": 4,
            "season": "Летние",
            "price": 11720,
            "name": "235/70 R16 106H CONTINENTAL ContiCrossContact LX 2 TL",
            "sectionId": 7278,
            "sectionName": "Легковые",
            "sectionPath": [
                {
                    "ID": "7278",
                    "NAME": "Легковые"
                },
                {
                    "ID": "7267",
                    "NAME": "Шины"
                }
            ],
            "imgSrc": "/upload/resize_cache/rembg-image/642/275_275_1/4effd2lbcibyexcr0dgz6692d3wdxz3t.png",
            "url": "/catalog/legkovye/23570-r16-106h-continental-conticrosscontact-lx-2-tl42926/",
            "promo": [],
            "discountStores": [],
            "externalStores": [],
            "commonStores": [
                {
                    "STORE_ID": "158",
                    "PRODUCT_ID": "93772",
                    "AMOUNT": "4",
                    "PRODUCT_XML_ID": "42926",
                    "STORE_XML_ID": "351",
                    "STORE_NAME": "Оптовый Склад",
                    "PRICE": "11720.00",
                    "PRICE_ID": "9"
                }
            ],
            "brand": "CONTINENTAL",
            "brandCode": "254",
            "vendorCode": "1549279",
            "model": "ContiCrossContact LX 2",
            "raznItems": [
                {
                    "id": "93772",
                    "name": "235/70 R16",
                    "price": 11720,
                    "amount": "4",
                    "quantity": 1,
                    "url": "/catalog/legkovye/23570-r16-106h-continental-conticrosscontact-lx-2-tl42926/"
                }
            ]
        },
        {
            "id": 92911,
            "isNew": false,
            "EDIT_LINK": null,
            "DELETE_LINK": null,
            "props": [
                {
                    "name": "Ширина",
                    "value": "225 "
                },
                {
                    "name": "Диаметр",
                    "value": "18 "
                }
            ],
            "type": "tires",
            "isPromo": null,
            "amount": 1,
            "season": "Летние",
            "price": 11720,
            "name": "225/40 R18 92Y YOKOHAMA Advan Sport V105S TL",
            "sectionId": 7278,
            "sectionName": "Легковые",
            "sectionPath": [
                {
                    "ID": "7278",
                    "NAME": "Легковые"
                },
                {
                    "ID": "7267",
                    "NAME": "Шины"
                }
            ],
            "imgSrc": "/upload/resize_cache/rembg-image/57b/275_275_1/4s5y173nr22z0ufg15wzt08qu4aymw6i.png",
            "url": "/catalog/legkovye/22540-r18-92y-yokohama-advan-sport-v105s-tl07797/",
            "promo": [],
            "discountStores": [],
            "externalStores": [],
            "commonStores": [
                {
                    "STORE_ID": "158",
                    "PRODUCT_ID": "92911",
                    "AMOUNT": "1",
                    "PRODUCT_XML_ID": "FORTOCHKI_R5184",
                    "STORE_XML_ID": "351",
                    "STORE_NAME": "Оптовый Склад",
                    "PRICE": "11720.00",
                    "PRICE_ID": "9"
                }
            ],
            "brand": "YOKOHAMA",
            "brandCode": "",
            "vendorCode": "R5184",
            "model": "Advan Sport V105S",
            "raznItems": [
                {
                    "id": "92911",
                    "name": "225/40 R18",
                    "price": 11720,
                    "amount": "1",
                    "quantity": 1,
                    "url": "/catalog/legkovye/22540-r18-92y-yokohama-advan-sport-v105s-tl07797/"
                },
                {
                    "id": "93745",
                    "name": "255/35 R18",
                    "price": 16650,
                    "amount": "4",
                    "quantity": 1,
                    "url": "/catalog/legkovye/25535zr18-94y-xl-advan-sport-v105s-tl/"
                },
                {
                    "id": "101386",
                    "name": "245/40 R18",
                    "price": 14610,
                    "amount": "4",
                    "quantity": 1,
                    "url": "/catalog/legkovye/24540zr18-97y-xl-advan-sport-v105s-tl/"
                },
                {
                    "id": "104196",
                    "name": "235/50 R18",
                    "price": 14270,
                    "amount": "2",
                    "quantity": 1,
                    "url": "/catalog/legkovye/23550zr18-101y-xl-advan-sport-v105s-tl/"
                },
                {
                    "id": "121619",
                    "name": "235/55 R18",
                    "price": 14340,
                    "amount": "2",
                    "quantity": 1,
                    "url": "/catalog/legkovye/23555r18-100y-advan-sport-v105s-tl/"
                },
                {
                    "id": "142881",
                    "name": "265/40 R18",
                    "price": 18400,
                    "amount": "1",
                    "quantity": 1,
                    "url": "/catalog/legkovye/26540zr18-101y-xl-advan-sport-v105s-tl/"
                },
                {
                    "id": "144967",
                    "name": "235/40 R18",
                    "price": 16030,
                    "amount": "4",
                    "quantity": 1,
                    "url": "/catalog/legkovye/23540zr18-95y-xl-advan-sport-v105s-tl/"
                },
                {
                    "id": "145072",
                    "name": "255/45 R18",
                    "price": 16470,
                    "amount": "2",
                    "quantity": 1,
                    "url": "/catalog/legkovye/25545-r18-103y-yokohama-advan-sport-v105s-tl10353/"
                },
                {
                    "id": "156520",
                    "name": "235/40 R18",
                    "price": 16030,
                    "amount": "8",
                    "quantity": 1,
                    "url": "/catalog/legkovye/23540zr18-95y-advan-sport-v105s-tl/"
                },
                {
                    "id": "157764",
                    "name": "225/45 R18",
                    "price": 13990,
                    "amount": "4",
                    "quantity": 1,
                    "url": "/catalog/legkovye/22545zr18-95y-xl-advan-sport-v105s-tl/"
                },
                {
                    "id": "159140",
                    "name": "275/40 R18",
                    "price": 19940,
                    "amount": "2",
                    "quantity": 1,
                    "url": "/catalog/legkovye/27540r18-103y-rf-advan-sport-v105s-tl/"
                }
            ]
        },
        {
            "id": 91079,
            "isNew": false,
            "EDIT_LINK": null,
            "DELETE_LINK": null,
            "props": [
                {
                    "name": "Ширина",
                    "value": "225 "
                },
                {
                    "name": "Диаметр",
                    "value": "17 "
                }
            ],
            "type": "tires",
            "isPromo": null,
            "amount": 1,
            "season": "Летние",
            "price": 9650,
            "name": "225/65 R17 102H YOKOHAMA Parada Spec-X PA02J TL",
            "sectionId": 7278,
            "sectionName": "Легковые",
            "sectionPath": [
                {
                    "ID": "7278",
                    "NAME": "Легковые"
                },
                {
                    "ID": "7267",
                    "NAME": "Шины"
                }
            ],
            "imgSrc": "/upload/resize_cache/rembg-image/f47/275_275_1/xyerq1hosicg17zalcx92mwiqps4al69.png",
            "url": "/catalog/legkovye/22565-r17-102h-yokohama-parada-spec-x-pa02j-tl81888/",
            "promo": [],
            "discountStores": [],
            "externalStores": [],
            "commonStores": [
                {
                    "STORE_ID": "158",
                    "PRODUCT_ID": "91079",
                    "AMOUNT": "1",
                    "PRODUCT_XML_ID": "81888",
                    "STORE_XML_ID": "351",
                    "STORE_NAME": "Оптовый Склад",
                    "PRICE": "9650.00",
                    "PRICE_ID": "9"
                }
            ],
            "brand": "YOKOHAMA",
            "brandCode": "393",
            "vendorCode": "F2632",
            "model": "Parada Spec-X PA02J",
            "raznItems": [
                {
                    "id": "91079",
                    "name": "225/65 R17",
                    "price": 9650,
                    "amount": "1",
                    "quantity": 1,
                    "url": "/catalog/legkovye/22565-r17-102h-yokohama-parada-spec-x-pa02j-tl81888/"
                }
            ]
        },
        {
            "id": 113697,
            "isNew": false,
            "EDIT_LINK": null,
            "DELETE_LINK": null,
            "props": [
                {
                    "name": "Ширина",
                    "value": "255 "
                },
                {
                    "name": "Диаметр",
                    "value": "18 "
                }
            ],
            "type": "tires",
            "isPromo": null,
            "amount": 1,
            "season": "Летние",
            "price": 9940,
            "name": "255/55 R18 109H CORDIANT Comfort 2 SUV TL",
            "sectionId": 7278,
            "sectionName": "Легковые",
            "sectionPath": [
                {
                    "ID": "7278",
                    "NAME": "Легковые"
                },
                {
                    "ID": "7267",
                    "NAME": "Шины"
                }
            ],
            "imgSrc": "/upload/resize_cache/rembg-image/43b/275_275_1/qov4qlgkau0h6lxoc9s6etle1sqlto5j.png",
            "url": "/catalog/legkovye/25555-r18-109h-cordiant-comfort-2-suv-tl08812/",
            "promo": [],
            "discountStores": [],
            "externalStores": [],
            "commonStores": [
                {
                    "STORE_ID": "158",
                    "PRODUCT_ID": "113697",
                    "AMOUNT": "1",
                    "PRODUCT_XML_ID": "08812",
                    "STORE_XML_ID": "351",
                    "STORE_NAME": "Оптовый Склад",
                    "PRICE": "9940.00",
                    "PRICE_ID": "9"
                }
            ],
            "brand": "CORDIANT",
            "brandCode": "403",
            "vendorCode": "732068516",
            "model": "Comfort 2 SUV",
            "raznItems": [
                {
                    "id": "113696",
                    "name": "235/60 R18",
                    "price": 9870,
                    "amount": "1",
                    "quantity": 1,
                    "url": "/catalog/legkovye/23560-r18-107h-cordiant-comfort-2-suv-tl08810/"
                },
                {
                    "id": "113697",
                    "name": "255/55 R18",
                    "price": 9940,
                    "amount": "1",
                    "quantity": 1,
                    "url": "/catalog/legkovye/25555-r18-109h-cordiant-comfort-2-suv-tl08812/"
                },
                {
                    "id": "113698",
                    "name": "265/60 R18",
                    "price": 10870,
                    "amount": "4",
                    "quantity": 1,
                    "url": "/catalog/legkovye/26560-r18-114h-cordiant-comfort-2-suv-tl08818/"
                }
            ]
        },
        {
            "id": 106248,
            "isNew": false,
            "EDIT_LINK": null,
            "DELETE_LINK": null,
            "props": [
                {
                    "name": "Ширина",
                    "value": "205 "
                },
                {
                    "name": "Диаметр",
                    "value": "17 "
                }
            ],
            "type": "tires",
            "isPromo": null,
            "amount": 7,
            "season": "Летние",
            "price": 11760,
            "name": "205/50 R17 93W YOKOHAMA Advan Fleva V701 TL",
            "sectionId": 7278,
            "sectionName": "Легковые",
            "sectionPath": [
                {
                    "ID": "7278",
                    "NAME": "Легковые"
                },
                {
                    "ID": "7267",
                    "NAME": "Шины"
                }
            ],
            "imgSrc": "/upload/resize_cache/rembg-image/cb1/275_275_1/v336oldejgm1zx0j56pwn7bk2imvqxqk.png",
            "url": "/catalog/legkovye/20550-r17-93w-yokohama-advan-fleva-v701-tl62266/",
            "promo": [],
            "discountStores": [],
            "externalStores": [],
            "commonStores": [
                {
                    "STORE_ID": "158",
                    "PRODUCT_ID": "106248",
                    "AMOUNT": "7",
                    "PRODUCT_XML_ID": "FORTOCHKI_R0407",
                    "STORE_XML_ID": "351",
                    "STORE_NAME": "Оптовый Склад",
                    "PRICE": "11760.00",
                    "PRICE_ID": "9"
                }
            ],
            "brand": "YOKOHAMA",
            "brandCode": "",
            "vendorCode": "R0407",
            "model": "Advan Fleva V701",
            "raznItems": [
                {
                    "id": "102860",
                    "name": "225/45 R17",
                    "price": 8830,
                    "amount": "51",
                    "quantity": 1,
                    "url": "/catalog/legkovye/22545-r17-94w-yokohama-advan-fleva-v701-tl74048/"
                },
                {
                    "id": "103141",
                    "name": "215/45 R17",
                    "price": 9400,
                    "amount": "7",
                    "quantity": 1,
                    "url": "/catalog/legkovye/21545-r17-91w-yokohama-advan-fleva-v701-tl75225/"
                },
                {
                    "id": "106247",
                    "name": "215/55 R17",
                    "price": 9180,
                    "amount": "115",
                    "quantity": 1,
                    "url": "/catalog/legkovye/21555-r17-94w-yokohama-advan-fleva-v701-tl62265/"
                },
                {
                    "id": "106248",
                    "name": "205/50 R17",
                    "price": 11760,
                    "amount": "7",
                    "quantity": 1,
                    "url": "/catalog/legkovye/20550-r17-93w-yokohama-advan-fleva-v701-tl62266/"
                },
                {
                    "id": "121517",
                    "name": "205/45 R17",
                    "price": 10450,
                    "amount": "7",
                    "quantity": 1,
                    "url": "/catalog/legkovye/20545-r17-88w-yokohama-advan-fleva-v701-tl92961/"
                },
                {
                    "id": "160230",
                    "name": "245/40 R17",
                    "price": 12650,
                    "amount": "2",
                    "quantity": 1,
                    "url": "/catalog/legkovye/24540r17-95w-xl-advan-fleva-v701-tl/"
                }
            ]
        },
        {
            "id": 135508,
            "isNew": false,
            "EDIT_LINK": null,
            "DELETE_LINK": null,
            "props": [
                {
                    "name": "Ширина",
                    "value": "235 "
                },
                {
                    "name": "Диаметр",
                    "value": "18 "
                }
            ],
            "type": "tires",
            "isPromo": null,
            "amount": 6,
            "season": "Летние",
            "price": 11780,
            "name": "235/55 R18 100V NOKIAN TYRES Nordman S2 SUV TL",
            "sectionId": 7278,
            "sectionName": "Легковые",
            "sectionPath": [
                {
                    "ID": "7278",
                    "NAME": "Легковые"
                },
                {
                    "ID": "7267",
                    "NAME": "Шины"
                }
            ],
            "imgSrc": "/upload/resize_cache/rembg-image/088/275_275_1/l20df7q4y1d75444k9q8z1ffsmctysic.png",
            "url": "/catalog/legkovye/23555-r18-100v-nokian-tyres-nordman-s2-suv-tl64238/",
            "promo": [],
            "discountStores": [],
            "externalStores": [],
            "commonStores": [
                {
                    "STORE_ID": "156",
                    "PRODUCT_ID": "135508",
                    "AMOUNT": "4",
                    "PRODUCT_XML_ID": "FORTOCHKI_T431717",
                    "STORE_XML_ID": "419",
                    "STORE_NAME": "г. Челябинск, Свердловский тракт, 12б",
                    "PRICE": "11780.00",
                    "PRICE_ID": "7"
                },
                {
                    "STORE_ID": "158",
                    "PRODUCT_ID": "135508",
                    "AMOUNT": "2",
                    "PRODUCT_XML_ID": "FORTOCHKI_T431717",
                    "STORE_XML_ID": "351",
                    "STORE_NAME": "Оптовый Склад",
                    "PRICE": "11780.00",
                    "PRICE_ID": "9"
                }
            ],
            "brand": "NOKIAN TYRES",
            "brandCode": "",
            "vendorCode": "T431717",
            "model": "Nordman S2 SUV",
            "raznItems": [
                {
                    "id": "135506",
                    "name": "225/55 R18",
                    "price": 10320,
                    "amount": "4",
                    "quantity": 1,
                    "url": "/catalog/legkovye/22555-r18-98h-nokian-tyres-nordman-s2-suv-tl64240/"
                },
                {
                    "id": "135508",
                    "name": "235/55 R18",
                    "price": 11780,
                    "amount": "2",
                    "quantity": 1,
                    "url": "/catalog/legkovye/23555-r18-100v-nokian-tyres-nordman-s2-suv-tl64238/"
                },
                {
                    "id": "135510",
                    "name": "255/55 R18",
                    "price": 10590,
                    "amount": "60",
                    "quantity": 1,
                    "url": "/catalog/legkovye/25555-r18-109v-nokian-tyres-nordman-s2-suv-tl64236/"
                },
                {
                    "id": "135512",
                    "name": "285/60 R18",
                    "price": 12810,
                    "amount": "47",
                    "quantity": 1,
                    "url": "/catalog/legkovye/28560-r18-116v-nokian-tyres-nordman-s2-suv-tl64233/"
                }
            ]
        },
        {
            "id": 102815,
            "isNew": false,
            "EDIT_LINK": null,
            "DELETE_LINK": null,
            "props": [
                {
                    "name": "Ширина",
                    "value": "225 "
                },
                {
                    "name": "Диаметр",
                    "value": "16 "
                }
            ],
            "type": "tires",
            "isPromo": null,
            "amount": 9,
            "season": "Летние",
            "price": 9730,
            "name": "225/70 R16 103H YOKOHAMA Geolandar A/T G015 TL",
            "sectionId": 7278,
            "sectionName": "Легковые",
            "sectionPath": [
                {
                    "ID": "7278",
                    "NAME": "Легковые"
                },
                {
                    "ID": "7267",
                    "NAME": "Шины"
                }
            ],
            "imgSrc": "/upload/resize_cache/rembg-image/ce1/275_275_1/0755s237drohubbhy0sclpm9pygtow5m.png",
            "url": "/catalog/legkovye/22570-r16-103h-yokohama-geolandar-at-g015-tl74003/",
            "promo": [],
            "discountStores": [],
            "externalStores": [],
            "commonStores": [
                {
                    "STORE_ID": "156",
                    "PRODUCT_ID": "102815",
                    "AMOUNT": "4",
                    "PRODUCT_XML_ID": "FORTOCHKI_R1158",
                    "STORE_XML_ID": "419",
                    "STORE_NAME": "г. Челябинск, Свердловский тракт, 12б",
                    "PRICE": "9730.00",
                    "PRICE_ID": "7"
                },
                {
                    "STORE_ID": "158",
                    "PRODUCT_ID": "102815",
                    "AMOUNT": "1",
                    "PRODUCT_XML_ID": "FORTOCHKI_R1158",
                    "STORE_XML_ID": "351",
                    "STORE_NAME": "Оптовый Склад",
                    "PRICE": "9730.00",
                    "PRICE_ID": "9"
                },
                {
                    "STORE_ID": "168",
                    "PRODUCT_ID": "102815",
                    "AMOUNT": "4",
                    "PRODUCT_XML_ID": "FORTOCHKI_R1158",
                    "STORE_XML_ID": "391",
                    "STORE_NAME": "г. Челябинск, ул. Бр.Кашириных, 93б",
                    "PRICE": null,
                    "PRICE_ID": null
                }
            ],
            "brand": "YOKOHAMA",
            "brandCode": "",
            "vendorCode": "R1158",
            "model": "Geolandar A/T G015",
            "raznItems": [
                {
                    "id": "102815",
                    "name": "225/70 R16",
                    "price": 9730,
                    "amount": "4",
                    "quantity": 1,
                    "url": "/catalog/legkovye/22570-r16-103h-yokohama-geolandar-at-g015-tl74003/"
                },
                {
                    "id": "102816",
                    "name": "235/60 R16",
                    "price": 9860,
                    "amount": "20",
                    "quantity": 1,
                    "url": "/catalog/legkovye/23560r16-100h-geolandar-at-g015-tl-m-s-3pmsf/"
                },
                {
                    "id": "102822",
                    "name": "245/70 R16",
                    "price": 10870,
                    "amount": "1",
                    "quantity": 1,
                    "url": "/catalog/legkovye/24570-r16-111h-yokohama-geolandar-at-g015-tl74010/"
                },
                {
                    "id": "102828",
                    "name": "265/70 R16",
                    "price": 11230,
                    "amount": "4",
                    "quantity": 1,
                    "url": "/catalog/legkovye/26570-r16-112h-yokohama-geolandar-at-g015-tl74016/"
                },
                {
                    "id": "102831",
                    "name": "275/70 R16",
                    "price": 11210,
                    "amount": "3",
                    "quantity": 1,
                    "url": "/catalog/legkovye/27570-r16-114h-yokohama-geolandar-at-g015-tl74019/"
                },
                {
                    "id": "102840",
                    "name": "265/75 R16",
                    "price": 12670,
                    "amount": "2",
                    "quantity": 1,
                    "url": "/catalog/legkovye/26575-r16-114t-yokohama-geolandar-at-g015-tl74028/"
                },
                {
                    "id": "140215",
                    "name": "205/80 R16",
                    "price": 9300,
                    "amount": "5",
                    "quantity": 1,
                    "url": "/catalog/legkovye/20580r16-104t-geolandar-at-g015-tl-m-s-3pmsf/"
                },
                {
                    "id": "143436",
                    "name": "255/65 R16",
                    "price": 10720,
                    "amount": "2",
                    "quantity": 1,
                    "url": "/catalog/legkovye/25565r16-109h-geolandar-at-g015-tl-ms-3pmsf-r1146/"
                }
            ]
        },
        {
            "id": 144956,
            "isNew": false,
            "EDIT_LINK": null,
            "DELETE_LINK": null,
            "props": [
                {
                    "name": "Ширина",
                    "value": "215 "
                },
                {
                    "name": "Диаметр",
                    "value": "16 "
                }
            ],
            "type": "tires",
            "isPromo": null,
            "amount": 51,
            "season": "Летние",
            "price": 11880,
            "name": "215/65 R16 102H MICHELIN Latitude Cross TL",
            "sectionId": 7278,
            "sectionName": "Легковые",
            "sectionPath": [
                {
                    "ID": "7278",
                    "NAME": "Легковые"
                },
                {
                    "ID": "7267",
                    "NAME": "Шины"
                }
            ],
            "imgSrc": "/upload/resize_cache/rembg-image/5fc/275_275_1/67zraehkwpweol8a11vcxy813rfya31n.png",
            "url": "/catalog/legkovye/21565-r16-102h-michelin-latitude-cross-tl07596/",
            "promo": [],
            "discountStores": [],
            "externalStores": [],
            "commonStores": [
                {
                    "STORE_ID": "158",
                    "PRODUCT_ID": "144956",
                    "AMOUNT": "51",
                    "PRODUCT_XML_ID": "FORTOCHKI_739896",
                    "STORE_XML_ID": "351",
                    "STORE_NAME": "Оптовый Склад",
                    "PRICE": "11880.00",
                    "PRICE_ID": "9"
                }
            ],
            "brand": "MICHELIN",
            "brandCode": "",
            "vendorCode": "739896",
            "model": "Latitude Cross",
            "raznItems": [
                {
                    "id": "124773",
                    "name": "205/80 R16",
                    "price": 13470,
                    "amount": "4",
                    "quantity": 1,
                    "url": "/catalog/legkovye/20580r16-104t-xl-latitude-cross-dt-tl/"
                },
                {
                    "id": "124775",
                    "name": "235/70 R16",
                    "price": 14440,
                    "amount": "2",
                    "quantity": 1,
                    "url": "/catalog/legkovye/23570r16-106h-latitude-cross-dt-tl/"
                },
                {
                    "id": "144956",
                    "name": "215/65 R16",
                    "price": 11880,
                    "amount": "51",
                    "quantity": 1,
                    "url": "/catalog/legkovye/21565-r16-102h-michelin-latitude-cross-tl07596/"
                }
            ]
        },
        {
            "id": 136644,
            "isNew": false,
            "EDIT_LINK": null,
            "DELETE_LINK": null,
            "props": [
                {
                    "name": "Ширина",
                    "value": "225 "
                },
                {
                    "name": "Диаметр",
                    "value": "15 "
                }
            ],
            "type": "tires",
            "isPromo": null,
            "amount": 2,
            "season": "Летние",
            "price": 11880,
            "name": "225/60 R15 96H HANKOOK Optimo ME02 K424 TL",
            "sectionId": 7278,
            "sectionName": "Легковые",
            "sectionPath": [
                {
                    "ID": "7278",
                    "NAME": "Легковые"
                },
                {
                    "ID": "7267",
                    "NAME": "Шины"
                }
            ],
            "imgSrc": "/upload/resize_cache/rembg-image/75f/275_275_1/mrk4ox0dg71bp0wuem98lrbvuq36r00y.png",
            "url": "/catalog/legkovye/22560r15-96h-optimo-me02-k424-tl/",
            "promo": [],
            "discountStores": [],
            "externalStores": [],
            "commonStores": [],
            "brand": "HANKOOK",
            "brandCode": "",
            "vendorCode": "1010712",
            "model": "Optimo ME02 K424",
            "raznItems": [
                {
                    "id": "99631",
                    "name": "205/65 R15",
                    "price": 7950,
                    "amount": "3",
                    "quantity": 1,
                    "url": "/catalog/legkovye/20565r15-94h-optimo-me02-k424-tl/"
                },
                {
                    "id": "136644",
                    "name": "225/60 R15",
                    "price": 11880,
                    "amount": "2",
                    "quantity": 1,
                    "url": "/catalog/legkovye/22560r15-96h-optimo-me02-k424-tl/"
                },
                {
                    "id": "145074",
                    "name": "195/60 R15",
                    "price": 6110,
                    "amount": "41",
                    "quantity": 1,
                    "url": "/catalog/legkovye/19560r15-88h-optimo-me02-k424-tl/"
                }
            ]
        },
        {
            "id": 159357,
            "isNew": false,
            "EDIT_LINK": null,
            "DELETE_LINK": null,
            "props": [
                {
                    "name": "Ширина",
                    "value": "225 "
                },
                {
                    "name": "Диаметр",
                    "value": "18 "
                }
            ],
            "type": "tires",
            "isPromo": null,
            "amount": 4,
            "season": "Летние",
            "price": 11920,
            "name": "225/50 R18 95W MARSHAL MU12 TL",
            "sectionId": 7278,
            "sectionName": "Легковые",
            "sectionPath": [
                {
                    "ID": "7278",
                    "NAME": "Легковые"
                },
                {
                    "ID": "7267",
                    "NAME": "Шины"
                }
            ],
            "imgSrc": "/upload/resize_cache/rembg-image/08b/275_275_1/tj2ky6kga49bpicqy373n58rumndgr76.png",
            "url": "/catalog/legkovye/22550zr18-95w-mu12-tl/",
            "promo": [],
            "discountStores": [],
            "externalStores": [],
            "commonStores": [],
            "brand": "MARSHAL",
            "brandCode": "",
            "vendorCode": "2279743",
            "model": "MU12",
            "raznItems": [
                {
                    "id": "139386",
                    "name": "245/45 R18",
                    "price": 10640,
                    "amount": "12",
                    "quantity": 1,
                    "url": "/catalog/legkovye/24545zr18-100y-xl-mu12-tl/"
                },
                {
                    "id": "142916",
                    "name": "235/45 R18",
                    "price": 12810,
                    "amount": "9",
                    "quantity": 1,
                    "url": "/catalog/legkovye/23545zr18-98y-xl-mu12-tl/"
                },
                {
                    "id": "144120",
                    "name": "225/40 R18",
                    "price": 9530,
                    "amount": "13",
                    "quantity": 1,
                    "url": "/catalog/legkovye/22540zr18-92y-xl-mu12-tl/"
                },
                {
                    "id": "144319",
                    "name": "245/40 R18",
                    "price": 10630,
                    "amount": "10",
                    "quantity": 1,
                    "url": "/catalog/legkovye/24540zr18-97y-xl-mu12-tl/"
                },
                {
                    "id": "158596",
                    "name": "245/45 R18",
                    "price": 10460,
                    "amount": "5",
                    "quantity": 1,
                    "url": "/catalog/legkovye/24545zr18-100w-xl-mu12-tl/"
                },
                {
                    "id": "159357",
                    "name": "225/50 R18",
                    "price": 11920,
                    "amount": "4",
                    "quantity": 1,
                    "url": "/catalog/legkovye/22550zr18-95w-mu12-tl/"
                },
                {
                    "id": "159412",
                    "name": "225/60 R18",
                    "price": 10830,
                    "amount": "4",
                    "quantity": 1,
                    "url": "/catalog/legkovye/22560r18-104h-xl-mu12-tl/"
                },
                {
                    "id": "159414",
                    "name": "285/60 R18",
                    "price": 13910,
                    "amount": "1",
                    "quantity": 1,
                    "url": "/catalog/legkovye/28560r18-116v-mu12-tl/"
                }
            ]
        },
        {
            "id": 139983,
            "isNew": false,
            "EDIT_LINK": null,
            "DELETE_LINK": null,
            "props": [
                {
                    "name": "Ширина",
                    "value": "215 "
                },
                {
                    "name": "Диаметр",
                    "value": "18 "
                }
            ],
            "type": "tires",
            "isPromo": null,
            "amount": 10,
            "season": "Летние",
            "price": 11930,
            "name": "215/55 R18 99V YOKOHAMA Geolandar CV G058 TL",
            "sectionId": 7278,
            "sectionName": "Легковые",
            "sectionPath": [
                {
                    "ID": "7278",
                    "NAME": "Легковые"
                },
                {
                    "ID": "7267",
                    "NAME": "Шины"
                }
            ],
            "imgSrc": "/upload/resize_cache/rembg-image/867/275_275_1/9mcu7o7knxvqmk9byvssxm1dez34czqs.png",
            "url": "/catalog/legkovye/21555r18-99v-geolandar-cv-g058-tl/",
            "promo": [],
            "discountStores": [],
            "externalStores": [],
            "commonStores": [],
            "brand": "YOKOHAMA",
            "brandCode": "",
            "vendorCode": "R5691",
            "model": "Geolandar CV G058",
            "raznItems": [
                {
                    "id": "119779",
                    "name": "225/55 R18",
                    "price": 12480,
                    "amount": "4",
                    "quantity": 1,
                    "url": "/catalog/legkovye/22555-r18-98v-yokohama-geolandar-g058-tl23743/"
                },
                {
                    "id": "139983",
                    "name": "215/55 R18",
                    "price": 11930,
                    "amount": "10",
                    "quantity": 1,
                    "url": "/catalog/legkovye/21555r18-99v-geolandar-cv-g058-tl/"
                }
            ]
        },
        {
            "id": 90579,
            "isNew": false,
            "EDIT_LINK": null,
            "DELETE_LINK": null,
            "props": [
                {
                    "name": "Ширина",
                    "value": "215 "
                },
                {
                    "name": "Диаметр",
                    "value": "16 "
                }
            ],
            "type": "tires",
            "isPromo": null,
            "amount": 10,
            "season": "Летние",
            "price": 11940,
            "name": "215/65 R16 98H MICHELIN Latitude Tour HP TL",
            "sectionId": 7278,
            "sectionName": "Легковые",
            "sectionPath": [
                {
                    "ID": "7278",
                    "NAME": "Легковые"
                },
                {
                    "ID": "7267",
                    "NAME": "Шины"
                }
            ],
            "imgSrc": "/upload/resize_cache/rembg-image/f71/275_275_1/enzod9ocoh7egmqs63jjha1ip0hf0dj1.png",
            "url": "/catalog/legkovye/21565-r16-98h-michelin-latitude-tour-hp-tl37411/",
            "promo": [],
            "discountStores": [],
            "externalStores": [],
            "commonStores": [
                {
                    "STORE_ID": "158",
                    "PRODUCT_ID": "90579",
                    "AMOUNT": "6",
                    "PRODUCT_XML_ID": "37411",
                    "STORE_XML_ID": "351",
                    "STORE_NAME": "Оптовый Склад",
                    "PRICE": "11940.00",
                    "PRICE_ID": "9"
                },
                {
                    "STORE_ID": "161",
                    "PRODUCT_ID": "90579",
                    "AMOUNT": "4",
                    "PRODUCT_XML_ID": "37411",
                    "STORE_XML_ID": "383",
                    "STORE_NAME": "г. Челябинск, ул. Федорова 2а",
                    "PRICE": "11940.00",
                    "PRICE_ID": "12"
                }
            ],
            "brand": "MICHELIN",
            "brandCode": "",
            "vendorCode": "286277",
            "model": "Latitude Tour HP",
            "raznItems": [
                {
                    "id": "90579",
                    "name": "215/65 R16",
                    "price": 11940,
                    "amount": "4",
                    "quantity": 1,
                    "url": "/catalog/legkovye/21565-r16-98h-michelin-latitude-tour-hp-tl37411/"
                }
            ]
        },
        {
            "id": 144023,
            "isNew": false,
            "EDIT_LINK": null,
            "DELETE_LINK": null,
            "props": [
                {
                    "name": "Ширина",
                    "value": "225 "
                },
                {
                    "name": "Диаметр",
                    "value": "18 "
                }
            ],
            "type": "tires",
            "isPromo": null,
            "amount": 21,
            "season": "Летние",
            "price": 11960,
            "name": "225/55 R18 98V MARSHAL Crugen HP91 TL",
            "sectionId": 7278,
            "sectionName": "Легковые",
            "sectionPath": [
                {
                    "ID": "7278",
                    "NAME": "Легковые"
                },
                {
                    "ID": "7267",
                    "NAME": "Шины"
                }
            ],
            "imgSrc": "/upload/resize_cache/rembg-image/4c7/275_275_1/uq212792c3c8ni3pfcme4cchxizo0eis.png",
            "url": "/catalog/legkovye/22555r18-98v-crugen-hp91-tl/",
            "promo": [],
            "discountStores": [],
            "externalStores": [],
            "commonStores": [],
            "brand": "MARSHAL",
            "brandCode": "",
            "vendorCode": "2155263",
            "model": "Crugen HP91",
            "raznItems": [
                {
                    "id": "144023",
                    "name": "225/55 R18",
                    "price": 11960,
                    "amount": "21",
                    "quantity": 1,
                    "url": "/catalog/legkovye/22555r18-98v-crugen-hp91-tl/"
                }
            ]
        }
    ],
    "filter": {
        "0": {
            "LOGIC": "OR",
            ">STORE_AMOUNT_156": 0,
            ">STORE_AMOUNT_158": 0,
            ">STORE_AMOUNT_159": 0,
            ">STORE_AMOUNT_160": 0,
            ">STORE_AMOUNT_161": 0,
            ">STORE_AMOUNT_164": 0,
            ">STORE_AMOUNT_165": 0,
            ">STORE_AMOUNT_168": 0,
            ">STORE_AMOUNT_169": 0,
            ">STORE_AMOUNT_174": 0,
            ">STORE_AMOUNT_180": 0,
            ">STORE_AMOUNT_184": 0,
            ">STORE_AMOUNT_185": 0,
            ">STORE_AMOUNT_191": 0,
            ">STORE_AMOUNT_192": 0,
            ">STORE_AMOUNT_194": 0,
            ">STORE_AMOUNT_6087": 0
        },
        "1": {
            "LOGIC": "OR",
            ">CATALOG_CATALOG_GROUP_ID_33": 0,
            ">CATALOG_CATALOG_GROUP_ID_90": 0,
            ">CATALOG_CATALOG_GROUP_ID_96": 0,
            ">CATALOG_CATALOG_GROUP_ID_97": 0,
            ">CATALOG_CATALOG_GROUP_ID_98": 0
        },
        "2": {
            "LOGIC": "OR",
            ">STORE_AMOUNT_156": 0,
            ">STORE_AMOUNT_158": 0,
            ">STORE_AMOUNT_159": 0,
            ">STORE_AMOUNT_160": 0,
            ">STORE_AMOUNT_161": 0,
            ">STORE_AMOUNT_164": 0,
            ">STORE_AMOUNT_165": 0,
            ">STORE_AMOUNT_168": 0,
            ">STORE_AMOUNT_169": 0,
            ">STORE_AMOUNT_174": 0,
            ">STORE_AMOUNT_180": 0,
            ">STORE_AMOUNT_184": 0,
            ">STORE_AMOUNT_185": 0,
            ">STORE_AMOUNT_191": 0,
            ">STORE_AMOUNT_192": 0,
            ">STORE_AMOUNT_194": 0,
            ">STORE_AMOUNT_6087": 0
        },
        "3": {
            "LOGIC": "OR",
            ">CATALOG_CATALOG_GROUP_ID_33": 0,
            ">CATALOG_CATALOG_GROUP_ID_90": 0,
            ">CATALOG_CATALOG_GROUP_ID_96": 0,
            ">CATALOG_CATALOG_GROUP_ID_97": 0,
            ">CATALOG_CATALOG_GROUP_ID_98": 0
        },
        "=PROPERTY_458": [
            "154"
        ]
    },
    "promo": {
        "id": "165954",
        "url": "/promo/shiny-v-rassrochku/",
        "name": "Покупки в рассрочку",
        "text": "Теперь вы можете купить зимние шины, или диски в рассрочку быстро и легко: без первоначального взноса и без переплаты!",
        "imgSrc": "/upload/resize_cache/iblock/356/1075_613_1/8iiw8xmv2bzky9euo9mn57dqx6dk3xa9.jpg",
        "videoSrc": null
    },
    "promoFilter": {
        "IBLOCK_ID": 10,
        "ACTIVE": "Y",
        "=PROPERTY_SECTION": 206,
        "=PROPERTY_CATALOG_SEASON": [
            false,
            204
        ],
        "=PROPERTY_CATALOG_BRAND": [
            false
        ]
    },
    "navNum": 1,
    "pagesCount": 111,
    "pageNum": 52
}