{
    "pageUrl": "/catalog/legkovye/?arCatalogFilter_458_1500340406=Y&set_filter=Y&sort%5Brecommendations%5D=asc&PAGEN_1=53",
    "items": [
        {
            "id": 103124,
            "isNew": false,
            "EDIT_LINK": null,
            "DELETE_LINK": null,
            "props": [
                {
                    "name": "Ширина",
                    "value": "235 "
                },
                {
                    "name": "Диаметр",
                    "value": "17 "
                }
            ],
            "type": "tires",
            "isPromo": null,
            "amount": 20,
            "season": "Летние",
            "price": 11960,
            "name": "235/45 R17 97Y MICHELIN Pilot Sport 4 TL",
            "sectionId": 7278,
            "sectionName": "Легковые",
            "sectionPath": [
                {
                    "ID": "7278",
                    "NAME": "Легковые"
                },
                {
                    "ID": "7267",
                    "NAME": "Шины"
                }
            ],
            "imgSrc": "/upload/resize_cache/rembg-image/31d/275_275_1/1tbhw6pk7zjfnzsqtxoejifyujysjvv1.png",
            "url": "/catalog/legkovye/23545-r17-97y-michelin-pilot-sport-4-tl75168/",
            "promo": [],
            "discountStores": [],
            "externalStores": [],
            "commonStores": [
                {
                    "STORE_ID": "158",
                    "PRODUCT_ID": "103124",
                    "AMOUNT": "20",
                    "PRODUCT_XML_ID": "FORTOCHKI_710920",
                    "STORE_XML_ID": "351",
                    "STORE_NAME": "Оптовый Склад",
                    "PRICE": "11960.00",
                    "PRICE_ID": "9"
                }
            ],
            "brand": "MICHELIN",
            "brandCode": "",
            "vendorCode": "710920",
            "model": "Pilot Sport 4",
            "raznItems": [
                {
                    "id": "103124",
                    "name": "235/45 R17",
                    "price": 11960,
                    "amount": "20",
                    "quantity": 1,
                    "url": "/catalog/legkovye/23545-r17-97y-michelin-pilot-sport-4-tl75168/"
                },
                {
                    "id": "121443",
                    "name": "215/50 R17",
                    "price": 16230,
                    "amount": "26",
                    "quantity": 1,
                    "url": "/catalog/legkovye/21550-r17-95y-michelin-pilot-sport-4-tl93116/"
                }
            ]
        },
        {
            "id": 145182,
            "isNew": false,
            "EDIT_LINK": null,
            "DELETE_LINK": null,
            "props": [
                {
                    "name": "Ширина",
                    "value": "225 "
                },
                {
                    "name": "Диаметр",
                    "value": "18 "
                }
            ],
            "type": "tires",
            "isPromo": null,
            "amount": 4,
            "season": "Летние",
            "price": 11990,
            "name": "225/40 R18 88Y GOODYEAR Eagle F1 Asymmetric 2 TL",
            "sectionId": 7278,
            "sectionName": "Легковые",
            "sectionPath": [
                {
                    "ID": "7278",
                    "NAME": "Легковые"
                },
                {
                    "ID": "7267",
                    "NAME": "Шины"
                }
            ],
            "imgSrc": "/upload/resize_cache/rembg-image/796/275_275_1/881j0zey3e3htdm4ajf5um17uafa0aq6.png",
            "url": "/catalog/legkovye/22540r18-88y-eagle-f1-asymmetric-2--tl-fp-rft/",
            "promo": [],
            "discountStores": [],
            "externalStores": [],
            "commonStores": [],
            "brand": "GOODYEAR",
            "brandCode": "",
            "vendorCode": "526767",
            "model": "Eagle F1 Asymmetric 2",
            "raznItems": [
                {
                    "id": "145182",
                    "name": "225/40 R18",
                    "price": 11990,
                    "amount": "4",
                    "quantity": 1,
                    "url": "/catalog/legkovye/22540r18-88y-eagle-f1-asymmetric-2--tl-fp-rft/"
                }
            ]
        },
        {
            "id": 138325,
            "isNew": false,
            "EDIT_LINK": null,
            "DELETE_LINK": null,
            "props": [
                {
                    "name": "Ширина",
                    "value": "225 "
                },
                {
                    "name": "Диаметр",
                    "value": "18 "
                }
            ],
            "type": "tires",
            "isPromo": null,
            "amount": 36,
            "season": "Летние",
            "price": 12000,
            "name": "225/55 R18 98V PIRELLI Powergy TL",
            "sectionId": 7278,
            "sectionName": "Легковые",
            "sectionPath": [
                {
                    "ID": "7278",
                    "NAME": "Легковые"
                },
                {
                    "ID": "7267",
                    "NAME": "Шины"
                }
            ],
            "imgSrc": "/upload/resize_cache/rembg-image/c00/275_275_1/t3pa82vm4md48pb9p72c3j2tl02gm7o6.png",
            "url": "/catalog/legkovye/22555-r18-98v-pirelli-powergy-tl54309/",
            "promo": [],
            "discountStores": [],
            "externalStores": [],
            "commonStores": [
                {
                    "STORE_ID": "158",
                    "PRODUCT_ID": "138325",
                    "AMOUNT": "36",
                    "PRODUCT_XML_ID": "54309",
                    "STORE_XML_ID": "351",
                    "STORE_NAME": "Оптовый Склад",
                    "PRICE": "12000.00",
                    "PRICE_ID": "9"
                }
            ],
            "brand": "PIRELLI",
            "brandCode": "",
            "vendorCode": "3925800",
            "model": "Powergy",
            "raznItems": [
                {
                    "id": "138316",
                    "name": "245/40 R18",
                    "price": 12840,
                    "amount": "61",
                    "quantity": 1,
                    "url": "/catalog/legkovye/24540-r18-97y-pirelli-powergy-tl54330/"
                },
                {
                    "id": "138318",
                    "name": "225/40 R18",
                    "price": 9260,
                    "amount": "4",
                    "quantity": 1,
                    "url": "/catalog/legkovye/22540-r18-92y-pirelli-powergy-tl54325/"
                },
                {
                    "id": "138325",
                    "name": "225/55 R18",
                    "price": 12000,
                    "amount": "36",
                    "quantity": 1,
                    "url": "/catalog/legkovye/22555-r18-98v-pirelli-powergy-tl54309/"
                },
                {
                    "id": "138326",
                    "name": "245/45 R18",
                    "price": 12790,
                    "amount": "44",
                    "quantity": 1,
                    "url": "/catalog/legkovye/24545-r18-100y-pirelli-powergy-tl54308/"
                },
                {
                    "id": "156662",
                    "name": "225/45 R18",
                    "price": 12540,
                    "amount": "4",
                    "quantity": 1,
                    "url": "/catalog/legkovye/22545-r18-95y-pirelli-powergy-tl25493/"
                },
                {
                    "id": "156665",
                    "name": "215/55 R18",
                    "price": 9770,
                    "amount": "3",
                    "quantity": 1,
                    "url": "/catalog/legkovye/21555-r18-99v-pirelli-powergy-tl25497/"
                },
                {
                    "id": "156666",
                    "name": "225/60 R18",
                    "price": 11840,
                    "amount": "1",
                    "quantity": 1,
                    "url": "/catalog/legkovye/22560-r18-104v-pirelli-powergy-tl25498/"
                }
            ]
        },
        {
            "id": 101705,
            "isNew": false,
            "EDIT_LINK": null,
            "DELETE_LINK": null,
            "props": [
                {
                    "name": "Ширина",
                    "value": "235 "
                },
                {
                    "name": "Диаметр",
                    "value": "18 "
                }
            ],
            "type": "tires",
            "isPromo": null,
            "amount": 20,
            "season": "Летние",
            "price": 12010,
            "name": "235/60 R18 107V BFGOODRICH Urban Terrain T/A TL",
            "sectionId": 7278,
            "sectionName": "Легковые",
            "sectionPath": [
                {
                    "ID": "7278",
                    "NAME": "Легковые"
                },
                {
                    "ID": "7267",
                    "NAME": "Шины"
                }
            ],
            "imgSrc": "/upload/resize_cache/rembg-image/309/275_275_1/4ty12mr5t9swp67tvton95mea9ws4uin.png",
            "url": "/catalog/legkovye/23560r18-107v-xl-urban-terrain-ta-tl/",
            "promo": [],
            "discountStores": [],
            "externalStores": [],
            "commonStores": [],
            "brand": "BFGOODRICH",
            "brandCode": "",
            "vendorCode": "567718",
            "model": "Urban Terrain T/A",
            "raznItems": [
                {
                    "id": "101705",
                    "name": "235/60 R18",
                    "price": 12010,
                    "amount": "20",
                    "quantity": 1,
                    "url": "/catalog/legkovye/23560r18-107v-xl-urban-terrain-ta-tl/"
                }
            ]
        },
        {
            "id": 150397,
            "isNew": false,
            "EDIT_LINK": null,
            "DELETE_LINK": null,
            "props": [
                {
                    "name": "Ширина",
                    "value": "235 "
                },
                {
                    "name": "Диаметр",
                    "value": "18 "
                }
            ],
            "type": "tires",
            "isPromo": null,
            "amount": 2,
            "season": "Летние",
            "price": 12030,
            "name": "235/45 R18 98W NEXEN NFera RU1 TL",
            "sectionId": 7278,
            "sectionName": "Легковые",
            "sectionPath": [
                {
                    "ID": "7278",
                    "NAME": "Легковые"
                },
                {
                    "ID": "7267",
                    "NAME": "Шины"
                }
            ],
            "imgSrc": "/upload/resize_cache/rembg-image/c7c/275_275_1/k9w8nmefqdh1fudnh6rz7mimh6ykia2g.png",
            "url": "/catalog/legkovye/23545-r18-98w-nexen-nfera-ru1-tl44829/",
            "promo": [],
            "discountStores": [],
            "externalStores": [],
            "commonStores": [
                {
                    "STORE_ID": "158",
                    "PRODUCT_ID": "150397",
                    "AMOUNT": "2",
                    "PRODUCT_XML_ID": "44829",
                    "STORE_XML_ID": "351",
                    "STORE_NAME": "Оптовый Склад",
                    "PRICE": "12030.00",
                    "PRICE_ID": "9"
                }
            ],
            "brand": "NEXEN",
            "brandCode": "321",
            "vendorCode": "NXK12324",
            "model": "NFera RU1",
            "raznItems": [
                {
                    "id": "150397",
                    "name": "235/45 R18",
                    "price": 12030,
                    "amount": "2",
                    "quantity": 1,
                    "url": "/catalog/legkovye/23545-r18-98w-nexen-nfera-ru1-tl44829/"
                }
            ]
        },
        {
            "id": 135322,
            "isNew": false,
            "EDIT_LINK": null,
            "DELETE_LINK": null,
            "props": [
                {
                    "name": "Ширина",
                    "value": "245 "
                },
                {
                    "name": "Диаметр",
                    "value": "18 "
                }
            ],
            "type": "tires",
            "isPromo": null,
            "amount": 8,
            "season": "Летние",
            "price": 12030,
            "name": "245/40 R18 97Y BFGOODRICH Advantage TL",
            "sectionId": 7278,
            "sectionName": "Легковые",
            "sectionPath": [
                {
                    "ID": "7278",
                    "NAME": "Легковые"
                },
                {
                    "ID": "7267",
                    "NAME": "Шины"
                }
            ],
            "imgSrc": "/upload/resize_cache/rembg-image/cf4/275_275_1/w4hmtbpmviwotewcdsbsr2353fra1std.png",
            "url": "/catalog/legkovye/24540-r18-97y-bfgoodrich-advantage-tl65114/",
            "promo": [],
            "discountStores": [],
            "externalStores": [],
            "commonStores": [
                {
                    "STORE_ID": "158",
                    "PRODUCT_ID": "135322",
                    "AMOUNT": "8",
                    "PRODUCT_XML_ID": "FORTOCHKI_617553",
                    "STORE_XML_ID": "351",
                    "STORE_NAME": "Оптовый Склад",
                    "PRICE": "12030.00",
                    "PRICE_ID": "9"
                }
            ],
            "brand": "BFGOODRICH",
            "brandCode": "",
            "vendorCode": "617553",
            "model": "Advantage",
            "raznItems": [
                {
                    "id": "135319",
                    "name": "225/40 R18",
                    "price": 9280,
                    "amount": "4",
                    "quantity": 1,
                    "url": "/catalog/legkovye/22540-r18-92y-bfgoodrich-advantage-tl65117/"
                },
                {
                    "id": "135322",
                    "name": "245/40 R18",
                    "price": 12030,
                    "amount": "8",
                    "quantity": 1,
                    "url": "/catalog/legkovye/24540-r18-97y-bfgoodrich-advantage-tl65114/"
                }
            ]
        },
        {
            "id": 104246,
            "isNew": false,
            "EDIT_LINK": null,
            "DELETE_LINK": null,
            "props": [
                {
                    "name": "Ширина",
                    "value": "225 "
                },
                {
                    "name": "Диаметр",
                    "value": "17 "
                }
            ],
            "type": "tires",
            "isPromo": null,
            "amount": 1,
            "season": "Летние",
            "price": 12030,
            "name": "225/55 R17 97V BRIDGESTONE Ecopia EP300 TL",
            "sectionId": 7278,
            "sectionName": "Легковые",
            "sectionPath": [
                {
                    "ID": "7278",
                    "NAME": "Легковые"
                },
                {
                    "ID": "7267",
                    "NAME": "Шины"
                }
            ],
            "imgSrc": "/upload/resize_cache/rembg-image/005/275_275_1/ank47zulnhfqkbqvwz6cti3hz0wwddpf.png",
            "url": "/catalog/legkovye/22555-r17-97v-bridgestone-ecopia-ep300-tl04710/",
            "promo": [],
            "discountStores": [],
            "externalStores": [],
            "commonStores": [
                {
                    "STORE_ID": "158",
                    "PRODUCT_ID": "104246",
                    "AMOUNT": "1",
                    "PRODUCT_XML_ID": "04710",
                    "STORE_XML_ID": "351",
                    "STORE_NAME": "Оптовый Склад",
                    "PRICE": "12030.00",
                    "PRICE_ID": "9"
                }
            ],
            "brand": "BRIDGESTONE",
            "brandCode": "250",
            "vendorCode": "12932",
            "model": "Ecopia EP300",
            "raznItems": [
                {
                    "id": "104246",
                    "name": "225/55 R17",
                    "price": 12030,
                    "amount": "1",
                    "quantity": 1,
                    "url": "/catalog/legkovye/22555-r17-97v-bridgestone-ecopia-ep300-tl04710/"
                }
            ]
        },
        {
            "id": 156114,
            "isNew": false,
            "EDIT_LINK": null,
            "DELETE_LINK": null,
            "props": [
                {
                    "name": "Ширина",
                    "value": "275 "
                },
                {
                    "name": "Диаметр",
                    "value": "19 "
                }
            ],
            "type": "tires",
            "isPromo": null,
            "amount": 36,
            "season": "Летние",
            "price": 12050,
            "name": "275/35 R19 96Y SAILUN Atrezzo ZSR TL",
            "sectionId": 7278,
            "sectionName": "Легковые",
            "sectionPath": [
                {
                    "ID": "7278",
                    "NAME": "Легковые"
                },
                {
                    "ID": "7267",
                    "NAME": "Шины"
                }
            ],
            "imgSrc": "/upload/resize_cache/rembg-image/684/275_275_1/3luutgtqxbfiu4vy1u5c10t9r1prmvq7.png",
            "url": "/catalog/legkovye/27535-r19-96y-sailun-atrezzo-zsr-tl25005/",
            "promo": [],
            "discountStores": [],
            "externalStores": [],
            "commonStores": [
                {
                    "STORE_ID": "158",
                    "PRODUCT_ID": "156114",
                    "AMOUNT": "36",
                    "PRODUCT_XML_ID": "25005",
                    "STORE_XML_ID": "351",
                    "STORE_NAME": "Оптовый Склад",
                    "PRICE": "12050.00",
                    "PRICE_ID": "9"
                }
            ],
            "brand": "SAILUN",
            "brandCode": "674",
            "vendorCode": "3220010160",
            "model": "Atrezzo ZSR",
            "raznItems": [
                {
                    "id": "144488",
                    "name": "225/45 R19",
                    "price": 10460,
                    "amount": "56",
                    "quantity": 1,
                    "url": "/catalog/legkovye/22545-r19-96y-sailun-atrezzo-zsr-tl51904/"
                },
                {
                    "id": "156104",
                    "name": "275/40 R19",
                    "price": 12550,
                    "amount": "20",
                    "quantity": 1,
                    "url": "/catalog/legkovye/27540-r19-105y-sailun-atrezzo-zsr-tl24995/"
                },
                {
                    "id": "156106",
                    "name": "285/45 R19",
                    "price": 15740,
                    "amount": "23",
                    "quantity": 1,
                    "url": "/catalog/legkovye/28545-r19-111y-sailun-atrezzo-zsr-tl24997/"
                },
                {
                    "id": "156111",
                    "name": "245/45 R19",
                    "price": 13900,
                    "amount": "6",
                    "quantity": 1,
                    "url": "/catalog/legkovye/24545-r19-102y-sailun-atrezzo-zsr-tl25002/"
                },
                {
                    "id": "156114",
                    "name": "275/35 R19",
                    "price": 12050,
                    "amount": "36",
                    "quantity": 1,
                    "url": "/catalog/legkovye/27535-r19-96y-sailun-atrezzo-zsr-tl25005/"
                }
            ]
        },
        {
            "id": 134003,
            "isNew": false,
            "EDIT_LINK": null,
            "DELETE_LINK": null,
            "props": [
                {
                    "name": "Ширина",
                    "value": "275 "
                },
                {
                    "name": "Диаметр",
                    "value": "19 "
                }
            ],
            "type": "tires",
            "isPromo": null,
            "amount": 4,
            "season": "Летние",
            "price": 12050,
            "name": "275/40 R19 105Y ROTALLA Setula S-Race RU01 TL",
            "sectionId": 7278,
            "sectionName": "Легковые",
            "sectionPath": [
                {
                    "ID": "7278",
                    "NAME": "Легковые"
                },
                {
                    "ID": "7267",
                    "NAME": "Шины"
                }
            ],
            "imgSrc": "/upload/resize_cache/rembg-image/7c7/275_275_1/2c5sd9bi5i6hkmlpuk48dxynhqs6rzja.png",
            "url": "/catalog/legkovye/27540-r19-105y-rotalla-setula-s-race-ru01-tl65767/",
            "promo": [],
            "discountStores": [],
            "externalStores": [],
            "commonStores": [
                {
                    "STORE_ID": "158",
                    "PRODUCT_ID": "134003",
                    "AMOUNT": "4",
                    "PRODUCT_XML_ID": "65767",
                    "STORE_XML_ID": "351",
                    "STORE_NAME": "Оптовый Склад",
                    "PRICE": "12050.00",
                    "PRICE_ID": "9"
                }
            ],
            "brand": "ROTALLA",
            "brandCode": "856",
            "vendorCode": "RTL0947",
            "model": "Setula S-Race RU01",
            "raznItems": [
                {
                    "id": "119685",
                    "name": "245/40 R19",
                    "price": 9230,
                    "amount": "4",
                    "quantity": 1,
                    "url": "/catalog/legkovye/24540-r19-98w-rotalla-setula-s-race-ru01-tl23608/"
                },
                {
                    "id": "119686",
                    "name": "255/40 R19",
                    "price": 9720,
                    "amount": "2",
                    "quantity": 1,
                    "url": "/catalog/legkovye/25540-r19-100w-rotalla-setula-s-race-ru01-tl23609/"
                },
                {
                    "id": "119687",
                    "name": "225/45 R19",
                    "price": 8490,
                    "amount": "1",
                    "quantity": 1,
                    "url": "/catalog/legkovye/22545-r19-96y-rotalla-setula-s-race-ru01-tl23610/"
                },
                {
                    "id": "119688",
                    "name": "245/45 R19",
                    "price": 9720,
                    "amount": "2",
                    "quantity": 1,
                    "url": "/catalog/legkovye/24545-r19-102w-rotalla-setula-s-race-ru01-tl23611/"
                },
                {
                    "id": "119691",
                    "name": "255/50 R19",
                    "price": 9590,
                    "amount": "2",
                    "quantity": 1,
                    "url": "/catalog/legkovye/25550-r19-107y-rotalla-setula-s-race-ru01-tl23614/"
                },
                {
                    "id": "133998",
                    "name": "235/40 R19",
                    "price": 8490,
                    "amount": "107",
                    "quantity": 1,
                    "url": "/catalog/legkovye/23540-r19-96y-rotalla-setula-s-race-ru01-tl65772/"
                },
                {
                    "id": "134001",
                    "name": "275/35 R19",
                    "price": 10950,
                    "amount": "3",
                    "quantity": 1,
                    "url": "/catalog/legkovye/27535-r19-100y-rotalla-setula-s-race-ru01-tl65769/"
                },
                {
                    "id": "134003",
                    "name": "275/40 R19",
                    "price": 12050,
                    "amount": "4",
                    "quantity": 1,
                    "url": "/catalog/legkovye/27540-r19-105y-rotalla-setula-s-race-ru01-tl65767/"
                },
                {
                    "id": "134005",
                    "name": "255/45 R19",
                    "price": 10950,
                    "amount": "46",
                    "quantity": 1,
                    "url": "/catalog/legkovye/25545-r19-104y-rotalla-setula-s-race-ru01-tl65736/"
                },
                {
                    "id": "134006",
                    "name": "245/55 R19",
                    "price": 10330,
                    "amount": "4",
                    "quantity": 1,
                    "url": "/catalog/legkovye/24555-r19-107w-rotalla-setula-s-race-ru01-tl65735/"
                },
                {
                    "id": "134007",
                    "name": "255/55 R19",
                    "price": 10330,
                    "amount": "1",
                    "quantity": 1,
                    "url": "/catalog/legkovye/25555-r19-111w-rotalla-setula-s-race-ru01-tl65734/"
                }
            ]
        },
        {
            "id": 95978,
            "isNew": false,
            "EDIT_LINK": null,
            "DELETE_LINK": null,
            "props": [
                {
                    "name": "Ширина",
                    "value": "255 "
                },
                {
                    "name": "Диаметр",
                    "value": "20 "
                }
            ],
            "type": "tires",
            "isPromo": null,
            "amount": 2,
            "season": "Летние",
            "price": 12050,
            "name": "255/55 R20 110W ROTALLA Setula S-Race RU01 TL",
            "sectionId": 7278,
            "sectionName": "Легковые",
            "sectionPath": [
                {
                    "ID": "7278",
                    "NAME": "Легковые"
                },
                {
                    "ID": "7267",
                    "NAME": "Шины"
                }
            ],
            "imgSrc": "/upload/resize_cache/rembg-image/849/275_275_1/vwhhi0w78ya0lpkrdf64vabkzj46ieyh.png",
            "url": "/catalog/legkovye/25555-r20-110w-rotalla-setula-s-race-ru01-tl06886/",
            "promo": [],
            "discountStores": [],
            "externalStores": [],
            "commonStores": [
                {
                    "STORE_ID": "158",
                    "PRODUCT_ID": "95978",
                    "AMOUNT": "2",
                    "PRODUCT_XML_ID": "06886",
                    "STORE_XML_ID": "351",
                    "STORE_NAME": "Оптовый Склад",
                    "PRICE": "12050.00",
                    "PRICE_ID": "9"
                }
            ],
            "brand": "ROTALLA",
            "brandCode": "856",
            "vendorCode": "RTL0963",
            "model": "Setula S-Race RU01",
            "raznItems": [
                {
                    "id": "95978",
                    "name": "255/55 R20",
                    "price": 12050,
                    "amount": "2",
                    "quantity": 1,
                    "url": "/catalog/legkovye/25555-r20-110w-rotalla-setula-s-race-ru01-tl06886/"
                },
                {
                    "id": "134009",
                    "name": "255/50 R20",
                    "price": 10950,
                    "amount": "2",
                    "quantity": 1,
                    "url": "/catalog/legkovye/25550-r20-109w-rotalla-setula-s-race-ru01-tl65732/"
                }
            ]
        },
        {
            "id": 95962,
            "isNew": false,
            "EDIT_LINK": null,
            "DELETE_LINK": null,
            "props": [
                {
                    "name": "Ширина",
                    "value": "285 "
                },
                {
                    "name": "Диаметр",
                    "value": "17 "
                }
            ],
            "type": "tires",
            "isPromo": null,
            "amount": 1,
            "season": "Летние",
            "price": 12050,
            "name": "285/65 R17 116H ROTALLA Enjoyland H/T RF10 TL",
            "sectionId": 7278,
            "sectionName": "Легковые",
            "sectionPath": [
                {
                    "ID": "7278",
                    "NAME": "Легковые"
                },
                {
                    "ID": "7267",
                    "NAME": "Шины"
                }
            ],
            "imgSrc": "/upload/resize_cache/rembg-image/833/275_275_1/oa61d1md2db3wq1up0pxwhgfuvaw71xl.png",
            "url": "/catalog/legkovye/28565-r17-116h-rotalla-enjoyland-ht-rf10-tl06730/",
            "promo": [],
            "discountStores": [],
            "externalStores": [],
            "commonStores": [
                {
                    "STORE_ID": "158",
                    "PRODUCT_ID": "95962",
                    "AMOUNT": "1",
                    "PRODUCT_XML_ID": "06730",
                    "STORE_XML_ID": "351",
                    "STORE_NAME": "Оптовый Склад",
                    "PRICE": "12050.00",
                    "PRICE_ID": "9"
                }
            ],
            "brand": "ROTALLA",
            "brandCode": "856",
            "vendorCode": "RTL0712",
            "model": "Enjoyland H/T RF10",
            "raznItems": [
                {
                    "id": "95962",
                    "name": "285/65 R17",
                    "price": 12050,
                    "amount": "1",
                    "quantity": 1,
                    "url": "/catalog/legkovye/28565-r17-116h-rotalla-enjoyland-ht-rf10-tl06730/"
                },
                {
                    "id": "119666",
                    "name": "215/60 R17",
                    "price": 7630,
                    "amount": "4",
                    "quantity": 1,
                    "url": "/catalog/legkovye/21560-r17-100h-rotalla-enjoyland-ht-rf10-tl23587/"
                },
                {
                    "id": "119667",
                    "name": "225/60 R17",
                    "price": 8590,
                    "amount": "2",
                    "quantity": 1,
                    "url": "/catalog/legkovye/22560-r17-99h-rotalla-enjoyland-ht-rf10-tl23588/"
                }
            ]
        },
        {
            "id": 103143,
            "isNew": false,
            "EDIT_LINK": null,
            "DELETE_LINK": null,
            "props": [
                {
                    "name": "Ширина",
                    "value": "235 "
                },
                {
                    "name": "Диаметр",
                    "value": "18 "
                }
            ],
            "type": "tires",
            "isPromo": null,
            "amount": 4,
            "season": "Летние",
            "price": 12060,
            "name": "235/40 R18 95W YOKOHAMA Advan Fleva V701 TL",
            "sectionId": 7278,
            "sectionName": "Легковые",
            "sectionPath": [
                {
                    "ID": "7278",
                    "NAME": "Легковые"
                },
                {
                    "ID": "7267",
                    "NAME": "Шины"
                }
            ],
            "imgSrc": "/upload/resize_cache/rembg-image/337/275_275_1/dyyfo8fkcbuf04vwmxsasrdo4wltdwye.png",
            "url": "/catalog/legkovye/23540-r18-95w-yokohama-advan-fleva-v701-tl75227/",
            "promo": [],
            "discountStores": [],
            "externalStores": [],
            "commonStores": [
                {
                    "STORE_ID": "158",
                    "PRODUCT_ID": "103143",
                    "AMOUNT": "4",
                    "PRODUCT_XML_ID": "FORTOCHKI_R0855",
                    "STORE_XML_ID": "351",
                    "STORE_NAME": "Оптовый Склад",
                    "PRICE": "12060.00",
                    "PRICE_ID": "9"
                }
            ],
            "brand": "YOKOHAMA",
            "brandCode": "",
            "vendorCode": "R0855",
            "model": "Advan Fleva V701",
            "raznItems": [
                {
                    "id": "102865",
                    "name": "235/50 R18",
                    "price": 13650,
                    "amount": "4",
                    "quantity": 1,
                    "url": "/catalog/legkovye/23550-r18-97v-yokohama-advan-fleva-v701-tl74053/"
                },
                {
                    "id": "102867",
                    "name": "245/40 R18",
                    "price": 13440,
                    "amount": "50",
                    "quantity": 1,
                    "url": "/catalog/legkovye/24540-r18-97w-yokohama-advan-fleva-v701-tl74055/"
                },
                {
                    "id": "103143",
                    "name": "235/40 R18",
                    "price": 12060,
                    "amount": "4",
                    "quantity": 1,
                    "url": "/catalog/legkovye/23540-r18-95w-yokohama-advan-fleva-v701-tl75227/"
                },
                {
                    "id": "104053",
                    "name": "245/45 R18",
                    "price": 13130,
                    "amount": "1",
                    "quantity": 1,
                    "url": "/catalog/legkovye/24545-r18-100w-yokohama-advan-fleva-v701-tl91362/"
                },
                {
                    "id": "111240",
                    "name": "255/35 R18",
                    "price": 15630,
                    "amount": "8",
                    "quantity": 1,
                    "url": "/catalog/legkovye/25535-r18-94w-yokohama-advan-fleva-v701-tl62198/"
                },
                {
                    "id": "119833",
                    "name": "265/35 R18",
                    "price": 17880,
                    "amount": "2",
                    "quantity": 1,
                    "url": "/catalog/legkovye/26535-r18-97w-yokohama-advan-fleva-v701-tl23809/"
                },
                {
                    "id": "155789",
                    "name": "275/40 R18",
                    "price": 17590,
                    "amount": "2",
                    "quantity": 1,
                    "url": "/catalog/legkovye/27540-r18-103w-yokohama-advan-fleva-v701-tl24704/"
                },
                {
                    "id": "158485",
                    "name": "245/35 R18",
                    "price": 15170,
                    "amount": "4",
                    "quantity": 1,
                    "url": "/catalog/legkovye/24535r18-92w-xl-advan-fleva-v701-tl/"
                }
            ]
        },
        {
            "id": 167931,
            "isNew": false,
            "EDIT_LINK": null,
            "DELETE_LINK": null,
            "props": [
                {
                    "name": "Ширина",
                    "value": "215 "
                },
                {
                    "name": "Диаметр",
                    "value": "17 "
                }
            ],
            "type": "tires",
            "isPromo": null,
            "amount": 4,
            "season": "Летние",
            "price": 12070,
            "name": "215/40 R17 87Y GOODYEAR Eagle F1 Asymmetric 5 TL",
            "sectionId": 7278,
            "sectionName": "Легковые",
            "sectionPath": [
                {
                    "ID": "7278",
                    "NAME": "Легковые"
                },
                {
                    "ID": "7267",
                    "NAME": "Шины"
                }
            ],
            "imgSrc": "/upload/resize_cache/iblock/dff/275_275_1/z480y46t6sfx3r3625blf9h3aiggopv1.png",
            "url": "/catalog/legkovye/21540-r17-87y-goodyear-eagle-f1-asymmetric-5-tl-549685/",
            "promo": [],
            "discountStores": [],
            "externalStores": [],
            "commonStores": [],
            "brand": "GOODYEAR",
            "brandCode": "",
            "vendorCode": "549685",
            "model": "Eagle F1 Asymmetric 5",
            "raznItems": [
                {
                    "id": "143201",
                    "name": "245/45 R17",
                    "price": 12780,
                    "amount": "4",
                    "quantity": 1,
                    "url": "/catalog/legkovye/24545r17-99y-xl-eagle-f1-asymmetric-5-tl-fp/"
                },
                {
                    "id": "143477",
                    "name": "225/55 R17",
                    "price": 13090,
                    "amount": "20",
                    "quantity": 1,
                    "url": "/catalog/legkovye/22555r17-97y-eagle-f1-asymmetric-5-tl-fp/"
                },
                {
                    "id": "143797",
                    "name": "225/45 R17",
                    "price": 13670,
                    "amount": "1",
                    "quantity": 1,
                    "url": "/catalog/legkovye/22545r17-94y-xl-eagle-f1-asymmetric-5-tl-fp/"
                },
                {
                    "id": "159556",
                    "name": "225/50 R17",
                    "price": 14960,
                    "amount": "4",
                    "quantity": 1,
                    "url": "/catalog/legkovye/22550r17-98y-xl-eagle-f1-asymmetric-5-sct-tl-fp/"
                },
                {
                    "id": "167931",
                    "name": "215/40 R17",
                    "price": 12070,
                    "amount": "4",
                    "quantity": 1,
                    "url": "/catalog/legkovye/21540-r17-87y-goodyear-eagle-f1-asymmetric-5-tl-549685/"
                },
                {
                    "id": "167948",
                    "name": "225/55 R17",
                    "price": 14240,
                    "amount": "3",
                    "quantity": 1,
                    "url": "/catalog/legkovye/22555-r17-97y-goodyear-eagle-f1-asymmetric-5-tl-578622/"
                }
            ]
        },
        {
            "id": 155732,
            "isNew": false,
            "EDIT_LINK": null,
            "DELETE_LINK": null,
            "props": [
                {
                    "name": "Ширина",
                    "value": "215 "
                },
                {
                    "name": "Диаметр",
                    "value": "18 "
                }
            ],
            "type": "tires",
            "isPromo": null,
            "amount": 1,
            "season": "Летние",
            "price": 12070,
            "name": "215/45 R18 89W YOKOHAMA Advan dB V552 TL",
            "sectionId": 7278,
            "sectionName": "Легковые",
            "sectionPath": [
                {
                    "ID": "7278",
                    "NAME": "Легковые"
                },
                {
                    "ID": "7267",
                    "NAME": "Шины"
                }
            ],
            "imgSrc": "/upload/resize_cache/rembg-image/123/275_275_1/r6rh74l2zvfv6s6si8wegknk22msaurj.png",
            "url": "/catalog/legkovye/21545-r18-89w-yokohama-advan-db-v552-tl24656/",
            "promo": [],
            "discountStores": [],
            "externalStores": [],
            "commonStores": [
                {
                    "STORE_ID": "158",
                    "PRODUCT_ID": "155732",
                    "AMOUNT": "1",
                    "PRODUCT_XML_ID": "24656",
                    "STORE_XML_ID": "351",
                    "STORE_NAME": "Оптовый Склад",
                    "PRICE": "12070.00",
                    "PRICE_ID": "9"
                }
            ],
            "brand": "YOKOHAMA",
            "brandCode": "393",
            "vendorCode": "R2959",
            "model": "Advan dB V552",
            "raznItems": [
                {
                    "id": "155732",
                    "name": "215/45 R18",
                    "price": 12070,
                    "amount": "1",
                    "quantity": 1,
                    "url": "/catalog/legkovye/21545-r18-89w-yokohama-advan-db-v552-tl24656/"
                }
            ]
        }
    ],
    "filter": {
        "0": {
            "LOGIC": "OR",
            ">STORE_AMOUNT_156": 0,
            ">STORE_AMOUNT_158": 0,
            ">STORE_AMOUNT_159": 0,
            ">STORE_AMOUNT_160": 0,
            ">STORE_AMOUNT_161": 0,
            ">STORE_AMOUNT_164": 0,
            ">STORE_AMOUNT_165": 0,
            ">STORE_AMOUNT_168": 0,
            ">STORE_AMOUNT_169": 0,
            ">STORE_AMOUNT_174": 0,
            ">STORE_AMOUNT_180": 0,
            ">STORE_AMOUNT_184": 0,
            ">STORE_AMOUNT_185": 0,
            ">STORE_AMOUNT_191": 0,
            ">STORE_AMOUNT_192": 0,
            ">STORE_AMOUNT_194": 0,
            ">STORE_AMOUNT_6087": 0
        },
        "1": {
            "LOGIC": "OR",
            ">CATALOG_CATALOG_GROUP_ID_33": 0,
            ">CATALOG_CATALOG_GROUP_ID_90": 0,
            ">CATALOG_CATALOG_GROUP_ID_96": 0,
            ">CATALOG_CATALOG_GROUP_ID_97": 0,
            ">CATALOG_CATALOG_GROUP_ID_98": 0
        },
        "2": {
            "LOGIC": "OR",
            ">STORE_AMOUNT_156": 0,
            ">STORE_AMOUNT_158": 0,
            ">STORE_AMOUNT_159": 0,
            ">STORE_AMOUNT_160": 0,
            ">STORE_AMOUNT_161": 0,
            ">STORE_AMOUNT_164": 0,
            ">STORE_AMOUNT_165": 0,
            ">STORE_AMOUNT_168": 0,
            ">STORE_AMOUNT_169": 0,
            ">STORE_AMOUNT_174": 0,
            ">STORE_AMOUNT_180": 0,
            ">STORE_AMOUNT_184": 0,
            ">STORE_AMOUNT_185": 0,
            ">STORE_AMOUNT_191": 0,
            ">STORE_AMOUNT_192": 0,
            ">STORE_AMOUNT_194": 0,
            ">STORE_AMOUNT_6087": 0
        },
        "3": {
            "LOGIC": "OR",
            ">CATALOG_CATALOG_GROUP_ID_33": 0,
            ">CATALOG_CATALOG_GROUP_ID_90": 0,
            ">CATALOG_CATALOG_GROUP_ID_96": 0,
            ">CATALOG_CATALOG_GROUP_ID_97": 0,
            ">CATALOG_CATALOG_GROUP_ID_98": 0
        },
        "=PROPERTY_458": [
            "154"
        ]
    },
    "promo": {
        "id": "165954",
        "url": "/promo/shiny-v-rassrochku/",
        "name": "Покупки в рассрочку",
        "text": "Теперь вы можете купить зимние шины, или диски в рассрочку быстро и легко: без первоначального взноса и без переплаты!",
        "imgSrc": "/upload/resize_cache/iblock/356/1075_613_1/8iiw8xmv2bzky9euo9mn57dqx6dk3xa9.jpg",
        "videoSrc": null
    },
    "promoFilter": {
        "IBLOCK_ID": 10,
        "ACTIVE": "Y",
        "=PROPERTY_SECTION": 206,
        "=PROPERTY_CATALOG_SEASON": [
            false,
            204
        ],
        "=PROPERTY_CATALOG_BRAND": [
            false
        ]
    },
    "navNum": 1,
    "pagesCount": 111,
    "pageNum": 53
}