{
    "pageUrl": "/catalog/legkovye/?arCatalogFilter_458_1500340406=Y&set_filter=Y&sort%5Brecommendations%5D=asc&PAGEN_1=54",
    "items": [
        {
            "id": 135244,
            "isNew": false,
            "EDIT_LINK": null,
            "DELETE_LINK": null,
            "props": [
                {
                    "name": "Ширина",
                    "value": "235 "
                },
                {
                    "name": "Диаметр",
                    "value": "18 "
                }
            ],
            "type": "tires",
            "isPromo": null,
            "amount": 4,
            "season": "Летние",
            "price": 12070,
            "name": "235/45 R18 98W NOKIAN TYRES Hakka Green 3 TL",
            "sectionId": 7278,
            "sectionName": "Легковые",
            "sectionPath": [
                {
                    "ID": "7278",
                    "NAME": "Легковые"
                },
                {
                    "ID": "7267",
                    "NAME": "Шины"
                }
            ],
            "imgSrc": "/upload/resize_cache/rembg-image/3b6/275_275_1/zg2ofb7laap6ge9ce4l4uklr9zi11zpq.png",
            "url": "/catalog/legkovye/23545r18-98w-xl-hakka-green-3-tl/",
            "promo": [],
            "discountStores": [],
            "externalStores": [],
            "commonStores": [
                {
                    "STORE_ID": "158",
                    "PRODUCT_ID": "135244",
                    "AMOUNT": "4",
                    "PRODUCT_XML_ID": "FORTOCHKI_T431467",
                    "STORE_XML_ID": "351",
                    "STORE_NAME": "Оптовый Склад",
                    "PRICE": "12070.00",
                    "PRICE_ID": "9"
                }
            ],
            "brand": "NOKIAN TYRES",
            "brandCode": "",
            "vendorCode": "T431467",
            "model": "Hakka Green 3",
            "raznItems": [
                {
                    "id": "135244",
                    "name": "235/45 R18",
                    "price": 12070,
                    "amount": "4",
                    "quantity": 1,
                    "url": "/catalog/legkovye/23545r18-98w-xl-hakka-green-3-tl/"
                }
            ]
        },
        {
            "id": 122765,
            "isNew": false,
            "EDIT_LINK": null,
            "DELETE_LINK": null,
            "props": [
                {
                    "name": "Ширина",
                    "value": "215 "
                },
                {
                    "name": "Диаметр",
                    "value": "17 "
                }
            ],
            "type": "tires",
            "isPromo": null,
            "amount": 8,
            "season": "Летние",
            "price": 12070,
            "name": "215/50 R17 91H CONTINENTAL ContiCrossContact LX 2 TL",
            "sectionId": 7278,
            "sectionName": "Легковые",
            "sectionPath": [
                {
                    "ID": "7278",
                    "NAME": "Легковые"
                },
                {
                    "ID": "7267",
                    "NAME": "Шины"
                }
            ],
            "imgSrc": "/upload/resize_cache/rembg-image/060/275_275_1/lfmq51t3z2sp0w2dajo019esxnp8u3j5.png",
            "url": "/catalog/legkovye/21550-r17-91h-continental-conticrosscontact-lx-2-tl90552/",
            "promo": [],
            "discountStores": [],
            "externalStores": [],
            "commonStores": [],
            "brand": "CONTINENTAL",
            "brandCode": "",
            "vendorCode": "0359132",
            "model": "ContiCrossContact LX2",
            "raznItems": [
                {
                    "id": "101478",
                    "name": "225/65 R17",
                    "price": 11510,
                    "amount": "4",
                    "quantity": 1,
                    "url": "/catalog/legkovye/22565-r17-102h-continental-conticrosscontact-lx-2-tl64456/"
                },
                {
                    "id": "122765",
                    "name": "215/50 R17",
                    "price": 12070,
                    "amount": "8",
                    "quantity": 1,
                    "url": "/catalog/legkovye/21550-r17-91h-continental-conticrosscontact-lx-2-tl90552/"
                },
                {
                    "id": "160146",
                    "name": "215/60 R17",
                    "price": 10520,
                    "amount": "41",
                    "quantity": 1,
                    "url": "/catalog/legkovye/21560r17-96h-conticrosscontact-lx2-tl-fr/"
                }
            ]
        },
        {
            "id": 104037,
            "isNew": false,
            "EDIT_LINK": null,
            "DELETE_LINK": null,
            "props": [
                {
                    "name": "Ширина",
                    "value": "235 "
                },
                {
                    "name": "Диаметр",
                    "value": "18 "
                }
            ],
            "type": "tires",
            "isPromo": null,
            "amount": 28,
            "season": "Летние",
            "price": 12110,
            "name": "235/55 R18 100V YOKOHAMA BluEarth-A AE50 TL",
            "sectionId": 7278,
            "sectionName": "Легковые",
            "sectionPath": [
                {
                    "ID": "7278",
                    "NAME": "Легковые"
                },
                {
                    "ID": "7267",
                    "NAME": "Шины"
                }
            ],
            "imgSrc": "/upload/resize_cache/rembg-image/f20/275_275_1/fmctik2oxjk3yidgj83gao0uymq89oep.png",
            "url": "/catalog/legkovye/23555-r18-100v-yokohama-bluearth-a-ae50-tl91346/",
            "promo": [],
            "discountStores": [],
            "externalStores": [],
            "commonStores": [],
            "brand": "YOKOHAMA",
            "brandCode": "",
            "vendorCode": "R2152",
            "model": "BluEarth-A AE50",
            "raznItems": [
                {
                    "id": "104037",
                    "name": "235/55 R18",
                    "price": 12110,
                    "amount": "28",
                    "quantity": 1,
                    "url": "/catalog/legkovye/23555-r18-100v-yokohama-bluearth-a-ae50-tl91346/"
                }
            ]
        },
        {
            "id": 160755,
            "isNew": false,
            "EDIT_LINK": null,
            "DELETE_LINK": null,
            "props": [
                {
                    "name": "Ширина",
                    "value": "275 "
                },
                {
                    "name": "Диаметр",
                    "value": "16 "
                }
            ],
            "type": "tires",
            "isPromo": null,
            "amount": 4,
            "season": "Летние",
            "price": 12130,
            "name": "275/70 R16 114S NEXEN Roadian HTX RH5 TL",
            "sectionId": 7278,
            "sectionName": "Легковые",
            "sectionPath": [
                {
                    "ID": "7278",
                    "NAME": "Легковые"
                },
                {
                    "ID": "7267",
                    "NAME": "Шины"
                }
            ],
            "imgSrc": "/upload/resize_cache/rembg-image/dc5/275_275_1/770lzth8vmv3uu3gnnexobm1nu35k1g8.png",
            "url": "/catalog/legkovye/27570r16-114s-roadian-htx-rh5-tl-bsw-m-s-pr4/",
            "promo": [],
            "discountStores": [],
            "externalStores": [],
            "commonStores": [],
            "brand": "NEXEN",
            "brandCode": "",
            "vendorCode": "13970",
            "model": "Roadian HTX RH5",
            "raznItems": [
                {
                    "id": "160754",
                    "name": "235/85 R16",
                    "price": 12950,
                    "amount": "4",
                    "quantity": 1,
                    "url": "/catalog/legkovye/lt23585r16-120116q-roadian-htx-rh5-tl-bsw-m-s-pr10/"
                },
                {
                    "id": "160755",
                    "name": "275/70 R16",
                    "price": 12130,
                    "amount": "4",
                    "quantity": 1,
                    "url": "/catalog/legkovye/27570r16-114s-roadian-htx-rh5-tl-bsw-m-s-pr4/"
                }
            ]
        },
        {
            "id": 105793,
            "isNew": false,
            "EDIT_LINK": null,
            "DELETE_LINK": null,
            "props": [
                {
                    "name": "Ширина",
                    "value": "225 "
                },
                {
                    "name": "Диаметр",
                    "value": "18 "
                }
            ],
            "type": "tires",
            "isPromo": null,
            "amount": 4,
            "season": "Летние",
            "price": 12130,
            "name": "225/40 R18 92W BRIDGESTONE Turanza T005 TL",
            "sectionId": 7278,
            "sectionName": "Легковые",
            "sectionPath": [
                {
                    "ID": "7278",
                    "NAME": "Легковые"
                },
                {
                    "ID": "7267",
                    "NAME": "Шины"
                }
            ],
            "imgSrc": "/upload/resize_cache/rembg-image/e76/275_275_1/popj7vfwhzqgepk2bl9982lbprrdnp03.png",
            "url": "/catalog/legkovye/22540-r18-92w-bridgestone-turanza-t005-tl59594/",
            "promo": [],
            "discountStores": [],
            "externalStores": [],
            "commonStores": [
                {
                    "STORE_ID": "158",
                    "PRODUCT_ID": "105793",
                    "AMOUNT": "4",
                    "PRODUCT_XML_ID": "59594",
                    "STORE_XML_ID": "351",
                    "STORE_NAME": "Оптовый Склад",
                    "PRICE": "12130.00",
                    "PRICE_ID": "9"
                }
            ],
            "brand": "BRIDGESTONE",
            "brandCode": "250",
            "vendorCode": "10174",
            "model": "Turanza T005",
            "raznItems": [
                {
                    "id": "105793",
                    "name": "225/40 R18",
                    "price": 12130,
                    "amount": "4",
                    "quantity": 1,
                    "url": "/catalog/legkovye/22540-r18-92w-bridgestone-turanza-t005-tl59594/"
                },
                {
                    "id": "113933",
                    "name": "225/55 R18",
                    "price": 17980,
                    "amount": "4",
                    "quantity": 1,
                    "url": "/catalog/legkovye/22555-r18-102y-bridgestone-turanza-t005-tl09375/"
                },
                {
                    "id": "156694",
                    "name": "225/60 R18",
                    "price": 16530,
                    "amount": "2",
                    "quantity": 1,
                    "url": "/catalog/legkovye/22560-r18-100v-bridgestone-turanza-t005-tl25529/"
                },
                {
                    "id": "159668",
                    "name": "245/45 R18",
                    "price": 17990,
                    "amount": "1",
                    "quantity": 1,
                    "url": "/catalog/legkovye/24545-r18-100y-bridgestone-turanza-t005-tl28841/"
                }
            ]
        },
        {
            "id": 143655,
            "isNew": false,
            "EDIT_LINK": null,
            "DELETE_LINK": null,
            "props": [
                {
                    "name": "Ширина",
                    "value": "235 "
                },
                {
                    "name": "Диаметр",
                    "value": "17 "
                }
            ],
            "type": "tires",
            "isPromo": null,
            "amount": 12,
            "season": "Летние",
            "price": 12170,
            "name": "235/45R17 97W XL Potenza Adrenalin RE004 TL",
            "sectionId": 7278,
            "sectionName": "Легковые",
            "sectionPath": [
                {
                    "ID": "7278",
                    "NAME": "Легковые"
                },
                {
                    "ID": "7267",
                    "NAME": "Шины"
                }
            ],
            "imgSrc": "/upload/resize_cache/rembg-image/68a/275_275_1/pju404f492im5wmvwfo8huks1nox373e.png",
            "url": "/catalog/legkovye/23545r17-97w-xl-potenza-adrenalin-re004-tl-br017765/",
            "promo": [],
            "discountStores": [],
            "externalStores": [],
            "commonStores": [],
            "brand": "BRIDGESTONE",
            "brandCode": "",
            "vendorCode": "BR017765",
            "model": "Potenza Adrenalin RE004",
            "raznItems": [
                {
                    "id": "143655",
                    "name": "235/45 R17",
                    "price": 12170,
                    "amount": "12",
                    "quantity": 1,
                    "url": "/catalog/legkovye/23545r17-97w-xl-potenza-adrenalin-re004-tl-br017765/"
                },
                {
                    "id": "143703",
                    "name": "215/55 R17",
                    "price": 14380,
                    "amount": "12",
                    "quantity": 1,
                    "url": "/catalog/legkovye/21555r17-94w-potenza-adrenalin-re004-tl/"
                },
                {
                    "id": "158072",
                    "name": "245/40 R17",
                    "price": 16030,
                    "amount": "2",
                    "quantity": 1,
                    "url": "/catalog/legkovye/24540r17-91w-potenza-adrenalin-re004-tl/"
                }
            ]
        },
        {
            "id": 94042,
            "isNew": false,
            "EDIT_LINK": null,
            "DELETE_LINK": null,
            "props": [
                {
                    "name": "Ширина",
                    "value": "265 "
                },
                {
                    "name": "Диаметр",
                    "value": "16 "
                }
            ],
            "type": "tires",
            "isPromo": null,
            "amount": 2,
            "season": "Летние",
            "price": 12170,
            "name": "265/75 R16 116T NOKIAN TYRES Outpost AT TL",
            "sectionId": 7278,
            "sectionName": "Легковые",
            "sectionPath": [
                {
                    "ID": "7278",
                    "NAME": "Легковые"
                },
                {
                    "ID": "7267",
                    "NAME": "Шины"
                }
            ],
            "imgSrc": "/upload/resize_cache/rembg-image/8cf/275_275_1/igfz7a4mux30hneilgmyyiu7ao1ztdlb.png",
            "url": "/catalog/legkovye/26575-r16-116t-nokian-tyres-outpost-at-tl23239/",
            "promo": [],
            "discountStores": [],
            "externalStores": [],
            "commonStores": [
                {
                    "STORE_ID": "158",
                    "PRODUCT_ID": "94042",
                    "AMOUNT": "2",
                    "PRODUCT_XML_ID": "23239",
                    "STORE_XML_ID": "351",
                    "STORE_NAME": "Оптовый Склад",
                    "PRICE": "12170.00",
                    "PRICE_ID": "9"
                }
            ],
            "brand": "NOKIAN TYRES",
            "brandCode": "",
            "vendorCode": "T431876",
            "model": "Outpost AT",
            "raznItems": [
                {
                    "id": "90255",
                    "name": "245/70 R16",
                    "price": 9490,
                    "amount": "12",
                    "quantity": 1,
                    "url": "/catalog/legkovye/24570-r16-107t-nokian-tyres-outpost-at-tl23070/"
                },
                {
                    "id": "94042",
                    "name": "265/75 R16",
                    "price": 12170,
                    "amount": "2",
                    "quantity": 1,
                    "url": "/catalog/legkovye/26575-r16-116t-nokian-tyres-outpost-at-tl23239/"
                },
                {
                    "id": "94044",
                    "name": "225/75 R16",
                    "price": 9810,
                    "amount": "20",
                    "quantity": 1,
                    "url": "/catalog/legkovye/22575-r16-115112s-nokian-tyres-outpost-at-tl23346/"
                },
                {
                    "id": "155360",
                    "name": "245/75 R16",
                    "price": 10340,
                    "amount": "32",
                    "quantity": 1,
                    "url": "/catalog/legkovye/24575-r16-111t-nokian-tyres-outpost-at-tl23117/"
                },
                {
                    "id": "155364",
                    "name": "265/70 R16",
                    "price": 10410,
                    "amount": "8",
                    "quantity": 1,
                    "url": "/catalog/legkovye/26570-r16-112t-nokian-tyres-outpost-at-tl23225/"
                }
            ]
        },
        {
            "id": 143130,
            "isNew": false,
            "EDIT_LINK": null,
            "DELETE_LINK": null,
            "props": [
                {
                    "name": "Ширина",
                    "value": "235 "
                },
                {
                    "name": "Диаметр",
                    "value": "17 "
                }
            ],
            "type": "tires",
            "isPromo": null,
            "amount": 3,
            "season": "Летние",
            "price": 12180,
            "name": "235/55 R17 99Y GOODYEAR EfficientGrip TL",
            "sectionId": 7278,
            "sectionName": "Легковые",
            "sectionPath": [
                {
                    "ID": "7278",
                    "NAME": "Легковые"
                },
                {
                    "ID": "7267",
                    "NAME": "Шины"
                }
            ],
            "imgSrc": "/upload/resize_cache/rembg-image/5b0/275_275_1/m6b0tx7twulbzpn8wc2i4ennbfy89afe.png",
            "url": "/catalog/legkovye/23555r17-99y-efficientgrip-ao-tl-fp/",
            "promo": [],
            "discountStores": [],
            "externalStores": [],
            "commonStores": [],
            "brand": "GOODYEAR",
            "brandCode": "",
            "vendorCode": "525845",
            "model": "EfficientGrip",
            "raznItems": [
                {
                    "id": "142976",
                    "name": "235/50 R17",
                    "price": 13750,
                    "amount": "4",
                    "quantity": 1,
                    "url": "/catalog/legkovye/23550r17-96w-efficientgrip-tl-fp/"
                },
                {
                    "id": "143130",
                    "name": "235/55 R17",
                    "price": 12180,
                    "amount": "3",
                    "quantity": 1,
                    "url": "/catalog/legkovye/23555r17-99y-efficientgrip-ao-tl-fp/"
                }
            ]
        },
        {
            "id": 145061,
            "isNew": false,
            "EDIT_LINK": null,
            "DELETE_LINK": null,
            "props": [
                {
                    "name": "Ширина",
                    "value": "225 "
                },
                {
                    "name": "Диаметр",
                    "value": "18 "
                }
            ],
            "type": "tires",
            "isPromo": null,
            "amount": 2,
            "season": "Летние",
            "price": 10090,
            "name": "225/60 R18 100H FORMULA Formula Energy TL",
            "sectionId": 7278,
            "sectionName": "Легковые",
            "sectionPath": [
                {
                    "ID": "7278",
                    "NAME": "Легковые"
                },
                {
                    "ID": "7267",
                    "NAME": "Шины"
                }
            ],
            "imgSrc": "/upload/resize_cache/rembg-image/8aa/275_275_1/ja53273vljhod4qtkmybmlec2eelujle.png",
            "url": "/catalog/legkovye/22560-r18-100h-formula-formula-energy-tl09955/",
            "promo": [],
            "discountStores": [],
            "externalStores": [],
            "commonStores": [
                {
                    "STORE_ID": "158",
                    "PRODUCT_ID": "145061",
                    "AMOUNT": "2",
                    "PRODUCT_XML_ID": "FORTOCHKI_3585400",
                    "STORE_XML_ID": "351",
                    "STORE_NAME": "Оптовый Склад",
                    "PRICE": "10090.00",
                    "PRICE_ID": "9"
                }
            ],
            "brand": "FORMULA",
            "brandCode": "",
            "vendorCode": "3585400",
            "model": "Formula Energy",
            "raznItems": [
                {
                    "id": "145061",
                    "name": "225/60 R18",
                    "price": 10090,
                    "amount": "2",
                    "quantity": 1,
                    "url": "/catalog/legkovye/22560-r18-100h-formula-formula-energy-tl09955/"
                }
            ]
        },
        {
            "id": 156691,
            "isNew": false,
            "EDIT_LINK": null,
            "DELETE_LINK": null,
            "props": [
                {
                    "name": "Ширина",
                    "value": "215 "
                },
                {
                    "name": "Диаметр",
                    "value": "16 "
                }
            ],
            "type": "tires",
            "isPromo": null,
            "amount": 9,
            "season": "Летние",
            "price": 12200,
            "name": "215/65 R16 98H BRIDGESTONE Turanza T005 TL",
            "sectionId": 7278,
            "sectionName": "Легковые",
            "sectionPath": [
                {
                    "ID": "7278",
                    "NAME": "Легковые"
                },
                {
                    "ID": "7267",
                    "NAME": "Шины"
                }
            ],
            "imgSrc": "/upload/resize_cache/rembg-image/af7/275_275_1/j1vait3zi8tkqjl1nsun20b5620znzr2.png",
            "url": "/catalog/legkovye/21565-r16-98h-bridgestone-turanza-t005-tl25526/",
            "promo": [],
            "discountStores": [],
            "externalStores": [],
            "commonStores": [
                {
                    "STORE_ID": "158",
                    "PRODUCT_ID": "156691",
                    "AMOUNT": "5",
                    "PRODUCT_XML_ID": "25526",
                    "STORE_XML_ID": "351",
                    "STORE_NAME": "Оптовый Склад",
                    "PRICE": "12200.00",
                    "PRICE_ID": "9"
                },
                {
                    "STORE_ID": "174",
                    "PRODUCT_ID": "156691",
                    "AMOUNT": "4",
                    "PRODUCT_XML_ID": "25526",
                    "STORE_XML_ID": "423",
                    "STORE_NAME": "г. Челябинск, ул. Комарова, 34",
                    "PRICE": "12200.00",
                    "PRICE_ID": "25"
                }
            ],
            "brand": "BRIDGESTONE",
            "brandCode": "250",
            "vendorCode": "16608",
            "model": "Turanza T005",
            "raznItems": [
                {
                    "id": "105810",
                    "name": "215/60 R16",
                    "price": 12410,
                    "amount": "24",
                    "quantity": 1,
                    "url": "/catalog/legkovye/21560-r16-99v-bridgestone-turanza-t005-tl59785/"
                },
                {
                    "id": "105811",
                    "name": "215/60 R16",
                    "price": 12660,
                    "amount": "4",
                    "quantity": 1,
                    "url": "/catalog/legkovye/21560-r16-95v-bridgestone-turanza-t005-tl59817/"
                },
                {
                    "id": "105821",
                    "name": "195/45 R16",
                    "price": 11280,
                    "amount": "14",
                    "quantity": 1,
                    "url": "/catalog/legkovye/19545-r16-84v-bridgestone-turanza-t005-tl59920/"
                },
                {
                    "id": "120126",
                    "name": "215/60 R16",
                    "price": 12410,
                    "amount": "4",
                    "quantity": 1,
                    "url": "/catalog/legkovye/21560-r16-99h-bridgestone-turanza-t005-tl94871/"
                },
                {
                    "id": "136451",
                    "name": "195/55 R16",
                    "price": 11510,
                    "amount": "4",
                    "quantity": 1,
                    "url": "/catalog/legkovye/19555-r16-87h-bridgestone-turanza-t005-tl60029/"
                },
                {
                    "id": "136476",
                    "name": "195/55 R16",
                    "price": 11280,
                    "amount": "4",
                    "quantity": 1,
                    "url": "/catalog/legkovye/19555-r16-87v-bridgestone-turanza-t005-tl59879/"
                },
                {
                    "id": "156691",
                    "name": "215/65 R16",
                    "price": 12200,
                    "amount": "4",
                    "quantity": 1,
                    "url": "/catalog/legkovye/21565-r16-98h-bridgestone-turanza-t005-tl25526/"
                },
                {
                    "id": "159665",
                    "name": "205/60 R16",
                    "price": 11280,
                    "amount": "7",
                    "quantity": 1,
                    "url": "/catalog/legkovye/20560-r16-92h-bridgestone-turanza-t005-tl28838/"
                },
                {
                    "id": "159956",
                    "name": "215/60 R16",
                    "price": 12660,
                    "amount": "1",
                    "quantity": 1,
                    "url": "/catalog/legkovye/21560-r16-95v-bridgestone-turanza-t005-tl29091/"
                }
            ]
        },
        {
            "id": 118049,
            "isNew": false,
            "EDIT_LINK": null,
            "DELETE_LINK": null,
            "props": [
                {
                    "name": "Ширина",
                    "value": "205 "
                },
                {
                    "name": "Диаметр",
                    "value": "15 "
                }
            ],
            "type": "tires",
            "isPromo": null,
            "amount": 41,
            "season": "Летние",
            "price": 12200,
            "name": "205/70 R15 96T HANKOOK Dynapro ATM RF10 TL",
            "sectionId": 7278,
            "sectionName": "Легковые",
            "sectionPath": [
                {
                    "ID": "7278",
                    "NAME": "Легковые"
                },
                {
                    "ID": "7267",
                    "NAME": "Шины"
                }
            ],
            "imgSrc": "/upload/resize_cache/rembg-image/58c/275_275_1/rczk6171n21eilc83k0h471zdydutpu4.png",
            "url": "/catalog/legkovye/20570r15-96t-dynapro-atm-rf10-tl/",
            "promo": [],
            "discountStores": [],
            "externalStores": [],
            "commonStores": [],
            "brand": "HANKOOK",
            "brandCode": "",
            "vendorCode": "1018907",
            "model": "Dynapro ATM RF10",
            "raznItems": [
                {
                    "id": "118049",
                    "name": "205/70 R15",
                    "price": 12200,
                    "amount": "41",
                    "quantity": 1,
                    "url": "/catalog/legkovye/20570r15-96t-dynapro-atm-rf10-tl/"
                },
                {
                    "id": "136808",
                    "name": "235/75 R15",
                    "price": 14790,
                    "amount": "12",
                    "quantity": 1,
                    "url": "/catalog/legkovye/23575r15-109t-xl-dynapro-atm-rf10-tl/"
                }
            ]
        },
        {
            "id": 106246,
            "isNew": false,
            "EDIT_LINK": null,
            "DELETE_LINK": null,
            "props": [
                {
                    "name": "Ширина",
                    "value": "225 "
                },
                {
                    "name": "Диаметр",
                    "value": "18 "
                }
            ],
            "type": "tires",
            "isPromo": null,
            "amount": 1,
            "season": "Летние",
            "price": 12200,
            "name": "225/60 R18 104H YOKOHAMA Geolandar A/T G015 TL",
            "sectionId": 7278,
            "sectionName": "Легковые",
            "sectionPath": [
                {
                    "ID": "7278",
                    "NAME": "Легковые"
                },
                {
                    "ID": "7267",
                    "NAME": "Шины"
                }
            ],
            "imgSrc": "/upload/resize_cache/rembg-image/e5c/275_275_1/uhiy2f7asb2y1w2b8vs0v3o2pcjfqucu.png",
            "url": "/catalog/legkovye/22560-r18-104h-yokohama-geolandar-at-g015-tl62264/",
            "promo": [],
            "discountStores": [],
            "externalStores": [],
            "commonStores": [],
            "brand": "YOKOHAMA",
            "brandCode": "",
            "vendorCode": "R5960",
            "model": "Geolandar A/T G015",
            "raznItems": [
                {
                    "id": "102817",
                    "name": "235/60 R18",
                    "price": 12630,
                    "amount": "2",
                    "quantity": 1,
                    "url": "/catalog/legkovye/23560-r18-107h-yokohama-geolandar-at-g015-tl74005/"
                },
                {
                    "id": "102830",
                    "name": "275/65 R18",
                    "price": 18600,
                    "amount": "4",
                    "quantity": 1,
                    "url": "/catalog/legkovye/27565r18-116h-geolandar-at-g015-tl/"
                },
                {
                    "id": "104040",
                    "name": "265/65 R18",
                    "price": 19760,
                    "amount": "2",
                    "quantity": 1,
                    "url": "/catalog/legkovye/26565-r18-114h-yokohama-geolandar-at-g015-tl91349/"
                },
                {
                    "id": "106246",
                    "name": "225/60 R18",
                    "price": 12200,
                    "amount": "1",
                    "quantity": 1,
                    "url": "/catalog/legkovye/22560-r18-104h-yokohama-geolandar-at-g015-tl62264/"
                },
                {
                    "id": "143154",
                    "name": "255/70 R18",
                    "price": 16600,
                    "amount": "3",
                    "quantity": 1,
                    "url": "/catalog/legkovye/25570r18-113h-geolandar-at-g015-tl-m-s-3pmsf/"
                }
            ]
        },
        {
            "id": 143493,
            "isNew": false,
            "EDIT_LINK": null,
            "DELETE_LINK": null,
            "props": [
                {
                    "name": "Ширина",
                    "value": "235 "
                },
                {
                    "name": "Диаметр",
                    "value": "18 "
                }
            ],
            "type": "tires",
            "isPromo": null,
            "amount": 3,
            "season": "Летние",
            "price": 12230,
            "name": "235/45 R18 98Y GOODYEAR Eagle Sport TZ TL",
            "sectionId": 7278,
            "sectionName": "Легковые",
            "sectionPath": [
                {
                    "ID": "7278",
                    "NAME": "Легковые"
                },
                {
                    "ID": "7267",
                    "NAME": "Шины"
                }
            ],
            "imgSrc": "/upload/resize_cache/rembg-image/013/275_275_1/94xobu28m56yauri8q2me5eaqop8lpjc.png",
            "url": "/catalog/legkovye/23545r18-98y-xl-eagle-sport-tz-tl-fp/",
            "promo": [],
            "discountStores": [],
            "externalStores": [],
            "commonStores": [],
            "brand": "GOODYEAR",
            "brandCode": "",
            "vendorCode": "576208",
            "model": "Eagle Sport TZ",
            "raznItems": [
                {
                    "id": "143247",
                    "name": "225/40 R18",
                    "price": 8680,
                    "amount": "2",
                    "quantity": 1,
                    "url": "/catalog/legkovye/22540r18-92y-xl-eagle-sport-tz-tl-fp/"
                },
                {
                    "id": "143248",
                    "name": "235/40 R18",
                    "price": 10580,
                    "amount": "2",
                    "quantity": 1,
                    "url": "/catalog/legkovye/23540r18-95y-xl-eagle-sport-tz-tl-fp/"
                },
                {
                    "id": "143493",
                    "name": "235/45 R18",
                    "price": 12230,
                    "amount": "3",
                    "quantity": 1,
                    "url": "/catalog/legkovye/23545r18-98y-xl-eagle-sport-tz-tl-fp/"
                },
                {
                    "id": "143812",
                    "name": "225/45 R18",
                    "price": 10690,
                    "amount": "41",
                    "quantity": 1,
                    "url": "/catalog/legkovye/22545r18-95y-xl-eagle-sport-tz-tl-fp/"
                }
            ]
        },
        {
            "id": 120005,
            "isNew": false,
            "EDIT_LINK": null,
            "DELETE_LINK": null,
            "props": [
                {
                    "name": "Ширина",
                    "value": "205 "
                },
                {
                    "name": "Диаметр",
                    "value": "16 "
                }
            ],
            "type": "tires",
            "isPromo": null,
            "amount": 16,
            "season": "Летние",
            "price": 12230,
            "name": "205/60 R16 92H MICHELIN Primacy 4 TL",
            "sectionId": 7278,
            "sectionName": "Легковые",
            "sectionPath": [
                {
                    "ID": "7278",
                    "NAME": "Легковые"
                },
                {
                    "ID": "7267",
                    "NAME": "Шины"
                }
            ],
            "imgSrc": "/upload/resize_cache/rembg-image/925/275_275_1/crs2abus4wr0nxcmxkejj5xrbmlfwhc9.png",
            "url": "/catalog/legkovye/20560r16-92h-primacy-4-tl/",
            "promo": [],
            "discountStores": [],
            "externalStores": [],
            "commonStores": [],
            "brand": "MICHELIN",
            "brandCode": "",
            "vendorCode": "122657",
            "model": "Primacy 4",
            "raznItems": [
                {
                    "id": "104076",
                    "name": "215/60 R16",
                    "price": 15700,
                    "amount": "23",
                    "quantity": 1,
                    "url": "/catalog/legkovye/21560-r16-99v-michelin-primacy-4-tl91463/"
                },
                {
                    "id": "120005",
                    "name": "205/60 R16",
                    "price": 12230,
                    "amount": "16",
                    "quantity": 1,
                    "url": "/catalog/legkovye/20560r16-92h-primacy-4-tl/"
                },
                {
                    "id": "144614",
                    "name": "195/45 R16",
                    "price": 10040,
                    "amount": "3",
                    "quantity": 1,
                    "url": "/catalog/legkovye/19545r16-84v-xl-primacy-4-tl/"
                }
            ]
        }
    ],
    "filter": {
        "0": {
            "LOGIC": "OR",
            ">STORE_AMOUNT_156": 0,
            ">STORE_AMOUNT_158": 0,
            ">STORE_AMOUNT_159": 0,
            ">STORE_AMOUNT_160": 0,
            ">STORE_AMOUNT_161": 0,
            ">STORE_AMOUNT_164": 0,
            ">STORE_AMOUNT_165": 0,
            ">STORE_AMOUNT_168": 0,
            ">STORE_AMOUNT_169": 0,
            ">STORE_AMOUNT_174": 0,
            ">STORE_AMOUNT_180": 0,
            ">STORE_AMOUNT_184": 0,
            ">STORE_AMOUNT_185": 0,
            ">STORE_AMOUNT_191": 0,
            ">STORE_AMOUNT_192": 0,
            ">STORE_AMOUNT_194": 0,
            ">STORE_AMOUNT_6087": 0
        },
        "1": {
            "LOGIC": "OR",
            ">CATALOG_CATALOG_GROUP_ID_33": 0,
            ">CATALOG_CATALOG_GROUP_ID_90": 0,
            ">CATALOG_CATALOG_GROUP_ID_96": 0,
            ">CATALOG_CATALOG_GROUP_ID_97": 0,
            ">CATALOG_CATALOG_GROUP_ID_98": 0
        },
        "2": {
            "LOGIC": "OR",
            ">STORE_AMOUNT_156": 0,
            ">STORE_AMOUNT_158": 0,
            ">STORE_AMOUNT_159": 0,
            ">STORE_AMOUNT_160": 0,
            ">STORE_AMOUNT_161": 0,
            ">STORE_AMOUNT_164": 0,
            ">STORE_AMOUNT_165": 0,
            ">STORE_AMOUNT_168": 0,
            ">STORE_AMOUNT_169": 0,
            ">STORE_AMOUNT_174": 0,
            ">STORE_AMOUNT_180": 0,
            ">STORE_AMOUNT_184": 0,
            ">STORE_AMOUNT_185": 0,
            ">STORE_AMOUNT_191": 0,
            ">STORE_AMOUNT_192": 0,
            ">STORE_AMOUNT_194": 0,
            ">STORE_AMOUNT_6087": 0
        },
        "3": {
            "LOGIC": "OR",
            ">CATALOG_CATALOG_GROUP_ID_33": 0,
            ">CATALOG_CATALOG_GROUP_ID_90": 0,
            ">CATALOG_CATALOG_GROUP_ID_96": 0,
            ">CATALOG_CATALOG_GROUP_ID_97": 0,
            ">CATALOG_CATALOG_GROUP_ID_98": 0
        },
        "=PROPERTY_458": [
            "154"
        ]
    },
    "promo": {
        "id": "165954",
        "url": "/promo/shiny-v-rassrochku/",
        "name": "Покупки в рассрочку",
        "text": "Теперь вы можете купить зимние шины, или диски в рассрочку быстро и легко: без первоначального взноса и без переплаты!",
        "imgSrc": "/upload/resize_cache/iblock/356/1075_613_1/8iiw8xmv2bzky9euo9mn57dqx6dk3xa9.jpg",
        "videoSrc": null
    },
    "promoFilter": {
        "IBLOCK_ID": 10,
        "ACTIVE": "Y",
        "=PROPERTY_SECTION": 206,
        "=PROPERTY_CATALOG_SEASON": [
            false,
            204
        ],
        "=PROPERTY_CATALOG_BRAND": [
            false
        ]
    },
    "navNum": 1,
    "pagesCount": 111,
    "pageNum": 54
}