{
    "pageUrl": "/catalog/legkovye/?arCatalogFilter_458_1500340406=Y&set_filter=Y&sort%5Brecommendations%5D=asc&PAGEN_1=55",
    "items": [
        {
            "id": 103358,
            "isNew": false,
            "EDIT_LINK": null,
            "DELETE_LINK": null,
            "props": [
                {
                    "name": "Ширина",
                    "value": "225 "
                },
                {
                    "name": "Диаметр",
                    "value": "18 "
                }
            ],
            "type": "tires",
            "isPromo": null,
            "amount": 25,
            "season": "Летние",
            "price": 12240,
            "name": "225/55 R18 98H YOKOHAMA Geolandar G055E TL",
            "sectionId": 7278,
            "sectionName": "Легковые",
            "sectionPath": [
                {
                    "ID": "7278",
                    "NAME": "Легковые"
                },
                {
                    "ID": "7267",
                    "NAME": "Шины"
                }
            ],
            "imgSrc": "/upload/resize_cache/rembg-image/e28/275_275_1/2bgqgc95efeicbwl1pmlqjhv8m6owkxp.png",
            "url": "/catalog/legkovye/22555-r18-98h-yokohama-geolandar-g055e-tl76006/",
            "promo": [],
            "discountStores": [],
            "externalStores": [],
            "commonStores": [],
            "brand": "YOKOHAMA",
            "brandCode": "",
            "vendorCode": "R1424",
            "model": "Geolandar SUV G055E",
            "raznItems": [
                {
                    "id": "103358",
                    "name": "225/55 R18",
                    "price": 12240,
                    "amount": "25",
                    "quantity": 1,
                    "url": "/catalog/legkovye/22555-r18-98h-yokohama-geolandar-g055e-tl76006/"
                }
            ]
        },
        {
            "id": 101833,
            "isNew": false,
            "EDIT_LINK": null,
            "DELETE_LINK": null,
            "props": [
                {
                    "name": "Ширина",
                    "value": "235 "
                },
                {
                    "name": "Диаметр",
                    "value": "17 "
                }
            ],
            "type": "tires",
            "isPromo": null,
            "amount": 9,
            "season": "Летние",
            "price": 12240,
            "name": "235/45 R17 94W CONTINENTAL ContiSportContact 5 TL",
            "sectionId": 7278,
            "sectionName": "Легковые",
            "sectionPath": [
                {
                    "ID": "7278",
                    "NAME": "Легковые"
                },
                {
                    "ID": "7267",
                    "NAME": "Шины"
                }
            ],
            "imgSrc": "/upload/resize_cache/rembg-image/8e7/275_275_1/j6dt201cairz8aj9mh926qfcuq6gksjr.png",
            "url": "/catalog/legkovye/23545-r17-94w-continental-contisportcontact-5-tl69497/",
            "promo": [],
            "discountStores": [],
            "externalStores": [],
            "commonStores": [],
            "brand": "CONTINENTAL",
            "brandCode": "",
            "vendorCode": "0350995",
            "model": "ContiSportContact 5",
            "raznItems": [
                {
                    "id": "101833",
                    "name": "235/45 R17",
                    "price": 12240,
                    "amount": "9",
                    "quantity": 1,
                    "url": "/catalog/legkovye/23545-r17-94w-continental-contisportcontact-5-tl69497/"
                },
                {
                    "id": "103464",
                    "name": "225/45 R17",
                    "price": 13600,
                    "amount": "6",
                    "quantity": 1,
                    "url": "/catalog/legkovye/22545r17-91y-contisportcontact-5-mo-tl-fr/"
                },
                {
                    "id": "122978",
                    "name": "225/45 R17",
                    "price": 16610,
                    "amount": "4",
                    "quantity": 1,
                    "url": "/catalog/legkovye/22545-r17-91w-continental-contisportcontact-5-tl90326/"
                },
                {
                    "id": "122987",
                    "name": "225/50 R17",
                    "price": 14450,
                    "amount": "2",
                    "quantity": 1,
                    "url": "/catalog/legkovye/22550r17-98y-xl-contisportcontact-5-ao-tl-fr/"
                },
                {
                    "id": "122990",
                    "name": "245/40 R17",
                    "price": 15290,
                    "amount": "4",
                    "quantity": 1,
                    "url": "/catalog/legkovye/24540r17-91w-contisportcontact-5-mo-tl-fr/"
                }
            ]
        },
        {
            "id": 143351,
            "isNew": false,
            "EDIT_LINK": null,
            "DELETE_LINK": null,
            "props": [
                {
                    "name": "Ширина",
                    "value": "275 "
                },
                {
                    "name": "Диаметр",
                    "value": "20 "
                }
            ],
            "type": "tires",
            "isPromo": null,
            "amount": 5,
            "season": "Летние",
            "price": 12280,
            "name": "275/40 R20 106Y KORMORAN SUV Summer TL",
            "sectionId": 7278,
            "sectionName": "Легковые",
            "sectionPath": [
                {
                    "ID": "7278",
                    "NAME": "Легковые"
                },
                {
                    "ID": "7267",
                    "NAME": "Шины"
                }
            ],
            "imgSrc": "/upload/resize_cache/rembg-image/06c/275_275_1/l0p7ngbglfxwzpd11e11muj02hov7jd8.png",
            "url": "/catalog/legkovye/27540r20-106y-xl-suv-summer-tl-m-s/",
            "promo": [],
            "discountStores": [],
            "externalStores": [],
            "commonStores": [],
            "brand": "KORMORAN",
            "brandCode": "",
            "vendorCode": "996875",
            "model": "SUV Summer",
            "raznItems": [
                {
                    "id": "143351",
                    "name": "275/40 R20",
                    "price": 12280,
                    "amount": "5",
                    "quantity": 1,
                    "url": "/catalog/legkovye/27540r20-106y-xl-suv-summer-tl-m-s/"
                }
            ]
        },
        {
            "id": 155381,
            "isNew": false,
            "EDIT_LINK": null,
            "DELETE_LINK": null,
            "props": [
                {
                    "name": "Ширина",
                    "value": "225 "
                },
                {
                    "name": "Диаметр",
                    "value": "17 "
                }
            ],
            "type": "tires",
            "isPromo": null,
            "amount": 13,
            "season": "Летние",
            "price": 9530,
            "name": "225/65 R17 106H NOKIAN TYRES Hakka Blue 3 SUV TL",
            "sectionId": 7278,
            "sectionName": "Легковые",
            "sectionPath": [
                {
                    "ID": "7278",
                    "NAME": "Легковые"
                },
                {
                    "ID": "7267",
                    "NAME": "Шины"
                }
            ],
            "imgSrc": "/upload/resize_cache/rembg-image/dc6/275_275_1/nwswgkmifysvlzb01fwdst5bbxp8mpou.png",
            "url": "/catalog/legkovye/22565-r17-106h-nokian-tyres-hakka-blue-3-suv-tl24283/",
            "promo": [],
            "discountStores": [],
            "externalStores": [],
            "commonStores": [
                {
                    "STORE_ID": "158",
                    "PRODUCT_ID": "155381",
                    "AMOUNT": "9",
                    "PRODUCT_XML_ID": "24283",
                    "STORE_XML_ID": "351",
                    "STORE_NAME": "Оптовый Склад",
                    "PRICE": "9530.00",
                    "PRICE_ID": "9"
                },
                {
                    "STORE_ID": "161",
                    "PRODUCT_ID": "155381",
                    "AMOUNT": "4",
                    "PRODUCT_XML_ID": "24283",
                    "STORE_XML_ID": "383",
                    "STORE_NAME": "г. Челябинск, ул. Федорова 2а",
                    "PRICE": "9530.00",
                    "PRICE_ID": "12"
                }
            ],
            "brand": "NOKIAN TYRES",
            "brandCode": "",
            "vendorCode": "T432297",
            "model": "Hakka Blue 3 SUV",
            "raznItems": [
                {
                    "id": "155381",
                    "name": "225/65 R17",
                    "price": 9530,
                    "amount": "3",
                    "quantity": 1,
                    "url": "/catalog/legkovye/22565-r17-106h-nokian-tyres-hakka-blue-3-suv-tl24283/"
                },
                {
                    "id": "155382",
                    "name": "235/65 R17",
                    "price": 10460,
                    "amount": "4",
                    "quantity": 1,
                    "url": "/catalog/legkovye/65235-r17-nokian/"
                }
            ]
        },
        {
            "id": 168130,
            "isNew": false,
            "EDIT_LINK": null,
            "DELETE_LINK": null,
            "props": [
                {
                    "name": "Ширина",
                    "value": "275 "
                },
                {
                    "name": "Диаметр",
                    "value": "20 "
                }
            ],
            "type": "tires",
            "isPromo": null,
            "amount": 10,
            "season": "Летние",
            "price": 12310,
            "name": "275/40 R20 106Y GT RADIAL Champiro HPY SUV TL",
            "sectionId": 7278,
            "sectionName": "Легковые",
            "sectionPath": [
                {
                    "ID": "7278",
                    "NAME": "Легковые"
                },
                {
                    "ID": "7267",
                    "NAME": "Шины"
                }
            ],
            "imgSrc": "/upload/resize_cache/iblock/f58/275_275_1/nma3ft51fo2hsdx3ze8n91035t8e782z.png",
            "url": "/catalog/legkovye/27540-r20-106y-gt-radial-champiro-hpy-suv-tl-b120/",
            "promo": [],
            "discountStores": [],
            "externalStores": [],
            "commonStores": [],
            "brand": "GT RADIAL",
            "brandCode": "",
            "vendorCode": "B120",
            "model": "Champiro HPY SUV",
            "raznItems": [
                {
                    "id": "168130",
                    "name": "275/40 R20",
                    "price": 12310,
                    "amount": "10",
                    "quantity": 1,
                    "url": "/catalog/legkovye/27540-r20-106y-gt-radial-champiro-hpy-suv-tl-b120/"
                }
            ]
        },
        {
            "id": 100648,
            "isNew": false,
            "EDIT_LINK": null,
            "DELETE_LINK": null,
            "props": [
                {
                    "name": "Ширина",
                    "value": "205 "
                },
                {
                    "name": "Диаметр",
                    "value": "16 "
                }
            ],
            "type": "tires",
            "isPromo": null,
            "amount": 4,
            "season": "Летние",
            "price": 12330,
            "name": "205/55 R16 91W PIRELLI Cinturato P7 TL",
            "sectionId": 7278,
            "sectionName": "Легковые",
            "sectionPath": [
                {
                    "ID": "7278",
                    "NAME": "Легковые"
                },
                {
                    "ID": "7267",
                    "NAME": "Шины"
                }
            ],
            "imgSrc": "/upload/resize_cache/rembg-image/08f/275_275_1/48hp33mna162pf7fywirhgnrixa5yt1l.png",
            "url": "/catalog/legkovye/20555r16-91w-cinturato-p7--tl-run-flat/",
            "promo": [],
            "discountStores": [],
            "externalStores": [],
            "commonStores": [],
            "brand": "PIRELLI",
            "brandCode": "",
            "vendorCode": "2040200",
            "model": "Cinturato P7",
            "raznItems": [
                {
                    "id": "100648",
                    "name": "205/55 R16",
                    "price": 12330,
                    "amount": "4",
                    "quantity": 1,
                    "url": "/catalog/legkovye/20555r16-91w-cinturato-p7--tl-run-flat/"
                }
            ]
        },
        {
            "id": 103093,
            "isNew": false,
            "EDIT_LINK": null,
            "DELETE_LINK": null,
            "props": [
                {
                    "name": "Ширина",
                    "value": "225 "
                },
                {
                    "name": "Диаметр",
                    "value": "19 "
                }
            ],
            "type": "tires",
            "isPromo": null,
            "amount": 1,
            "season": "Летние",
            "price": 12340,
            "name": "225/55 R19 99H NEXEN NFera RU1 TL",
            "sectionId": 7278,
            "sectionName": "Легковые",
            "sectionPath": [
                {
                    "ID": "7278",
                    "NAME": "Легковые"
                },
                {
                    "ID": "7267",
                    "NAME": "Шины"
                }
            ],
            "imgSrc": "/upload/resize_cache/rembg-image/534/275_275_1/4yx3mbqg77zi7zmy9881qumv6liwfpcq.png",
            "url": "/catalog/legkovye/22555-r19-99h-nexen-nfera-ru1-tl75096/",
            "promo": [],
            "discountStores": [],
            "externalStores": [],
            "commonStores": [
                {
                    "STORE_ID": "158",
                    "PRODUCT_ID": "103093",
                    "AMOUNT": "1",
                    "PRODUCT_XML_ID": "75096",
                    "STORE_XML_ID": "351",
                    "STORE_NAME": "Оптовый Склад",
                    "PRICE": "12340.00",
                    "PRICE_ID": "9"
                }
            ],
            "brand": "NEXEN",
            "brandCode": "321",
            "vendorCode": "NXK13610",
            "model": "NFera RU1",
            "raznItems": [
                {
                    "id": "103085",
                    "name": "255/55 R19",
                    "price": 14530,
                    "amount": "3",
                    "quantity": 1,
                    "url": "/catalog/legkovye/25555-r19-111v-nexen-nfera-ru1-tl75086/"
                },
                {
                    "id": "103093",
                    "name": "225/55 R19",
                    "price": 12340,
                    "amount": "1",
                    "quantity": 1,
                    "url": "/catalog/legkovye/22555-r19-99h-nexen-nfera-ru1-tl75096/"
                }
            ]
        },
        {
            "id": 155815,
            "isNew": false,
            "EDIT_LINK": null,
            "DELETE_LINK": null,
            "props": [
                {
                    "name": "Ширина",
                    "value": "235 "
                },
                {
                    "name": "Диаметр",
                    "value": "18 "
                }
            ],
            "type": "tires",
            "isPromo": null,
            "amount": 58,
            "season": "Летние",
            "price": 12350,
            "name": "235/55 R18 100V YOKOHAMA BluEarth-XT AE61 TL",
            "sectionId": 7278,
            "sectionName": "Легковые",
            "sectionPath": [
                {
                    "ID": "7278",
                    "NAME": "Легковые"
                },
                {
                    "ID": "7267",
                    "NAME": "Шины"
                }
            ],
            "imgSrc": "/upload/resize_cache/rembg-image/edb/275_275_1/lq8yda1dvexui7oloaz7ybi8eh1uqeaa.png",
            "url": "/catalog/legkovye/23555-r18-100v-yokohama-bluearth-xt-ae61-tl24734/",
            "promo": [],
            "discountStores": [],
            "externalStores": [],
            "commonStores": [
                {
                    "STORE_ID": "158",
                    "PRODUCT_ID": "155815",
                    "AMOUNT": "58",
                    "PRODUCT_XML_ID": "24734",
                    "STORE_XML_ID": "351",
                    "STORE_NAME": "Оптовый Склад",
                    "PRICE": "12350.00",
                    "PRICE_ID": "9"
                }
            ],
            "brand": "YOKOHAMA",
            "brandCode": "",
            "vendorCode": "R7534",
            "model": "BluEarth-XT AE61",
            "raznItems": [
                {
                    "id": "155810",
                    "name": "225/55 R18",
                    "price": 11860,
                    "amount": "24",
                    "quantity": 1,
                    "url": "/catalog/legkovye/22555-r18-98v-yokohama-bluearth-xt-ae61-tl24728/"
                },
                {
                    "id": "155813",
                    "name": "235/50 R18",
                    "price": 12540,
                    "amount": "4",
                    "quantity": 1,
                    "url": "/catalog/legkovye/23550-r18-97v-yokohama-bluearth-xt-ae61-tl24732/"
                },
                {
                    "id": "155815",
                    "name": "235/55 R18",
                    "price": 12350,
                    "amount": "58",
                    "quantity": 1,
                    "url": "/catalog/legkovye/23555-r18-100v-yokohama-bluearth-xt-ae61-tl24734/"
                },
                {
                    "id": "155816",
                    "name": "235/60 R18",
                    "price": 11910,
                    "amount": "7",
                    "quantity": 1,
                    "url": "/catalog/legkovye/23560-r18-103w-yokohama-bluearth-xt-ae61-tl24735/"
                }
            ]
        },
        {
            "id": 143662,
            "isNew": false,
            "EDIT_LINK": null,
            "DELETE_LINK": null,
            "props": [
                {
                    "name": "Ширина",
                    "value": "235 "
                },
                {
                    "name": "Диаметр",
                    "value": "17 "
                }
            ],
            "type": "tires",
            "isPromo": null,
            "amount": 1,
            "season": "Летние",
            "price": 12350,
            "name": "235/65 R17 104V GOODYEAR Wrangler HP All Weather TL",
            "sectionId": 7278,
            "sectionName": "Легковые",
            "sectionPath": [
                {
                    "ID": "7278",
                    "NAME": "Легковые"
                },
                {
                    "ID": "7267",
                    "NAME": "Шины"
                }
            ],
            "imgSrc": "/upload/resize_cache/rembg-image/910/275_275_1/5a194i49e78vz9qtspazixfy8png1o1l.png",
            "url": "/catalog/legkovye/23565r17-104v-wrangler-hp-all-weather-lr-tl-fp-m-s/",
            "promo": [],
            "discountStores": [],
            "externalStores": [],
            "commonStores": [],
            "brand": "GOODYEAR",
            "brandCode": "",
            "vendorCode": "572770",
            "model": "Wrangler HP All Weather",
            "raznItems": [
                {
                    "id": "143662",
                    "name": "235/65 R17",
                    "price": 12350,
                    "amount": "1",
                    "quantity": 1,
                    "url": "/catalog/legkovye/23565r17-104v-wrangler-hp-all-weather-lr-tl-fp-m-s/"
                }
            ]
        },
        {
            "id": 102843,
            "isNew": false,
            "EDIT_LINK": null,
            "DELETE_LINK": null,
            "props": [
                {
                    "name": "Ширина",
                    "value": "265 "
                },
                {
                    "name": "Диаметр",
                    "value": "17 "
                }
            ],
            "type": "tires",
            "isPromo": null,
            "amount": 3,
            "season": "Летние",
            "price": 12380,
            "name": "265/65 R17 112S YOKOHAMA Geolandar G94DV TL",
            "sectionId": 7278,
            "sectionName": "Легковые",
            "sectionPath": [
                {
                    "ID": "7278",
                    "NAME": "Легковые"
                },
                {
                    "ID": "7267",
                    "NAME": "Шины"
                }
            ],
            "imgSrc": "/upload/resize_cache/rembg-image/3ea/275_275_1/c661on0tlpgpzy1632883wz2ajqdnqe2.png",
            "url": "/catalog/legkovye/26565-r17-112s-yokohama-geolandar-g94dv-tl74031/",
            "promo": [],
            "discountStores": [],
            "externalStores": [],
            "commonStores": [
                {
                    "STORE_ID": "158",
                    "PRODUCT_ID": "102843",
                    "AMOUNT": "3",
                    "PRODUCT_XML_ID": "74031",
                    "STORE_XML_ID": "351",
                    "STORE_NAME": "Оптовый Склад",
                    "PRICE": "12380.00",
                    "PRICE_ID": "9"
                }
            ],
            "brand": "YOKOHAMA",
            "brandCode": "393",
            "vendorCode": "R6684",
            "model": "Geolandar G94DV",
            "raznItems": [
                {
                    "id": "102843",
                    "name": "265/65 R17",
                    "price": 12380,
                    "amount": "3",
                    "quantity": 1,
                    "url": "/catalog/legkovye/26565-r17-112s-yokohama-geolandar-g94dv-tl74031/"
                }
            ]
        },
        {
            "id": 136779,
            "isNew": false,
            "EDIT_LINK": null,
            "DELETE_LINK": null,
            "props": [
                {
                    "name": "Ширина",
                    "value": "215 "
                },
                {
                    "name": "Диаметр",
                    "value": "18 "
                }
            ],
            "type": "tires",
            "isPromo": null,
            "amount": 4,
            "season": "Летние",
            "price": 12390,
            "name": "215/50 R18 92H HANKOOK Dynapro HP2 RA33 TL",
            "sectionId": 7278,
            "sectionName": "Легковые",
            "sectionPath": [
                {
                    "ID": "7278",
                    "NAME": "Легковые"
                },
                {
                    "ID": "7267",
                    "NAME": "Шины"
                }
            ],
            "imgSrc": "/upload/resize_cache/rembg-image/1a4/275_275_1/ng5lkt0kch4pxrine8n6rmm7fyryntqa.png",
            "url": "/catalog/legkovye/21550r18-92h-dynapro-hp2-ra33-tl/",
            "promo": [],
            "discountStores": [],
            "externalStores": [],
            "commonStores": [],
            "brand": "HANKOOK",
            "brandCode": "",
            "vendorCode": "1024252",
            "model": "Dynapro HP2 RA33",
            "raznItems": [
                {
                    "id": "136779",
                    "name": "215/50 R18",
                    "price": 12390,
                    "amount": "4",
                    "quantity": 1,
                    "url": "/catalog/legkovye/21550r18-92h-dynapro-hp2-ra33-tl/"
                }
            ]
        },
        {
            "id": 145814,
            "isNew": false,
            "EDIT_LINK": null,
            "DELETE_LINK": null,
            "props": [
                {
                    "name": "Ширина",
                    "value": "255 "
                },
                {
                    "name": "Диаметр",
                    "value": "16 "
                }
            ],
            "type": "tires",
            "isPromo": null,
            "amount": 5,
            "season": "Летние",
            "price": 12400,
            "name": "255/70 R16 111H YOKOHAMA Geolandar H/T G056 TL",
            "sectionId": 7278,
            "sectionName": "Легковые",
            "sectionPath": [
                {
                    "ID": "7278",
                    "NAME": "Легковые"
                },
                {
                    "ID": "7267",
                    "NAME": "Шины"
                }
            ],
            "imgSrc": "/upload/resize_cache/rembg-image/502/275_275_1/1zkkbmwmtby63bbqvduyhcgmj5sl8n90.png",
            "url": "/catalog/legkovye/25570r16-111h-geolandar-ht-g056-tl-m-s/",
            "promo": [],
            "discountStores": [],
            "externalStores": [],
            "commonStores": [],
            "brand": "YOKOHAMA",
            "brandCode": "",
            "vendorCode": "F9256",
            "model": "Geolandar H/T G056",
            "raznItems": [
                {
                    "id": "145814",
                    "name": "255/70 R16",
                    "price": 12400,
                    "amount": "5",
                    "quantity": 1,
                    "url": "/catalog/legkovye/25570r16-111h-geolandar-ht-g056-tl-m-s/"
                }
            ]
        },
        {
            "id": 124733,
            "isNew": false,
            "EDIT_LINK": null,
            "DELETE_LINK": null,
            "props": [
                {
                    "name": "Ширина",
                    "value": "205 "
                },
                {
                    "name": "Диаметр",
                    "value": "15 "
                }
            ],
            "type": "tires",
            "isPromo": null,
            "amount": 4,
            "season": "Летние",
            "price": 12410,
            "name": "205/65 R15 99V MICHELIN CrossClimate   TL",
            "sectionId": 7278,
            "sectionName": "Легковые",
            "sectionPath": [
                {
                    "ID": "7278",
                    "NAME": "Легковые"
                },
                {
                    "ID": "7267",
                    "NAME": "Шины"
                }
            ],
            "imgSrc": "/upload/resize_cache/rembg-image/807/275_275_1/t9h9yr9qcepy5vao5uim65hnac9ae5wi.png",
            "url": "/catalog/legkovye/20565r15-99v-xl-crossclimate-tl/",
            "promo": [],
            "discountStores": [],
            "externalStores": [],
            "commonStores": [],
            "brand": "MICHELIN",
            "brandCode": "",
            "vendorCode": "778333",
            "model": "CrossClimate  ",
            "raznItems": [
                {
                    "id": "121438",
                    "name": "185/60 R15",
                    "price": 10490,
                    "amount": "2",
                    "quantity": 1,
                    "url": "/catalog/legkovye/18560r15-88v-xl-crossclimate-tl/"
                },
                {
                    "id": "124733",
                    "name": "205/65 R15",
                    "price": 12410,
                    "amount": "4",
                    "quantity": 1,
                    "url": "/catalog/legkovye/20565r15-99v-xl-crossclimate-tl/"
                },
                {
                    "id": "145157",
                    "name": "195/55 R15",
                    "price": 14430,
                    "amount": "4",
                    "quantity": 1,
                    "url": "/catalog/legkovye/19555r15-89v-xl-crossclimate-tl/"
                }
            ]
        },
        {
            "id": 120126,
            "isNew": false,
            "EDIT_LINK": null,
            "DELETE_LINK": null,
            "props": [
                {
                    "name": "Ширина",
                    "value": "215 "
                },
                {
                    "name": "Диаметр",
                    "value": "16 "
                }
            ],
            "type": "tires",
            "isPromo": null,
            "amount": 4,
            "season": "Летние",
            "price": 12410,
            "name": "215/60 R16 99H BRIDGESTONE Turanza T005 TL",
            "sectionId": 7278,
            "sectionName": "Легковые",
            "sectionPath": [
                {
                    "ID": "7278",
                    "NAME": "Легковые"
                },
                {
                    "ID": "7267",
                    "NAME": "Шины"
                }
            ],
            "imgSrc": "/upload/resize_cache/rembg-image/5ae/275_275_1/mvjjsnzm6ge32jpmaltq1z446rodmo96.png",
            "url": "/catalog/legkovye/21560-r16-99h-bridgestone-turanza-t005-tl94871/",
            "promo": [],
            "discountStores": [],
            "externalStores": [],
            "commonStores": [
                {
                    "STORE_ID": "185",
                    "PRODUCT_ID": "120126",
                    "AMOUNT": "4",
                    "PRODUCT_XML_ID": "94871",
                    "STORE_XML_ID": "415",
                    "STORE_NAME": "г. Челябинск, Свердловский пр-т, 40а",
                    "PRICE": "12410.00",
                    "PRICE_ID": "21"
                }
            ],
            "brand": "BRIDGESTONE",
            "brandCode": "250",
            "vendorCode": "10883",
            "model": "Turanza T005",
            "raznItems": [
                {
                    "id": "105810",
                    "name": "215/60 R16",
                    "price": 12410,
                    "amount": "24",
                    "quantity": 1,
                    "url": "/catalog/legkovye/21560-r16-99v-bridgestone-turanza-t005-tl59785/"
                },
                {
                    "id": "105811",
                    "name": "215/60 R16",
                    "price": 12660,
                    "amount": "4",
                    "quantity": 1,
                    "url": "/catalog/legkovye/21560-r16-95v-bridgestone-turanza-t005-tl59817/"
                },
                {
                    "id": "105821",
                    "name": "195/45 R16",
                    "price": 11280,
                    "amount": "14",
                    "quantity": 1,
                    "url": "/catalog/legkovye/19545-r16-84v-bridgestone-turanza-t005-tl59920/"
                },
                {
                    "id": "120126",
                    "name": "215/60 R16",
                    "price": 12410,
                    "amount": "4",
                    "quantity": 1,
                    "url": "/catalog/legkovye/21560-r16-99h-bridgestone-turanza-t005-tl94871/"
                },
                {
                    "id": "136451",
                    "name": "195/55 R16",
                    "price": 11510,
                    "amount": "4",
                    "quantity": 1,
                    "url": "/catalog/legkovye/19555-r16-87h-bridgestone-turanza-t005-tl60029/"
                },
                {
                    "id": "136476",
                    "name": "195/55 R16",
                    "price": 11280,
                    "amount": "4",
                    "quantity": 1,
                    "url": "/catalog/legkovye/19555-r16-87v-bridgestone-turanza-t005-tl59879/"
                },
                {
                    "id": "156691",
                    "name": "215/65 R16",
                    "price": 12200,
                    "amount": "4",
                    "quantity": 1,
                    "url": "/catalog/legkovye/21565-r16-98h-bridgestone-turanza-t005-tl25526/"
                },
                {
                    "id": "159665",
                    "name": "205/60 R16",
                    "price": 11280,
                    "amount": "7",
                    "quantity": 1,
                    "url": "/catalog/legkovye/20560-r16-92h-bridgestone-turanza-t005-tl28838/"
                },
                {
                    "id": "159956",
                    "name": "215/60 R16",
                    "price": 12660,
                    "amount": "1",
                    "quantity": 1,
                    "url": "/catalog/legkovye/21560-r16-95v-bridgestone-turanza-t005-tl29091/"
                }
            ]
        }
    ],
    "filter": {
        "0": {
            "LOGIC": "OR",
            ">STORE_AMOUNT_156": 0,
            ">STORE_AMOUNT_158": 0,
            ">STORE_AMOUNT_159": 0,
            ">STORE_AMOUNT_160": 0,
            ">STORE_AMOUNT_161": 0,
            ">STORE_AMOUNT_164": 0,
            ">STORE_AMOUNT_165": 0,
            ">STORE_AMOUNT_168": 0,
            ">STORE_AMOUNT_169": 0,
            ">STORE_AMOUNT_174": 0,
            ">STORE_AMOUNT_180": 0,
            ">STORE_AMOUNT_184": 0,
            ">STORE_AMOUNT_185": 0,
            ">STORE_AMOUNT_191": 0,
            ">STORE_AMOUNT_192": 0,
            ">STORE_AMOUNT_194": 0,
            ">STORE_AMOUNT_6087": 0
        },
        "1": {
            "LOGIC": "OR",
            ">CATALOG_CATALOG_GROUP_ID_33": 0,
            ">CATALOG_CATALOG_GROUP_ID_90": 0,
            ">CATALOG_CATALOG_GROUP_ID_96": 0,
            ">CATALOG_CATALOG_GROUP_ID_97": 0,
            ">CATALOG_CATALOG_GROUP_ID_98": 0
        },
        "2": {
            "LOGIC": "OR",
            ">STORE_AMOUNT_156": 0,
            ">STORE_AMOUNT_158": 0,
            ">STORE_AMOUNT_159": 0,
            ">STORE_AMOUNT_160": 0,
            ">STORE_AMOUNT_161": 0,
            ">STORE_AMOUNT_164": 0,
            ">STORE_AMOUNT_165": 0,
            ">STORE_AMOUNT_168": 0,
            ">STORE_AMOUNT_169": 0,
            ">STORE_AMOUNT_174": 0,
            ">STORE_AMOUNT_180": 0,
            ">STORE_AMOUNT_184": 0,
            ">STORE_AMOUNT_185": 0,
            ">STORE_AMOUNT_191": 0,
            ">STORE_AMOUNT_192": 0,
            ">STORE_AMOUNT_194": 0,
            ">STORE_AMOUNT_6087": 0
        },
        "3": {
            "LOGIC": "OR",
            ">CATALOG_CATALOG_GROUP_ID_33": 0,
            ">CATALOG_CATALOG_GROUP_ID_90": 0,
            ">CATALOG_CATALOG_GROUP_ID_96": 0,
            ">CATALOG_CATALOG_GROUP_ID_97": 0,
            ">CATALOG_CATALOG_GROUP_ID_98": 0
        },
        "=PROPERTY_458": [
            "154"
        ]
    },
    "promo": {
        "id": "165954",
        "url": "/promo/shiny-v-rassrochku/",
        "name": "Покупки в рассрочку",
        "text": "Теперь вы можете купить зимние шины, или диски в рассрочку быстро и легко: без первоначального взноса и без переплаты!",
        "imgSrc": "/upload/resize_cache/iblock/356/1075_613_1/8iiw8xmv2bzky9euo9mn57dqx6dk3xa9.jpg",
        "videoSrc": null
    },
    "promoFilter": {
        "IBLOCK_ID": 10,
        "ACTIVE": "Y",
        "=PROPERTY_SECTION": 206,
        "=PROPERTY_CATALOG_SEASON": [
            false,
            204
        ],
        "=PROPERTY_CATALOG_BRAND": [
            false
        ]
    },
    "navNum": 1,
    "pagesCount": 111,
    "pageNum": 55
}