{
    "pageUrl": "/catalog/legkovye/?arCatalogFilter_458_1500340406=Y&set_filter=Y&sort%5Brecommendations%5D=asc&PAGEN_1=58",
    "items": [
        {
            "id": 155451,
            "isNew": false,
            "EDIT_LINK": null,
            "DELETE_LINK": null,
            "props": [
                {
                    "name": "Ширина",
                    "value": "205 "
                },
                {
                    "name": "Диаметр",
                    "value": "17 "
                }
            ],
            "type": "tires",
            "isPromo": null,
            "amount": 4,
            "season": "Летние",
            "price": 12750,
            "name": "205/55 R17 95V NOKIAN TYRES Hakka Blue 3 TL",
            "sectionId": 7278,
            "sectionName": "Легковые",
            "sectionPath": [
                {
                    "ID": "7278",
                    "NAME": "Легковые"
                },
                {
                    "ID": "7267",
                    "NAME": "Шины"
                }
            ],
            "imgSrc": "/upload/resize_cache/rembg-image/c41/275_275_1/9d8ob50la4nyqfoc8ogie5psfmn483f9.png",
            "url": "/catalog/legkovye/20555r17-95v-xl-hakka-blue-3-tl/",
            "promo": [],
            "discountStores": [],
            "externalStores": [],
            "commonStores": [],
            "brand": "NOKIAN TYRES",
            "brandCode": "",
            "vendorCode": "T432287",
            "model": "Hakka Blue 3",
            "raznItems": [
                {
                    "id": "155379",
                    "name": "215/55 R17",
                    "price": 9240,
                    "amount": "5",
                    "quantity": 1,
                    "url": "/catalog/legkovye/21555-r17-98w-nokian-tyres-hakka-blue-3-tl24231/"
                },
                {
                    "id": "155451",
                    "name": "205/55 R17",
                    "price": 12750,
                    "amount": "4",
                    "quantity": 1,
                    "url": "/catalog/legkovye/20555r17-95v-xl-hakka-blue-3-tl/"
                }
            ]
        },
        {
            "id": 98740,
            "isNew": false,
            "EDIT_LINK": null,
            "DELETE_LINK": null,
            "props": [
                {
                    "name": "Ширина",
                    "value": "245 "
                },
                {
                    "name": "Диаметр",
                    "value": "18 "
                }
            ],
            "type": "tires",
            "isPromo": null,
            "amount": 8,
            "season": "Летние",
            "price": 12760,
            "name": "245/45 R18 100W YOKOHAMA BluEarth-GT AE51 TL",
            "sectionId": 7278,
            "sectionName": "Легковые",
            "sectionPath": [
                {
                    "ID": "7278",
                    "NAME": "Легковые"
                },
                {
                    "ID": "7267",
                    "NAME": "Шины"
                }
            ],
            "imgSrc": "/upload/resize_cache/rembg-image/3e9/275_275_1/3oqd5qj62iaoj3iry9o5bo57047ym8ct.png",
            "url": "/catalog/legkovye/24545r18-100w-bluearth-gt-ae51-tl/",
            "promo": [],
            "discountStores": [],
            "externalStores": [],
            "commonStores": [],
            "brand": "YOKOHAMA",
            "brandCode": "",
            "vendorCode": "R6062",
            "model": "BluEarth-GT AE51",
            "raznItems": [
                {
                    "id": "98740",
                    "name": "245/45 R18",
                    "price": 12760,
                    "amount": "8",
                    "quantity": 1,
                    "url": "/catalog/legkovye/24545r18-100w-bluearth-gt-ae51-tl/"
                },
                {
                    "id": "98741",
                    "name": "235/45 R18",
                    "price": 12850,
                    "amount": "4",
                    "quantity": 1,
                    "url": "/catalog/legkovye/23545-r18-94w-yokohama-bluearth-gt-ae51-tl54280/"
                },
                {
                    "id": "138863",
                    "name": "225/40 R18",
                    "price": 10920,
                    "amount": "4",
                    "quantity": 1,
                    "url": "/catalog/legkovye/22540r18-92w-bluearth-gt-ae51-tl/"
                }
            ]
        },
        {
            "id": 143201,
            "isNew": false,
            "EDIT_LINK": null,
            "DELETE_LINK": null,
            "props": [
                {
                    "name": "Ширина",
                    "value": "245 "
                },
                {
                    "name": "Диаметр",
                    "value": "17 "
                }
            ],
            "type": "tires",
            "isPromo": null,
            "amount": 4,
            "season": "Летние",
            "price": 12780,
            "name": "245/45 R17 99Y GOODYEAR Eagle F1 Asymmetric 5 TL",
            "sectionId": 7278,
            "sectionName": "Легковые",
            "sectionPath": [
                {
                    "ID": "7278",
                    "NAME": "Легковые"
                },
                {
                    "ID": "7267",
                    "NAME": "Шины"
                }
            ],
            "imgSrc": "/upload/resize_cache/rembg-image/be6/275_275_1/eri3s1v2xvajtvc2dljatfdc91d2n0nx.png",
            "url": "/catalog/legkovye/24545r17-99y-xl-eagle-f1-asymmetric-5-tl-fp/",
            "promo": [],
            "discountStores": [],
            "externalStores": [],
            "commonStores": [],
            "brand": "GOODYEAR",
            "brandCode": "",
            "vendorCode": "549720",
            "model": "Eagle F1 Asymmetric 5",
            "raznItems": [
                {
                    "id": "143201",
                    "name": "245/45 R17",
                    "price": 12780,
                    "amount": "4",
                    "quantity": 1,
                    "url": "/catalog/legkovye/24545r17-99y-xl-eagle-f1-asymmetric-5-tl-fp/"
                },
                {
                    "id": "143477",
                    "name": "225/55 R17",
                    "price": 13090,
                    "amount": "20",
                    "quantity": 1,
                    "url": "/catalog/legkovye/22555r17-97y-eagle-f1-asymmetric-5-tl-fp/"
                },
                {
                    "id": "143797",
                    "name": "225/45 R17",
                    "price": 13670,
                    "amount": "1",
                    "quantity": 1,
                    "url": "/catalog/legkovye/22545r17-94y-xl-eagle-f1-asymmetric-5-tl-fp/"
                },
                {
                    "id": "159556",
                    "name": "225/50 R17",
                    "price": 14960,
                    "amount": "4",
                    "quantity": 1,
                    "url": "/catalog/legkovye/22550r17-98y-xl-eagle-f1-asymmetric-5-sct-tl-fp/"
                },
                {
                    "id": "167931",
                    "name": "215/40 R17",
                    "price": 12070,
                    "amount": "4",
                    "quantity": 1,
                    "url": "/catalog/legkovye/21540-r17-87y-goodyear-eagle-f1-asymmetric-5-tl-549685/"
                },
                {
                    "id": "167948",
                    "name": "225/55 R17",
                    "price": 14240,
                    "amount": "3",
                    "quantity": 1,
                    "url": "/catalog/legkovye/22555-r17-97y-goodyear-eagle-f1-asymmetric-5-tl-578622/"
                }
            ]
        },
        {
            "id": 113927,
            "isNew": false,
            "EDIT_LINK": null,
            "DELETE_LINK": null,
            "props": [
                {
                    "name": "Ширина",
                    "value": "215 "
                },
                {
                    "name": "Диаметр",
                    "value": "17 "
                }
            ],
            "type": "tires",
            "isPromo": null,
            "amount": 2,
            "season": "Летние",
            "price": 12800,
            "name": "215/45 R17 87W BRIDGESTONE Turanza T005 TL",
            "sectionId": 7278,
            "sectionName": "Легковые",
            "sectionPath": [
                {
                    "ID": "7278",
                    "NAME": "Легковые"
                },
                {
                    "ID": "7267",
                    "NAME": "Шины"
                }
            ],
            "imgSrc": "/upload/resize_cache/rembg-image/a43/275_275_1/fe0itkd6vy2sy8nd59af7x5pzicsgdt4.png",
            "url": "/catalog/legkovye/21545-r17-87w-bridgestone-turanza-t005-tl09361/",
            "promo": [],
            "discountStores": [],
            "externalStores": [],
            "commonStores": [
                {
                    "STORE_ID": "158",
                    "PRODUCT_ID": "113927",
                    "AMOUNT": "2",
                    "PRODUCT_XML_ID": "09361",
                    "STORE_XML_ID": "351",
                    "STORE_NAME": "Оптовый Склад",
                    "PRICE": "12800.00",
                    "PRICE_ID": "9"
                }
            ],
            "brand": "BRIDGESTONE",
            "brandCode": "250",
            "vendorCode": "10913",
            "model": "Turanza T005",
            "raznItems": [
                {
                    "id": "113927",
                    "name": "215/45 R17",
                    "price": 12800,
                    "amount": "2",
                    "quantity": 1,
                    "url": "/catalog/legkovye/21545-r17-87w-bridgestone-turanza-t005-tl09361/"
                },
                {
                    "id": "136483",
                    "name": "215/55 R17",
                    "price": 13650,
                    "amount": "4",
                    "quantity": 1,
                    "url": "/catalog/legkovye/21555-r17-94v-bridgestone-turanza-t005-tl59712/"
                },
                {
                    "id": "156690",
                    "name": "215/55 R17",
                    "price": 13380,
                    "amount": "4",
                    "quantity": 1,
                    "url": "/catalog/legkovye/21555-r17-94w-bridgestone-turanza-t005-tl25525/"
                },
                {
                    "id": "158906",
                    "name": "225/45 R17",
                    "price": 11460,
                    "amount": "4",
                    "quantity": 1,
                    "url": "/catalog/legkovye/22545-r17-91y-bridgestone-turanza-t005-tl28151/"
                }
            ]
        },
        {
            "id": 103342,
            "isNew": false,
            "EDIT_LINK": null,
            "DELETE_LINK": null,
            "props": [
                {
                    "name": "Ширина",
                    "value": "215 "
                },
                {
                    "name": "Диаметр",
                    "value": "16 "
                }
            ],
            "type": "tires",
            "isPromo": null,
            "amount": 10,
            "season": "Летние",
            "price": 12800,
            "name": "215/65 R16 98H CONTINENTAL ContiEcoContact 5 TL",
            "sectionId": 7278,
            "sectionName": "Легковые",
            "sectionPath": [
                {
                    "ID": "7278",
                    "NAME": "Легковые"
                },
                {
                    "ID": "7267",
                    "NAME": "Шины"
                }
            ],
            "imgSrc": "/upload/resize_cache/rembg-image/ae4/275_275_1/ro9bmtgw7viv5vw08kdbjjbkicjy7o9t.png",
            "url": "/catalog/legkovye/21565r16-98h-contiecocontact-5-ao-tl/",
            "promo": [],
            "discountStores": [],
            "externalStores": [],
            "commonStores": [],
            "brand": "CONTINENTAL",
            "brandCode": "",
            "vendorCode": "0356922",
            "model": "ContiEcoContact 5",
            "raznItems": [
                {
                    "id": "103342",
                    "name": "215/65 R16",
                    "price": 12800,
                    "amount": "10",
                    "quantity": 1,
                    "url": "/catalog/legkovye/21565r16-98h-contiecocontact-5-ao-tl/"
                }
            ]
        },
        {
            "id": 142916,
            "isNew": false,
            "EDIT_LINK": null,
            "DELETE_LINK": null,
            "props": [
                {
                    "name": "Ширина",
                    "value": "235 "
                },
                {
                    "name": "Диаметр",
                    "value": "18 "
                }
            ],
            "type": "tires",
            "isPromo": null,
            "amount": 9,
            "season": "Летние",
            "price": 12810,
            "name": "235/45 R18 98Y MARSHAL MU12 TL",
            "sectionId": 7278,
            "sectionName": "Легковые",
            "sectionPath": [
                {
                    "ID": "7278",
                    "NAME": "Легковые"
                },
                {
                    "ID": "7267",
                    "NAME": "Шины"
                }
            ],
            "imgSrc": "/upload/resize_cache/rembg-image/243/275_275_1/btp5a7g2y0y2rggdcymnwhslfvb5n1c1.png",
            "url": "/catalog/legkovye/23545zr18-98y-xl-mu12-tl/",
            "promo": [],
            "discountStores": [],
            "externalStores": [],
            "commonStores": [],
            "brand": "MARSHAL",
            "brandCode": "",
            "vendorCode": "2231543",
            "model": "MU12",
            "raznItems": [
                {
                    "id": "139386",
                    "name": "245/45 R18",
                    "price": 10640,
                    "amount": "12",
                    "quantity": 1,
                    "url": "/catalog/legkovye/24545zr18-100y-xl-mu12-tl/"
                },
                {
                    "id": "142916",
                    "name": "235/45 R18",
                    "price": 12810,
                    "amount": "9",
                    "quantity": 1,
                    "url": "/catalog/legkovye/23545zr18-98y-xl-mu12-tl/"
                },
                {
                    "id": "144120",
                    "name": "225/40 R18",
                    "price": 9530,
                    "amount": "13",
                    "quantity": 1,
                    "url": "/catalog/legkovye/22540zr18-92y-xl-mu12-tl/"
                },
                {
                    "id": "144319",
                    "name": "245/40 R18",
                    "price": 10630,
                    "amount": "10",
                    "quantity": 1,
                    "url": "/catalog/legkovye/24540zr18-97y-xl-mu12-tl/"
                },
                {
                    "id": "158596",
                    "name": "245/45 R18",
                    "price": 10460,
                    "amount": "5",
                    "quantity": 1,
                    "url": "/catalog/legkovye/24545zr18-100w-xl-mu12-tl/"
                },
                {
                    "id": "159357",
                    "name": "225/50 R18",
                    "price": 11920,
                    "amount": "4",
                    "quantity": 1,
                    "url": "/catalog/legkovye/22550zr18-95w-mu12-tl/"
                },
                {
                    "id": "159412",
                    "name": "225/60 R18",
                    "price": 10830,
                    "amount": "4",
                    "quantity": 1,
                    "url": "/catalog/legkovye/22560r18-104h-xl-mu12-tl/"
                },
                {
                    "id": "159414",
                    "name": "285/60 R18",
                    "price": 13910,
                    "amount": "1",
                    "quantity": 1,
                    "url": "/catalog/legkovye/28560r18-116v-mu12-tl/"
                }
            ]
        },
        {
            "id": 105610,
            "isNew": false,
            "EDIT_LINK": null,
            "DELETE_LINK": null,
            "props": [
                {
                    "name": "Ширина",
                    "value": "225 "
                },
                {
                    "name": "Диаметр",
                    "value": "17 "
                }
            ],
            "type": "tires",
            "isPromo": null,
            "amount": 10,
            "season": "Летние",
            "price": 10540,
            "name": "225/50 R17 98W YOKOHAMA BluEarth-GT AE51 TL",
            "sectionId": 7278,
            "sectionName": "Легковые",
            "sectionPath": [
                {
                    "ID": "7278",
                    "NAME": "Легковые"
                },
                {
                    "ID": "7267",
                    "NAME": "Шины"
                }
            ],
            "imgSrc": "/upload/resize_cache/rembg-image/0bc/275_275_1/0uy0ynvpk7ptuupvs486zo2zj3xa0l1c.png",
            "url": "/catalog/legkovye/22550-r17-98w-yokohama-bluearth-gt-ae51-tl58932/",
            "promo": [],
            "discountStores": [],
            "externalStores": [],
            "commonStores": [
                {
                    "STORE_ID": "158",
                    "PRODUCT_ID": "105610",
                    "AMOUNT": "2",
                    "PRODUCT_XML_ID": "FORTOCHKI_R6054",
                    "STORE_XML_ID": "351",
                    "STORE_NAME": "Оптовый Склад",
                    "PRICE": "10540.00",
                    "PRICE_ID": "9"
                },
                {
                    "STORE_ID": "159",
                    "PRODUCT_ID": "105610",
                    "AMOUNT": "4",
                    "PRODUCT_XML_ID": "FORTOCHKI_R6054",
                    "STORE_XML_ID": "387",
                    "STORE_NAME": "г. Челябинск, ул. Бр.Кашириных, 134б",
                    "PRICE": null,
                    "PRICE_ID": null
                },
                {
                    "STORE_ID": "168",
                    "PRODUCT_ID": "105610",
                    "AMOUNT": "4",
                    "PRODUCT_XML_ID": "FORTOCHKI_R6054",
                    "STORE_XML_ID": "391",
                    "STORE_NAME": "г. Челябинск, ул. Бр.Кашириных, 93б",
                    "PRICE": null,
                    "PRICE_ID": null
                }
            ],
            "brand": "YOKOHAMA",
            "brandCode": "",
            "vendorCode": "R6054",
            "model": "BluEarth-GT AE51",
            "raznItems": [
                {
                    "id": "105528",
                    "name": "235/45 R17",
                    "price": 8970,
                    "amount": "2",
                    "quantity": 1,
                    "url": "/catalog/legkovye/23545-r17-97w-yokohama-bluearth-gt-ae51-tl58560/"
                },
                {
                    "id": "105590",
                    "name": "225/55 R17",
                    "price": 10660,
                    "amount": "4",
                    "quantity": 1,
                    "url": "/catalog/legkovye/22555-r17-101w-yokohama-bluearth-gt-ae51-tl58731/"
                },
                {
                    "id": "105610",
                    "name": "225/50 R17",
                    "price": 10540,
                    "amount": "4",
                    "quantity": 1,
                    "url": "/catalog/legkovye/22550-r17-98w-yokohama-bluearth-gt-ae51-tl58932/"
                },
                {
                    "id": "136634",
                    "name": "215/50 R17",
                    "price": 9070,
                    "amount": "3",
                    "quantity": 1,
                    "url": "/catalog/legkovye/21550-r17-95w-yokohama-bluearth-gt-ae51-tl57895/"
                },
                {
                    "id": "137213",
                    "name": "215/55 R17",
                    "price": 8890,
                    "amount": "1",
                    "quantity": 1,
                    "url": "/catalog/legkovye/21555-r17-94w-yokohama-bluearth-gt-ae51-tl55569/"
                },
                {
                    "id": "137338",
                    "name": "215/45 R17",
                    "price": 9290,
                    "amount": "4",
                    "quantity": 1,
                    "url": "/catalog/legkovye/21545-r17-91w-yokohama-bluearth-gt-ae51-tl01028/"
                }
            ]
        },
        {
            "id": 91861,
            "isNew": false,
            "EDIT_LINK": null,
            "DELETE_LINK": null,
            "props": [
                {
                    "name": "Ширина",
                    "value": "235 "
                },
                {
                    "name": "Диаметр",
                    "value": "18 "
                }
            ],
            "type": "tires",
            "isPromo": null,
            "amount": 2,
            "season": "Летние",
            "price": 12820,
            "name": "235/60 R18 103V YOKOHAMA Parada Spec-X PA02J TL",
            "sectionId": 7278,
            "sectionName": "Легковые",
            "sectionPath": [
                {
                    "ID": "7278",
                    "NAME": "Легковые"
                },
                {
                    "ID": "7267",
                    "NAME": "Шины"
                }
            ],
            "imgSrc": "/upload/resize_cache/rembg-image/f40/275_275_1/ta14dpq3pule0pcz7c0nzd15jjhju1s4.png",
            "url": "/catalog/legkovye/23560-r18-103v-yokohama-parada-spec-x-pa02j-tl86332/",
            "promo": [],
            "discountStores": [],
            "externalStores": [],
            "commonStores": [
                {
                    "STORE_ID": "158",
                    "PRODUCT_ID": "91861",
                    "AMOUNT": "2",
                    "PRODUCT_XML_ID": "FORTOCHKI_F2318",
                    "STORE_XML_ID": "351",
                    "STORE_NAME": "Оптовый Склад",
                    "PRICE": "12820.00",
                    "PRICE_ID": "9"
                }
            ],
            "brand": "YOKOHAMA",
            "brandCode": "",
            "vendorCode": "F2318",
            "model": "Parada Spec-X PA02J",
            "raznItems": [
                {
                    "id": "91860",
                    "name": "235/55 R18",
                    "price": 14340,
                    "amount": "4",
                    "quantity": 1,
                    "url": "/catalog/legkovye/23555-r18-100v-yokohama-parada-spec-x-pa02j-tl86331/"
                },
                {
                    "id": "91861",
                    "name": "235/60 R18",
                    "price": 12820,
                    "amount": "2",
                    "quantity": 1,
                    "url": "/catalog/legkovye/23560-r18-103v-yokohama-parada-spec-x-pa02j-tl86332/"
                }
            ]
        },
        {
            "id": 155740,
            "isNew": false,
            "EDIT_LINK": null,
            "DELETE_LINK": null,
            "props": [
                {
                    "name": "Ширина",
                    "value": "215 "
                },
                {
                    "name": "Диаметр",
                    "value": "17 "
                }
            ],
            "type": "tires",
            "isPromo": null,
            "amount": 9,
            "season": "Летние",
            "price": 10550,
            "name": "215/65 R17 103H YOKOHAMA Geolandar A/T G015 TL",
            "sectionId": 7278,
            "sectionName": "Легковые",
            "sectionPath": [
                {
                    "ID": "7278",
                    "NAME": "Легковые"
                },
                {
                    "ID": "7267",
                    "NAME": "Шины"
                }
            ],
            "imgSrc": "/upload/resize_cache/rembg-image/f75/275_275_1/80o1000c9hrh6lt5gq91sv2q47m5uw09.png",
            "url": "/catalog/legkovye/21565-r17-103h-yokohama-geolandar-at-g015-tl24664/",
            "promo": [],
            "discountStores": [],
            "externalStores": [],
            "commonStores": [
                {
                    "STORE_ID": "158",
                    "PRODUCT_ID": "155740",
                    "AMOUNT": "1",
                    "PRODUCT_XML_ID": "24664",
                    "STORE_XML_ID": "351",
                    "STORE_NAME": "Оптовый Склад",
                    "PRICE": "10550.00",
                    "PRICE_ID": "9"
                },
                {
                    "STORE_ID": "161",
                    "PRODUCT_ID": "155740",
                    "AMOUNT": "4",
                    "PRODUCT_XML_ID": "24664",
                    "STORE_XML_ID": "383",
                    "STORE_NAME": "г. Челябинск, ул. Федорова 2а",
                    "PRICE": "10550.00",
                    "PRICE_ID": "12"
                },
                {
                    "STORE_ID": "169",
                    "PRODUCT_ID": "155740",
                    "AMOUNT": "4",
                    "PRODUCT_XML_ID": "24664",
                    "STORE_XML_ID": "403",
                    "STORE_NAME": "г. Челябинск, Копейское шоссе, 35д",
                    "PRICE": "10550.00",
                    "PRICE_ID": "20"
                }
            ],
            "brand": "YOKOHAMA",
            "brandCode": "",
            "vendorCode": "R5961",
            "model": "Geolandar A/T G015",
            "raznItems": [
                {
                    "id": "102821",
                    "name": "245/65 R17",
                    "price": 14470,
                    "amount": "2",
                    "quantity": 1,
                    "url": "/catalog/legkovye/24565-r17-111h-yokohama-geolandar-at-g015-tl74009/"
                },
                {
                    "id": "102823",
                    "name": "255/65 R17",
                    "price": 13220,
                    "amount": "1",
                    "quantity": 1,
                    "url": "/catalog/legkovye/25565-r17-114h-yokohama-geolandar-at-g015-tl74011/"
                },
                {
                    "id": "102826",
                    "name": "265/65 R17",
                    "price": 12690,
                    "amount": "4",
                    "quantity": 1,
                    "url": "/catalog/legkovye/26565-r17-112h-yokohama-geolandar-at-g015-tl74014/"
                },
                {
                    "id": "102839",
                    "name": "265/70 R17",
                    "price": 15070,
                    "amount": "2",
                    "quantity": 1,
                    "url": "/catalog/legkovye/p26570r17-113t-geolandar-at-g015-tl-m-s-3pmsf/"
                },
                {
                    "id": "155738",
                    "name": "245/70 R17",
                    "price": 13380,
                    "amount": "8",
                    "quantity": 1,
                    "url": "/catalog/legkovye/24570-r17-119r-yokohama-geolandar-at-g015-tl24662/"
                },
                {
                    "id": "155740",
                    "name": "215/65 R17",
                    "price": 10550,
                    "amount": "4",
                    "quantity": 1,
                    "url": "/catalog/legkovye/21565-r17-103h-yokohama-geolandar-at-g015-tl24664/"
                },
                {
                    "id": "159165",
                    "name": "285/70 R17",
                    "price": 22360,
                    "amount": "1",
                    "quantity": 1,
                    "url": "/catalog/legkovye/p28570r17-117t-geolandar-at-g015-tl-m-s-3pmsf/"
                }
            ]
        },
        {
            "id": 138316,
            "isNew": false,
            "EDIT_LINK": null,
            "DELETE_LINK": null,
            "props": [
                {
                    "name": "Ширина",
                    "value": "245 "
                },
                {
                    "name": "Диаметр",
                    "value": "18 "
                }
            ],
            "type": "tires",
            "isPromo": null,
            "amount": 61,
            "season": "Летние",
            "price": 12840,
            "name": "245/40 R18 97Y PIRELLI Powergy TL",
            "sectionId": 7278,
            "sectionName": "Легковые",
            "sectionPath": [
                {
                    "ID": "7278",
                    "NAME": "Легковые"
                },
                {
                    "ID": "7267",
                    "NAME": "Шины"
                }
            ],
            "imgSrc": "/upload/resize_cache/rembg-image/31e/275_275_1/iyjyf7pc1jfzhfnp86rf2g1zz62in6f1.png",
            "url": "/catalog/legkovye/24540-r18-97y-pirelli-powergy-tl54330/",
            "promo": [],
            "discountStores": [],
            "externalStores": [],
            "commonStores": [
                {
                    "STORE_ID": "158",
                    "PRODUCT_ID": "138316",
                    "AMOUNT": "61",
                    "PRODUCT_XML_ID": "FORTOCHKI_3882000",
                    "STORE_XML_ID": "351",
                    "STORE_NAME": "Оптовый Склад",
                    "PRICE": "12840.00",
                    "PRICE_ID": "9"
                }
            ],
            "brand": "PIRELLI",
            "brandCode": "",
            "vendorCode": "3882000",
            "model": "Powergy",
            "raznItems": [
                {
                    "id": "138316",
                    "name": "245/40 R18",
                    "price": 12840,
                    "amount": "61",
                    "quantity": 1,
                    "url": "/catalog/legkovye/24540-r18-97y-pirelli-powergy-tl54330/"
                },
                {
                    "id": "138318",
                    "name": "225/40 R18",
                    "price": 9260,
                    "amount": "4",
                    "quantity": 1,
                    "url": "/catalog/legkovye/22540-r18-92y-pirelli-powergy-tl54325/"
                },
                {
                    "id": "138325",
                    "name": "225/55 R18",
                    "price": 12000,
                    "amount": "36",
                    "quantity": 1,
                    "url": "/catalog/legkovye/22555-r18-98v-pirelli-powergy-tl54309/"
                },
                {
                    "id": "138326",
                    "name": "245/45 R18",
                    "price": 12790,
                    "amount": "44",
                    "quantity": 1,
                    "url": "/catalog/legkovye/24545-r18-100y-pirelli-powergy-tl54308/"
                },
                {
                    "id": "156662",
                    "name": "225/45 R18",
                    "price": 12540,
                    "amount": "4",
                    "quantity": 1,
                    "url": "/catalog/legkovye/22545-r18-95y-pirelli-powergy-tl25493/"
                },
                {
                    "id": "156665",
                    "name": "215/55 R18",
                    "price": 9770,
                    "amount": "3",
                    "quantity": 1,
                    "url": "/catalog/legkovye/21555-r18-99v-pirelli-powergy-tl25497/"
                },
                {
                    "id": "156666",
                    "name": "225/60 R18",
                    "price": 11840,
                    "amount": "1",
                    "quantity": 1,
                    "url": "/catalog/legkovye/22560-r18-104v-pirelli-powergy-tl25498/"
                }
            ]
        },
        {
            "id": 143214,
            "isNew": false,
            "EDIT_LINK": null,
            "DELETE_LINK": null,
            "props": [
                {
                    "name": "Ширина",
                    "value": "225 "
                },
                {
                    "name": "Диаметр",
                    "value": "18 "
                }
            ],
            "type": "tires",
            "isPromo": null,
            "amount": 4,
            "season": "Летние",
            "price": 12860,
            "name": "225/45 R18 91W YOKOHAMA Advan dB V552 TL",
            "sectionId": 7278,
            "sectionName": "Легковые",
            "sectionPath": [
                {
                    "ID": "7278",
                    "NAME": "Легковые"
                },
                {
                    "ID": "7267",
                    "NAME": "Шины"
                }
            ],
            "imgSrc": "/upload/resize_cache/rembg-image/500/275_275_1/ip0xca4hcq2f8c4dfqhqsuqr99960hs2.png",
            "url": "/catalog/legkovye/22545r18-91w-advan-db-v552-tl/",
            "promo": [],
            "discountStores": [],
            "externalStores": [],
            "commonStores": [],
            "brand": "YOKOHAMA",
            "brandCode": "",
            "vendorCode": "R2860",
            "model": "Advan dB V552",
            "raznItems": [
                {
                    "id": "142920",
                    "name": "235/45 R18",
                    "price": 13640,
                    "amount": "7",
                    "quantity": 1,
                    "url": "/catalog/legkovye/23545r18-94w-advan-db-v552-tl/"
                },
                {
                    "id": "143214",
                    "name": "225/45 R18",
                    "price": 12860,
                    "amount": "4",
                    "quantity": 1,
                    "url": "/catalog/legkovye/22545r18-91w-advan-db-v552-tl/"
                },
                {
                    "id": "143256",
                    "name": "245/40 R18",
                    "price": 13840,
                    "amount": "9",
                    "quantity": 1,
                    "url": "/catalog/legkovye/24540r18-93y-advan-db-v552-tl/"
                },
                {
                    "id": "157766",
                    "name": "265/35 R18",
                    "price": 18410,
                    "amount": "4",
                    "quantity": 1,
                    "url": "/catalog/legkovye/26535r18-97w-advan-db-v552-tl/"
                }
            ]
        },
        {
            "id": 94050,
            "isNew": false,
            "EDIT_LINK": null,
            "DELETE_LINK": null,
            "props": [
                {
                    "name": "Ширина",
                    "value": "235 "
                },
                {
                    "name": "Диаметр",
                    "value": "17 "
                }
            ],
            "type": "tires",
            "isPromo": null,
            "amount": 4,
            "season": "Летние",
            "price": 12880,
            "name": "235/65 R17 108T NOKIAN TYRES Outpost AT TL",
            "sectionId": 7278,
            "sectionName": "Легковые",
            "sectionPath": [
                {
                    "ID": "7278",
                    "NAME": "Легковые"
                },
                {
                    "ID": "7267",
                    "NAME": "Шины"
                }
            ],
            "imgSrc": "/upload/resize_cache/rembg-image/a36/275_275_1/8q5zs3eocte9n25lr1y3vrlmzzmd2cj8.png",
            "url": "/catalog/legkovye/23565r17-108t-xl-outpost-at-tl/",
            "promo": [],
            "discountStores": [],
            "externalStores": [],
            "commonStores": [],
            "brand": "NOKIAN TYRES",
            "brandCode": "",
            "vendorCode": "T431999",
            "model": "Outpost AT",
            "raznItems": [
                {
                    "id": "94050",
                    "name": "235/65 R17",
                    "price": 12880,
                    "amount": "4",
                    "quantity": 1,
                    "url": "/catalog/legkovye/23565r17-108t-xl-outpost-at-tl/"
                },
                {
                    "id": "155366",
                    "name": "265/70 R17",
                    "price": 14120,
                    "amount": "3",
                    "quantity": 1,
                    "url": "/catalog/legkovye/26570-r17-121118s-nokian-tyres-outpost-at-tl23379/"
                },
                {
                    "id": "155489",
                    "name": "245/65 R17",
                    "price": 13180,
                    "amount": "1",
                    "quantity": 1,
                    "url": "/catalog/legkovye/24565-r17-107t-nokian-tyres-outpost-at-tl24425/"
                },
                {
                    "id": "155493",
                    "name": "255/65 R17",
                    "price": 13450,
                    "amount": "28",
                    "quantity": 1,
                    "url": "/catalog/legkovye/25565-r17-110t-nokian-tyres-outpost-at-tl24430/"
                }
            ]
        },
        {
            "id": 158437,
            "isNew": false,
            "EDIT_LINK": null,
            "DELETE_LINK": null,
            "props": [
                {
                    "name": "Ширина",
                    "value": "245 "
                },
                {
                    "name": "Диаметр",
                    "value": "18 "
                }
            ],
            "type": "tires",
            "isPromo": null,
            "amount": 6,
            "season": "Летние",
            "price": 12890,
            "name": "245/40 R18 97Y GOODYEAR Eagle F1 Asymmetric 6 TL",
            "sectionId": 7278,
            "sectionName": "Легковые",
            "sectionPath": [
                {
                    "ID": "7278",
                    "NAME": "Легковые"
                },
                {
                    "ID": "7267",
                    "NAME": "Шины"
                }
            ],
            "imgSrc": "/upload/resize_cache/rembg-image/996/275_275_1/f7400y0q7lp2e12o1avq9c9sigc3foy2.png",
            "url": "/catalog/legkovye/24540r18-97y-xl-eagle-f1-asymmetric-6-tl-fp/",
            "promo": [],
            "discountStores": [],
            "externalStores": [],
            "commonStores": [],
            "brand": "GOODYEAR",
            "brandCode": "",
            "vendorCode": "581535",
            "model": "Eagle F1 Asymmetric 6",
            "raznItems": [
                {
                    "id": "158437",
                    "name": "245/40 R18",
                    "price": 12890,
                    "amount": "6",
                    "quantity": 1,
                    "url": "/catalog/legkovye/24540r18-97y-xl-eagle-f1-asymmetric-6-tl-fp/"
                },
                {
                    "id": "162284",
                    "name": "225/45 R18",
                    "price": 13530,
                    "amount": "2",
                    "quantity": 1,
                    "url": "/catalog/legkovye/22545r18-95y-xl-eagle-f1-asymmetric-6-tl-fp/"
                }
            ]
        },
        {
            "id": 144394,
            "isNew": false,
            "EDIT_LINK": null,
            "DELETE_LINK": null,
            "props": [
                {
                    "name": "Ширина",
                    "value": "245 "
                },
                {
                    "name": "Диаметр",
                    "value": "18 "
                }
            ],
            "type": "tires",
            "isPromo": null,
            "amount": 1,
            "season": "Летние",
            "price": 12890,
            "name": "245/40 R18 97Y GOODYEAR Eagle F1 Asymmetric 5 TL",
            "sectionId": 7278,
            "sectionName": "Легковые",
            "sectionPath": [
                {
                    "ID": "7278",
                    "NAME": "Легковые"
                },
                {
                    "ID": "7267",
                    "NAME": "Шины"
                }
            ],
            "imgSrc": "/upload/resize_cache/rembg-image/3e9/275_275_1/e38afwldmaptvc07i91qk9l8w8babchs.png",
            "url": "/catalog/legkovye/24540r18-97y-xl-eagle-f1-asymmetric-5-mo-tl-fp/",
            "promo": [],
            "discountStores": [],
            "externalStores": [],
            "commonStores": [],
            "brand": "GOODYEAR",
            "brandCode": "",
            "vendorCode": "579195",
            "model": "Eagle F1 Asymmetric 5",
            "raznItems": [
                {
                    "id": "143185",
                    "name": "245/35 R18",
                    "price": 14490,
                    "amount": "2",
                    "quantity": 1,
                    "url": "/catalog/legkovye/24535r18-92y-xl-eagle-f1-asymmetric-5-tl-fp/"
                },
                {
                    "id": "143199",
                    "name": "255/35 R18",
                    "price": 14420,
                    "amount": "4",
                    "quantity": 1,
                    "url": "/catalog/legkovye/25535r18-94y-xl-eagle-f1-asymmetric-5-tl-fp/"
                },
                {
                    "id": "143519",
                    "name": "225/45 R18",
                    "price": 13150,
                    "amount": "2",
                    "quantity": 1,
                    "url": "/catalog/legkovye/22545r18-95y-xl-eagle-f1-asymmetric-5-mo-tl-fp/"
                },
                {
                    "id": "144394",
                    "name": "245/40 R18",
                    "price": 12890,
                    "amount": "1",
                    "quantity": 1,
                    "url": "/catalog/legkovye/24540r18-97y-xl-eagle-f1-asymmetric-5-mo-tl-fp/"
                },
                {
                    "id": "144524",
                    "name": "235/55 R18",
                    "price": 18260,
                    "amount": "1",
                    "quantity": 1,
                    "url": "/catalog/legkovye/23555r18-100h-eagle-f1-asymmetric-5-tl/"
                }
            ]
        }
    ],
    "filter": {
        "0": {
            "LOGIC": "OR",
            ">STORE_AMOUNT_156": 0,
            ">STORE_AMOUNT_158": 0,
            ">STORE_AMOUNT_159": 0,
            ">STORE_AMOUNT_160": 0,
            ">STORE_AMOUNT_161": 0,
            ">STORE_AMOUNT_164": 0,
            ">STORE_AMOUNT_165": 0,
            ">STORE_AMOUNT_168": 0,
            ">STORE_AMOUNT_169": 0,
            ">STORE_AMOUNT_174": 0,
            ">STORE_AMOUNT_180": 0,
            ">STORE_AMOUNT_184": 0,
            ">STORE_AMOUNT_185": 0,
            ">STORE_AMOUNT_191": 0,
            ">STORE_AMOUNT_192": 0,
            ">STORE_AMOUNT_194": 0,
            ">STORE_AMOUNT_6087": 0
        },
        "1": {
            "LOGIC": "OR",
            ">CATALOG_CATALOG_GROUP_ID_33": 0,
            ">CATALOG_CATALOG_GROUP_ID_90": 0,
            ">CATALOG_CATALOG_GROUP_ID_96": 0,
            ">CATALOG_CATALOG_GROUP_ID_97": 0,
            ">CATALOG_CATALOG_GROUP_ID_98": 0
        },
        "2": {
            "LOGIC": "OR",
            ">STORE_AMOUNT_156": 0,
            ">STORE_AMOUNT_158": 0,
            ">STORE_AMOUNT_159": 0,
            ">STORE_AMOUNT_160": 0,
            ">STORE_AMOUNT_161": 0,
            ">STORE_AMOUNT_164": 0,
            ">STORE_AMOUNT_165": 0,
            ">STORE_AMOUNT_168": 0,
            ">STORE_AMOUNT_169": 0,
            ">STORE_AMOUNT_174": 0,
            ">STORE_AMOUNT_180": 0,
            ">STORE_AMOUNT_184": 0,
            ">STORE_AMOUNT_185": 0,
            ">STORE_AMOUNT_191": 0,
            ">STORE_AMOUNT_192": 0,
            ">STORE_AMOUNT_194": 0,
            ">STORE_AMOUNT_6087": 0
        },
        "3": {
            "LOGIC": "OR",
            ">CATALOG_CATALOG_GROUP_ID_33": 0,
            ">CATALOG_CATALOG_GROUP_ID_90": 0,
            ">CATALOG_CATALOG_GROUP_ID_96": 0,
            ">CATALOG_CATALOG_GROUP_ID_97": 0,
            ">CATALOG_CATALOG_GROUP_ID_98": 0
        },
        "=PROPERTY_458": [
            "154"
        ]
    },
    "promo": {
        "id": "165954",
        "url": "/promo/shiny-v-rassrochku/",
        "name": "Покупки в рассрочку",
        "text": "Теперь вы можете купить зимние шины, или диски в рассрочку быстро и легко: без первоначального взноса и без переплаты!",
        "imgSrc": "/upload/resize_cache/iblock/356/1075_613_1/8iiw8xmv2bzky9euo9mn57dqx6dk3xa9.jpg",
        "videoSrc": null
    },
    "promoFilter": {
        "IBLOCK_ID": 10,
        "ACTIVE": "Y",
        "=PROPERTY_SECTION": 206,
        "=PROPERTY_CATALOG_SEASON": [
            false,
            204
        ],
        "=PROPERTY_CATALOG_BRAND": [
            false
        ]
    },
    "navNum": 1,
    "pagesCount": 111,
    "pageNum": 58
}