{
    "pageUrl": "/catalog/legkovye/?arCatalogFilter_458_1500340406=Y&set_filter=Y&sort%5Brecommendations%5D=asc&PAGEN_1=61",
    "items": [
        {
            "id": 155814,
            "isNew": false,
            "EDIT_LINK": null,
            "DELETE_LINK": null,
            "props": [
                {
                    "name": "Ширина",
                    "value": "235 "
                },
                {
                    "name": "Диаметр",
                    "value": "17 "
                }
            ],
            "type": "tires",
            "isPromo": null,
            "amount": 45,
            "season": "Летние",
            "price": 10920,
            "name": "235/55 R17 103W YOKOHAMA BluEarth-XT AE61 TL",
            "sectionId": 7278,
            "sectionName": "Легковые",
            "sectionPath": [
                {
                    "ID": "7278",
                    "NAME": "Легковые"
                },
                {
                    "ID": "7267",
                    "NAME": "Шины"
                }
            ],
            "imgSrc": "/upload/resize_cache/rembg-image/9e1/275_275_1/v042w2oquilkjbv4qlp4qabf9wv3a34v.png",
            "url": "/catalog/legkovye/23555-r17-103w-yokohama-bluearth-xt-ae61-tl24733/",
            "promo": [],
            "discountStores": [],
            "externalStores": [],
            "commonStores": [
                {
                    "STORE_ID": "158",
                    "PRODUCT_ID": "155814",
                    "AMOUNT": "41",
                    "PRODUCT_XML_ID": "FORTOCHKI_R7533",
                    "STORE_XML_ID": "351",
                    "STORE_NAME": "Оптовый Склад",
                    "PRICE": "10920.00",
                    "PRICE_ID": "9"
                },
                {
                    "STORE_ID": "168",
                    "PRODUCT_ID": "155814",
                    "AMOUNT": "4",
                    "PRODUCT_XML_ID": "FORTOCHKI_R7533",
                    "STORE_XML_ID": "391",
                    "STORE_NAME": "г. Челябинск, ул. Бр.Кашириных, 93б",
                    "PRICE": null,
                    "PRICE_ID": null
                }
            ],
            "brand": "YOKOHAMA",
            "brandCode": "",
            "vendorCode": "R7533",
            "model": "BluEarth-XT AE61",
            "raznItems": [
                {
                    "id": "94068",
                    "name": "225/65 R17",
                    "price": 8670,
                    "amount": "4",
                    "quantity": 1,
                    "url": "/catalog/legkovye/22565-r17-102h-yokohama-bluearth-xt-ae61-tl24731/"
                },
                {
                    "id": "155806",
                    "name": "215/60 R17",
                    "price": 11090,
                    "amount": "4",
                    "quantity": 1,
                    "url": "/catalog/legkovye/21560-r17-96v-yokohama-bluearth-xt-ae61-tl24724/"
                },
                {
                    "id": "155811",
                    "name": "225/60 R17",
                    "price": 11180,
                    "amount": "41",
                    "quantity": 1,
                    "url": "/catalog/legkovye/22560r17-99v-bluearth-xt-ae61-tl/"
                },
                {
                    "id": "155814",
                    "name": "235/55 R17",
                    "price": 10920,
                    "amount": "4",
                    "quantity": 1,
                    "url": "/catalog/legkovye/23555-r17-103w-yokohama-bluearth-xt-ae61-tl24733/"
                }
            ]
        },
        {
            "id": 100254,
            "isNew": false,
            "EDIT_LINK": null,
            "DELETE_LINK": null,
            "props": [
                {
                    "name": "Ширина",
                    "value": "215 "
                },
                {
                    "name": "Диаметр",
                    "value": "17 "
                }
            ],
            "type": "tires",
            "isPromo": null,
            "amount": 41,
            "season": "Летние",
            "price": 13320,
            "name": "215/55 R17 94V CONTINENTAL ContiPremiumContact 5 TL",
            "sectionId": 7278,
            "sectionName": "Легковые",
            "sectionPath": [
                {
                    "ID": "7278",
                    "NAME": "Легковые"
                },
                {
                    "ID": "7267",
                    "NAME": "Шины"
                }
            ],
            "imgSrc": "/upload/resize_cache/rembg-image/b33/275_275_1/7nuca84t0km79wwskzjrc98p0illxd69.png",
            "url": "/catalog/legkovye/21555r17-94v-contipremiumcontact-5-tl/",
            "promo": [],
            "discountStores": [],
            "externalStores": [],
            "commonStores": [],
            "brand": "CONTINENTAL",
            "brandCode": "",
            "vendorCode": "0356490",
            "model": "ContiPremiumContact 5",
            "raznItems": [
                {
                    "id": "100254",
                    "name": "215/55 R17",
                    "price": 13320,
                    "amount": "41",
                    "quantity": 1,
                    "url": "/catalog/legkovye/21555r17-94v-contipremiumcontact-5-tl/"
                },
                {
                    "id": "122919",
                    "name": "215/55 R17",
                    "price": 17640,
                    "amount": "1",
                    "quantity": 1,
                    "url": "/catalog/legkovye/21555r17-94w-contipremiumcontact-5-cs-tl/"
                },
                {
                    "id": "122922",
                    "name": "225/55 R17",
                    "price": 14480,
                    "amount": "5",
                    "quantity": 1,
                    "url": "/catalog/legkovye/22555r17-97y-contipremiumcontact-5--mo-tl-fr/"
                }
            ]
        },
        {
            "id": 104271,
            "isNew": false,
            "EDIT_LINK": null,
            "DELETE_LINK": null,
            "props": [
                {
                    "name": "Ширина",
                    "value": "235 "
                },
                {
                    "name": "Диаметр",
                    "value": "16 "
                }
            ],
            "type": "tires",
            "isPromo": null,
            "amount": 12,
            "season": "Летние",
            "price": 13330,
            "name": "235/70 R16 106T BRIDGESTONE Dueler A/T 001 TL",
            "sectionId": 7278,
            "sectionName": "Легковые",
            "sectionPath": [
                {
                    "ID": "7278",
                    "NAME": "Легковые"
                },
                {
                    "ID": "7267",
                    "NAME": "Шины"
                }
            ],
            "imgSrc": "/upload/resize_cache/rembg-image/8ed/275_275_1/m3iheklsa5zbw42b2u4cg3wndrw5ny4l.png",
            "url": "/catalog/legkovye/23570-r16-106t-bridgestone-dueler-at-001-tl05431/",
            "promo": [],
            "discountStores": [],
            "externalStores": [],
            "commonStores": [
                {
                    "STORE_ID": "158",
                    "PRODUCT_ID": "104271",
                    "AMOUNT": "12",
                    "PRODUCT_XML_ID": "05431",
                    "STORE_XML_ID": "351",
                    "STORE_NAME": "Оптовый Склад",
                    "PRICE": "13330.00",
                    "PRICE_ID": "9"
                }
            ],
            "brand": "BRIDGESTONE",
            "brandCode": "250",
            "vendorCode": "9421",
            "model": "Dueler A/T 001",
            "raznItems": [
                {
                    "id": "104271",
                    "name": "235/70 R16",
                    "price": 13330,
                    "amount": "12",
                    "quantity": 1,
                    "url": "/catalog/legkovye/23570-r16-106t-bridgestone-dueler-at-001-tl05431/"
                }
            ]
        },
        {
            "id": 135321,
            "isNew": false,
            "EDIT_LINK": null,
            "DELETE_LINK": null,
            "props": [
                {
                    "name": "Ширина",
                    "value": "235 "
                },
                {
                    "name": "Диаметр",
                    "value": "18 "
                }
            ],
            "type": "tires",
            "isPromo": null,
            "amount": 3,
            "season": "Летние",
            "price": 13340,
            "name": "235/45 R18 98Y BFGOODRICH Advantage TL",
            "sectionId": 7278,
            "sectionName": "Легковые",
            "sectionPath": [
                {
                    "ID": "7278",
                    "NAME": "Легковые"
                },
                {
                    "ID": "7267",
                    "NAME": "Шины"
                }
            ],
            "imgSrc": "/upload/resize_cache/rembg-image/6a0/275_275_1/rkyq9vuyopnbjx1h4bjqvwamsnd20dtp.png",
            "url": "/catalog/legkovye/23545-r18-98y-bfgoodrich-advantage-tl65115/",
            "promo": [],
            "discountStores": [],
            "externalStores": [],
            "commonStores": [
                {
                    "STORE_ID": "158",
                    "PRODUCT_ID": "135321",
                    "AMOUNT": "3",
                    "PRODUCT_XML_ID": "65115",
                    "STORE_XML_ID": "351",
                    "STORE_NAME": "Оптовый Склад",
                    "PRICE": "13340.00",
                    "PRICE_ID": "9"
                }
            ],
            "brand": "BFGOODRICH",
            "brandCode": "268",
            "vendorCode": "920590",
            "model": "Advantage",
            "raznItems": [
                {
                    "id": "125307",
                    "name": "225/45 R18",
                    "price": 10400,
                    "amount": "1",
                    "quantity": 1,
                    "url": "/catalog/legkovye/22545-r18-95w-bfgoodrich-advantage-tl87582/"
                },
                {
                    "id": "135321",
                    "name": "235/45 R18",
                    "price": 13340,
                    "amount": "3",
                    "quantity": 1,
                    "url": "/catalog/legkovye/23545-r18-98y-bfgoodrich-advantage-tl65115/"
                },
                {
                    "id": "135323",
                    "name": "255/35 R18",
                    "price": 14060,
                    "amount": "2",
                    "quantity": 1,
                    "url": "/catalog/legkovye/25535-r18-94y-bfgoodrich-advantage-tl65113/"
                }
            ]
        },
        {
            "id": 102488,
            "isNew": false,
            "EDIT_LINK": null,
            "DELETE_LINK": null,
            "props": [
                {
                    "name": "Ширина",
                    "value": "215 "
                },
                {
                    "name": "Диаметр",
                    "value": "17 "
                }
            ],
            "type": "tires",
            "isPromo": null,
            "amount": 3,
            "season": "Летние",
            "price": 13340,
            "name": "215/60 R17 96H BRIDGESTONE Ecopia EP850 TL",
            "sectionId": 7278,
            "sectionName": "Легковые",
            "sectionPath": [
                {
                    "ID": "7278",
                    "NAME": "Легковые"
                },
                {
                    "ID": "7267",
                    "NAME": "Шины"
                }
            ],
            "imgSrc": "/upload/resize_cache/rembg-image/7f6/275_275_1/c9mnbdl46fg6dtkvlqp546p8e03h0q8r.png",
            "url": "/catalog/legkovye/21560-r17-96h-bridgestone-ecopia-ep850-tl73454/",
            "promo": [],
            "discountStores": [],
            "externalStores": [],
            "commonStores": [
                {
                    "STORE_ID": "158",
                    "PRODUCT_ID": "102488",
                    "AMOUNT": "3",
                    "PRODUCT_XML_ID": "73454",
                    "STORE_XML_ID": "351",
                    "STORE_NAME": "Оптовый Склад",
                    "PRICE": "13340.00",
                    "PRICE_ID": "9"
                }
            ],
            "brand": "BRIDGESTONE",
            "brandCode": "250",
            "vendorCode": "11310",
            "model": "Ecopia EP850",
            "raznItems": [
                {
                    "id": "93877",
                    "name": "245/65 R17",
                    "price": 14680,
                    "amount": "6",
                    "quantity": 1,
                    "url": "/catalog/legkovye/24565-r17-111h-bridgestone-ecopia-ep850-tl43194/"
                },
                {
                    "id": "93886",
                    "name": "275/65 R17",
                    "price": 15670,
                    "amount": "1",
                    "quantity": 1,
                    "url": "/catalog/legkovye/27565-r17-115h-bridgestone-ecopia-ep850-tl43203/"
                },
                {
                    "id": "101195",
                    "name": "285/65 R17",
                    "price": 16900,
                    "amount": "1",
                    "quantity": 1,
                    "url": "/catalog/legkovye/28565-r17-116h-bridgestone-ecopia-ep850-tl63365/"
                },
                {
                    "id": "102488",
                    "name": "215/60 R17",
                    "price": 13340,
                    "amount": "3",
                    "quantity": 1,
                    "url": "/catalog/legkovye/21560-r17-96h-bridgestone-ecopia-ep850-tl73454/"
                }
            ]
        },
        {
            "id": 157787,
            "isNew": false,
            "EDIT_LINK": null,
            "DELETE_LINK": null,
            "props": [
                {
                    "name": "Ширина",
                    "value": "225 "
                },
                {
                    "name": "Диаметр",
                    "value": "18 "
                }
            ],
            "type": "tires",
            "isPromo": null,
            "amount": 33,
            "season": "Летние",
            "price": 13350,
            "name": "225/45 R18 95W GOODYEAR EfficientGrip Performance TL",
            "sectionId": 7278,
            "sectionName": "Легковые",
            "sectionPath": [
                {
                    "ID": "7278",
                    "NAME": "Легковые"
                },
                {
                    "ID": "7267",
                    "NAME": "Шины"
                }
            ],
            "imgSrc": "/upload/resize_cache/rembg-image/22d/275_275_1/606ihwlupt0nhbdhm6l7iin8w0weat56.png",
            "url": "/catalog/legkovye/22545r18-95w-xl-efficientgrip-performance-vw-tl-fp/",
            "promo": [],
            "discountStores": [],
            "externalStores": [],
            "commonStores": [],
            "brand": "GOODYEAR",
            "brandCode": "",
            "vendorCode": "533483",
            "model": "EfficientGrip Performance",
            "raznItems": [
                {
                    "id": "157787",
                    "name": "225/45 R18",
                    "price": 13350,
                    "amount": "33",
                    "quantity": 1,
                    "url": "/catalog/legkovye/22545r18-95w-xl-efficientgrip-performance-vw-tl-fp/"
                }
            ]
        },
        {
            "id": 156690,
            "isNew": false,
            "EDIT_LINK": null,
            "DELETE_LINK": null,
            "props": [
                {
                    "name": "Ширина",
                    "value": "215 "
                },
                {
                    "name": "Диаметр",
                    "value": "17 "
                }
            ],
            "type": "tires",
            "isPromo": null,
            "amount": 25,
            "season": "Летние",
            "price": 13380,
            "name": "215/55 R17 94W BRIDGESTONE Turanza T005 TL",
            "sectionId": 7278,
            "sectionName": "Легковые",
            "sectionPath": [
                {
                    "ID": "7278",
                    "NAME": "Легковые"
                },
                {
                    "ID": "7267",
                    "NAME": "Шины"
                }
            ],
            "imgSrc": "/upload/resize_cache/rembg-image/3bb/275_275_1/7caphq2dzfmjee0xg17e1wkgp5nomx7o.png",
            "url": "/catalog/legkovye/21555-r17-94w-bridgestone-turanza-t005-tl25525/",
            "promo": [],
            "discountStores": [],
            "externalStores": [],
            "commonStores": [
                {
                    "STORE_ID": "156",
                    "PRODUCT_ID": "156690",
                    "AMOUNT": "4",
                    "PRODUCT_XML_ID": "25525",
                    "STORE_XML_ID": "419",
                    "STORE_NAME": "г. Челябинск, Свердловский тракт, 12б",
                    "PRICE": "13380.00",
                    "PRICE_ID": "7"
                },
                {
                    "STORE_ID": "158",
                    "PRODUCT_ID": "156690",
                    "AMOUNT": "17",
                    "PRODUCT_XML_ID": "25525",
                    "STORE_XML_ID": "351",
                    "STORE_NAME": "Оптовый Склад",
                    "PRICE": "13380.00",
                    "PRICE_ID": "9"
                },
                {
                    "STORE_ID": "174",
                    "PRODUCT_ID": "156690",
                    "AMOUNT": "4",
                    "PRODUCT_XML_ID": "25525",
                    "STORE_XML_ID": "423",
                    "STORE_NAME": "г. Челябинск, ул. Комарова, 34",
                    "PRICE": "13380.00",
                    "PRICE_ID": "25"
                }
            ],
            "brand": "BRIDGESTONE",
            "brandCode": "250",
            "vendorCode": "10919",
            "model": "Turanza T005",
            "raznItems": [
                {
                    "id": "113927",
                    "name": "215/45 R17",
                    "price": 12800,
                    "amount": "2",
                    "quantity": 1,
                    "url": "/catalog/legkovye/21545-r17-87w-bridgestone-turanza-t005-tl09361/"
                },
                {
                    "id": "136483",
                    "name": "215/55 R17",
                    "price": 13650,
                    "amount": "4",
                    "quantity": 1,
                    "url": "/catalog/legkovye/21555-r17-94v-bridgestone-turanza-t005-tl59712/"
                },
                {
                    "id": "156690",
                    "name": "215/55 R17",
                    "price": 13380,
                    "amount": "4",
                    "quantity": 1,
                    "url": "/catalog/legkovye/21555-r17-94w-bridgestone-turanza-t005-tl25525/"
                },
                {
                    "id": "158906",
                    "name": "225/45 R17",
                    "price": 11460,
                    "amount": "4",
                    "quantity": 1,
                    "url": "/catalog/legkovye/22545-r17-91y-bridgestone-turanza-t005-tl28151/"
                }
            ]
        },
        {
            "id": 155738,
            "isNew": false,
            "EDIT_LINK": null,
            "DELETE_LINK": null,
            "props": [
                {
                    "name": "Ширина",
                    "value": "245 "
                },
                {
                    "name": "Диаметр",
                    "value": "17 "
                }
            ],
            "type": "tires",
            "isPromo": null,
            "amount": 8,
            "season": "Летние",
            "price": 13380,
            "name": "245/70 R17 119R YOKOHAMA Geolandar A/T G015 TL",
            "sectionId": 7278,
            "sectionName": "Легковые",
            "sectionPath": [
                {
                    "ID": "7278",
                    "NAME": "Легковые"
                },
                {
                    "ID": "7267",
                    "NAME": "Шины"
                }
            ],
            "imgSrc": "/upload/resize_cache/rembg-image/4b7/275_275_1/ke43obgcmnpjsgwnb6kmc7t44g1fcyem.png",
            "url": "/catalog/legkovye/24570-r17-119r-yokohama-geolandar-at-g015-tl24662/",
            "promo": [],
            "discountStores": [],
            "externalStores": [],
            "commonStores": [
                {
                    "STORE_ID": "158",
                    "PRODUCT_ID": "155738",
                    "AMOUNT": "8",
                    "PRODUCT_XML_ID": "FORTOCHKI_E4521",
                    "STORE_XML_ID": "351",
                    "STORE_NAME": "Оптовый Склад",
                    "PRICE": "13380.00",
                    "PRICE_ID": "9"
                }
            ],
            "brand": "YOKOHAMA",
            "brandCode": "",
            "vendorCode": "E4521",
            "model": "Geolandar A/T G015",
            "raznItems": [
                {
                    "id": "102821",
                    "name": "245/65 R17",
                    "price": 14470,
                    "amount": "2",
                    "quantity": 1,
                    "url": "/catalog/legkovye/24565-r17-111h-yokohama-geolandar-at-g015-tl74009/"
                },
                {
                    "id": "102823",
                    "name": "255/65 R17",
                    "price": 13220,
                    "amount": "1",
                    "quantity": 1,
                    "url": "/catalog/legkovye/25565-r17-114h-yokohama-geolandar-at-g015-tl74011/"
                },
                {
                    "id": "102826",
                    "name": "265/65 R17",
                    "price": 12690,
                    "amount": "4",
                    "quantity": 1,
                    "url": "/catalog/legkovye/26565-r17-112h-yokohama-geolandar-at-g015-tl74014/"
                },
                {
                    "id": "102839",
                    "name": "265/70 R17",
                    "price": 15070,
                    "amount": "2",
                    "quantity": 1,
                    "url": "/catalog/legkovye/p26570r17-113t-geolandar-at-g015-tl-m-s-3pmsf/"
                },
                {
                    "id": "155738",
                    "name": "245/70 R17",
                    "price": 13380,
                    "amount": "8",
                    "quantity": 1,
                    "url": "/catalog/legkovye/24570-r17-119r-yokohama-geolandar-at-g015-tl24662/"
                },
                {
                    "id": "155740",
                    "name": "215/65 R17",
                    "price": 10550,
                    "amount": "4",
                    "quantity": 1,
                    "url": "/catalog/legkovye/21565-r17-103h-yokohama-geolandar-at-g015-tl24664/"
                },
                {
                    "id": "159165",
                    "name": "285/70 R17",
                    "price": 22360,
                    "amount": "1",
                    "quantity": 1,
                    "url": "/catalog/legkovye/p28570r17-117t-geolandar-at-g015-tl-m-s-3pmsf/"
                }
            ]
        },
        {
            "id": 101507,
            "isNew": false,
            "EDIT_LINK": null,
            "DELETE_LINK": null,
            "props": [
                {
                    "name": "Ширина",
                    "value": "285 "
                },
                {
                    "name": "Диаметр",
                    "value": "19 "
                }
            ],
            "type": "tires",
            "isPromo": null,
            "amount": 7,
            "season": "Летние",
            "price": 13380,
            "name": "285/45 R19 111Y MATADOR MP47 Hectorra 3 SUV TL",
            "sectionId": 7278,
            "sectionName": "Легковые",
            "sectionPath": [
                {
                    "ID": "7278",
                    "NAME": "Легковые"
                },
                {
                    "ID": "7267",
                    "NAME": "Шины"
                }
            ],
            "imgSrc": "/upload/resize_cache/rembg-image/f88/275_275_1/g1whbvha6phnxqwtui9j5p1c84fjrltk.png",
            "url": "/catalog/legkovye/28545-r19-111y-matador-mp47-hectorra-3-suv-tl64499/",
            "promo": [],
            "discountStores": [],
            "externalStores": [],
            "commonStores": [
                {
                    "STORE_ID": "158",
                    "PRODUCT_ID": "101507",
                    "AMOUNT": "7",
                    "PRODUCT_XML_ID": "64499",
                    "STORE_XML_ID": "351",
                    "STORE_NAME": "Оптовый Склад",
                    "PRICE": "13380.00",
                    "PRICE_ID": "9"
                }
            ],
            "brand": "MATADOR",
            "brandCode": "256",
            "vendorCode": "1590181",
            "model": "MP47 Hectorra 3 SUV",
            "raznItems": [
                {
                    "id": "100147",
                    "name": "255/55 R19",
                    "price": 12710,
                    "amount": "1",
                    "quantity": 1,
                    "url": "/catalog/legkovye/25555-r19-111v-matador-mp47-hectorra-3-suv-tl56204/"
                },
                {
                    "id": "101507",
                    "name": "285/45 R19",
                    "price": 13380,
                    "amount": "7",
                    "quantity": 1,
                    "url": "/catalog/legkovye/28545-r19-111y-matador-mp47-hectorra-3-suv-tl64499/"
                }
            ]
        },
        {
            "id": 96817,
            "isNew": false,
            "EDIT_LINK": null,
            "DELETE_LINK": null,
            "props": [
                {
                    "name": "Ширина",
                    "value": "215 "
                },
                {
                    "name": "Диаметр",
                    "value": "16 "
                }
            ],
            "type": "tires",
            "isPromo": null,
            "amount": 74,
            "season": "Летние",
            "price": 13430,
            "name": "215/60 R16 99V MICHELIN Primacy 4  TL",
            "sectionId": 7278,
            "sectionName": "Легковые",
            "sectionPath": [
                {
                    "ID": "7278",
                    "NAME": "Легковые"
                },
                {
                    "ID": "7267",
                    "NAME": "Шины"
                }
            ],
            "imgSrc": "/upload/resize_cache/rembg-image/f7e/275_275_1/vs223vzp807jdqnqomuf7r2irskej4ia.png",
            "url": "/catalog/legkovye/21560-r16-99v-michelin-primacy-4-tl19837/",
            "promo": [],
            "discountStores": [],
            "externalStores": [],
            "commonStores": [
                {
                    "STORE_ID": "158",
                    "PRODUCT_ID": "96817",
                    "AMOUNT": "70",
                    "PRODUCT_XML_ID": "19837",
                    "STORE_XML_ID": "351",
                    "STORE_NAME": "Оптовый Склад",
                    "PRICE": "13430.00",
                    "PRICE_ID": "9"
                },
                {
                    "STORE_ID": "169",
                    "PRODUCT_ID": "96817",
                    "AMOUNT": "4",
                    "PRODUCT_XML_ID": "19837",
                    "STORE_XML_ID": "403",
                    "STORE_NAME": "г. Челябинск, Копейское шоссе, 35д",
                    "PRICE": "13430.00",
                    "PRICE_ID": "20"
                }
            ],
            "brand": "MICHELIN",
            "brandCode": "",
            "vendorCode": "184283",
            "model": "Primacy 4 ",
            "raznItems": [
                {
                    "id": "96812",
                    "name": "205/55 R16",
                    "price": 7920,
                    "amount": "4",
                    "quantity": 1,
                    "url": "/catalog/legkovye/20555-r16-91v-michelin-primacy-4-tl19823/"
                },
                {
                    "id": "96816",
                    "name": "205/60 R16",
                    "price": 10470,
                    "amount": "4",
                    "quantity": 1,
                    "url": "/catalog/legkovye/20560-r16-92h-michelin-primacy-4-tl19835/"
                },
                {
                    "id": "96817",
                    "name": "215/60 R16",
                    "price": 13430,
                    "amount": "4",
                    "quantity": 1,
                    "url": "/catalog/legkovye/21560-r16-99v-michelin-primacy-4-tl19837/"
                }
            ]
        },
        {
            "id": 102867,
            "isNew": false,
            "EDIT_LINK": null,
            "DELETE_LINK": null,
            "props": [
                {
                    "name": "Ширина",
                    "value": "245 "
                },
                {
                    "name": "Диаметр",
                    "value": "18 "
                }
            ],
            "type": "tires",
            "isPromo": null,
            "amount": 50,
            "season": "Летние",
            "price": 13440,
            "name": "245/40 R18 97W YOKOHAMA Advan Fleva V701 TL",
            "sectionId": 7278,
            "sectionName": "Легковые",
            "sectionPath": [
                {
                    "ID": "7278",
                    "NAME": "Легковые"
                },
                {
                    "ID": "7267",
                    "NAME": "Шины"
                }
            ],
            "imgSrc": "/upload/resize_cache/rembg-image/ca8/275_275_1/ks0yyfdzjg4dav5iw5ib9dwb6ns1j8c5.png",
            "url": "/catalog/legkovye/24540-r18-97w-yokohama-advan-fleva-v701-tl74055/",
            "promo": [],
            "discountStores": [],
            "externalStores": [],
            "commonStores": [
                {
                    "STORE_ID": "158",
                    "PRODUCT_ID": "102867",
                    "AMOUNT": "50",
                    "PRODUCT_XML_ID": "FORTOCHKI_R0384",
                    "STORE_XML_ID": "351",
                    "STORE_NAME": "Оптовый Склад",
                    "PRICE": "13440.00",
                    "PRICE_ID": "9"
                }
            ],
            "brand": "YOKOHAMA",
            "brandCode": "",
            "vendorCode": "R0384",
            "model": "Advan Fleva V701",
            "raznItems": [
                {
                    "id": "102865",
                    "name": "235/50 R18",
                    "price": 13650,
                    "amount": "4",
                    "quantity": 1,
                    "url": "/catalog/legkovye/23550-r18-97v-yokohama-advan-fleva-v701-tl74053/"
                },
                {
                    "id": "102867",
                    "name": "245/40 R18",
                    "price": 13440,
                    "amount": "50",
                    "quantity": 1,
                    "url": "/catalog/legkovye/24540-r18-97w-yokohama-advan-fleva-v701-tl74055/"
                },
                {
                    "id": "103143",
                    "name": "235/40 R18",
                    "price": 12060,
                    "amount": "4",
                    "quantity": 1,
                    "url": "/catalog/legkovye/23540-r18-95w-yokohama-advan-fleva-v701-tl75227/"
                },
                {
                    "id": "104053",
                    "name": "245/45 R18",
                    "price": 13130,
                    "amount": "1",
                    "quantity": 1,
                    "url": "/catalog/legkovye/24545-r18-100w-yokohama-advan-fleva-v701-tl91362/"
                },
                {
                    "id": "111240",
                    "name": "255/35 R18",
                    "price": 15630,
                    "amount": "8",
                    "quantity": 1,
                    "url": "/catalog/legkovye/25535-r18-94w-yokohama-advan-fleva-v701-tl62198/"
                },
                {
                    "id": "119833",
                    "name": "265/35 R18",
                    "price": 17880,
                    "amount": "2",
                    "quantity": 1,
                    "url": "/catalog/legkovye/26535-r18-97w-yokohama-advan-fleva-v701-tl23809/"
                },
                {
                    "id": "155789",
                    "name": "275/40 R18",
                    "price": 17590,
                    "amount": "2",
                    "quantity": 1,
                    "url": "/catalog/legkovye/27540-r18-103w-yokohama-advan-fleva-v701-tl24704/"
                },
                {
                    "id": "158485",
                    "name": "245/35 R18",
                    "price": 15170,
                    "amount": "4",
                    "quantity": 1,
                    "url": "/catalog/legkovye/24535r18-92w-xl-advan-fleva-v701-tl/"
                }
            ]
        },
        {
            "id": 155493,
            "isNew": false,
            "EDIT_LINK": null,
            "DELETE_LINK": null,
            "props": [
                {
                    "name": "Ширина",
                    "value": "255 "
                },
                {
                    "name": "Диаметр",
                    "value": "17 "
                }
            ],
            "type": "tires",
            "isPromo": null,
            "amount": 28,
            "season": "Летние",
            "price": 13450,
            "name": "255/65 R17 110T NOKIAN TYRES Outpost AT TL",
            "sectionId": 7278,
            "sectionName": "Легковые",
            "sectionPath": [
                {
                    "ID": "7278",
                    "NAME": "Легковые"
                },
                {
                    "ID": "7267",
                    "NAME": "Шины"
                }
            ],
            "imgSrc": "/upload/resize_cache/rembg-image/29a/275_275_1/gs49z3u208esiyfyhyl1haac6d3ihx7h.png",
            "url": "/catalog/legkovye/25565-r17-110t-nokian-tyres-outpost-at-tl24430/",
            "promo": [],
            "discountStores": [],
            "externalStores": [],
            "commonStores": [],
            "brand": "NOKIAN TYRES",
            "brandCode": "",
            "vendorCode": "T431900",
            "model": "Outpost AT",
            "raznItems": [
                {
                    "id": "94050",
                    "name": "235/65 R17",
                    "price": 12880,
                    "amount": "4",
                    "quantity": 1,
                    "url": "/catalog/legkovye/23565r17-108t-xl-outpost-at-tl/"
                },
                {
                    "id": "155366",
                    "name": "265/70 R17",
                    "price": 14120,
                    "amount": "3",
                    "quantity": 1,
                    "url": "/catalog/legkovye/26570-r17-121118s-nokian-tyres-outpost-at-tl23379/"
                },
                {
                    "id": "155489",
                    "name": "245/65 R17",
                    "price": 13180,
                    "amount": "1",
                    "quantity": 1,
                    "url": "/catalog/legkovye/24565-r17-107t-nokian-tyres-outpost-at-tl24425/"
                },
                {
                    "id": "155493",
                    "name": "255/65 R17",
                    "price": 13450,
                    "amount": "28",
                    "quantity": 1,
                    "url": "/catalog/legkovye/25565-r17-110t-nokian-tyres-outpost-at-tl24430/"
                }
            ]
        },
        {
            "id": 101508,
            "isNew": false,
            "EDIT_LINK": null,
            "DELETE_LINK": null,
            "props": [
                {
                    "name": "Ширина",
                    "value": "275 "
                },
                {
                    "name": "Диаметр",
                    "value": "20 "
                }
            ],
            "type": "tires",
            "isPromo": null,
            "amount": 1,
            "season": "Летние",
            "price": 13450,
            "name": "275/40 R20 106Y MATADOR MP47 Hectorra 3 SUV TL",
            "sectionId": 7278,
            "sectionName": "Легковые",
            "sectionPath": [
                {
                    "ID": "7278",
                    "NAME": "Легковые"
                },
                {
                    "ID": "7267",
                    "NAME": "Шины"
                }
            ],
            "imgSrc": "/upload/resize_cache/rembg-image/45e/275_275_1/r74f9uha3amjdhnh65gk2ngowzkp8qb4.png",
            "url": "/catalog/legkovye/27540-r20-106y-matador-mp47-hectorra-3-suv-tl64500/",
            "promo": [],
            "discountStores": [],
            "externalStores": [],
            "commonStores": [
                {
                    "STORE_ID": "158",
                    "PRODUCT_ID": "101508",
                    "AMOUNT": "1",
                    "PRODUCT_XML_ID": "64500",
                    "STORE_XML_ID": "351",
                    "STORE_NAME": "Оптовый Склад",
                    "PRICE": "13450.00",
                    "PRICE_ID": "9"
                }
            ],
            "brand": "MATADOR",
            "brandCode": "256",
            "vendorCode": "1590173",
            "model": "MP47 Hectorra 3 SUV",
            "raznItems": [
                {
                    "id": "101508",
                    "name": "275/40 R20",
                    "price": 13450,
                    "amount": "1",
                    "quantity": 1,
                    "url": "/catalog/legkovye/27540-r20-106y-matador-mp47-hectorra-3-suv-tl64500/"
                }
            ]
        },
        {
            "id": 167932,
            "isNew": false,
            "EDIT_LINK": null,
            "DELETE_LINK": null,
            "props": [
                {
                    "name": "Ширина",
                    "value": "205 "
                },
                {
                    "name": "Диаметр",
                    "value": "17 "
                }
            ],
            "type": "tires",
            "isPromo": null,
            "amount": 4,
            "season": "Летние",
            "price": 13470,
            "name": "205/45 R17 88W BRIDGESTONE Turanza T005 TL",
            "sectionId": 7278,
            "sectionName": "Легковые",
            "sectionPath": [
                {
                    "ID": "7278",
                    "NAME": "Легковые"
                },
                {
                    "ID": "7267",
                    "NAME": "Шины"
                }
            ],
            "imgSrc": "/upload/resize_cache/iblock/5a7/275_275_1/dncqz27x6vaqvkylqvsgao9upf2mrpoz.png",
            "url": "/catalog/legkovye/20545-r17-88w-bridgestone-turanza-t005-tl-br010910/",
            "promo": [],
            "discountStores": [],
            "externalStores": [],
            "commonStores": [],
            "brand": "BRIDGESTONE",
            "brandCode": "",
            "vendorCode": "BR010910",
            "model": "Turanza T005",
            "raznItems": [
                {
                    "id": "145712",
                    "name": "225/50 R17",
                    "price": 14600,
                    "amount": "4",
                    "quantity": 1,
                    "url": "/catalog/legkovye/22550r17-98w-xl-turanza-t005-tl-br010905/"
                },
                {
                    "id": "146147",
                    "name": "205/55 R17",
                    "price": 15120,
                    "amount": "4",
                    "quantity": 1,
                    "url": "/catalog/legkovye/20555r17-91w-turanza-t005-mo-tl-br010433/"
                },
                {
                    "id": "161406",
                    "name": "275/55 R17",
                    "price": 20040,
                    "amount": "4",
                    "quantity": 1,
                    "url": "/catalog/legkovye/27555r17-109v-turanza-t005-tl/"
                },
                {
                    "id": "167932",
                    "name": "205/45 R17",
                    "price": 13470,
                    "amount": "4",
                    "quantity": 1,
                    "url": "/catalog/legkovye/20545-r17-88w-bridgestone-turanza-t005-tl-br010910/"
                }
            ]
        }
    ],
    "filter": {
        "0": {
            "LOGIC": "OR",
            ">STORE_AMOUNT_156": 0,
            ">STORE_AMOUNT_158": 0,
            ">STORE_AMOUNT_159": 0,
            ">STORE_AMOUNT_160": 0,
            ">STORE_AMOUNT_161": 0,
            ">STORE_AMOUNT_164": 0,
            ">STORE_AMOUNT_165": 0,
            ">STORE_AMOUNT_168": 0,
            ">STORE_AMOUNT_169": 0,
            ">STORE_AMOUNT_174": 0,
            ">STORE_AMOUNT_180": 0,
            ">STORE_AMOUNT_184": 0,
            ">STORE_AMOUNT_185": 0,
            ">STORE_AMOUNT_191": 0,
            ">STORE_AMOUNT_192": 0,
            ">STORE_AMOUNT_194": 0,
            ">STORE_AMOUNT_6087": 0
        },
        "1": {
            "LOGIC": "OR",
            ">CATALOG_CATALOG_GROUP_ID_33": 0,
            ">CATALOG_CATALOG_GROUP_ID_90": 0,
            ">CATALOG_CATALOG_GROUP_ID_96": 0,
            ">CATALOG_CATALOG_GROUP_ID_97": 0,
            ">CATALOG_CATALOG_GROUP_ID_98": 0
        },
        "2": {
            "LOGIC": "OR",
            ">STORE_AMOUNT_156": 0,
            ">STORE_AMOUNT_158": 0,
            ">STORE_AMOUNT_159": 0,
            ">STORE_AMOUNT_160": 0,
            ">STORE_AMOUNT_161": 0,
            ">STORE_AMOUNT_164": 0,
            ">STORE_AMOUNT_165": 0,
            ">STORE_AMOUNT_168": 0,
            ">STORE_AMOUNT_169": 0,
            ">STORE_AMOUNT_174": 0,
            ">STORE_AMOUNT_180": 0,
            ">STORE_AMOUNT_184": 0,
            ">STORE_AMOUNT_185": 0,
            ">STORE_AMOUNT_191": 0,
            ">STORE_AMOUNT_192": 0,
            ">STORE_AMOUNT_194": 0,
            ">STORE_AMOUNT_6087": 0
        },
        "3": {
            "LOGIC": "OR",
            ">CATALOG_CATALOG_GROUP_ID_33": 0,
            ">CATALOG_CATALOG_GROUP_ID_90": 0,
            ">CATALOG_CATALOG_GROUP_ID_96": 0,
            ">CATALOG_CATALOG_GROUP_ID_97": 0,
            ">CATALOG_CATALOG_GROUP_ID_98": 0
        },
        "=PROPERTY_458": [
            "154"
        ]
    },
    "promo": {
        "id": "165954",
        "url": "/promo/shiny-v-rassrochku/",
        "name": "Покупки в рассрочку",
        "text": "Теперь вы можете купить зимние шины, или диски в рассрочку быстро и легко: без первоначального взноса и без переплаты!",
        "imgSrc": "/upload/resize_cache/iblock/356/1075_613_1/8iiw8xmv2bzky9euo9mn57dqx6dk3xa9.jpg",
        "videoSrc": null
    },
    "promoFilter": {
        "IBLOCK_ID": 10,
        "ACTIVE": "Y",
        "=PROPERTY_SECTION": 206,
        "=PROPERTY_CATALOG_SEASON": [
            false,
            204
        ],
        "=PROPERTY_CATALOG_BRAND": [
            false
        ]
    },
    "navNum": 1,
    "pagesCount": 111,
    "pageNum": 61
}