{
    "pageUrl": "/catalog/legkovye/?arCatalogFilter_458_1500340406=Y&set_filter=Y&sort%5Brecommendations%5D=asc&PAGEN_1=62",
    "items": [
        {
            "id": 124773,
            "isNew": false,
            "EDIT_LINK": null,
            "DELETE_LINK": null,
            "props": [
                {
                    "name": "Ширина",
                    "value": "205 "
                },
                {
                    "name": "Диаметр",
                    "value": "16 "
                }
            ],
            "type": "tires",
            "isPromo": null,
            "amount": 4,
            "season": "Летние",
            "price": 13470,
            "name": "205/80 R16 104T MICHELIN Latitude Cross TL",
            "sectionId": 7278,
            "sectionName": "Легковые",
            "sectionPath": [
                {
                    "ID": "7278",
                    "NAME": "Легковые"
                },
                {
                    "ID": "7267",
                    "NAME": "Шины"
                }
            ],
            "imgSrc": "/upload/resize_cache/rembg-image/805/275_275_1/d7w1da929awjlt8u4gm6u2y3qxvfv490.png",
            "url": "/catalog/legkovye/20580r16-104t-xl-latitude-cross-dt-tl/",
            "promo": [],
            "discountStores": [],
            "externalStores": [],
            "commonStores": [],
            "brand": "MICHELIN",
            "brandCode": "",
            "vendorCode": "930980",
            "model": "Latitude Cross",
            "raznItems": [
                {
                    "id": "124773",
                    "name": "205/80 R16",
                    "price": 13470,
                    "amount": "4",
                    "quantity": 1,
                    "url": "/catalog/legkovye/20580r16-104t-xl-latitude-cross-dt-tl/"
                },
                {
                    "id": "124775",
                    "name": "235/70 R16",
                    "price": 14440,
                    "amount": "2",
                    "quantity": 1,
                    "url": "/catalog/legkovye/23570r16-106h-latitude-cross-dt-tl/"
                },
                {
                    "id": "144956",
                    "name": "215/65 R16",
                    "price": 11880,
                    "amount": "51",
                    "quantity": 1,
                    "url": "/catalog/legkovye/21565-r16-102h-michelin-latitude-cross-tl07596/"
                }
            ]
        },
        {
            "id": 149406,
            "isNew": false,
            "EDIT_LINK": null,
            "DELETE_LINK": null,
            "props": [
                {
                    "name": "Ширина",
                    "value": "225 "
                },
                {
                    "name": "Диаметр",
                    "value": "18 "
                }
            ],
            "type": "tires",
            "isPromo": null,
            "amount": 4,
            "season": "Летние",
            "price": 13480,
            "name": "225/40 R18 88Y YOKOHAMA Advan Sport V103S TL",
            "sectionId": 7278,
            "sectionName": "Легковые",
            "sectionPath": [
                {
                    "ID": "7278",
                    "NAME": "Легковые"
                },
                {
                    "ID": "7267",
                    "NAME": "Шины"
                }
            ],
            "imgSrc": "/upload/resize_cache/rembg-image/753/275_275_1/e197l3bxwyalg9msc0wdq0wjq3aytbtu.png",
            "url": "/catalog/legkovye/22540r18-88y-advan-sport-v103s-tl-zps/",
            "promo": [],
            "discountStores": [],
            "externalStores": [],
            "commonStores": [],
            "brand": "YOKOHAMA",
            "brandCode": "",
            "vendorCode": "R6106",
            "model": "Advan Sport V103S",
            "raznItems": [
                {
                    "id": "149406",
                    "name": "225/40 R18",
                    "price": 13480,
                    "amount": "4",
                    "quantity": 1,
                    "url": "/catalog/legkovye/22540r18-88y-advan-sport-v103s-tl-zps/"
                }
            ]
        },
        {
            "id": 142979,
            "isNew": false,
            "EDIT_LINK": null,
            "DELETE_LINK": null,
            "props": [
                {
                    "name": "Ширина",
                    "value": "225 "
                },
                {
                    "name": "Диаметр",
                    "value": "17 "
                }
            ],
            "type": "tires",
            "isPromo": null,
            "amount": 4,
            "season": "Летние",
            "price": 13480,
            "name": "225/45 R17 91W GOODYEAR Excellence TL",
            "sectionId": 7278,
            "sectionName": "Легковые",
            "sectionPath": [
                {
                    "ID": "7278",
                    "NAME": "Легковые"
                },
                {
                    "ID": "7267",
                    "NAME": "Шины"
                }
            ],
            "imgSrc": "/upload/resize_cache/rembg-image/d91/275_275_1/e4d5krtwsdh0pej37dld40s98hh6zmg2.png",
            "url": "/catalog/legkovye/22545r17-91w-excellence-moe-tl-fp-rft/",
            "promo": [],
            "discountStores": [],
            "externalStores": [],
            "commonStores": [],
            "brand": "GOODYEAR",
            "brandCode": "",
            "vendorCode": "518591",
            "model": "Excellence",
            "raznItems": [
                {
                    "id": "142979",
                    "name": "225/45 R17",
                    "price": 13480,
                    "amount": "4",
                    "quantity": 1,
                    "url": "/catalog/legkovye/22545r17-91w-excellence-moe-tl-fp-rft/"
                }
            ]
        },
        {
            "id": 137056,
            "isNew": false,
            "EDIT_LINK": null,
            "DELETE_LINK": null,
            "props": [
                {
                    "name": "Ширина",
                    "value": "235 "
                },
                {
                    "name": "Диаметр",
                    "value": "19 "
                }
            ],
            "type": "tires",
            "isPromo": null,
            "amount": 1,
            "season": "Летние",
            "price": 13490,
            "name": "235/55 R19 105V HANKOOK RA33 Dynapro HP2 TL",
            "sectionId": 7278,
            "sectionName": "Легковые",
            "sectionPath": [
                {
                    "ID": "7278",
                    "NAME": "Легковые"
                },
                {
                    "ID": "7267",
                    "NAME": "Шины"
                }
            ],
            "imgSrc": "/upload/resize_cache/rembg-image/99a/275_275_1/a17zjinytuc3250hcndqzk8rw23dc8i2.png",
            "url": "/catalog/legkovye/23555-r19-105v-hankook-ra33-dynapro-hp2-tl57733/",
            "promo": [],
            "discountStores": [],
            "externalStores": [],
            "commonStores": [
                {
                    "STORE_ID": "158",
                    "PRODUCT_ID": "137056",
                    "AMOUNT": "1",
                    "PRODUCT_XML_ID": "57733",
                    "STORE_XML_ID": "351",
                    "STORE_NAME": "Оптовый Склад",
                    "PRICE": "13490.00",
                    "PRICE_ID": "9"
                }
            ],
            "brand": "HANKOOK",
            "brandCode": "359",
            "vendorCode": "1015270",
            "model": "RA33 Dynapro HP2",
            "raznItems": [
                {
                    "id": "137056",
                    "name": "235/55 R19",
                    "price": 13490,
                    "amount": "1",
                    "quantity": 1,
                    "url": "/catalog/legkovye/23555-r19-105v-hankook-ra33-dynapro-hp2-tl57733/"
                }
            ]
        },
        {
            "id": 155806,
            "isNew": false,
            "EDIT_LINK": null,
            "DELETE_LINK": null,
            "props": [
                {
                    "name": "Ширина",
                    "value": "215 "
                },
                {
                    "name": "Диаметр",
                    "value": "17 "
                }
            ],
            "type": "tires",
            "isPromo": null,
            "amount": 8,
            "season": "Летние",
            "price": 11090,
            "name": "215/60 R17 96V YOKOHAMA BluEarth-XT AE61 TL",
            "sectionId": 7278,
            "sectionName": "Легковые",
            "sectionPath": [
                {
                    "ID": "7278",
                    "NAME": "Легковые"
                },
                {
                    "ID": "7267",
                    "NAME": "Шины"
                }
            ],
            "imgSrc": "/upload/resize_cache/rembg-image/1d7/275_275_1/m6yda54crcz1g3nmduqraa4lalu1s1li.png",
            "url": "/catalog/legkovye/21560-r17-96v-yokohama-bluearth-xt-ae61-tl24724/",
            "promo": [],
            "discountStores": [],
            "externalStores": [],
            "commonStores": [
                {
                    "STORE_ID": "156",
                    "PRODUCT_ID": "155806",
                    "AMOUNT": "4",
                    "PRODUCT_XML_ID": "FORTOCHKI_R7525",
                    "STORE_XML_ID": "419",
                    "STORE_NAME": "г. Челябинск, Свердловский тракт, 12б",
                    "PRICE": "11090.00",
                    "PRICE_ID": "7"
                },
                {
                    "STORE_ID": "169",
                    "PRODUCT_ID": "155806",
                    "AMOUNT": "4",
                    "PRODUCT_XML_ID": "FORTOCHKI_R7525",
                    "STORE_XML_ID": "403",
                    "STORE_NAME": "г. Челябинск, Копейское шоссе, 35д",
                    "PRICE": null,
                    "PRICE_ID": null
                }
            ],
            "brand": "YOKOHAMA",
            "brandCode": "",
            "vendorCode": "R7525",
            "model": "BluEarth-XT AE61",
            "raznItems": [
                {
                    "id": "94068",
                    "name": "225/65 R17",
                    "price": 8670,
                    "amount": "4",
                    "quantity": 1,
                    "url": "/catalog/legkovye/22565-r17-102h-yokohama-bluearth-xt-ae61-tl24731/"
                },
                {
                    "id": "155806",
                    "name": "215/60 R17",
                    "price": 11090,
                    "amount": "4",
                    "quantity": 1,
                    "url": "/catalog/legkovye/21560-r17-96v-yokohama-bluearth-xt-ae61-tl24724/"
                },
                {
                    "id": "155811",
                    "name": "225/60 R17",
                    "price": 11180,
                    "amount": "41",
                    "quantity": 1,
                    "url": "/catalog/legkovye/22560r17-99v-bluearth-xt-ae61-tl/"
                },
                {
                    "id": "155814",
                    "name": "235/55 R17",
                    "price": 10920,
                    "amount": "4",
                    "quantity": 1,
                    "url": "/catalog/legkovye/23555-r17-103w-yokohama-bluearth-xt-ae61-tl24733/"
                }
            ]
        },
        {
            "id": 145829,
            "isNew": false,
            "EDIT_LINK": null,
            "DELETE_LINK": null,
            "props": [
                {
                    "name": "Ширина",
                    "value": "245 "
                },
                {
                    "name": "Диаметр",
                    "value": "19 "
                }
            ],
            "type": "tires",
            "isPromo": null,
            "amount": 15,
            "season": "Летние",
            "price": 13510,
            "name": "245/40 R19 98Y MARSHAL MU12 TL",
            "sectionId": 7278,
            "sectionName": "Легковые",
            "sectionPath": [
                {
                    "ID": "7278",
                    "NAME": "Легковые"
                },
                {
                    "ID": "7267",
                    "NAME": "Шины"
                }
            ],
            "imgSrc": "/upload/resize_cache/rembg-image/cd3/275_275_1/bo1md91egcalwuxl48424hwkz90chiuv.png",
            "url": "/catalog/legkovye/24540zr19-98y-xl-mu12-tl/",
            "promo": [],
            "discountStores": [],
            "externalStores": [],
            "commonStores": [],
            "brand": "MARSHAL",
            "brandCode": "",
            "vendorCode": "2208703",
            "model": "MU12",
            "raznItems": [
                {
                    "id": "145829",
                    "name": "245/40 R19",
                    "price": 13510,
                    "amount": "15",
                    "quantity": 1,
                    "url": "/catalog/legkovye/24540zr19-98y-xl-mu12-tl/"
                },
                {
                    "id": "145830",
                    "name": "245/45 R19",
                    "price": 16300,
                    "amount": "2",
                    "quantity": 1,
                    "url": "/catalog/legkovye/24545zr19-102y-xl-mu12-tl/"
                },
                {
                    "id": "158597",
                    "name": "255/40 R19",
                    "price": 14400,
                    "amount": "8",
                    "quantity": 1,
                    "url": "/catalog/legkovye/25540zr19-100y-xl-mu12-tl/"
                },
                {
                    "id": "158598",
                    "name": "225/45 R19",
                    "price": 12520,
                    "amount": "8",
                    "quantity": 1,
                    "url": "/catalog/legkovye/22545zr19-96y-xl-mu12-tl/"
                },
                {
                    "id": "159413",
                    "name": "225/55 R19",
                    "price": 10980,
                    "amount": "8",
                    "quantity": 1,
                    "url": "/catalog/legkovye/22555r19-99v-mu12-tl/"
                }
            ]
        },
        {
            "id": 162284,
            "isNew": false,
            "EDIT_LINK": null,
            "DELETE_LINK": null,
            "props": [
                {
                    "name": "Ширина",
                    "value": "225 "
                },
                {
                    "name": "Диаметр",
                    "value": "18 "
                }
            ],
            "type": "tires",
            "isPromo": null,
            "amount": 2,
            "season": "Летние",
            "price": 13530,
            "name": "225/45 R18 95Y GOODYEAR Eagle F1 Asymmetric 6 TL",
            "sectionId": 7278,
            "sectionName": "Легковые",
            "sectionPath": [
                {
                    "ID": "7278",
                    "NAME": "Легковые"
                },
                {
                    "ID": "7267",
                    "NAME": "Шины"
                }
            ],
            "imgSrc": "/upload/resize_cache/rembg-image/69a/275_275_1/xryi28s7svf5wm2z2q8ljdqy63cpywrk.png",
            "url": "/catalog/legkovye/22545r18-95y-xl-eagle-f1-asymmetric-6-tl-fp/",
            "promo": [],
            "discountStores": [],
            "externalStores": [],
            "commonStores": [],
            "brand": "GOODYEAR",
            "brandCode": "",
            "vendorCode": "581512",
            "model": "Eagle F1 Asymmetric 6",
            "raznItems": [
                {
                    "id": "158437",
                    "name": "245/40 R18",
                    "price": 12890,
                    "amount": "6",
                    "quantity": 1,
                    "url": "/catalog/legkovye/24540r18-97y-xl-eagle-f1-asymmetric-6-tl-fp/"
                },
                {
                    "id": "162284",
                    "name": "225/45 R18",
                    "price": 13530,
                    "amount": "2",
                    "quantity": 1,
                    "url": "/catalog/legkovye/22545r18-95y-xl-eagle-f1-asymmetric-6-tl-fp/"
                }
            ]
        },
        {
            "id": 143470,
            "isNew": false,
            "EDIT_LINK": null,
            "DELETE_LINK": null,
            "props": [
                {
                    "name": "Ширина",
                    "value": "215 "
                },
                {
                    "name": "Диаметр",
                    "value": "17 "
                }
            ],
            "type": "tires",
            "isPromo": null,
            "amount": 4,
            "season": "Летние",
            "price": 13530,
            "name": "215/60 R17 96H GOODYEAR Vector 4Seasons Gen-2 TL",
            "sectionId": 7278,
            "sectionName": "Легковые",
            "sectionPath": [
                {
                    "ID": "7278",
                    "NAME": "Легковые"
                },
                {
                    "ID": "7267",
                    "NAME": "Шины"
                }
            ],
            "imgSrc": "/upload/resize_cache/rembg-image/571/275_275_1/yxkjva2pwnxc5u3mh4mvwsmygzfxr79g.png",
            "url": "/catalog/legkovye/21560r17-96h-vector-4seasons-gen-2-re-tl-m-s-3pmsf/",
            "promo": [],
            "discountStores": [],
            "externalStores": [],
            "commonStores": [],
            "brand": "GOODYEAR",
            "brandCode": "",
            "vendorCode": "548247",
            "model": "Vector 4Seasons Gen-2",
            "raznItems": [
                {
                    "id": "143470",
                    "name": "215/60 R17",
                    "price": 13530,
                    "amount": "4",
                    "quantity": 1,
                    "url": "/catalog/legkovye/21560r17-96h-vector-4seasons-gen-2-re-tl-m-s-3pmsf/"
                }
            ]
        },
        {
            "id": 145162,
            "isNew": false,
            "EDIT_LINK": null,
            "DELETE_LINK": null,
            "props": [
                {
                    "name": "Ширина",
                    "value": "235 "
                },
                {
                    "name": "Диаметр",
                    "value": "18 "
                }
            ],
            "type": "tires",
            "isPromo": null,
            "amount": 72,
            "season": "Летние",
            "price": 13540,
            "name": "235/55 R18 100V PIRELLI Scorpion Verde TL",
            "sectionId": 7278,
            "sectionName": "Легковые",
            "sectionPath": [
                {
                    "ID": "7278",
                    "NAME": "Легковые"
                },
                {
                    "ID": "7267",
                    "NAME": "Шины"
                }
            ],
            "imgSrc": "/upload/resize_cache/rembg-image/9c9/275_275_1/o2exmcjlpis487zq6gbwg90rqv41v5gb.png",
            "url": "/catalog/legkovye/23555-r18-100v-pirelli-scorpion-verde-tl16488/",
            "promo": [],
            "discountStores": [],
            "externalStores": [],
            "commonStores": [
                {
                    "STORE_ID": "156",
                    "PRODUCT_ID": "145162",
                    "AMOUNT": "4",
                    "PRODUCT_XML_ID": "16488",
                    "STORE_XML_ID": "419",
                    "STORE_NAME": "г. Челябинск, Свердловский тракт, 12б",
                    "PRICE": "13540.00",
                    "PRICE_ID": "7"
                },
                {
                    "STORE_ID": "158",
                    "PRODUCT_ID": "145162",
                    "AMOUNT": "68",
                    "PRODUCT_XML_ID": "16488",
                    "STORE_XML_ID": "351",
                    "STORE_NAME": "Оптовый Склад",
                    "PRICE": "13540.00",
                    "PRICE_ID": "9"
                }
            ],
            "brand": "PIRELLI",
            "brandCode": "",
            "vendorCode": "2744600",
            "model": "Scorpion Verde",
            "raznItems": [
                {
                    "id": "145162",
                    "name": "235/55 R18",
                    "price": 13540,
                    "amount": "68",
                    "quantity": 1,
                    "url": "/catalog/legkovye/23555-r18-100v-pirelli-scorpion-verde-tl16488/"
                }
            ]
        },
        {
            "id": 159867,
            "isNew": false,
            "EDIT_LINK": null,
            "DELETE_LINK": null,
            "props": [
                {
                    "name": "Ширина",
                    "value": "295 "
                },
                {
                    "name": "Диаметр",
                    "value": "21 "
                }
            ],
            "type": "tires",
            "isPromo": null,
            "amount": 1,
            "season": "Летние",
            "price": 13560,
            "name": "295/35 R21 107Y SAILUN Atrezzo ZSR SUV TL",
            "sectionId": 7278,
            "sectionName": "Легковые",
            "sectionPath": [
                {
                    "ID": "7278",
                    "NAME": "Легковые"
                },
                {
                    "ID": "7267",
                    "NAME": "Шины"
                }
            ],
            "imgSrc": "/upload/resize_cache/rembg-image/779/275_275_1/y7dgla0fqf567p267xxdbdgzh5tpve59.png",
            "url": "/catalog/legkovye/29535r21-107y-xl-atrezzo-zsr-suv-tl/",
            "promo": [],
            "discountStores": [],
            "externalStores": [],
            "commonStores": [],
            "brand": "SAILUN",
            "brandCode": "",
            "vendorCode": "3220005488",
            "model": "Atrezzo ZSR SUV",
            "raznItems": [
                {
                    "id": "159867",
                    "name": "295/35 R21",
                    "price": 13560,
                    "amount": "1",
                    "quantity": 1,
                    "url": "/catalog/legkovye/29535r21-107y-xl-atrezzo-zsr-suv-tl/"
                }
            ]
        },
        {
            "id": 144732,
            "isNew": false,
            "EDIT_LINK": null,
            "DELETE_LINK": null,
            "props": [
                {
                    "name": "Ширина",
                    "value": "235 "
                },
                {
                    "name": "Диаметр",
                    "value": "19 "
                }
            ],
            "type": "tires",
            "isPromo": null,
            "amount": 2,
            "season": "Летние",
            "price": 13560,
            "name": "235/55 R19 105W MARSHAL Crugen HP91 TL",
            "sectionId": 7278,
            "sectionName": "Легковые",
            "sectionPath": [
                {
                    "ID": "7278",
                    "NAME": "Легковые"
                },
                {
                    "ID": "7267",
                    "NAME": "Шины"
                }
            ],
            "imgSrc": "/upload/resize_cache/rembg-image/7ff/275_275_1/xn5z1t7bl2gsi2r6nprhfa4vjdl79qok.png",
            "url": "/catalog/legkovye/23555zr19-105w-xl-crugen-hp91-tl/",
            "promo": [],
            "discountStores": [],
            "externalStores": [],
            "commonStores": [],
            "brand": "MARSHAL",
            "brandCode": "",
            "vendorCode": "2166203",
            "model": "Crugen HP91",
            "raznItems": [
                {
                    "id": "144732",
                    "name": "235/55 R19",
                    "price": 13560,
                    "amount": "2",
                    "quantity": 1,
                    "url": "/catalog/legkovye/23555zr19-105w-xl-crugen-hp91-tl/"
                },
                {
                    "id": "144733",
                    "name": "285/45 R19",
                    "price": 14840,
                    "amount": "8",
                    "quantity": 1,
                    "url": "/catalog/legkovye/28545zr19-107w-crugen-hp91-tl/"
                }
            ]
        },
        {
            "id": 99672,
            "isNew": false,
            "EDIT_LINK": null,
            "DELETE_LINK": null,
            "props": [
                {
                    "name": "Ширина",
                    "value": "225 "
                },
                {
                    "name": "Диаметр",
                    "value": "18 "
                }
            ],
            "type": "tires",
            "isPromo": null,
            "amount": 2,
            "season": "Летние",
            "price": 13580,
            "name": "225/60 R18 100H PIRELLI Scorpion Verde TL",
            "sectionId": 7278,
            "sectionName": "Легковые",
            "sectionPath": [
                {
                    "ID": "7278",
                    "NAME": "Легковые"
                },
                {
                    "ID": "7267",
                    "NAME": "Шины"
                }
            ],
            "imgSrc": "/upload/resize_cache/rembg-image/c2a/275_275_1/igkuk1i24l1siyhq78cb1lwn125rddks.png",
            "url": "/catalog/legkovye/22560-r18-100h-pirelli-scorpion-verde-tl44737/",
            "promo": [],
            "discountStores": [],
            "externalStores": [],
            "commonStores": [
                {
                    "STORE_ID": "158",
                    "PRODUCT_ID": "99672",
                    "AMOUNT": "2",
                    "PRODUCT_XML_ID": "44737",
                    "STORE_XML_ID": "351",
                    "STORE_NAME": "Оптовый Склад",
                    "PRICE": "13580.00",
                    "PRICE_ID": "9"
                }
            ],
            "brand": "PIRELLI",
            "brandCode": "375",
            "vendorCode": "2373000",
            "model": "Scorpion Verde",
            "raznItems": [
                {
                    "id": "99672",
                    "name": "225/60 R18",
                    "price": 13580,
                    "amount": "2",
                    "quantity": 1,
                    "url": "/catalog/legkovye/22560-r18-100h-pirelli-scorpion-verde-tl44737/"
                }
            ]
        },
        {
            "id": 116659,
            "isNew": false,
            "EDIT_LINK": null,
            "DELETE_LINK": null,
            "props": [
                {
                    "name": "Ширина",
                    "value": "235 "
                },
                {
                    "name": "Диаметр",
                    "value": "18 "
                }
            ],
            "type": "tires",
            "isPromo": null,
            "amount": 24,
            "season": "Летние",
            "price": 13600,
            "name": "235/60 R18 107W NOKIAN TYRES Hakka Black 2 SUV TL",
            "sectionId": 7278,
            "sectionName": "Легковые",
            "sectionPath": [
                {
                    "ID": "7278",
                    "NAME": "Легковые"
                },
                {
                    "ID": "7267",
                    "NAME": "Шины"
                }
            ],
            "imgSrc": "/upload/resize_cache/rembg-image/5e3/275_275_1/62uablex5fuok4t980xwc4130o5sc2co.png",
            "url": "/catalog/legkovye/23560r18-107w-xl-hakka-black-2-suv-tl/",
            "promo": [],
            "discountStores": [],
            "externalStores": [],
            "commonStores": [
                {
                    "STORE_ID": "158",
                    "PRODUCT_ID": "116659",
                    "AMOUNT": "24",
                    "PRODUCT_XML_ID": "16099",
                    "STORE_XML_ID": "351",
                    "STORE_NAME": "Оптовый Склад",
                    "PRICE": "13600.00",
                    "PRICE_ID": "9"
                }
            ],
            "brand": "NOKIAN TYRES",
            "brandCode": "",
            "vendorCode": "T430563",
            "model": "Hakka Black 2 SUV",
            "raznItems": [
                {
                    "id": "116659",
                    "name": "235/60 R18",
                    "price": 13600,
                    "amount": "24",
                    "quantity": 1,
                    "url": "/catalog/legkovye/23560r18-107w-xl-hakka-black-2-suv-tl/"
                },
                {
                    "id": "135192",
                    "name": "255/60 R18",
                    "price": 14670,
                    "amount": "1",
                    "quantity": 1,
                    "url": "/catalog/legkovye/25560r18-112v-xl-hakka-black-2-suv-tl/"
                }
            ]
        },
        {
            "id": 103464,
            "isNew": false,
            "EDIT_LINK": null,
            "DELETE_LINK": null,
            "props": [
                {
                    "name": "Ширина",
                    "value": "225 "
                },
                {
                    "name": "Диаметр",
                    "value": "17 "
                }
            ],
            "type": "tires",
            "isPromo": null,
            "amount": 6,
            "season": "Летние",
            "price": 13600,
            "name": "225/45 R17 91Y CONTINENTAL ContiSportContact 5 TL",
            "sectionId": 7278,
            "sectionName": "Легковые",
            "sectionPath": [
                {
                    "ID": "7278",
                    "NAME": "Легковые"
                },
                {
                    "ID": "7267",
                    "NAME": "Шины"
                }
            ],
            "imgSrc": "/upload/resize_cache/rembg-image/62e/275_275_1/bvhgvsc6m0a9ca7pkwle332mwbk55opj.png",
            "url": "/catalog/legkovye/22545r17-91y-contisportcontact-5-mo-tl-fr/",
            "promo": [],
            "discountStores": [],
            "externalStores": [],
            "commonStores": [],
            "brand": "CONTINENTAL",
            "brandCode": "",
            "vendorCode": "0356177",
            "model": "ContiSportContact 5",
            "raznItems": [
                {
                    "id": "101833",
                    "name": "235/45 R17",
                    "price": 12240,
                    "amount": "9",
                    "quantity": 1,
                    "url": "/catalog/legkovye/23545-r17-94w-continental-contisportcontact-5-tl69497/"
                },
                {
                    "id": "103464",
                    "name": "225/45 R17",
                    "price": 13600,
                    "amount": "6",
                    "quantity": 1,
                    "url": "/catalog/legkovye/22545r17-91y-contisportcontact-5-mo-tl-fr/"
                },
                {
                    "id": "122978",
                    "name": "225/45 R17",
                    "price": 16610,
                    "amount": "4",
                    "quantity": 1,
                    "url": "/catalog/legkovye/22545-r17-91w-continental-contisportcontact-5-tl90326/"
                },
                {
                    "id": "122987",
                    "name": "225/50 R17",
                    "price": 14450,
                    "amount": "2",
                    "quantity": 1,
                    "url": "/catalog/legkovye/22550r17-98y-xl-contisportcontact-5-ao-tl-fr/"
                },
                {
                    "id": "122990",
                    "name": "245/40 R17",
                    "price": 15290,
                    "amount": "4",
                    "quantity": 1,
                    "url": "/catalog/legkovye/24540r17-91w-contisportcontact-5-mo-tl-fr/"
                }
            ]
        }
    ],
    "filter": {
        "0": {
            "LOGIC": "OR",
            ">STORE_AMOUNT_156": 0,
            ">STORE_AMOUNT_158": 0,
            ">STORE_AMOUNT_159": 0,
            ">STORE_AMOUNT_160": 0,
            ">STORE_AMOUNT_161": 0,
            ">STORE_AMOUNT_164": 0,
            ">STORE_AMOUNT_165": 0,
            ">STORE_AMOUNT_168": 0,
            ">STORE_AMOUNT_169": 0,
            ">STORE_AMOUNT_174": 0,
            ">STORE_AMOUNT_180": 0,
            ">STORE_AMOUNT_184": 0,
            ">STORE_AMOUNT_185": 0,
            ">STORE_AMOUNT_191": 0,
            ">STORE_AMOUNT_192": 0,
            ">STORE_AMOUNT_194": 0,
            ">STORE_AMOUNT_6087": 0
        },
        "1": {
            "LOGIC": "OR",
            ">CATALOG_CATALOG_GROUP_ID_33": 0,
            ">CATALOG_CATALOG_GROUP_ID_90": 0,
            ">CATALOG_CATALOG_GROUP_ID_96": 0,
            ">CATALOG_CATALOG_GROUP_ID_97": 0,
            ">CATALOG_CATALOG_GROUP_ID_98": 0
        },
        "2": {
            "LOGIC": "OR",
            ">STORE_AMOUNT_156": 0,
            ">STORE_AMOUNT_158": 0,
            ">STORE_AMOUNT_159": 0,
            ">STORE_AMOUNT_160": 0,
            ">STORE_AMOUNT_161": 0,
            ">STORE_AMOUNT_164": 0,
            ">STORE_AMOUNT_165": 0,
            ">STORE_AMOUNT_168": 0,
            ">STORE_AMOUNT_169": 0,
            ">STORE_AMOUNT_174": 0,
            ">STORE_AMOUNT_180": 0,
            ">STORE_AMOUNT_184": 0,
            ">STORE_AMOUNT_185": 0,
            ">STORE_AMOUNT_191": 0,
            ">STORE_AMOUNT_192": 0,
            ">STORE_AMOUNT_194": 0,
            ">STORE_AMOUNT_6087": 0
        },
        "3": {
            "LOGIC": "OR",
            ">CATALOG_CATALOG_GROUP_ID_33": 0,
            ">CATALOG_CATALOG_GROUP_ID_90": 0,
            ">CATALOG_CATALOG_GROUP_ID_96": 0,
            ">CATALOG_CATALOG_GROUP_ID_97": 0,
            ">CATALOG_CATALOG_GROUP_ID_98": 0
        },
        "=PROPERTY_458": [
            "154"
        ]
    },
    "promo": {
        "id": "165954",
        "url": "/promo/shiny-v-rassrochku/",
        "name": "Покупки в рассрочку",
        "text": "Теперь вы можете купить зимние шины, или диски в рассрочку быстро и легко: без первоначального взноса и без переплаты!",
        "imgSrc": "/upload/resize_cache/iblock/356/1075_613_1/8iiw8xmv2bzky9euo9mn57dqx6dk3xa9.jpg",
        "videoSrc": null
    },
    "promoFilter": {
        "IBLOCK_ID": 10,
        "ACTIVE": "Y",
        "=PROPERTY_SECTION": 206,
        "=PROPERTY_CATALOG_SEASON": [
            false,
            204
        ],
        "=PROPERTY_CATALOG_BRAND": [
            false
        ]
    },
    "navNum": 1,
    "pagesCount": 111,
    "pageNum": 62
}