{
    "pageUrl": "/catalog/legkovye/?arCatalogFilter_458_1500340406=Y&set_filter=Y&sort%5Brecommendations%5D=asc&PAGEN_1=63",
    "items": [
        {
            "id": 142920,
            "isNew": false,
            "EDIT_LINK": null,
            "DELETE_LINK": null,
            "props": [
                {
                    "name": "Ширина",
                    "value": "235 "
                },
                {
                    "name": "Диаметр",
                    "value": "18 "
                }
            ],
            "type": "tires",
            "isPromo": null,
            "amount": 7,
            "season": "Летние",
            "price": 13640,
            "name": "235/45 R18 94W YOKOHAMA Advan dB V552 TL",
            "sectionId": 7278,
            "sectionName": "Легковые",
            "sectionPath": [
                {
                    "ID": "7278",
                    "NAME": "Легковые"
                },
                {
                    "ID": "7267",
                    "NAME": "Шины"
                }
            ],
            "imgSrc": "/upload/resize_cache/rembg-image/396/275_275_1/ts38e87t965xz6c1flefp4bex4wu98lu.png",
            "url": "/catalog/legkovye/23545r18-94w-advan-db-v552-tl/",
            "promo": [],
            "discountStores": [],
            "externalStores": [],
            "commonStores": [],
            "brand": "YOKOHAMA",
            "brandCode": "",
            "vendorCode": "R2960",
            "model": "Advan dB V552",
            "raznItems": [
                {
                    "id": "142920",
                    "name": "235/45 R18",
                    "price": 13640,
                    "amount": "7",
                    "quantity": 1,
                    "url": "/catalog/legkovye/23545r18-94w-advan-db-v552-tl/"
                },
                {
                    "id": "143214",
                    "name": "225/45 R18",
                    "price": 12860,
                    "amount": "4",
                    "quantity": 1,
                    "url": "/catalog/legkovye/22545r18-91w-advan-db-v552-tl/"
                },
                {
                    "id": "143256",
                    "name": "245/40 R18",
                    "price": 13840,
                    "amount": "9",
                    "quantity": 1,
                    "url": "/catalog/legkovye/24540r18-93y-advan-db-v552-tl/"
                },
                {
                    "id": "157766",
                    "name": "265/35 R18",
                    "price": 18410,
                    "amount": "4",
                    "quantity": 1,
                    "url": "/catalog/legkovye/26535r18-97w-advan-db-v552-tl/"
                }
            ]
        },
        {
            "id": 136483,
            "isNew": false,
            "EDIT_LINK": null,
            "DELETE_LINK": null,
            "props": [
                {
                    "name": "Ширина",
                    "value": "215 "
                },
                {
                    "name": "Диаметр",
                    "value": "17 "
                }
            ],
            "type": "tires",
            "isPromo": null,
            "amount": 115,
            "season": "Летние",
            "price": 13650,
            "name": "215/55 R17 94V BRIDGESTONE Turanza T005 TL",
            "sectionId": 7278,
            "sectionName": "Легковые",
            "sectionPath": [
                {
                    "ID": "7278",
                    "NAME": "Легковые"
                },
                {
                    "ID": "7267",
                    "NAME": "Шины"
                }
            ],
            "imgSrc": "/upload/resize_cache/rembg-image/630/275_275_1/xg3vac7b4dgwkjm1v2hxq4hf1ekv5yld.png",
            "url": "/catalog/legkovye/21555-r17-94v-bridgestone-turanza-t005-tl59712/",
            "promo": [],
            "discountStores": [],
            "externalStores": [],
            "commonStores": [
                {
                    "STORE_ID": "158",
                    "PRODUCT_ID": "136483",
                    "AMOUNT": "111",
                    "PRODUCT_XML_ID": "59712",
                    "STORE_XML_ID": "351",
                    "STORE_NAME": "Оптовый Склад",
                    "PRICE": "13650.00",
                    "PRICE_ID": "9"
                },
                {
                    "STORE_ID": "169",
                    "PRODUCT_ID": "136483",
                    "AMOUNT": "4",
                    "PRODUCT_XML_ID": "59712",
                    "STORE_XML_ID": "403",
                    "STORE_NAME": "г. Челябинск, Копейское шоссе, 35д",
                    "PRICE": "13650.00",
                    "PRICE_ID": "20"
                }
            ],
            "brand": "BRIDGESTONE",
            "brandCode": "250",
            "vendorCode": "19260",
            "model": "Turanza T005",
            "raznItems": [
                {
                    "id": "113927",
                    "name": "215/45 R17",
                    "price": 12800,
                    "amount": "2",
                    "quantity": 1,
                    "url": "/catalog/legkovye/21545-r17-87w-bridgestone-turanza-t005-tl09361/"
                },
                {
                    "id": "136483",
                    "name": "215/55 R17",
                    "price": 13650,
                    "amount": "4",
                    "quantity": 1,
                    "url": "/catalog/legkovye/21555-r17-94v-bridgestone-turanza-t005-tl59712/"
                },
                {
                    "id": "156690",
                    "name": "215/55 R17",
                    "price": 13380,
                    "amount": "4",
                    "quantity": 1,
                    "url": "/catalog/legkovye/21555-r17-94w-bridgestone-turanza-t005-tl25525/"
                },
                {
                    "id": "158906",
                    "name": "225/45 R17",
                    "price": 11460,
                    "amount": "4",
                    "quantity": 1,
                    "url": "/catalog/legkovye/22545-r17-91y-bridgestone-turanza-t005-tl28151/"
                }
            ]
        },
        {
            "id": 105905,
            "isNew": false,
            "EDIT_LINK": null,
            "DELETE_LINK": null,
            "props": [
                {
                    "name": "Ширина",
                    "value": "215 "
                },
                {
                    "name": "Диаметр",
                    "value": "17 "
                }
            ],
            "type": "tires",
            "isPromo": null,
            "amount": 2,
            "season": "Летние",
            "price": 13650,
            "name": "215/60 R17 96H BRIDGESTONE Dueler H/T D-843 TL",
            "sectionId": 7278,
            "sectionName": "Легковые",
            "sectionPath": [
                {
                    "ID": "7278",
                    "NAME": "Легковые"
                },
                {
                    "ID": "7267",
                    "NAME": "Шины"
                }
            ],
            "imgSrc": "/upload/resize_cache/rembg-image/ab5/275_275_1/ryagozzubwlfoiug7iuqaydq9at88bac.png",
            "url": "/catalog/legkovye/21560-r17-96h-bridgestone-dueler-ht-d-843-tl60491/",
            "promo": [],
            "discountStores": [],
            "externalStores": [],
            "commonStores": [
                {
                    "STORE_ID": "158",
                    "PRODUCT_ID": "105905",
                    "AMOUNT": "2",
                    "PRODUCT_XML_ID": "60491",
                    "STORE_XML_ID": "351",
                    "STORE_NAME": "Оптовый Склад",
                    "PRICE": "13650.00",
                    "PRICE_ID": "9"
                }
            ],
            "brand": "BRIDGESTONE",
            "brandCode": "250",
            "vendorCode": "12864",
            "model": "Dueler H/T D-843",
            "raznItems": [
                {
                    "id": "105905",
                    "name": "215/60 R17",
                    "price": 13650,
                    "amount": "2",
                    "quantity": 1,
                    "url": "/catalog/legkovye/21560-r17-96h-bridgestone-dueler-ht-d-843-tl60491/"
                }
            ]
        },
        {
            "id": 102865,
            "isNew": false,
            "EDIT_LINK": null,
            "DELETE_LINK": null,
            "props": [
                {
                    "name": "Ширина",
                    "value": "235 "
                },
                {
                    "name": "Диаметр",
                    "value": "18 "
                }
            ],
            "type": "tires",
            "isPromo": null,
            "amount": 11,
            "season": "Летние",
            "price": 13650,
            "name": "235/50 R18 97V YOKOHAMA Advan Fleva V701 TL",
            "sectionId": 7278,
            "sectionName": "Легковые",
            "sectionPath": [
                {
                    "ID": "7278",
                    "NAME": "Легковые"
                },
                {
                    "ID": "7267",
                    "NAME": "Шины"
                }
            ],
            "imgSrc": "/upload/resize_cache/rembg-image/5eb/275_275_1/0y7udpp00u9so6zishdwu7pkh9rj8qfa.png",
            "url": "/catalog/legkovye/23550-r18-97v-yokohama-advan-fleva-v701-tl74053/",
            "promo": [],
            "discountStores": [],
            "externalStores": [],
            "commonStores": [
                {
                    "STORE_ID": "158",
                    "PRODUCT_ID": "102865",
                    "AMOUNT": "7",
                    "PRODUCT_XML_ID": "FORTOCHKI_R0420",
                    "STORE_XML_ID": "351",
                    "STORE_NAME": "Оптовый Склад",
                    "PRICE": "13650.00",
                    "PRICE_ID": "9"
                },
                {
                    "STORE_ID": "169",
                    "PRODUCT_ID": "102865",
                    "AMOUNT": "4",
                    "PRODUCT_XML_ID": "FORTOCHKI_R0420",
                    "STORE_XML_ID": "403",
                    "STORE_NAME": "г. Челябинск, Копейское шоссе, 35д",
                    "PRICE": null,
                    "PRICE_ID": null
                }
            ],
            "brand": "YOKOHAMA",
            "brandCode": "",
            "vendorCode": "R0420",
            "model": "Advan Fleva V701",
            "raznItems": [
                {
                    "id": "102865",
                    "name": "235/50 R18",
                    "price": 13650,
                    "amount": "4",
                    "quantity": 1,
                    "url": "/catalog/legkovye/23550-r18-97v-yokohama-advan-fleva-v701-tl74053/"
                },
                {
                    "id": "102867",
                    "name": "245/40 R18",
                    "price": 13440,
                    "amount": "50",
                    "quantity": 1,
                    "url": "/catalog/legkovye/24540-r18-97w-yokohama-advan-fleva-v701-tl74055/"
                },
                {
                    "id": "103143",
                    "name": "235/40 R18",
                    "price": 12060,
                    "amount": "4",
                    "quantity": 1,
                    "url": "/catalog/legkovye/23540-r18-95w-yokohama-advan-fleva-v701-tl75227/"
                },
                {
                    "id": "104053",
                    "name": "245/45 R18",
                    "price": 13130,
                    "amount": "1",
                    "quantity": 1,
                    "url": "/catalog/legkovye/24545-r18-100w-yokohama-advan-fleva-v701-tl91362/"
                },
                {
                    "id": "111240",
                    "name": "255/35 R18",
                    "price": 15630,
                    "amount": "8",
                    "quantity": 1,
                    "url": "/catalog/legkovye/25535-r18-94w-yokohama-advan-fleva-v701-tl62198/"
                },
                {
                    "id": "119833",
                    "name": "265/35 R18",
                    "price": 17880,
                    "amount": "2",
                    "quantity": 1,
                    "url": "/catalog/legkovye/26535-r18-97w-yokohama-advan-fleva-v701-tl23809/"
                },
                {
                    "id": "155789",
                    "name": "275/40 R18",
                    "price": 17590,
                    "amount": "2",
                    "quantity": 1,
                    "url": "/catalog/legkovye/27540-r18-103w-yokohama-advan-fleva-v701-tl24704/"
                },
                {
                    "id": "158485",
                    "name": "245/35 R18",
                    "price": 15170,
                    "amount": "4",
                    "quantity": 1,
                    "url": "/catalog/legkovye/24535r18-92w-xl-advan-fleva-v701-tl/"
                }
            ]
        },
        {
            "id": 167813,
            "isNew": false,
            "EDIT_LINK": null,
            "DELETE_LINK": null,
            "props": [
                {
                    "name": "Ширина",
                    "value": "245 "
                },
                {
                    "name": "Диаметр",
                    "value": "16 "
                }
            ],
            "type": "tires",
            "isPromo": null,
            "amount": 1,
            "season": "Летние",
            "price": 13670,
            "name": "245/70 R16 107T BRIDGESTONE Dueler A/T 001 TL",
            "sectionId": 7278,
            "sectionName": "Легковые",
            "sectionPath": [
                {
                    "ID": "7278",
                    "NAME": "Легковые"
                },
                {
                    "ID": "7267",
                    "NAME": "Шины"
                }
            ],
            "imgSrc": "/upload/resize_cache/iblock/fc5/275_275_1/87avoyfos1bwzt61it8igwrbo9emu4ns.png",
            "url": "/catalog/legkovye/24570-r16-107t-bridgestone-dueler-at-001-tl-br009431/",
            "promo": [],
            "discountStores": [],
            "externalStores": [],
            "commonStores": [],
            "brand": "BRIDGESTONE",
            "brandCode": "",
            "vendorCode": "BR009431",
            "model": "Dueler A/T 001",
            "raznItems": [
                {
                    "id": "142783",
                    "name": "225/75 R16",
                    "price": 15560,
                    "amount": "4",
                    "quantity": 1,
                    "url": "/catalog/legkovye/22575r16-104s-dueler-at-001-tl/"
                },
                {
                    "id": "143114",
                    "name": "275/70 R16",
                    "price": 17780,
                    "amount": "8",
                    "quantity": 1,
                    "url": "/catalog/legkovye/27570r16-114s-dueler-at-001-tl/"
                },
                {
                    "id": "143472",
                    "name": "245/75 R16",
                    "price": 14220,
                    "amount": "5",
                    "quantity": 1,
                    "url": "/catalog/legkovye/lt24575r16-108104s-dueler-at-001-tl-br011227/"
                },
                {
                    "id": "143943",
                    "name": "265/75 R16",
                    "price": 15110,
                    "amount": "2",
                    "quantity": 1,
                    "url": "/catalog/legkovye/26575r16-112s-dueler-at-001-tl/"
                },
                {
                    "id": "145991",
                    "name": "235/85 R16",
                    "price": 15560,
                    "amount": "4",
                    "quantity": 1,
                    "url": "/catalog/legkovye/23585r16-114111r-dueler-at-001-tl/"
                },
                {
                    "id": "159400",
                    "name": "265/70 R16",
                    "price": 14220,
                    "amount": "8",
                    "quantity": 1,
                    "url": "/catalog/legkovye/26570r16-112s-dueler-at-001-tl/"
                },
                {
                    "id": "167813",
                    "name": "245/70 R16",
                    "price": 13670,
                    "amount": "1",
                    "quantity": 1,
                    "url": "/catalog/legkovye/24570-r16-107t-bridgestone-dueler-at-001-tl-br009431/"
                }
            ]
        },
        {
            "id": 143797,
            "isNew": false,
            "EDIT_LINK": null,
            "DELETE_LINK": null,
            "props": [
                {
                    "name": "Ширина",
                    "value": "225 "
                },
                {
                    "name": "Диаметр",
                    "value": "17 "
                }
            ],
            "type": "tires",
            "isPromo": null,
            "amount": 1,
            "season": "Летние",
            "price": 13670,
            "name": "225/45 R17 94Y GOODYEAR Eagle F1 Asymmetric 5 TL",
            "sectionId": 7278,
            "sectionName": "Легковые",
            "sectionPath": [
                {
                    "ID": "7278",
                    "NAME": "Легковые"
                },
                {
                    "ID": "7267",
                    "NAME": "Шины"
                }
            ],
            "imgSrc": "/upload/resize_cache/rembg-image/1d2/275_275_1/6x0w3zajwfmqknnpl5vgmcji7879xai0.png",
            "url": "/catalog/legkovye/22545r17-94y-xl-eagle-f1-asymmetric-5-tl-fp/",
            "promo": [],
            "discountStores": [],
            "externalStores": [],
            "commonStores": [],
            "brand": "GOODYEAR",
            "brandCode": "",
            "vendorCode": "549011",
            "model": "Eagle F1 Asymmetric 5",
            "raznItems": [
                {
                    "id": "143201",
                    "name": "245/45 R17",
                    "price": 12780,
                    "amount": "4",
                    "quantity": 1,
                    "url": "/catalog/legkovye/24545r17-99y-xl-eagle-f1-asymmetric-5-tl-fp/"
                },
                {
                    "id": "143477",
                    "name": "225/55 R17",
                    "price": 13090,
                    "amount": "20",
                    "quantity": 1,
                    "url": "/catalog/legkovye/22555r17-97y-eagle-f1-asymmetric-5-tl-fp/"
                },
                {
                    "id": "143797",
                    "name": "225/45 R17",
                    "price": 13670,
                    "amount": "1",
                    "quantity": 1,
                    "url": "/catalog/legkovye/22545r17-94y-xl-eagle-f1-asymmetric-5-tl-fp/"
                },
                {
                    "id": "159556",
                    "name": "225/50 R17",
                    "price": 14960,
                    "amount": "4",
                    "quantity": 1,
                    "url": "/catalog/legkovye/22550r17-98y-xl-eagle-f1-asymmetric-5-sct-tl-fp/"
                },
                {
                    "id": "167931",
                    "name": "215/40 R17",
                    "price": 12070,
                    "amount": "4",
                    "quantity": 1,
                    "url": "/catalog/legkovye/21540-r17-87y-goodyear-eagle-f1-asymmetric-5-tl-549685/"
                },
                {
                    "id": "167948",
                    "name": "225/55 R17",
                    "price": 14240,
                    "amount": "3",
                    "quantity": 1,
                    "url": "/catalog/legkovye/22555-r17-97y-goodyear-eagle-f1-asymmetric-5-tl-578622/"
                }
            ]
        },
        {
            "id": 117176,
            "isNew": false,
            "EDIT_LINK": null,
            "DELETE_LINK": null,
            "props": [
                {
                    "name": "Ширина",
                    "value": "225 "
                },
                {
                    "name": "Диаметр",
                    "value": "17 "
                }
            ],
            "type": "tires",
            "isPromo": null,
            "amount": 7,
            "season": "Летние",
            "price": 13670,
            "name": "225/50 R17 98Y PIRELLI P7 Cinturato TL",
            "sectionId": 7278,
            "sectionName": "Легковые",
            "sectionPath": [
                {
                    "ID": "7278",
                    "NAME": "Легковые"
                },
                {
                    "ID": "7267",
                    "NAME": "Шины"
                }
            ],
            "imgSrc": "/upload/resize_cache/rembg-image/334/275_275_1/v2hhtdu1yjlfy3v4omhk7cth3qu02e9k.png",
            "url": "/catalog/legkovye/22550-r17-98y-pirelli-p7-cinturato-tl18987/",
            "promo": [],
            "discountStores": [],
            "externalStores": [],
            "commonStores": [
                {
                    "STORE_ID": "158",
                    "PRODUCT_ID": "117176",
                    "AMOUNT": "7",
                    "PRODUCT_XML_ID": "18987",
                    "STORE_XML_ID": "351",
                    "STORE_NAME": "Оптовый Склад",
                    "PRICE": "13670.00",
                    "PRICE_ID": "9"
                }
            ],
            "brand": "PIRELLI",
            "brandCode": "375",
            "vendorCode": "2417900",
            "model": "P7 Cinturato",
            "raznItems": [
                {
                    "id": "99673",
                    "name": "225/45 R17",
                    "price": 13940,
                    "amount": "5",
                    "quantity": 1,
                    "url": "/catalog/legkovye/22545-r17-91v-pirelli-p7-cinturato-tl44739/"
                },
                {
                    "id": "100195",
                    "name": "215/50 R17",
                    "price": 9990,
                    "amount": "4",
                    "quantity": 1,
                    "url": "/catalog/legkovye/21550-r17-95w-pirelli-p7-cinturato-tl56328/"
                },
                {
                    "id": "117176",
                    "name": "225/50 R17",
                    "price": 13670,
                    "amount": "7",
                    "quantity": 1,
                    "url": "/catalog/legkovye/22550-r17-98y-pirelli-p7-cinturato-tl18987/"
                }
            ]
        },
        {
            "id": 159157,
            "isNew": false,
            "EDIT_LINK": null,
            "DELETE_LINK": null,
            "props": [
                {
                    "name": "Ширина",
                    "value": "225 "
                },
                {
                    "name": "Диаметр",
                    "value": "19 "
                }
            ],
            "type": "tires",
            "isPromo": null,
            "amount": 4,
            "season": "Летние",
            "price": 13690,
            "name": "225/55 R19 99V PIRELLI Scorpion Verde TL",
            "sectionId": 7278,
            "sectionName": "Легковые",
            "sectionPath": [
                {
                    "ID": "7278",
                    "NAME": "Легковые"
                },
                {
                    "ID": "7267",
                    "NAME": "Шины"
                }
            ],
            "imgSrc": "/upload/resize_cache/rembg-image/5d6/275_275_1/z5vaqv68wjjlt00mklx1mgfkr62h0a8h.png",
            "url": "/catalog/legkovye/22555r19-99v-scorpion-verde-tl/",
            "promo": [],
            "discountStores": [],
            "externalStores": [],
            "commonStores": [],
            "brand": "PIRELLI",
            "brandCode": "",
            "vendorCode": "2550100",
            "model": "Scorpion Verde",
            "raznItems": [
                {
                    "id": "102681",
                    "name": "225/45 R19",
                    "price": 18610,
                    "amount": "4",
                    "quantity": 1,
                    "url": "/catalog/legkovye/22545-r19-96w-pirelli-scorpion-verde-tl73733/"
                },
                {
                    "id": "143179",
                    "name": "255/50 R19",
                    "price": 21730,
                    "amount": "40",
                    "quantity": 1,
                    "url": "/catalog/legkovye/25550-r19-103v-pirelli-scorpion-verde-tl28168/"
                },
                {
                    "id": "159157",
                    "name": "225/55 R19",
                    "price": 13690,
                    "amount": "4",
                    "quantity": 1,
                    "url": "/catalog/legkovye/22555r19-99v-scorpion-verde-tl/"
                }
            ]
        },
        {
            "id": 164779,
            "isNew": false,
            "EDIT_LINK": null,
            "DELETE_LINK": null,
            "props": [
                {
                    "name": "Ширина",
                    "value": "285 "
                },
                {
                    "name": "Диаметр",
                    "value": "17 "
                }
            ],
            "type": "tires",
            "isPromo": null,
            "amount": 3,
            "season": "Летние",
            "price": 13720,
            "name": "285/65 R17 116H MARSHAL Crugen HP91 TL",
            "sectionId": 7278,
            "sectionName": "Легковые",
            "sectionPath": [
                {
                    "ID": "7278",
                    "NAME": "Легковые"
                },
                {
                    "ID": "7267",
                    "NAME": "Шины"
                }
            ],
            "imgSrc": "/upload/resize_cache/rembg-image/e6a/275_275_1/fpeg12thxq0v3s6hamq5u5uerp7krzzk.png",
            "url": "/catalog/legkovye/28565r17-116h-crugen-hp91-tl-pr4/",
            "promo": [],
            "discountStores": [],
            "externalStores": [],
            "commonStores": [],
            "brand": "MARSHAL",
            "brandCode": "",
            "vendorCode": "2176553",
            "model": "Crugen HP91",
            "raznItems": [
                {
                    "id": "159300",
                    "name": "225/55 R17",
                    "price": 10730,
                    "amount": "12",
                    "quantity": 1,
                    "url": "/catalog/legkovye/22555zr17-97w-crugen-hp91-tl/"
                },
                {
                    "id": "164779",
                    "name": "285/65 R17",
                    "price": 13720,
                    "amount": "3",
                    "quantity": 1,
                    "url": "/catalog/legkovye/28565r17-116h-crugen-hp91-tl-pr4/"
                }
            ]
        },
        {
            "id": 142976,
            "isNew": false,
            "EDIT_LINK": null,
            "DELETE_LINK": null,
            "props": [
                {
                    "name": "Ширина",
                    "value": "235 "
                },
                {
                    "name": "Диаметр",
                    "value": "17 "
                }
            ],
            "type": "tires",
            "isPromo": null,
            "amount": 4,
            "season": "Летние",
            "price": 13750,
            "name": "235/50 R17 96W GOODYEAR EfficientGrip TL",
            "sectionId": 7278,
            "sectionName": "Легковые",
            "sectionPath": [
                {
                    "ID": "7278",
                    "NAME": "Легковые"
                },
                {
                    "ID": "7267",
                    "NAME": "Шины"
                }
            ],
            "imgSrc": "/upload/resize_cache/rembg-image/6ee/275_275_1/metb85v6z34lfes8bvch5lahqdf0xx0s.png",
            "url": "/catalog/legkovye/23550r17-96w-efficientgrip-tl-fp/",
            "promo": [],
            "discountStores": [],
            "externalStores": [],
            "commonStores": [],
            "brand": "GOODYEAR",
            "brandCode": "",
            "vendorCode": "529096",
            "model": "EfficientGrip",
            "raznItems": [
                {
                    "id": "142976",
                    "name": "235/50 R17",
                    "price": 13750,
                    "amount": "4",
                    "quantity": 1,
                    "url": "/catalog/legkovye/23550r17-96w-efficientgrip-tl-fp/"
                },
                {
                    "id": "143130",
                    "name": "235/55 R17",
                    "price": 12180,
                    "amount": "3",
                    "quantity": 1,
                    "url": "/catalog/legkovye/23555r17-99y-efficientgrip-ao-tl-fp/"
                }
            ]
        },
        {
            "id": 103394,
            "isNew": false,
            "EDIT_LINK": null,
            "DELETE_LINK": null,
            "props": [
                {
                    "name": "Ширина",
                    "value": "245 "
                },
                {
                    "name": "Диаметр",
                    "value": "17 "
                }
            ],
            "type": "tires",
            "isPromo": null,
            "amount": 2,
            "season": "Летние",
            "price": 13790,
            "name": "245/40 R17 91W YOKOHAMA Advan Sport V105 TL",
            "sectionId": 7278,
            "sectionName": "Легковые",
            "sectionPath": [
                {
                    "ID": "7278",
                    "NAME": "Легковые"
                },
                {
                    "ID": "7267",
                    "NAME": "Шины"
                }
            ],
            "imgSrc": "/upload/resize_cache/rembg-image/5cb/275_275_1/k9wv7ybbtrevabtb2swivxhiqk5yloub.png",
            "url": "/catalog/legkovye/24540r17-91w-advan-sport-v105-mo-tl/",
            "promo": [],
            "discountStores": [],
            "externalStores": [],
            "commonStores": [],
            "brand": "YOKOHAMA",
            "brandCode": "",
            "vendorCode": "F4770",
            "model": "Advan Sport V105",
            "raznItems": [
                {
                    "id": "103394",
                    "name": "245/40 R17",
                    "price": 13790,
                    "amount": "2",
                    "quantity": 1,
                    "url": "/catalog/legkovye/24540r17-91w-advan-sport-v105-mo-tl/"
                }
            ]
        },
        {
            "id": 155321,
            "isNew": false,
            "EDIT_LINK": null,
            "DELETE_LINK": null,
            "props": [
                {
                    "name": "Ширина",
                    "value": "215 "
                },
                {
                    "name": "Диаметр",
                    "value": "17 "
                }
            ],
            "type": "tires",
            "isPromo": null,
            "amount": 6,
            "season": "Летние",
            "price": 13800,
            "name": "215/50 R17 95W MICHELIN Primacy 4  TL",
            "sectionId": 7278,
            "sectionName": "Легковые",
            "sectionPath": [
                {
                    "ID": "7278",
                    "NAME": "Легковые"
                },
                {
                    "ID": "7267",
                    "NAME": "Шины"
                }
            ],
            "imgSrc": "/upload/resize_cache/rembg-image/35a/275_275_1/1d0mfb9bvparx079sc84s9q34acnh9c4.png",
            "url": "/catalog/legkovye/21550-r17-95w-michelin-primacy-4-tl20474/",
            "promo": [],
            "discountStores": [],
            "externalStores": [],
            "commonStores": [
                {
                    "STORE_ID": "158",
                    "PRODUCT_ID": "155321",
                    "AMOUNT": "2",
                    "PRODUCT_XML_ID": "FORTOCHKI_282216",
                    "STORE_XML_ID": "351",
                    "STORE_NAME": "Оптовый Склад",
                    "PRICE": "13800.00",
                    "PRICE_ID": "9"
                },
                {
                    "STORE_ID": "168",
                    "PRODUCT_ID": "155321",
                    "AMOUNT": "4",
                    "PRODUCT_XML_ID": "FORTOCHKI_282216",
                    "STORE_XML_ID": "391",
                    "STORE_NAME": "г. Челябинск, ул. Бр.Кашириных, 93б",
                    "PRICE": null,
                    "PRICE_ID": null
                }
            ],
            "brand": "MICHELIN",
            "brandCode": "",
            "vendorCode": "282216",
            "model": "Primacy 4 ",
            "raznItems": [
                {
                    "id": "109712",
                    "name": "235/55 R17",
                    "price": 15100,
                    "amount": "2",
                    "quantity": 1,
                    "url": "/catalog/legkovye/23555-r17-103w-michelin-primacy-4-tl21865/"
                },
                {
                    "id": "155321",
                    "name": "215/50 R17",
                    "price": 13800,
                    "amount": "4",
                    "quantity": 1,
                    "url": "/catalog/legkovye/21550-r17-95w-michelin-primacy-4-tl20474/"
                },
                {
                    "id": "155335",
                    "name": "215/60 R17",
                    "price": 14720,
                    "amount": "4",
                    "quantity": 1,
                    "url": "/catalog/legkovye/21560-r17-96v-michelin-primacy-4-tl21055/"
                }
            ]
        },
        {
            "id": 144275,
            "isNew": false,
            "EDIT_LINK": null,
            "DELETE_LINK": null,
            "props": [
                {
                    "name": "Ширина",
                    "value": "215 "
                },
                {
                    "name": "Диаметр",
                    "value": "16 "
                }
            ],
            "type": "tires",
            "isPromo": null,
            "amount": 4,
            "season": "Летние",
            "price": 13810,
            "name": "215/45 R16 90V BRIDGESTONE Turanza T001 TL",
            "sectionId": 7278,
            "sectionName": "Легковые",
            "sectionPath": [
                {
                    "ID": "7278",
                    "NAME": "Легковые"
                },
                {
                    "ID": "7267",
                    "NAME": "Шины"
                }
            ],
            "imgSrc": "/upload/resize_cache/rembg-image/ea4/275_275_1/727vi96wp1zdjbsymnd1gwzaayd2uwgn.png",
            "url": "/catalog/legkovye/21545r16-90v-xl-turanza-t001-tl/",
            "promo": [],
            "discountStores": [],
            "externalStores": [],
            "commonStores": [],
            "brand": "BRIDGESTONE",
            "brandCode": "",
            "vendorCode": "PSR0P35103",
            "model": "Turanza T001",
            "raznItems": [
                {
                    "id": "144275",
                    "name": "215/45 R16",
                    "price": 13810,
                    "amount": "4",
                    "quantity": 1,
                    "url": "/catalog/legkovye/21545r16-90v-xl-turanza-t001-tl/"
                }
            ]
        },
        {
            "id": 91293,
            "isNew": false,
            "EDIT_LINK": null,
            "DELETE_LINK": null,
            "props": [
                {
                    "name": "Ширина",
                    "value": "215 "
                },
                {
                    "name": "Диаметр",
                    "value": "17 "
                }
            ],
            "type": "tires",
            "isPromo": null,
            "amount": 4,
            "season": "Летние",
            "price": 13810,
            "name": "215/60 R17 96H HANKOOK RA23 Dynapro HP TL",
            "sectionId": 7278,
            "sectionName": "Легковые",
            "sectionPath": [
                {
                    "ID": "7278",
                    "NAME": "Легковые"
                },
                {
                    "ID": "7267",
                    "NAME": "Шины"
                }
            ],
            "imgSrc": "/upload/resize_cache/rembg-image/ddb/275_275_1/nu9c16czj7m2o1a8xpep9y30psqx6wmi.png",
            "url": "/catalog/legkovye/21560-r17-96h-hankook-ra23-dynapro-hp-tl83405/",
            "promo": [],
            "discountStores": [],
            "externalStores": [],
            "commonStores": [],
            "brand": "HANKOOK",
            "brandCode": "",
            "vendorCode": "1009847",
            "model": "Dynapro HP RA23",
            "raznItems": [
                {
                    "id": "91293",
                    "name": "215/60 R17",
                    "price": 13810,
                    "amount": "4",
                    "quantity": 1,
                    "url": "/catalog/legkovye/21560-r17-96h-hankook-ra23-dynapro-hp-tl83405/"
                }
            ]
        }
    ],
    "filter": {
        "0": {
            "LOGIC": "OR",
            ">STORE_AMOUNT_156": 0,
            ">STORE_AMOUNT_158": 0,
            ">STORE_AMOUNT_159": 0,
            ">STORE_AMOUNT_160": 0,
            ">STORE_AMOUNT_161": 0,
            ">STORE_AMOUNT_164": 0,
            ">STORE_AMOUNT_165": 0,
            ">STORE_AMOUNT_168": 0,
            ">STORE_AMOUNT_169": 0,
            ">STORE_AMOUNT_174": 0,
            ">STORE_AMOUNT_180": 0,
            ">STORE_AMOUNT_184": 0,
            ">STORE_AMOUNT_185": 0,
            ">STORE_AMOUNT_191": 0,
            ">STORE_AMOUNT_192": 0,
            ">STORE_AMOUNT_194": 0,
            ">STORE_AMOUNT_6087": 0
        },
        "1": {
            "LOGIC": "OR",
            ">CATALOG_CATALOG_GROUP_ID_33": 0,
            ">CATALOG_CATALOG_GROUP_ID_90": 0,
            ">CATALOG_CATALOG_GROUP_ID_96": 0,
            ">CATALOG_CATALOG_GROUP_ID_97": 0,
            ">CATALOG_CATALOG_GROUP_ID_98": 0
        },
        "2": {
            "LOGIC": "OR",
            ">STORE_AMOUNT_156": 0,
            ">STORE_AMOUNT_158": 0,
            ">STORE_AMOUNT_159": 0,
            ">STORE_AMOUNT_160": 0,
            ">STORE_AMOUNT_161": 0,
            ">STORE_AMOUNT_164": 0,
            ">STORE_AMOUNT_165": 0,
            ">STORE_AMOUNT_168": 0,
            ">STORE_AMOUNT_169": 0,
            ">STORE_AMOUNT_174": 0,
            ">STORE_AMOUNT_180": 0,
            ">STORE_AMOUNT_184": 0,
            ">STORE_AMOUNT_185": 0,
            ">STORE_AMOUNT_191": 0,
            ">STORE_AMOUNT_192": 0,
            ">STORE_AMOUNT_194": 0,
            ">STORE_AMOUNT_6087": 0
        },
        "3": {
            "LOGIC": "OR",
            ">CATALOG_CATALOG_GROUP_ID_33": 0,
            ">CATALOG_CATALOG_GROUP_ID_90": 0,
            ">CATALOG_CATALOG_GROUP_ID_96": 0,
            ">CATALOG_CATALOG_GROUP_ID_97": 0,
            ">CATALOG_CATALOG_GROUP_ID_98": 0
        },
        "=PROPERTY_458": [
            "154"
        ]
    },
    "promo": {
        "id": "165954",
        "url": "/promo/shiny-v-rassrochku/",
        "name": "Покупки в рассрочку",
        "text": "Теперь вы можете купить зимние шины, или диски в рассрочку быстро и легко: без первоначального взноса и без переплаты!",
        "imgSrc": "/upload/resize_cache/iblock/356/1075_613_1/8iiw8xmv2bzky9euo9mn57dqx6dk3xa9.jpg",
        "videoSrc": null
    },
    "promoFilter": {
        "IBLOCK_ID": 10,
        "ACTIVE": "Y",
        "=PROPERTY_SECTION": 206,
        "=PROPERTY_CATALOG_SEASON": [
            false,
            204
        ],
        "=PROPERTY_CATALOG_BRAND": [
            false
        ]
    },
    "navNum": 1,
    "pagesCount": 111,
    "pageNum": 63
}