{
    "pageUrl": "/catalog/legkovye/?arCatalogFilter_458_1500340406=Y&set_filter=Y&sort%5Brecommendations%5D=asc&PAGEN_1=69",
    "items": [
        {
            "id": 155335,
            "isNew": false,
            "EDIT_LINK": null,
            "DELETE_LINK": null,
            "props": [
                {
                    "name": "Ширина",
                    "value": "215 "
                },
                {
                    "name": "Диаметр",
                    "value": "17 "
                }
            ],
            "type": "tires",
            "isPromo": null,
            "amount": 4,
            "season": "Летние",
            "price": 14720,
            "name": "215/60 R17 96V MICHELIN Primacy 4  TL",
            "sectionId": 7278,
            "sectionName": "Легковые",
            "sectionPath": [
                {
                    "ID": "7278",
                    "NAME": "Легковые"
                },
                {
                    "ID": "7267",
                    "NAME": "Шины"
                }
            ],
            "imgSrc": "/upload/resize_cache/rembg-image/1d3/275_275_1/hkbf5x32fdfiw9gbz90ejjem9zewf7lz.png",
            "url": "/catalog/legkovye/21560-r17-96v-michelin-primacy-4-tl21055/",
            "promo": [],
            "discountStores": [],
            "externalStores": [],
            "commonStores": [
                {
                    "STORE_ID": "158",
                    "PRODUCT_ID": "155335",
                    "AMOUNT": "4",
                    "PRODUCT_XML_ID": "21055",
                    "STORE_XML_ID": "351",
                    "STORE_NAME": "Оптовый Склад",
                    "PRICE": "14720.00",
                    "PRICE_ID": "9"
                }
            ],
            "brand": "MICHELIN",
            "brandCode": "",
            "vendorCode": "961539",
            "model": "Primacy 4 ",
            "raznItems": [
                {
                    "id": "109712",
                    "name": "235/55 R17",
                    "price": 15100,
                    "amount": "2",
                    "quantity": 1,
                    "url": "/catalog/legkovye/23555-r17-103w-michelin-primacy-4-tl21865/"
                },
                {
                    "id": "155321",
                    "name": "215/50 R17",
                    "price": 13800,
                    "amount": "4",
                    "quantity": 1,
                    "url": "/catalog/legkovye/21550-r17-95w-michelin-primacy-4-tl20474/"
                },
                {
                    "id": "155335",
                    "name": "215/60 R17",
                    "price": 14720,
                    "amount": "4",
                    "quantity": 1,
                    "url": "/catalog/legkovye/21560-r17-96v-michelin-primacy-4-tl21055/"
                }
            ]
        },
        {
            "id": 103449,
            "isNew": false,
            "EDIT_LINK": null,
            "DELETE_LINK": null,
            "props": [
                {
                    "name": "Ширина",
                    "value": "225 "
                },
                {
                    "name": "Диаметр",
                    "value": "17 "
                }
            ],
            "type": "tires",
            "isPromo": null,
            "amount": 12,
            "season": "Летние",
            "price": 14730,
            "name": "225/55 R17 97W HANKOOK Ventus S1 Evo 2 K117 TL",
            "sectionId": 7278,
            "sectionName": "Легковые",
            "sectionPath": [
                {
                    "ID": "7278",
                    "NAME": "Легковые"
                },
                {
                    "ID": "7267",
                    "NAME": "Шины"
                }
            ],
            "imgSrc": "/upload/resize_cache/rembg-image/cee/275_275_1/ifel0ri0wqqzn14gy1fmb4wsxg85gvac.png",
            "url": "/catalog/legkovye/22555r17-97w-ventus-s1-evo-2-k117-tl/",
            "promo": [],
            "discountStores": [],
            "externalStores": [],
            "commonStores": [],
            "brand": "HANKOOK",
            "brandCode": "",
            "vendorCode": "1012080",
            "model": "Ventus S1 Evo 2 K117",
            "raznItems": [
                {
                    "id": "103449",
                    "name": "225/55 R17",
                    "price": 14730,
                    "amount": "12",
                    "quantity": 1,
                    "url": "/catalog/legkovye/22555r17-97w-ventus-s1-evo-2-k117-tl/"
                }
            ]
        },
        {
            "id": 145077,
            "isNew": false,
            "EDIT_LINK": null,
            "DELETE_LINK": null,
            "props": [
                {
                    "name": "Ширина",
                    "value": "225 "
                },
                {
                    "name": "Диаметр",
                    "value": "18 "
                }
            ],
            "type": "tires",
            "isPromo": null,
            "amount": 1,
            "season": "Летние",
            "price": 14740,
            "name": "225/40 R18 92Y CONTINENTAL ContiSportContact 5 TL",
            "sectionId": 7278,
            "sectionName": "Легковые",
            "sectionPath": [
                {
                    "ID": "7278",
                    "NAME": "Легковые"
                },
                {
                    "ID": "7267",
                    "NAME": "Шины"
                }
            ],
            "imgSrc": "/upload/resize_cache/rembg-image/973/275_275_1/jpfgtp6nl7lqmhyxwc8zfuymkx4brdfa.png",
            "url": "/catalog/legkovye/22540-r18-92y-continental-contisportcontact-5-tl10958/",
            "promo": [],
            "discountStores": [],
            "externalStores": [],
            "commonStores": [
                {
                    "STORE_ID": "158",
                    "PRODUCT_ID": "145077",
                    "AMOUNT": "1",
                    "PRODUCT_XML_ID": "10958",
                    "STORE_XML_ID": "351",
                    "STORE_NAME": "Оптовый Склад",
                    "PRICE": "14740.00",
                    "PRICE_ID": "9"
                }
            ],
            "brand": "CONTINENTAL",
            "brandCode": "",
            "vendorCode": "0350739",
            "model": "ContiSportContact 5",
            "raznItems": [
                {
                    "id": "93795",
                    "name": "225/45 R18",
                    "price": 16840,
                    "amount": "1",
                    "quantity": 1,
                    "url": "/catalog/legkovye/22545r18-91y-contisportcontact-5-tl-fr/"
                },
                {
                    "id": "93799",
                    "name": "245/50 R18",
                    "price": 19630,
                    "amount": "1",
                    "quantity": 1,
                    "url": "/catalog/legkovye/24550zr18-100y-contisportcontact-5-n0-tl-fr/"
                },
                {
                    "id": "102529",
                    "name": "255/55 R18",
                    "price": 16590,
                    "amount": "3",
                    "quantity": 1,
                    "url": "/catalog/legkovye/25555r18-105w-contisportcontact-5-n0-tl-fr/"
                },
                {
                    "id": "117302",
                    "name": "245/40 R18",
                    "price": 18310,
                    "amount": "4",
                    "quantity": 1,
                    "url": "/catalog/legkovye/24540-r18-97y-continental-contisportcontact-5-tl19481/"
                },
                {
                    "id": "123027",
                    "name": "245/40 R18",
                    "price": 14600,
                    "amount": "1",
                    "quantity": 1,
                    "url": "/catalog/legkovye/24540r18-93y-contisportcontact-5-ao-tl-fr/"
                },
                {
                    "id": "145077",
                    "name": "225/40 R18",
                    "price": 14740,
                    "amount": "1",
                    "quantity": 1,
                    "url": "/catalog/legkovye/22540-r18-92y-continental-contisportcontact-5-tl10958/"
                }
            ]
        },
        {
            "id": 100710,
            "isNew": false,
            "EDIT_LINK": null,
            "DELETE_LINK": null,
            "props": [
                {
                    "name": "Ширина",
                    "value": "235 "
                },
                {
                    "name": "Диаметр",
                    "value": "17 "
                }
            ],
            "type": "tires",
            "isPromo": null,
            "amount": 9,
            "season": "Летние",
            "price": 14740,
            "name": "235/50 R17 96W PIRELLI P7 Cinturato TL",
            "sectionId": 7278,
            "sectionName": "Легковые",
            "sectionPath": [
                {
                    "ID": "7278",
                    "NAME": "Легковые"
                },
                {
                    "ID": "7267",
                    "NAME": "Шины"
                }
            ],
            "imgSrc": "/upload/resize_cache/rembg-image/892/275_275_1/xe4xy2qsxs4unec28e2epbqqrmcx85ar.png",
            "url": "/catalog/legkovye/23550-r17-96w-pirelli-p7-cinturato-tl60539/",
            "promo": [],
            "discountStores": [],
            "externalStores": [],
            "commonStores": [
                {
                    "STORE_ID": "158",
                    "PRODUCT_ID": "100710",
                    "AMOUNT": "9",
                    "PRODUCT_XML_ID": "FORTOCHKI_2353400",
                    "STORE_XML_ID": "351",
                    "STORE_NAME": "Оптовый Склад",
                    "PRICE": "14740.00",
                    "PRICE_ID": "9"
                }
            ],
            "brand": "PIRELLI",
            "brandCode": "",
            "vendorCode": "2353400",
            "model": "Cinturato P7",
            "raznItems": [
                {
                    "id": "100710",
                    "name": "235/50 R17",
                    "price": 14740,
                    "amount": "9",
                    "quantity": 1,
                    "url": "/catalog/legkovye/23550-r17-96w-pirelli-p7-cinturato-tl60539/"
                },
                {
                    "id": "158266",
                    "name": "225/50 R17",
                    "price": 15420,
                    "amount": "2",
                    "quantity": 1,
                    "url": "/catalog/legkovye/22550r17-98v-xl-cinturato-p7--tl-p7c2/"
                }
            ]
        },
        {
            "id": 115968,
            "isNew": false,
            "EDIT_LINK": null,
            "DELETE_LINK": null,
            "props": [
                {
                    "name": "Ширина",
                    "value": "215 "
                },
                {
                    "name": "Диаметр",
                    "value": "17 "
                }
            ],
            "type": "tires",
            "isPromo": null,
            "amount": 8,
            "season": "Летние",
            "price": 14750,
            "name": "215/55 R17 98Y MICHELIN Pilot Sport 4 TL",
            "sectionId": 7278,
            "sectionName": "Легковые",
            "sectionPath": [
                {
                    "ID": "7278",
                    "NAME": "Легковые"
                },
                {
                    "ID": "7267",
                    "NAME": "Шины"
                }
            ],
            "imgSrc": "/upload/resize_cache/rembg-image/66b/275_275_1/amadub3ljj2vt4casz4uyyg7sfxqnvgz.png",
            "url": "/catalog/legkovye/21555-r17-98y-michelin-pilot-sport-4-tl14264/",
            "promo": [],
            "discountStores": [],
            "externalStores": [],
            "commonStores": [
                {
                    "STORE_ID": "158",
                    "PRODUCT_ID": "115968",
                    "AMOUNT": "4",
                    "PRODUCT_XML_ID": "14264",
                    "STORE_XML_ID": "351",
                    "STORE_NAME": "Оптовый Склад",
                    "PRICE": "14750.00",
                    "PRICE_ID": "9"
                },
                {
                    "STORE_ID": "174",
                    "PRODUCT_ID": "115968",
                    "AMOUNT": "4",
                    "PRODUCT_XML_ID": "14264",
                    "STORE_XML_ID": "423",
                    "STORE_NAME": "г. Челябинск, ул. Комарова, 34",
                    "PRICE": "14750.00",
                    "PRICE_ID": "25"
                }
            ],
            "brand": "MICHELIN",
            "brandCode": "273",
            "vendorCode": "2602",
            "model": "Pilot Sport 4",
            "raznItems": [
                {
                    "id": "115968",
                    "name": "215/55 R17",
                    "price": 14750,
                    "amount": "4",
                    "quantity": 1,
                    "url": "/catalog/legkovye/21555-r17-98y-michelin-pilot-sport-4-tl14264/"
                },
                {
                    "id": "116270",
                    "name": "225/55 R17",
                    "price": 14930,
                    "amount": "14",
                    "quantity": 1,
                    "url": "/catalog/legkovye/22555-r17-101y-michelin-pilot-sport-4-tl14919/"
                },
                {
                    "id": "124861",
                    "name": "205/50 R17",
                    "price": 14530,
                    "amount": "8",
                    "quantity": 1,
                    "url": "/catalog/legkovye/20550-r17-93y-michelin-pilot-sport-4-tl88290/"
                },
                {
                    "id": "124864",
                    "name": "225/50 R17",
                    "price": 14480,
                    "amount": "3",
                    "quantity": 1,
                    "url": "/catalog/legkovye/22550-r17-98w-michelin-pilot-sport-4-tl88287/"
                }
            ]
        },
        {
            "id": 135265,
            "isNew": false,
            "EDIT_LINK": null,
            "DELETE_LINK": null,
            "props": [
                {
                    "name": "Ширина",
                    "value": "235 "
                },
                {
                    "name": "Диаметр",
                    "value": "17 "
                }
            ],
            "type": "tires",
            "isPromo": null,
            "amount": 4,
            "season": "Летние",
            "price": 14760,
            "name": "235/80 R17 120/117Q NOKIAN TYRES Rockproof TL",
            "sectionId": 7278,
            "sectionName": "Легковые",
            "sectionPath": [
                {
                    "ID": "7278",
                    "NAME": "Легковые"
                },
                {
                    "ID": "7267",
                    "NAME": "Шины"
                }
            ],
            "imgSrc": "/upload/resize_cache/rembg-image/30b/275_275_1/dj4y7mqjrke3t9vraheqm7cisp8qpmsi.png",
            "url": "/catalog/legkovye/23580-r17-120117q-nokian-tyres-rockproof-tl65239/",
            "promo": [],
            "discountStores": [],
            "externalStores": [],
            "commonStores": [
                {
                    "STORE_ID": "158",
                    "PRODUCT_ID": "135265",
                    "AMOUNT": "4",
                    "PRODUCT_XML_ID": "65239",
                    "STORE_XML_ID": "351",
                    "STORE_NAME": "Оптовый Склад",
                    "PRICE": "14760.00",
                    "PRICE_ID": "9"
                }
            ],
            "brand": "NOKIAN TYRES",
            "brandCode": "277",
            "vendorCode": "T430155",
            "model": "Rockproof",
            "raznItems": [
                {
                    "id": "135265",
                    "name": "235/80 R17",
                    "price": 14760,
                    "amount": "4",
                    "quantity": 1,
                    "url": "/catalog/legkovye/23580-r17-120117q-nokian-tyres-rockproof-tl65239/"
                }
            ]
        },
        {
            "id": 91939,
            "isNew": false,
            "EDIT_LINK": null,
            "DELETE_LINK": null,
            "props": [
                {
                    "name": "Ширина",
                    "value": "255 "
                },
                {
                    "name": "Диаметр",
                    "value": "18 "
                }
            ],
            "type": "tires",
            "isPromo": null,
            "amount": 1,
            "season": "Летние",
            "price": 14760,
            "name": "255/60 R18 112V PIRELLI Scorpion Zero TL",
            "sectionId": 7278,
            "sectionName": "Легковые",
            "sectionPath": [
                {
                    "ID": "7278",
                    "NAME": "Легковые"
                },
                {
                    "ID": "7267",
                    "NAME": "Шины"
                }
            ],
            "imgSrc": "/upload/resize_cache/rembg-image/14c/275_275_1/vmuqiod1hdbmxbd0m8y235v3i1ayzlp5.png",
            "url": "/catalog/legkovye/25560-r18-112v-pirelli-scorpion-zero-tl86692/",
            "promo": [],
            "discountStores": [],
            "externalStores": [],
            "commonStores": [
                {
                    "STORE_ID": "158",
                    "PRODUCT_ID": "91939",
                    "AMOUNT": "1",
                    "PRODUCT_XML_ID": "86692",
                    "STORE_XML_ID": "351",
                    "STORE_NAME": "Оптовый Склад",
                    "PRICE": "14760.00",
                    "PRICE_ID": "9"
                }
            ],
            "brand": "PIRELLI",
            "brandCode": "375",
            "vendorCode": "1780300",
            "model": "Scorpion Zero",
            "raznItems": [
                {
                    "id": "91939",
                    "name": "255/60 R18",
                    "price": 14760,
                    "amount": "1",
                    "quantity": 1,
                    "url": "/catalog/legkovye/25560-r18-112v-pirelli-scorpion-zero-tl86692/"
                }
            ]
        },
        {
            "id": 136808,
            "isNew": false,
            "EDIT_LINK": null,
            "DELETE_LINK": null,
            "props": [
                {
                    "name": "Ширина",
                    "value": "235 "
                },
                {
                    "name": "Диаметр",
                    "value": "15 "
                }
            ],
            "type": "tires",
            "isPromo": null,
            "amount": 12,
            "season": "Летние",
            "price": 14790,
            "name": "235/75 R15 109T HANKOOK Dynapro ATM RF10 TL",
            "sectionId": 7278,
            "sectionName": "Легковые",
            "sectionPath": [
                {
                    "ID": "7278",
                    "NAME": "Легковые"
                },
                {
                    "ID": "7267",
                    "NAME": "Шины"
                }
            ],
            "imgSrc": "/upload/resize_cache/rembg-image/23b/275_275_1/39sh0kl7goaxnm4757284wffkkcxm4dk.png",
            "url": "/catalog/legkovye/23575r15-109t-xl-dynapro-atm-rf10-tl/",
            "promo": [],
            "discountStores": [],
            "externalStores": [],
            "commonStores": [],
            "brand": "HANKOOK",
            "brandCode": "",
            "vendorCode": "1018911",
            "model": "Dynapro ATM RF10",
            "raznItems": [
                {
                    "id": "118049",
                    "name": "205/70 R15",
                    "price": 12200,
                    "amount": "41",
                    "quantity": 1,
                    "url": "/catalog/legkovye/20570r15-96t-dynapro-atm-rf10-tl/"
                },
                {
                    "id": "136808",
                    "name": "235/75 R15",
                    "price": 14790,
                    "amount": "12",
                    "quantity": 1,
                    "url": "/catalog/legkovye/23575r15-109t-xl-dynapro-atm-rf10-tl/"
                }
            ]
        },
        {
            "id": 155837,
            "isNew": false,
            "EDIT_LINK": null,
            "DELETE_LINK": null,
            "props": [
                {
                    "name": "Ширина",
                    "value": "225 "
                },
                {
                    "name": "Диаметр",
                    "value": "17 "
                }
            ],
            "type": "tires",
            "isPromo": null,
            "amount": 9,
            "season": "Летние",
            "price": 14800,
            "name": "225/50 R17 94V CONTINENTAL UltraContact TL",
            "sectionId": 7278,
            "sectionName": "Легковые",
            "sectionPath": [
                {
                    "ID": "7278",
                    "NAME": "Легковые"
                },
                {
                    "ID": "7267",
                    "NAME": "Шины"
                }
            ],
            "imgSrc": "/upload/resize_cache/rembg-image/a76/275_275_1/4mr8g74qyb8sfyh7696x55fevu2eklck.png",
            "url": "/catalog/legkovye/22550-r17-94v-continental-ultracontact-tl24764/",
            "promo": [],
            "discountStores": [],
            "externalStores": [],
            "commonStores": [
                {
                    "STORE_ID": "158",
                    "PRODUCT_ID": "155837",
                    "AMOUNT": "9",
                    "PRODUCT_XML_ID": "24764",
                    "STORE_XML_ID": "351",
                    "STORE_NAME": "Оптовый Склад",
                    "PRICE": "14800.00",
                    "PRICE_ID": "9"
                }
            ],
            "brand": "CONTINENTAL",
            "brandCode": "254",
            "vendorCode": "0312388",
            "model": "UltraContact",
            "raznItems": [
                {
                    "id": "155837",
                    "name": "225/50 R17",
                    "price": 14800,
                    "amount": "9",
                    "quantity": 1,
                    "url": "/catalog/legkovye/22550-r17-94v-continental-ultracontact-tl24764/"
                }
            ]
        },
        {
            "id": 100245,
            "isNew": false,
            "EDIT_LINK": null,
            "DELETE_LINK": null,
            "props": [
                {
                    "name": "Ширина",
                    "value": "265 "
                },
                {
                    "name": "Диаметр",
                    "value": "18 "
                }
            ],
            "type": "tires",
            "isPromo": null,
            "amount": 4,
            "season": "Летние",
            "price": 14810,
            "name": "265/60 R18 110H PIRELLI Scorpion Verde All Season TL",
            "sectionId": 7278,
            "sectionName": "Легковые",
            "sectionPath": [
                {
                    "ID": "7278",
                    "NAME": "Легковые"
                },
                {
                    "ID": "7267",
                    "NAME": "Шины"
                }
            ],
            "imgSrc": "/upload/resize_cache/rembg-image/dc3/275_275_1/2mngxvixll9bie067jvli8ke8mbrpbl3.png",
            "url": "/catalog/legkovye/26560-r18-110h-pirelli-scorpion-verde-all-season-tl56380/",
            "promo": [],
            "discountStores": [],
            "externalStores": [],
            "commonStores": [
                {
                    "STORE_ID": "174",
                    "PRODUCT_ID": "100245",
                    "AMOUNT": "4",
                    "PRODUCT_XML_ID": "56380",
                    "STORE_XML_ID": "423",
                    "STORE_NAME": "г. Челябинск, ул. Комарова, 34",
                    "PRICE": "14810.00",
                    "PRICE_ID": "25"
                }
            ],
            "brand": "PIRELLI",
            "brandCode": "375",
            "vendorCode": "2310700",
            "model": "Scorpion Verde All Season",
            "raznItems": [
                {
                    "id": "100245",
                    "name": "265/60 R18",
                    "price": 14810,
                    "amount": "4",
                    "quantity": 1,
                    "url": "/catalog/legkovye/26560-r18-110h-pirelli-scorpion-verde-all-season-tl56380/"
                },
                {
                    "id": "100246",
                    "name": "285/60 R18",
                    "price": 16070,
                    "amount": "3",
                    "quantity": 1,
                    "url": "/catalog/legkovye/28560-r18-120v-pirelli-scorpion-verde-all-season-tl56381/"
                }
            ]
        },
        {
            "id": 145011,
            "isNew": false,
            "EDIT_LINK": null,
            "DELETE_LINK": null,
            "props": [
                {
                    "name": "Ширина",
                    "value": "245 "
                },
                {
                    "name": "Диаметр",
                    "value": "17 "
                }
            ],
            "type": "tires",
            "isPromo": null,
            "amount": 4,
            "season": "Летние",
            "price": 14840,
            "name": "245/75 R17 121S YOKOHAMA Geolandar A/T G015 TL",
            "sectionId": 7278,
            "sectionName": "Легковые",
            "sectionPath": [
                {
                    "ID": "7278",
                    "NAME": "Легковые"
                },
                {
                    "ID": "7267",
                    "NAME": "Шины"
                }
            ],
            "imgSrc": "/upload/resize_cache/rembg-image/9be/275_275_1/vs6ds8srfqnuc19qo76y0073zg6uyhxy.png",
            "url": "/catalog/legkovye/24575-r17-121s-yokohama-geolandar-at-g015-tl09248/",
            "promo": [],
            "discountStores": [],
            "externalStores": [],
            "commonStores": [
                {
                    "STORE_ID": "158",
                    "PRODUCT_ID": "145011",
                    "AMOUNT": "4",
                    "PRODUCT_XML_ID": "09248",
                    "STORE_XML_ID": "351",
                    "STORE_NAME": "Оптовый Склад",
                    "PRICE": "14840.00",
                    "PRICE_ID": "9"
                }
            ],
            "brand": "YOKOHAMA",
            "brandCode": "393",
            "vendorCode": "E4516",
            "model": "Geolandar A/T G015",
            "raznItems": [
                {
                    "id": "145011",
                    "name": "245/75 R17",
                    "price": 14840,
                    "amount": "4",
                    "quantity": 1,
                    "url": "/catalog/legkovye/24575-r17-121s-yokohama-geolandar-at-g015-tl09248/"
                }
            ]
        },
        {
            "id": 144733,
            "isNew": false,
            "EDIT_LINK": null,
            "DELETE_LINK": null,
            "props": [
                {
                    "name": "Ширина",
                    "value": "285 "
                },
                {
                    "name": "Диаметр",
                    "value": "19 "
                }
            ],
            "type": "tires",
            "isPromo": null,
            "amount": 8,
            "season": "Летние",
            "price": 14840,
            "name": "285/45 R19 107W MARSHAL Crugen HP91 TL",
            "sectionId": 7278,
            "sectionName": "Легковые",
            "sectionPath": [
                {
                    "ID": "7278",
                    "NAME": "Легковые"
                },
                {
                    "ID": "7267",
                    "NAME": "Шины"
                }
            ],
            "imgSrc": "/upload/resize_cache/rembg-image/df4/275_275_1/diz7iklit5ra77np29d49p0zp5ft27w3.png",
            "url": "/catalog/legkovye/28545zr19-107w-crugen-hp91-tl/",
            "promo": [],
            "discountStores": [],
            "externalStores": [],
            "commonStores": [],
            "brand": "MARSHAL",
            "brandCode": "",
            "vendorCode": "2155623",
            "model": "Crugen HP91",
            "raznItems": [
                {
                    "id": "144732",
                    "name": "235/55 R19",
                    "price": 13560,
                    "amount": "2",
                    "quantity": 1,
                    "url": "/catalog/legkovye/23555zr19-105w-xl-crugen-hp91-tl/"
                },
                {
                    "id": "144733",
                    "name": "285/45 R19",
                    "price": 14840,
                    "amount": "8",
                    "quantity": 1,
                    "url": "/catalog/legkovye/28545zr19-107w-crugen-hp91-tl/"
                }
            ]
        },
        {
            "id": 119780,
            "isNew": false,
            "EDIT_LINK": null,
            "DELETE_LINK": null,
            "props": [
                {
                    "name": "Ширина",
                    "value": "225 "
                },
                {
                    "name": "Диаметр",
                    "value": "19 "
                }
            ],
            "type": "tires",
            "isPromo": null,
            "amount": 4,
            "season": "Летние",
            "price": 14860,
            "name": "225/55 R19 99V YOKOHAMA Geolandar G058 TL",
            "sectionId": 7278,
            "sectionName": "Легковые",
            "sectionPath": [
                {
                    "ID": "7278",
                    "NAME": "Легковые"
                },
                {
                    "ID": "7267",
                    "NAME": "Шины"
                }
            ],
            "imgSrc": "/upload/resize_cache/rembg-image/595/275_275_1/qry697jbewuhgcfih545muszqef67ov1.png",
            "url": "/catalog/legkovye/22555-r19-99v-yokohama-geolandar-g058-tl23744/",
            "promo": [],
            "discountStores": [],
            "externalStores": [],
            "commonStores": [
                {
                    "STORE_ID": "156",
                    "PRODUCT_ID": "119780",
                    "AMOUNT": "4",
                    "PRODUCT_XML_ID": "23744",
                    "STORE_XML_ID": "419",
                    "STORE_NAME": "г. Челябинск, Свердловский тракт, 12б",
                    "PRICE": "14860.00",
                    "PRICE_ID": "7"
                }
            ],
            "brand": "YOKOHAMA",
            "brandCode": "393",
            "vendorCode": "R5673",
            "model": "Geolandar G058",
            "raznItems": [
                {
                    "id": "119780",
                    "name": "225/55 R19",
                    "price": 14860,
                    "amount": "4",
                    "quantity": 1,
                    "url": "/catalog/legkovye/22555-r19-99v-yokohama-geolandar-g058-tl23744/"
                }
            ]
        },
        {
            "id": 116270,
            "isNew": false,
            "EDIT_LINK": null,
            "DELETE_LINK": null,
            "props": [
                {
                    "name": "Ширина",
                    "value": "225 "
                },
                {
                    "name": "Диаметр",
                    "value": "17 "
                }
            ],
            "type": "tires",
            "isPromo": null,
            "amount": 14,
            "season": "Летние",
            "price": 14930,
            "name": "225/55 R17 101Y MICHELIN Pilot Sport 4 TL",
            "sectionId": 7278,
            "sectionName": "Легковые",
            "sectionPath": [
                {
                    "ID": "7278",
                    "NAME": "Легковые"
                },
                {
                    "ID": "7267",
                    "NAME": "Шины"
                }
            ],
            "imgSrc": "/upload/resize_cache/rembg-image/0a1/275_275_1/5zy57sbhiadmwop46t5j4xl1drbgk2xr.png",
            "url": "/catalog/legkovye/22555-r17-101y-michelin-pilot-sport-4-tl14919/",
            "promo": [],
            "discountStores": [],
            "externalStores": [],
            "commonStores": [
                {
                    "STORE_ID": "158",
                    "PRODUCT_ID": "116270",
                    "AMOUNT": "14",
                    "PRODUCT_XML_ID": "14919",
                    "STORE_XML_ID": "351",
                    "STORE_NAME": "Оптовый Склад",
                    "PRICE": "14930.00",
                    "PRICE_ID": "9"
                }
            ],
            "brand": "MICHELIN",
            "brandCode": "273",
            "vendorCode": "73040",
            "model": "Pilot Sport 4",
            "raznItems": [
                {
                    "id": "115968",
                    "name": "215/55 R17",
                    "price": 14750,
                    "amount": "4",
                    "quantity": 1,
                    "url": "/catalog/legkovye/21555-r17-98y-michelin-pilot-sport-4-tl14264/"
                },
                {
                    "id": "116270",
                    "name": "225/55 R17",
                    "price": 14930,
                    "amount": "14",
                    "quantity": 1,
                    "url": "/catalog/legkovye/22555-r17-101y-michelin-pilot-sport-4-tl14919/"
                },
                {
                    "id": "124861",
                    "name": "205/50 R17",
                    "price": 14530,
                    "amount": "8",
                    "quantity": 1,
                    "url": "/catalog/legkovye/20550-r17-93y-michelin-pilot-sport-4-tl88290/"
                },
                {
                    "id": "124864",
                    "name": "225/50 R17",
                    "price": 14480,
                    "amount": "3",
                    "quantity": 1,
                    "url": "/catalog/legkovye/22550-r17-98w-michelin-pilot-sport-4-tl88287/"
                }
            ]
        }
    ],
    "filter": {
        "0": {
            "LOGIC": "OR",
            ">STORE_AMOUNT_156": 0,
            ">STORE_AMOUNT_158": 0,
            ">STORE_AMOUNT_159": 0,
            ">STORE_AMOUNT_160": 0,
            ">STORE_AMOUNT_161": 0,
            ">STORE_AMOUNT_164": 0,
            ">STORE_AMOUNT_165": 0,
            ">STORE_AMOUNT_168": 0,
            ">STORE_AMOUNT_169": 0,
            ">STORE_AMOUNT_174": 0,
            ">STORE_AMOUNT_180": 0,
            ">STORE_AMOUNT_184": 0,
            ">STORE_AMOUNT_185": 0,
            ">STORE_AMOUNT_191": 0,
            ">STORE_AMOUNT_192": 0,
            ">STORE_AMOUNT_194": 0,
            ">STORE_AMOUNT_6087": 0
        },
        "1": {
            "LOGIC": "OR",
            ">CATALOG_CATALOG_GROUP_ID_33": 0,
            ">CATALOG_CATALOG_GROUP_ID_90": 0,
            ">CATALOG_CATALOG_GROUP_ID_96": 0,
            ">CATALOG_CATALOG_GROUP_ID_97": 0,
            ">CATALOG_CATALOG_GROUP_ID_98": 0
        },
        "2": {
            "LOGIC": "OR",
            ">STORE_AMOUNT_156": 0,
            ">STORE_AMOUNT_158": 0,
            ">STORE_AMOUNT_159": 0,
            ">STORE_AMOUNT_160": 0,
            ">STORE_AMOUNT_161": 0,
            ">STORE_AMOUNT_164": 0,
            ">STORE_AMOUNT_165": 0,
            ">STORE_AMOUNT_168": 0,
            ">STORE_AMOUNT_169": 0,
            ">STORE_AMOUNT_174": 0,
            ">STORE_AMOUNT_180": 0,
            ">STORE_AMOUNT_184": 0,
            ">STORE_AMOUNT_185": 0,
            ">STORE_AMOUNT_191": 0,
            ">STORE_AMOUNT_192": 0,
            ">STORE_AMOUNT_194": 0,
            ">STORE_AMOUNT_6087": 0
        },
        "3": {
            "LOGIC": "OR",
            ">CATALOG_CATALOG_GROUP_ID_33": 0,
            ">CATALOG_CATALOG_GROUP_ID_90": 0,
            ">CATALOG_CATALOG_GROUP_ID_96": 0,
            ">CATALOG_CATALOG_GROUP_ID_97": 0,
            ">CATALOG_CATALOG_GROUP_ID_98": 0
        },
        "=PROPERTY_458": [
            "154"
        ]
    },
    "promo": {
        "id": "165954",
        "url": "/promo/shiny-v-rassrochku/",
        "name": "Покупки в рассрочку",
        "text": "Теперь вы можете купить зимние шины, или диски в рассрочку быстро и легко: без первоначального взноса и без переплаты!",
        "imgSrc": "/upload/resize_cache/iblock/356/1075_613_1/8iiw8xmv2bzky9euo9mn57dqx6dk3xa9.jpg",
        "videoSrc": null
    },
    "promoFilter": {
        "IBLOCK_ID": 10,
        "ACTIVE": "Y",
        "=PROPERTY_SECTION": 206,
        "=PROPERTY_CATALOG_SEASON": [
            false,
            204
        ],
        "=PROPERTY_CATALOG_BRAND": [
            false
        ]
    },
    "navNum": 1,
    "pagesCount": 111,
    "pageNum": 69
}