{
    "pageUrl": "/catalog/legkovye/?arCatalogFilter_458_1500340406=Y&set_filter=Y&sort%5Brecommendations%5D=asc&PAGEN_1=78",
    "items": [
        {
            "id": 93795,
            "isNew": false,
            "EDIT_LINK": null,
            "DELETE_LINK": null,
            "props": [
                {
                    "name": "Ширина",
                    "value": "225 "
                },
                {
                    "name": "Диаметр",
                    "value": "18 "
                }
            ],
            "type": "tires",
            "isPromo": null,
            "amount": 1,
            "season": "Летние",
            "price": 16840,
            "name": "225/45 R18 91Y CONTINENTAL ContiSportContact 5 TL",
            "sectionId": 7278,
            "sectionName": "Легковые",
            "sectionPath": [
                {
                    "ID": "7278",
                    "NAME": "Легковые"
                },
                {
                    "ID": "7267",
                    "NAME": "Шины"
                }
            ],
            "imgSrc": "/upload/resize_cache/rembg-image/592/275_275_1/9p4056anfdybkfb6i1bwufleae25iod7.png",
            "url": "/catalog/legkovye/22545r18-91y-contisportcontact-5-tl-fr/",
            "promo": [],
            "discountStores": [],
            "externalStores": [],
            "commonStores": [],
            "brand": "CONTINENTAL",
            "brandCode": "",
            "vendorCode": "0352835",
            "model": "ContiSportContact 5",
            "raznItems": [
                {
                    "id": "93795",
                    "name": "225/45 R18",
                    "price": 16840,
                    "amount": "1",
                    "quantity": 1,
                    "url": "/catalog/legkovye/22545r18-91y-contisportcontact-5-tl-fr/"
                },
                {
                    "id": "93799",
                    "name": "245/50 R18",
                    "price": 19630,
                    "amount": "1",
                    "quantity": 1,
                    "url": "/catalog/legkovye/24550zr18-100y-contisportcontact-5-n0-tl-fr/"
                },
                {
                    "id": "102529",
                    "name": "255/55 R18",
                    "price": 16590,
                    "amount": "3",
                    "quantity": 1,
                    "url": "/catalog/legkovye/25555r18-105w-contisportcontact-5-n0-tl-fr/"
                },
                {
                    "id": "117302",
                    "name": "245/40 R18",
                    "price": 18310,
                    "amount": "4",
                    "quantity": 1,
                    "url": "/catalog/legkovye/24540-r18-97y-continental-contisportcontact-5-tl19481/"
                },
                {
                    "id": "123027",
                    "name": "245/40 R18",
                    "price": 14600,
                    "amount": "1",
                    "quantity": 1,
                    "url": "/catalog/legkovye/24540r18-93y-contisportcontact-5-ao-tl-fr/"
                },
                {
                    "id": "145077",
                    "name": "225/40 R18",
                    "price": 14740,
                    "amount": "1",
                    "quantity": 1,
                    "url": "/catalog/legkovye/22540-r18-92y-continental-contisportcontact-5-tl10958/"
                }
            ]
        },
        {
            "id": 125279,
            "isNew": false,
            "EDIT_LINK": null,
            "DELETE_LINK": null,
            "props": [
                {
                    "name": "Ширина",
                    "value": "235 "
                },
                {
                    "name": "Диаметр",
                    "value": "19 "
                }
            ],
            "type": "tires",
            "isPromo": null,
            "amount": 2,
            "season": "Летние",
            "price": 16860,
            "name": "235/55 R19 105W MICHELIN Primacy 4 TL",
            "sectionId": 7278,
            "sectionName": "Легковые",
            "sectionPath": [
                {
                    "ID": "7278",
                    "NAME": "Легковые"
                },
                {
                    "ID": "7267",
                    "NAME": "Шины"
                }
            ],
            "imgSrc": "/upload/resize_cache/rembg-image/b77/275_275_1/xuanfbf4g4yp8lhqeatfl4ly8feqgk6d.png",
            "url": "/catalog/legkovye/23555-r19-105w-michelin-primacy-4-tl87624/",
            "promo": [],
            "discountStores": [],
            "externalStores": [],
            "commonStores": [
                {
                    "STORE_ID": "158",
                    "PRODUCT_ID": "125279",
                    "AMOUNT": "2",
                    "PRODUCT_XML_ID": "87624",
                    "STORE_XML_ID": "351",
                    "STORE_NAME": "Оптовый Склад",
                    "PRICE": "16860.00",
                    "PRICE_ID": "9"
                }
            ],
            "brand": "MICHELIN",
            "brandCode": "273",
            "vendorCode": "31073",
            "model": "Primacy 4",
            "raznItems": [
                {
                    "id": "125279",
                    "name": "235/55 R19",
                    "price": 16860,
                    "amount": "2",
                    "quantity": 1,
                    "url": "/catalog/legkovye/23555-r19-105w-michelin-primacy-4-tl87624/"
                }
            ]
        },
        {
            "id": 102494,
            "isNew": false,
            "EDIT_LINK": null,
            "DELETE_LINK": null,
            "props": [
                {
                    "name": "Ширина",
                    "value": "235 "
                },
                {
                    "name": "Диаметр",
                    "value": "18 "
                }
            ],
            "type": "tires",
            "isPromo": null,
            "amount": 7,
            "season": "Летние",
            "price": 16860,
            "name": "235/45 R18 94Y BRIDGESTONE Turanza ER-33 TL",
            "sectionId": 7278,
            "sectionName": "Легковые",
            "sectionPath": [
                {
                    "ID": "7278",
                    "NAME": "Легковые"
                },
                {
                    "ID": "7267",
                    "NAME": "Шины"
                }
            ],
            "imgSrc": "/upload/resize_cache/rembg-image/7d6/275_275_1/up7rvwlfnok8wejmpdb6eieeayxbqpff.png",
            "url": "/catalog/legkovye/23545-r18-94y-bridgestone-turanza-er-33-tl73468/",
            "promo": [],
            "discountStores": [],
            "externalStores": [],
            "commonStores": [
                {
                    "STORE_ID": "158",
                    "PRODUCT_ID": "102494",
                    "AMOUNT": "7",
                    "PRODUCT_XML_ID": "73468",
                    "STORE_XML_ID": "351",
                    "STORE_NAME": "Оптовый Склад",
                    "PRICE": "16860.00",
                    "PRICE_ID": "9"
                }
            ],
            "brand": "BRIDGESTONE",
            "brandCode": "250",
            "vendorCode": "12527",
            "model": "Turanza ER-33",
            "raznItems": [
                {
                    "id": "102494",
                    "name": "235/45 R18",
                    "price": 16860,
                    "amount": "7",
                    "quantity": 1,
                    "url": "/catalog/legkovye/23545-r18-94y-bridgestone-turanza-er-33-tl73468/"
                }
            ]
        },
        {
            "id": 101195,
            "isNew": false,
            "EDIT_LINK": null,
            "DELETE_LINK": null,
            "props": [
                {
                    "name": "Ширина",
                    "value": "285 "
                },
                {
                    "name": "Диаметр",
                    "value": "17 "
                }
            ],
            "type": "tires",
            "isPromo": null,
            "amount": 1,
            "season": "Летние",
            "price": 16900,
            "name": "285/65 R17 116H BRIDGESTONE Ecopia EP850 TL",
            "sectionId": 7278,
            "sectionName": "Легковые",
            "sectionPath": [
                {
                    "ID": "7278",
                    "NAME": "Легковые"
                },
                {
                    "ID": "7267",
                    "NAME": "Шины"
                }
            ],
            "imgSrc": "/upload/resize_cache/rembg-image/bb2/275_275_1/jrrrhk2xubhs8shvdj90pmq1eszn00h7.png",
            "url": "/catalog/legkovye/28565-r17-116h-bridgestone-ecopia-ep850-tl63365/",
            "promo": [],
            "discountStores": [],
            "externalStores": [],
            "commonStores": [
                {
                    "STORE_ID": "158",
                    "PRODUCT_ID": "101195",
                    "AMOUNT": "1",
                    "PRODUCT_XML_ID": "63365",
                    "STORE_XML_ID": "351",
                    "STORE_NAME": "Оптовый Склад",
                    "PRICE": "16900.00",
                    "PRICE_ID": "9"
                }
            ],
            "brand": "BRIDGESTONE",
            "brandCode": "250",
            "vendorCode": "11353",
            "model": "Ecopia EP850",
            "raznItems": [
                {
                    "id": "93877",
                    "name": "245/65 R17",
                    "price": 14680,
                    "amount": "6",
                    "quantity": 1,
                    "url": "/catalog/legkovye/24565-r17-111h-bridgestone-ecopia-ep850-tl43194/"
                },
                {
                    "id": "93886",
                    "name": "275/65 R17",
                    "price": 15670,
                    "amount": "1",
                    "quantity": 1,
                    "url": "/catalog/legkovye/27565-r17-115h-bridgestone-ecopia-ep850-tl43203/"
                },
                {
                    "id": "101195",
                    "name": "285/65 R17",
                    "price": 16900,
                    "amount": "1",
                    "quantity": 1,
                    "url": "/catalog/legkovye/28565-r17-116h-bridgestone-ecopia-ep850-tl63365/"
                },
                {
                    "id": "102488",
                    "name": "215/60 R17",
                    "price": 13340,
                    "amount": "3",
                    "quantity": 1,
                    "url": "/catalog/legkovye/21560-r17-96h-bridgestone-ecopia-ep850-tl73454/"
                }
            ]
        },
        {
            "id": 156663,
            "isNew": false,
            "EDIT_LINK": null,
            "DELETE_LINK": null,
            "props": [
                {
                    "name": "Ширина",
                    "value": "235 "
                },
                {
                    "name": "Диаметр",
                    "value": "18 "
                }
            ],
            "type": "tires",
            "isPromo": null,
            "amount": 4,
            "season": "Летние",
            "price": 14140,
            "name": "235/50 R18 101Y PIRELLI Powergy TL",
            "sectionId": 7278,
            "sectionName": "Легковые",
            "sectionPath": [
                {
                    "ID": "7278",
                    "NAME": "Легковые"
                },
                {
                    "ID": "7267",
                    "NAME": "Шины"
                }
            ],
            "imgSrc": "/upload/resize_cache/rembg-image/3bc/275_275_1/4wkky2mb65k5mysxyxwmgzgr4regvqia.png",
            "url": "/catalog/legkovye/23550-r18-101y-pirelli-powergy-tl25494/",
            "promo": [],
            "discountStores": [],
            "externalStores": [],
            "commonStores": [
                {
                    "STORE_ID": "158",
                    "PRODUCT_ID": "156663",
                    "AMOUNT": "4",
                    "PRODUCT_XML_ID": "25494",
                    "STORE_XML_ID": "351",
                    "STORE_NAME": "Оптовый Склад",
                    "PRICE": "14140.00",
                    "PRICE_ID": "9"
                }
            ],
            "brand": "PIRELLI",
            "brandCode": "375",
            "vendorCode": "3926800",
            "model": "Powergy",
            "raznItems": [
                {
                    "id": "138317",
                    "name": "235/45 R18",
                    "price": 11810,
                    "amount": "4",
                    "quantity": 1,
                    "url": "/catalog/legkovye/23545-r18-98y-pirelli-powergy-tl54327/"
                },
                {
                    "id": "138324",
                    "name": "235/60 R18",
                    "price": 11510,
                    "amount": "1",
                    "quantity": 1,
                    "url": "/catalog/legkovye/23560-r18-103v-pirelli-powergy-tl54310/"
                },
                {
                    "id": "156661",
                    "name": "235/40 R18",
                    "price": 13070,
                    "amount": "16",
                    "quantity": 1,
                    "url": "/catalog/legkovye/23540-r18-95y-pirelli-powergy-tl25492/"
                },
                {
                    "id": "156663",
                    "name": "235/50 R18",
                    "price": 14140,
                    "amount": "4",
                    "quantity": 1,
                    "url": "/catalog/legkovye/23550-r18-101y-pirelli-powergy-tl25494/"
                }
            ]
        },
        {
            "id": 138315,
            "isNew": false,
            "EDIT_LINK": null,
            "DELETE_LINK": null,
            "props": [
                {
                    "name": "Ширина",
                    "value": "235 "
                },
                {
                    "name": "Диаметр",
                    "value": "19 "
                }
            ],
            "type": "tires",
            "isPromo": null,
            "amount": 16,
            "season": "Летние",
            "price": 16920,
            "name": "235/50 R19 99V PIRELLI Powergy TL",
            "sectionId": 7278,
            "sectionName": "Легковые",
            "sectionPath": [
                {
                    "ID": "7278",
                    "NAME": "Легковые"
                },
                {
                    "ID": "7267",
                    "NAME": "Шины"
                }
            ],
            "imgSrc": "/upload/resize_cache/rembg-image/26d/275_275_1/wbuxyyp82953up5eyqjnkfa7953r0bwu.png",
            "url": "/catalog/legkovye/23550-r19-99v-pirelli-powergy-tl54331/",
            "promo": [],
            "discountStores": [],
            "externalStores": [],
            "commonStores": [
                {
                    "STORE_ID": "158",
                    "PRODUCT_ID": "138315",
                    "AMOUNT": "12",
                    "PRODUCT_XML_ID": "FORTOCHKI_3926600",
                    "STORE_XML_ID": "351",
                    "STORE_NAME": "Оптовый Склад",
                    "PRICE": "16920.00",
                    "PRICE_ID": "9"
                },
                {
                    "STORE_ID": "161",
                    "PRODUCT_ID": "138315",
                    "AMOUNT": "4",
                    "PRODUCT_XML_ID": "FORTOCHKI_3926600",
                    "STORE_XML_ID": "383",
                    "STORE_NAME": "г. Челябинск, ул. Федорова 2а",
                    "PRICE": null,
                    "PRICE_ID": null
                }
            ],
            "brand": "PIRELLI",
            "brandCode": "",
            "vendorCode": "3926600",
            "model": "Powergy",
            "raznItems": [
                {
                    "id": "138313",
                    "name": "245/40 R19",
                    "price": 18310,
                    "amount": "35",
                    "quantity": 1,
                    "url": "/catalog/legkovye/24540-r19-98y-pirelli-powergy-tl54338/"
                },
                {
                    "id": "138315",
                    "name": "235/50 R19",
                    "price": 16920,
                    "amount": "4",
                    "quantity": 1,
                    "url": "/catalog/legkovye/23550-r19-99v-pirelli-powergy-tl54331/"
                }
            ]
        },
        {
            "id": 114444,
            "isNew": false,
            "EDIT_LINK": null,
            "DELETE_LINK": null,
            "props": [
                {
                    "name": "Ширина",
                    "value": "245 "
                },
                {
                    "name": "Диаметр",
                    "value": "19 "
                }
            ],
            "type": "tires",
            "isPromo": null,
            "amount": 20,
            "season": "Летние",
            "price": 16920,
            "name": "245/40 R19 98W YOKOHAMA Advan Fleva V701 TL",
            "sectionId": 7278,
            "sectionName": "Легковые",
            "sectionPath": [
                {
                    "ID": "7278",
                    "NAME": "Легковые"
                },
                {
                    "ID": "7267",
                    "NAME": "Шины"
                }
            ],
            "imgSrc": "/upload/resize_cache/rembg-image/2dd/275_275_1/sbcrdnlyh4qntum4x0k0q8vk6qg1i2z1.png",
            "url": "/catalog/legkovye/24540-r19-98w-yokohama-advan-fleva-v701-tl10362/",
            "promo": [],
            "discountStores": [],
            "externalStores": [],
            "commonStores": [
                {
                    "STORE_ID": "158",
                    "PRODUCT_ID": "114444",
                    "AMOUNT": "20",
                    "PRODUCT_XML_ID": "10362",
                    "STORE_XML_ID": "351",
                    "STORE_NAME": "Оптовый Склад",
                    "PRICE": "16920.00",
                    "PRICE_ID": "9"
                }
            ],
            "brand": "YOKOHAMA",
            "brandCode": "393",
            "vendorCode": "R3597",
            "model": "Advan Fleva V701",
            "raznItems": [
                {
                    "id": "104050",
                    "name": "225/45 R19",
                    "price": 16110,
                    "amount": "25",
                    "quantity": 1,
                    "url": "/catalog/legkovye/22545-r19-96w-yokohama-advan-fleva-v701-tl91359/"
                },
                {
                    "id": "114443",
                    "name": "235/35 R19",
                    "price": 17110,
                    "amount": "2",
                    "quantity": 1,
                    "url": "/catalog/legkovye/23535-r19-91w-yokohama-advan-fleva-v701-tl10361/"
                },
                {
                    "id": "114444",
                    "name": "245/40 R19",
                    "price": 16920,
                    "amount": "20",
                    "quantity": 1,
                    "url": "/catalog/legkovye/24540-r19-98w-yokohama-advan-fleva-v701-tl10362/"
                },
                {
                    "id": "120111",
                    "name": "225/40 R19",
                    "price": 17330,
                    "amount": "2",
                    "quantity": 1,
                    "url": "/catalog/legkovye/22540-r19-93w-yokohama-advan-fleva-v701-tl94940/"
                },
                {
                    "id": "120112",
                    "name": "245/35 R19",
                    "price": 17850,
                    "amount": "6",
                    "quantity": 1,
                    "url": "/catalog/legkovye/24535-r19-93w-yokohama-advan-fleva-v701-tl94937/"
                }
            ]
        },
        {
            "id": 113761,
            "isNew": false,
            "EDIT_LINK": null,
            "DELETE_LINK": null,
            "props": [
                {
                    "name": "Ширина",
                    "value": "235 "
                },
                {
                    "name": "Диаметр",
                    "value": "19 "
                }
            ],
            "type": "tires",
            "isPromo": null,
            "amount": 7,
            "season": "Летние",
            "price": 16920,
            "name": "235/55 R19 105H YOKOHAMA Geolandar A/T G015 TL",
            "sectionId": 7278,
            "sectionName": "Легковые",
            "sectionPath": [
                {
                    "ID": "7278",
                    "NAME": "Легковые"
                },
                {
                    "ID": "7267",
                    "NAME": "Шины"
                }
            ],
            "imgSrc": "/upload/resize_cache/rembg-image/f73/275_275_1/b4ufsylwhal7mppohxm1t05hg3320el2.png",
            "url": "/catalog/legkovye/23555-r19-105h-yokohama-geolandar-at-g015-tl09032/",
            "promo": [],
            "discountStores": [],
            "externalStores": [],
            "commonStores": [
                {
                    "STORE_ID": "158",
                    "PRODUCT_ID": "113761",
                    "AMOUNT": "3",
                    "PRODUCT_XML_ID": "FORTOCHKI_R4066",
                    "STORE_XML_ID": "351",
                    "STORE_NAME": "Оптовый Склад",
                    "PRICE": "16920.00",
                    "PRICE_ID": "9"
                },
                {
                    "STORE_ID": "161",
                    "PRODUCT_ID": "113761",
                    "AMOUNT": "4",
                    "PRODUCT_XML_ID": "FORTOCHKI_R4066",
                    "STORE_XML_ID": "383",
                    "STORE_NAME": "г. Челябинск, ул. Федорова 2а",
                    "PRICE": null,
                    "PRICE_ID": null
                }
            ],
            "brand": "YOKOHAMA",
            "brandCode": "",
            "vendorCode": "R4066",
            "model": "Geolandar A/T G015",
            "raznItems": [
                {
                    "id": "113761",
                    "name": "235/55 R19",
                    "price": 16920,
                    "amount": "4",
                    "quantity": 1,
                    "url": "/catalog/legkovye/23555-r19-105h-yokohama-geolandar-at-g015-tl09032/"
                }
            ]
        },
        {
            "id": 102539,
            "isNew": false,
            "EDIT_LINK": null,
            "DELETE_LINK": null,
            "props": [
                {
                    "name": "Ширина",
                    "value": "245 "
                },
                {
                    "name": "Диаметр",
                    "value": "17 "
                }
            ],
            "type": "tires",
            "isPromo": null,
            "amount": 2,
            "season": "Летние",
            "price": 16920,
            "name": "245/45 R17 95Y CONTINENTAL PremiumContact 6 TL",
            "sectionId": 7278,
            "sectionName": "Легковые",
            "sectionPath": [
                {
                    "ID": "7278",
                    "NAME": "Легковые"
                },
                {
                    "ID": "7267",
                    "NAME": "Шины"
                }
            ],
            "imgSrc": "/upload/resize_cache/rembg-image/21d/275_275_1/eris2qgmlye73fh7c2n8pvlo4vcx8af6.png",
            "url": "/catalog/legkovye/24545-r17-95y-continental-premiumcontact-6-tl73566/",
            "promo": [],
            "discountStores": [],
            "externalStores": [],
            "commonStores": [
                {
                    "STORE_ID": "158",
                    "PRODUCT_ID": "102539",
                    "AMOUNT": "2",
                    "PRODUCT_XML_ID": "73566",
                    "STORE_XML_ID": "351",
                    "STORE_NAME": "Оптовый Склад",
                    "PRICE": "16920.00",
                    "PRICE_ID": "9"
                }
            ],
            "brand": "CONTINENTAL",
            "brandCode": "254",
            "vendorCode": "0357097",
            "model": "PremiumContact 6",
            "raznItems": [
                {
                    "id": "102539",
                    "name": "245/45 R17",
                    "price": 16920,
                    "amount": "2",
                    "quantity": 1,
                    "url": "/catalog/legkovye/24545-r17-95y-continental-premiumcontact-6-tl73566/"
                }
            ]
        },
        {
            "id": 98750,
            "isNew": false,
            "EDIT_LINK": null,
            "DELETE_LINK": null,
            "props": [
                {
                    "name": "Ширина",
                    "value": "225 "
                },
                {
                    "name": "Диаметр",
                    "value": "19 "
                }
            ],
            "type": "tires",
            "isPromo": null,
            "amount": 29,
            "season": "Летние",
            "price": 17020,
            "name": "225/45 R19 96W PIRELLI Powergy TL",
            "sectionId": 7278,
            "sectionName": "Легковые",
            "sectionPath": [
                {
                    "ID": "7278",
                    "NAME": "Легковые"
                },
                {
                    "ID": "7267",
                    "NAME": "Шины"
                }
            ],
            "imgSrc": "/upload/resize_cache/rembg-image/c9c/275_275_1/x9kntx1qt5icjcn2cg6jqqz2v4z5f1or.png",
            "url": "/catalog/legkovye/22545-r19-96w-pirelli-powergy-tl54332/",
            "promo": [],
            "discountStores": [],
            "externalStores": [],
            "commonStores": [
                {
                    "STORE_ID": "158",
                    "PRODUCT_ID": "98750",
                    "AMOUNT": "29",
                    "PRODUCT_XML_ID": "54332",
                    "STORE_XML_ID": "351",
                    "STORE_NAME": "Оптовый Склад",
                    "PRICE": "17020.00",
                    "PRICE_ID": "9"
                }
            ],
            "brand": "PIRELLI",
            "brandCode": "375",
            "vendorCode": "3926500",
            "model": "Powergy",
            "raznItems": [
                {
                    "id": "98750",
                    "name": "225/45 R19",
                    "price": 17020,
                    "amount": "29",
                    "quantity": 1,
                    "url": "/catalog/legkovye/22545-r19-96w-pirelli-powergy-tl54332/"
                },
                {
                    "id": "145523",
                    "name": "255/35 R19",
                    "price": 20340,
                    "amount": "2",
                    "quantity": 1,
                    "url": "/catalog/legkovye/25535-r19-96y-pirelli-powergy-tl49697/"
                },
                {
                    "id": "146518",
                    "name": "225/40 R19",
                    "price": 17120,
                    "amount": "6",
                    "quantity": 1,
                    "url": "/catalog/legkovye/22540-r19-93y-pirelli-powergy-tl49698/"
                }
            ]
        },
        {
            "id": 114443,
            "isNew": false,
            "EDIT_LINK": null,
            "DELETE_LINK": null,
            "props": [
                {
                    "name": "Ширина",
                    "value": "235 "
                },
                {
                    "name": "Диаметр",
                    "value": "19 "
                }
            ],
            "type": "tires",
            "isPromo": null,
            "amount": 2,
            "season": "Летние",
            "price": 17110,
            "name": "235/35 R19 91W YOKOHAMA Advan Fleva V701 TL",
            "sectionId": 7278,
            "sectionName": "Легковые",
            "sectionPath": [
                {
                    "ID": "7278",
                    "NAME": "Легковые"
                },
                {
                    "ID": "7267",
                    "NAME": "Шины"
                }
            ],
            "imgSrc": "/upload/resize_cache/rembg-image/079/275_275_1/nhhqieka53xr03oxpinub3hxsna2fl9g.png",
            "url": "/catalog/legkovye/23535-r19-91w-yokohama-advan-fleva-v701-tl10361/",
            "promo": [],
            "discountStores": [],
            "externalStores": [],
            "commonStores": [
                {
                    "STORE_ID": "158",
                    "PRODUCT_ID": "114443",
                    "AMOUNT": "2",
                    "PRODUCT_XML_ID": "10361",
                    "STORE_XML_ID": "351",
                    "STORE_NAME": "Оптовый Склад",
                    "PRICE": "17110.00",
                    "PRICE_ID": "9"
                }
            ],
            "brand": "YOKOHAMA",
            "brandCode": "393",
            "vendorCode": "R0385",
            "model": "Advan Fleva V701",
            "raznItems": [
                {
                    "id": "104050",
                    "name": "225/45 R19",
                    "price": 16110,
                    "amount": "25",
                    "quantity": 1,
                    "url": "/catalog/legkovye/22545-r19-96w-yokohama-advan-fleva-v701-tl91359/"
                },
                {
                    "id": "114443",
                    "name": "235/35 R19",
                    "price": 17110,
                    "amount": "2",
                    "quantity": 1,
                    "url": "/catalog/legkovye/23535-r19-91w-yokohama-advan-fleva-v701-tl10361/"
                },
                {
                    "id": "114444",
                    "name": "245/40 R19",
                    "price": 16920,
                    "amount": "20",
                    "quantity": 1,
                    "url": "/catalog/legkovye/24540-r19-98w-yokohama-advan-fleva-v701-tl10362/"
                },
                {
                    "id": "120111",
                    "name": "225/40 R19",
                    "price": 17330,
                    "amount": "2",
                    "quantity": 1,
                    "url": "/catalog/legkovye/22540-r19-93w-yokohama-advan-fleva-v701-tl94940/"
                },
                {
                    "id": "120112",
                    "name": "245/35 R19",
                    "price": 17850,
                    "amount": "6",
                    "quantity": 1,
                    "url": "/catalog/legkovye/24535-r19-93w-yokohama-advan-fleva-v701-tl94937/"
                }
            ]
        },
        {
            "id": 105736,
            "isNew": false,
            "EDIT_LINK": null,
            "DELETE_LINK": null,
            "props": [
                {
                    "name": "Ширина",
                    "value": "235 "
                },
                {
                    "name": "Диаметр",
                    "value": "18 "
                }
            ],
            "type": "tires",
            "isPromo": null,
            "amount": 53,
            "season": "Летние",
            "price": 17110,
            "name": "235/45 R18 94W BRIDGESTONE Turanza T005А TL",
            "sectionId": 7278,
            "sectionName": "Легковые",
            "sectionPath": [
                {
                    "ID": "7278",
                    "NAME": "Легковые"
                },
                {
                    "ID": "7267",
                    "NAME": "Шины"
                }
            ],
            "imgSrc": "/upload/resize_cache/rembg-image/e83/275_275_1/33qdec05p6395jn3sfyzb8nz7ixqzhpc.png",
            "url": "/catalog/legkovye/23545-r18-94w-bridgestone-turanza-t005a-tl59429/",
            "promo": [],
            "discountStores": [],
            "externalStores": [],
            "commonStores": [
                {
                    "STORE_ID": "158",
                    "PRODUCT_ID": "105736",
                    "AMOUNT": "49",
                    "PRODUCT_XML_ID": "59429",
                    "STORE_XML_ID": "351",
                    "STORE_NAME": "Оптовый Склад",
                    "PRICE": "17110.00",
                    "PRICE_ID": "9"
                },
                {
                    "STORE_ID": "161",
                    "PRODUCT_ID": "105736",
                    "AMOUNT": "4",
                    "PRODUCT_XML_ID": "59429",
                    "STORE_XML_ID": "383",
                    "STORE_NAME": "г. Челябинск, ул. Федорова 2а",
                    "PRICE": "17110.00",
                    "PRICE_ID": "12"
                }
            ],
            "brand": "BRIDGESTONE",
            "brandCode": "250",
            "vendorCode": "19359",
            "model": "Turanza T005А",
            "raznItems": [
                {
                    "id": "105736",
                    "name": "235/45 R18",
                    "price": 17110,
                    "amount": "4",
                    "quantity": 1,
                    "url": "/catalog/legkovye/23545-r18-94w-bridgestone-turanza-t005a-tl59429/"
                }
            ]
        },
        {
            "id": 146518,
            "isNew": false,
            "EDIT_LINK": null,
            "DELETE_LINK": null,
            "props": [
                {
                    "name": "Ширина",
                    "value": "225 "
                },
                {
                    "name": "Диаметр",
                    "value": "19 "
                }
            ],
            "type": "tires",
            "isPromo": null,
            "amount": 6,
            "season": "Летние",
            "price": 17120,
            "name": "225/40 R19 93Y PIRELLI Powergy TL",
            "sectionId": 7278,
            "sectionName": "Легковые",
            "sectionPath": [
                {
                    "ID": "7278",
                    "NAME": "Легковые"
                },
                {
                    "ID": "7267",
                    "NAME": "Шины"
                }
            ],
            "imgSrc": "/upload/resize_cache/rembg-image/70a/275_275_1/hhsq0pmx8qaxm569l447t2i1ljnzx9j6.png",
            "url": "/catalog/legkovye/22540-r19-93y-pirelli-powergy-tl49698/",
            "promo": [],
            "discountStores": [],
            "externalStores": [],
            "commonStores": [
                {
                    "STORE_ID": "158",
                    "PRODUCT_ID": "146518",
                    "AMOUNT": "6",
                    "PRODUCT_XML_ID": "49698",
                    "STORE_XML_ID": "351",
                    "STORE_NAME": "Оптовый Склад",
                    "PRICE": "17120.00",
                    "PRICE_ID": "9"
                }
            ],
            "brand": "PIRELLI",
            "brandCode": "375",
            "vendorCode": "3883100",
            "model": "Powergy",
            "raznItems": [
                {
                    "id": "98750",
                    "name": "225/45 R19",
                    "price": 17020,
                    "amount": "29",
                    "quantity": 1,
                    "url": "/catalog/legkovye/22545-r19-96w-pirelli-powergy-tl54332/"
                },
                {
                    "id": "145523",
                    "name": "255/35 R19",
                    "price": 20340,
                    "amount": "2",
                    "quantity": 1,
                    "url": "/catalog/legkovye/25535-r19-96y-pirelli-powergy-tl49697/"
                },
                {
                    "id": "146518",
                    "name": "225/40 R19",
                    "price": 17120,
                    "amount": "6",
                    "quantity": 1,
                    "url": "/catalog/legkovye/22540-r19-93y-pirelli-powergy-tl49698/"
                }
            ]
        },
        {
            "id": 113804,
            "isNew": false,
            "EDIT_LINK": null,
            "DELETE_LINK": null,
            "props": [
                {
                    "name": "Ширина",
                    "value": "265 "
                },
                {
                    "name": "Диаметр",
                    "value": "20 "
                }
            ],
            "type": "tires",
            "isPromo": null,
            "amount": 1,
            "season": "Летние",
            "price": 17160,
            "name": "265/50 R20 111W YOKOHAMA Geolandar G057 TL",
            "sectionId": 7278,
            "sectionName": "Легковые",
            "sectionPath": [
                {
                    "ID": "7278",
                    "NAME": "Легковые"
                },
                {
                    "ID": "7267",
                    "NAME": "Шины"
                }
            ],
            "imgSrc": "/upload/resize_cache/rembg-image/b56/275_275_1/5tnfwgocrezizw7mq275v107375sj2yr.png",
            "url": "/catalog/legkovye/26550-r20-111w-yokohama-geolandar-g057-tl09092/",
            "promo": [],
            "discountStores": [],
            "externalStores": [],
            "commonStores": [
                {
                    "STORE_ID": "158",
                    "PRODUCT_ID": "113804",
                    "AMOUNT": "1",
                    "PRODUCT_XML_ID": "09092",
                    "STORE_XML_ID": "351",
                    "STORE_NAME": "Оптовый Склад",
                    "PRICE": "17160.00",
                    "PRICE_ID": "9"
                }
            ],
            "brand": "YOKOHAMA",
            "brandCode": "393",
            "vendorCode": "R4543",
            "model": "Geolandar G057",
            "raznItems": [
                {
                    "id": "113804",
                    "name": "265/50 R20",
                    "price": 17160,
                    "amount": "1",
                    "quantity": 1,
                    "url": "/catalog/legkovye/26550-r20-111w-yokohama-geolandar-g057-tl09092/"
                },
                {
                    "id": "113806",
                    "name": "275/50 R20",
                    "price": 22430,
                    "amount": "1",
                    "quantity": 1,
                    "url": "/catalog/legkovye/27550-r20-113w-yokohama-geolandar-g057-tl09099/"
                },
                {
                    "id": "144992",
                    "name": "255/55 R20",
                    "price": 21490,
                    "amount": "10",
                    "quantity": 1,
                    "url": "/catalog/legkovye/25555-r20-110w-yokohama-geolandar-g057-tl09090/"
                }
            ]
        }
    ],
    "filter": {
        "0": {
            "LOGIC": "OR",
            ">STORE_AMOUNT_156": 0,
            ">STORE_AMOUNT_158": 0,
            ">STORE_AMOUNT_159": 0,
            ">STORE_AMOUNT_160": 0,
            ">STORE_AMOUNT_161": 0,
            ">STORE_AMOUNT_164": 0,
            ">STORE_AMOUNT_165": 0,
            ">STORE_AMOUNT_168": 0,
            ">STORE_AMOUNT_169": 0,
            ">STORE_AMOUNT_174": 0,
            ">STORE_AMOUNT_180": 0,
            ">STORE_AMOUNT_184": 0,
            ">STORE_AMOUNT_185": 0,
            ">STORE_AMOUNT_191": 0,
            ">STORE_AMOUNT_192": 0,
            ">STORE_AMOUNT_194": 0,
            ">STORE_AMOUNT_6087": 0
        },
        "1": {
            "LOGIC": "OR",
            ">CATALOG_CATALOG_GROUP_ID_33": 0,
            ">CATALOG_CATALOG_GROUP_ID_90": 0,
            ">CATALOG_CATALOG_GROUP_ID_96": 0,
            ">CATALOG_CATALOG_GROUP_ID_97": 0,
            ">CATALOG_CATALOG_GROUP_ID_98": 0
        },
        "2": {
            "LOGIC": "OR",
            ">STORE_AMOUNT_156": 0,
            ">STORE_AMOUNT_158": 0,
            ">STORE_AMOUNT_159": 0,
            ">STORE_AMOUNT_160": 0,
            ">STORE_AMOUNT_161": 0,
            ">STORE_AMOUNT_164": 0,
            ">STORE_AMOUNT_165": 0,
            ">STORE_AMOUNT_168": 0,
            ">STORE_AMOUNT_169": 0,
            ">STORE_AMOUNT_174": 0,
            ">STORE_AMOUNT_180": 0,
            ">STORE_AMOUNT_184": 0,
            ">STORE_AMOUNT_185": 0,
            ">STORE_AMOUNT_191": 0,
            ">STORE_AMOUNT_192": 0,
            ">STORE_AMOUNT_194": 0,
            ">STORE_AMOUNT_6087": 0
        },
        "3": {
            "LOGIC": "OR",
            ">CATALOG_CATALOG_GROUP_ID_33": 0,
            ">CATALOG_CATALOG_GROUP_ID_90": 0,
            ">CATALOG_CATALOG_GROUP_ID_96": 0,
            ">CATALOG_CATALOG_GROUP_ID_97": 0,
            ">CATALOG_CATALOG_GROUP_ID_98": 0
        },
        "=PROPERTY_458": [
            "154"
        ]
    },
    "promo": {
        "id": "165954",
        "url": "/promo/shiny-v-rassrochku/",
        "name": "Покупки в рассрочку",
        "text": "Теперь вы можете купить зимние шины, или диски в рассрочку быстро и легко: без первоначального взноса и без переплаты!",
        "imgSrc": "/upload/resize_cache/iblock/356/1075_613_1/8iiw8xmv2bzky9euo9mn57dqx6dk3xa9.jpg",
        "videoSrc": null
    },
    "promoFilter": {
        "IBLOCK_ID": 10,
        "ACTIVE": "Y",
        "=PROPERTY_SECTION": 206,
        "=PROPERTY_CATALOG_SEASON": [
            false,
            204
        ],
        "=PROPERTY_CATALOG_BRAND": [
            false
        ]
    },
    "navNum": 1,
    "pagesCount": 111,
    "pageNum": 78
}