{
    "pageUrl": "/catalog/legkovye/?arCatalogFilter_458_1500340406=Y&set_filter=Y&sort%5Brecommendations%5D=asc&PAGEN_1=79",
    "items": [
        {
            "id": 143717,
            "isNew": false,
            "EDIT_LINK": null,
            "DELETE_LINK": null,
            "props": [
                {
                    "name": "Ширина",
                    "value": "225 "
                },
                {
                    "name": "Диаметр",
                    "value": "18 "
                }
            ],
            "type": "tires",
            "isPromo": null,
            "amount": 12,
            "season": "Летние",
            "price": 17170,
            "name": "225/45 R18 91Y GOODYEAR Eagle F1 Asymmetric 3 TL",
            "sectionId": 7278,
            "sectionName": "Легковые",
            "sectionPath": [
                {
                    "ID": "7278",
                    "NAME": "Легковые"
                },
                {
                    "ID": "7267",
                    "NAME": "Шины"
                }
            ],
            "imgSrc": "/upload/resize_cache/rembg-image/d12/275_275_1/cjt7ow88a7708ys65obyy3zvjtmd0y45.png",
            "url": "/catalog/legkovye/22545r18-91y-eagle-f1-asymmetric-3-ar-tl-rft/",
            "promo": [],
            "discountStores": [],
            "externalStores": [],
            "commonStores": [],
            "brand": "GOODYEAR",
            "brandCode": "",
            "vendorCode": "540810",
            "model": "Eagle F1 Asymmetric 3",
            "raznItems": [
                {
                    "id": "143717",
                    "name": "225/45 R18",
                    "price": 17170,
                    "amount": "12",
                    "quantity": 1,
                    "url": "/catalog/legkovye/22545r18-91y-eagle-f1-asymmetric-3-ar-tl-rft/"
                }
            ]
        },
        {
            "id": 102685,
            "isNew": false,
            "EDIT_LINK": null,
            "DELETE_LINK": null,
            "props": [
                {
                    "name": "Ширина",
                    "value": "255 "
                },
                {
                    "name": "Диаметр",
                    "value": "18 "
                }
            ],
            "type": "tires",
            "isPromo": null,
            "amount": 2,
            "season": "Летние",
            "price": 17220,
            "name": "255/40 R18 99Y CONTINENTAL ContiSportContact 3 TL",
            "sectionId": 7278,
            "sectionName": "Легковые",
            "sectionPath": [
                {
                    "ID": "7278",
                    "NAME": "Легковые"
                },
                {
                    "ID": "7267",
                    "NAME": "Шины"
                }
            ],
            "imgSrc": "/upload/resize_cache/rembg-image/c7a/275_275_1/6f35q6z9fztywue2m40qurx050j5m5lc.png",
            "url": "/catalog/legkovye/25540-r18-99y-continental-contisportcontact-3-tl73737/",
            "promo": [],
            "discountStores": [],
            "externalStores": [],
            "commonStores": [
                {
                    "STORE_ID": "158",
                    "PRODUCT_ID": "102685",
                    "AMOUNT": "2",
                    "PRODUCT_XML_ID": "73737",
                    "STORE_XML_ID": "351",
                    "STORE_NAME": "Оптовый Склад",
                    "PRICE": "17220.00",
                    "PRICE_ID": "9"
                }
            ],
            "brand": "CONTINENTAL",
            "brandCode": "254",
            "vendorCode": "0357930",
            "model": "ContiSportContact 3",
            "raznItems": [
                {
                    "id": "102685",
                    "name": "255/40 R18",
                    "price": 17220,
                    "amount": "2",
                    "quantity": 1,
                    "url": "/catalog/legkovye/25540-r18-99y-continental-contisportcontact-3-tl73737/"
                }
            ]
        },
        {
            "id": 100222,
            "isNew": false,
            "EDIT_LINK": null,
            "DELETE_LINK": null,
            "props": [
                {
                    "name": "Ширина",
                    "value": "255 "
                },
                {
                    "name": "Диаметр",
                    "value": "19 "
                }
            ],
            "type": "tires",
            "isPromo": null,
            "amount": 1,
            "season": "Летние",
            "price": 17220,
            "name": "255/40 R19 96W PIRELLI P Zero TL",
            "sectionId": 7278,
            "sectionName": "Легковые",
            "sectionPath": [
                {
                    "ID": "7278",
                    "NAME": "Легковые"
                },
                {
                    "ID": "7267",
                    "NAME": "Шины"
                }
            ],
            "imgSrc": "/upload/resize_cache/rembg-image/354/275_275_1/lkjz4pevcgr6e8l03yy3foabq71a5tm2.png",
            "url": "/catalog/legkovye/25540-r19-96w-pirelli-p-zero-tl56356/",
            "promo": [],
            "discountStores": [],
            "externalStores": [],
            "commonStores": [
                {
                    "STORE_ID": "158",
                    "PRODUCT_ID": "100222",
                    "AMOUNT": "1",
                    "PRODUCT_XML_ID": "56356",
                    "STORE_XML_ID": "351",
                    "STORE_NAME": "Оптовый Склад",
                    "PRICE": "17220.00",
                    "PRICE_ID": "9"
                }
            ],
            "brand": "PIRELLI",
            "brandCode": "375",
            "vendorCode": "1949100",
            "model": "P Zero",
            "raznItems": [
                {
                    "id": "100222",
                    "name": "255/40 R19",
                    "price": 17220,
                    "amount": "1",
                    "quantity": 1,
                    "url": "/catalog/legkovye/25540-r19-96w-pirelli-p-zero-tl56356/"
                }
            ]
        },
        {
            "id": 145009,
            "isNew": false,
            "EDIT_LINK": null,
            "DELETE_LINK": null,
            "props": [
                {
                    "name": "Ширина",
                    "value": "215 "
                },
                {
                    "name": "Диаметр",
                    "value": "16 "
                }
            ],
            "type": "tires",
            "isPromo": null,
            "amount": 8,
            "season": "Летние",
            "price": 17240,
            "name": "215/65 R16 98H CONTINENTAL PremiumContact 6 TL",
            "sectionId": 7278,
            "sectionName": "Легковые",
            "sectionPath": [
                {
                    "ID": "7278",
                    "NAME": "Легковые"
                },
                {
                    "ID": "7267",
                    "NAME": "Шины"
                }
            ],
            "imgSrc": "/upload/resize_cache/rembg-image/8d5/275_275_1/jzj7szocu9daufij19afh0h3ypial0v3.png",
            "url": "/catalog/legkovye/21565-r16-98h-continental-premiumcontact-6-tl09218/",
            "promo": [],
            "discountStores": [],
            "externalStores": [],
            "commonStores": [
                {
                    "STORE_ID": "158",
                    "PRODUCT_ID": "145009",
                    "AMOUNT": "8",
                    "PRODUCT_XML_ID": "09218",
                    "STORE_XML_ID": "351",
                    "STORE_NAME": "Оптовый Склад",
                    "PRICE": "17240.00",
                    "PRICE_ID": "9"
                }
            ],
            "brand": "CONTINENTAL",
            "brandCode": "254",
            "vendorCode": "0358874",
            "model": "PremiumContact 6",
            "raznItems": [
                {
                    "id": "145009",
                    "name": "215/65 R16",
                    "price": 17240,
                    "amount": "8",
                    "quantity": 1,
                    "url": "/catalog/legkovye/21565-r16-98h-continental-premiumcontact-6-tl09218/"
                }
            ]
        },
        {
            "id": 136291,
            "isNew": false,
            "EDIT_LINK": null,
            "DELETE_LINK": null,
            "props": [
                {
                    "name": "Ширина",
                    "value": "225 "
                },
                {
                    "name": "Диаметр",
                    "value": "18 "
                }
            ],
            "type": "tires",
            "isPromo": null,
            "amount": 2,
            "season": "Летние",
            "price": 17280,
            "name": "225/45 R18 95W BRIDGESTONE Potenza RE004 Adrenalin TL",
            "sectionId": 7278,
            "sectionName": "Легковые",
            "sectionPath": [
                {
                    "ID": "7278",
                    "NAME": "Легковые"
                },
                {
                    "ID": "7267",
                    "NAME": "Шины"
                }
            ],
            "imgSrc": "/upload/resize_cache/rembg-image/45d/275_275_1/pivdd0i1829xwr1cnakol523g9ybthpf.png",
            "url": "/catalog/legkovye/22545-r18-95w-bridgestone-potenza-re004-adrenalin-tl61447/",
            "promo": [],
            "discountStores": [],
            "externalStores": [],
            "commonStores": [
                {
                    "STORE_ID": "158",
                    "PRODUCT_ID": "136291",
                    "AMOUNT": "2",
                    "PRODUCT_XML_ID": "61447",
                    "STORE_XML_ID": "351",
                    "STORE_NAME": "Оптовый Склад",
                    "PRICE": "17280.00",
                    "PRICE_ID": "9"
                }
            ],
            "brand": "BRIDGESTONE",
            "brandCode": "250",
            "vendorCode": "23575",
            "model": "Potenza RE004 Adrenalin",
            "raznItems": [
                {
                    "id": "136291",
                    "name": "225/45 R18",
                    "price": 17280,
                    "amount": "2",
                    "quantity": 1,
                    "url": "/catalog/legkovye/22545-r18-95w-bridgestone-potenza-re004-adrenalin-tl61447/"
                },
                {
                    "id": "136292",
                    "name": "235/40 R18",
                    "price": 15130,
                    "amount": "1",
                    "quantity": 1,
                    "url": "/catalog/legkovye/23540-r18-95w-bridgestone-potenza-re004-adrenalin-tl61431/"
                },
                {
                    "id": "136293",
                    "name": "235/45 R18",
                    "price": 17930,
                    "amount": "4",
                    "quantity": 1,
                    "url": "/catalog/legkovye/23545-r18-98w-bridgestone-potenza-re004-adrenalin-tl61430/"
                },
                {
                    "id": "136296",
                    "name": "245/40 R18",
                    "price": 16200,
                    "amount": "9",
                    "quantity": 1,
                    "url": "/catalog/legkovye/24540-r18-97w-bridgestone-potenza-re004-adrenalin-tl61410/"
                },
                {
                    "id": "136299",
                    "name": "255/35 R18",
                    "price": 19440,
                    "amount": "6",
                    "quantity": 1,
                    "url": "/catalog/legkovye/25535-r18-94w-bridgestone-potenza-re004-adrenalin-tl61388/"
                }
            ]
        },
        {
            "id": 120111,
            "isNew": false,
            "EDIT_LINK": null,
            "DELETE_LINK": null,
            "props": [
                {
                    "name": "Ширина",
                    "value": "225 "
                },
                {
                    "name": "Диаметр",
                    "value": "19 "
                }
            ],
            "type": "tires",
            "isPromo": null,
            "amount": 2,
            "season": "Летние",
            "price": 17330,
            "name": "225/40 R19 93W YOKOHAMA Advan Fleva V701 TL",
            "sectionId": 7278,
            "sectionName": "Легковые",
            "sectionPath": [
                {
                    "ID": "7278",
                    "NAME": "Легковые"
                },
                {
                    "ID": "7267",
                    "NAME": "Шины"
                }
            ],
            "imgSrc": "/upload/resize_cache/rembg-image/6f8/275_275_1/p0ofj7korjihaeym78mlmlo5w3pw1vr8.png",
            "url": "/catalog/legkovye/22540-r19-93w-yokohama-advan-fleva-v701-tl94940/",
            "promo": [],
            "discountStores": [],
            "externalStores": [],
            "commonStores": [
                {
                    "STORE_ID": "158",
                    "PRODUCT_ID": "120111",
                    "AMOUNT": "2",
                    "PRODUCT_XML_ID": "94940",
                    "STORE_XML_ID": "351",
                    "STORE_NAME": "Оптовый Склад",
                    "PRICE": "17330.00",
                    "PRICE_ID": "9"
                }
            ],
            "brand": "YOKOHAMA",
            "brandCode": "393",
            "vendorCode": "R0416",
            "model": "Advan Fleva V701",
            "raznItems": [
                {
                    "id": "104050",
                    "name": "225/45 R19",
                    "price": 16110,
                    "amount": "25",
                    "quantity": 1,
                    "url": "/catalog/legkovye/22545-r19-96w-yokohama-advan-fleva-v701-tl91359/"
                },
                {
                    "id": "114443",
                    "name": "235/35 R19",
                    "price": 17110,
                    "amount": "2",
                    "quantity": 1,
                    "url": "/catalog/legkovye/23535-r19-91w-yokohama-advan-fleva-v701-tl10361/"
                },
                {
                    "id": "114444",
                    "name": "245/40 R19",
                    "price": 16920,
                    "amount": "20",
                    "quantity": 1,
                    "url": "/catalog/legkovye/24540-r19-98w-yokohama-advan-fleva-v701-tl10362/"
                },
                {
                    "id": "120111",
                    "name": "225/40 R19",
                    "price": 17330,
                    "amount": "2",
                    "quantity": 1,
                    "url": "/catalog/legkovye/22540-r19-93w-yokohama-advan-fleva-v701-tl94940/"
                },
                {
                    "id": "120112",
                    "name": "245/35 R19",
                    "price": 17850,
                    "amount": "6",
                    "quantity": 1,
                    "url": "/catalog/legkovye/24535-r19-93w-yokohama-advan-fleva-v701-tl94937/"
                }
            ]
        },
        {
            "id": 150218,
            "isNew": false,
            "EDIT_LINK": null,
            "DELETE_LINK": null,
            "props": [
                {
                    "name": "Ширина",
                    "value": "245 "
                },
                {
                    "name": "Диаметр",
                    "value": "18 "
                }
            ],
            "type": "tires",
            "isPromo": null,
            "amount": 4,
            "season": "Летние",
            "price": 17370,
            "name": "245/45 R18 96Y YOKOHAMA Advan Sport V105S TL",
            "sectionId": 7278,
            "sectionName": "Легковые",
            "sectionPath": [
                {
                    "ID": "7278",
                    "NAME": "Легковые"
                },
                {
                    "ID": "7267",
                    "NAME": "Шины"
                }
            ],
            "imgSrc": "/upload/resize_cache/rembg-image/c8e/275_275_1/8rnj29olbtv2zxofoo3irwtcxhyp1qwp.png",
            "url": "/catalog/legkovye/24545r18-96y-advan-sport-v105s-tl-zps/",
            "promo": [],
            "discountStores": [],
            "externalStores": [],
            "commonStores": [],
            "brand": "YOKOHAMA",
            "brandCode": "",
            "vendorCode": "R1252",
            "model": "Advan Sport V105S",
            "raznItems": [
                {
                    "id": "150218",
                    "name": "245/45 R18",
                    "price": 17370,
                    "amount": "4",
                    "quantity": 1,
                    "url": "/catalog/legkovye/24545r18-96y-advan-sport-v105s-tl-zps/"
                }
            ]
        },
        {
            "id": 124736,
            "isNew": false,
            "EDIT_LINK": null,
            "DELETE_LINK": null,
            "props": [
                {
                    "name": "Ширина",
                    "value": "205 "
                },
                {
                    "name": "Диаметр",
                    "value": "16 "
                }
            ],
            "type": "tires",
            "isPromo": null,
            "amount": 8,
            "season": "Летние",
            "price": 17370,
            "name": "205/60 R16 96V MICHELIN CrossClimate   TL",
            "sectionId": 7278,
            "sectionName": "Легковые",
            "sectionPath": [
                {
                    "ID": "7278",
                    "NAME": "Легковые"
                },
                {
                    "ID": "7267",
                    "NAME": "Шины"
                }
            ],
            "imgSrc": "/upload/resize_cache/rembg-image/8a6/275_275_1/9okh31qyquncwe6hmr0dn4l9445psmj0.png",
            "url": "/catalog/legkovye/20560r16-96v-xl-crossclimate-tl/",
            "promo": [],
            "discountStores": [],
            "externalStores": [],
            "commonStores": [],
            "brand": "MICHELIN",
            "brandCode": "",
            "vendorCode": "248424",
            "model": "CrossClimate  ",
            "raznItems": [
                {
                    "id": "124736",
                    "name": "205/60 R16",
                    "price": 17370,
                    "amount": "8",
                    "quantity": 1,
                    "url": "/catalog/legkovye/20560r16-96v-xl-crossclimate-tl/"
                }
            ]
        },
        {
            "id": 137170,
            "isNew": false,
            "EDIT_LINK": null,
            "DELETE_LINK": null,
            "props": [
                {
                    "name": "Ширина",
                    "value": "265 "
                },
                {
                    "name": "Диаметр",
                    "value": "17 "
                }
            ],
            "type": "tires",
            "isPromo": null,
            "amount": 1,
            "season": "Летние",
            "price": 17410,
            "name": "265/70 R17 121/118Q HANKOOK RT05 Dynapro MT2 TL",
            "sectionId": 7278,
            "sectionName": "Легковые",
            "sectionPath": [
                {
                    "ID": "7278",
                    "NAME": "Легковые"
                },
                {
                    "ID": "7267",
                    "NAME": "Шины"
                }
            ],
            "imgSrc": "/upload/resize_cache/rembg-image/52b/275_275_1/ngxal1fag2m8j6pov2efp7z7ssyd7eon.png",
            "url": "/catalog/legkovye/26570-r17-121118q-hankook-rt05-dynapro-mt2-tl57598/",
            "promo": [],
            "discountStores": [],
            "externalStores": [],
            "commonStores": [
                {
                    "STORE_ID": "158",
                    "PRODUCT_ID": "137170",
                    "AMOUNT": "1",
                    "PRODUCT_XML_ID": "57598",
                    "STORE_XML_ID": "351",
                    "STORE_NAME": "Оптовый Склад",
                    "PRICE": "17410.00",
                    "PRICE_ID": "9"
                }
            ],
            "brand": "HANKOOK",
            "brandCode": "359",
            "vendorCode": "2020765",
            "model": "RT05 Dynapro MT2",
            "raznItems": [
                {
                    "id": "137170",
                    "name": "265/70 R17",
                    "price": 17410,
                    "amount": "1",
                    "quantity": 1,
                    "url": "/catalog/legkovye/26570-r17-121118q-hankook-rt05-dynapro-mt2-tl57598/"
                }
            ]
        },
        {
            "id": 159230,
            "isNew": false,
            "EDIT_LINK": null,
            "DELETE_LINK": null,
            "props": [
                {
                    "name": "Ширина",
                    "value": "225 "
                },
                {
                    "name": "Диаметр",
                    "value": "19 "
                }
            ],
            "type": "tires",
            "isPromo": null,
            "amount": 1,
            "season": "Летние",
            "price": 17430,
            "name": "225/55 R19 103V GOODYEAR EfficientGrip 2 SUV TL",
            "sectionId": 7278,
            "sectionName": "Легковые",
            "sectionPath": [
                {
                    "ID": "7278",
                    "NAME": "Легковые"
                },
                {
                    "ID": "7267",
                    "NAME": "Шины"
                }
            ],
            "imgSrc": "/upload/resize_cache/rembg-image/da2/275_275_1/gxqlyad53cdkqm2c4g0nb1ty1pvq4k0v.png",
            "url": "/catalog/legkovye/22555-r19-103v-goodyear-efficientgrip-2-suv-tl36215/",
            "promo": [],
            "discountStores": [],
            "externalStores": [],
            "commonStores": [],
            "brand": "GOODYEAR",
            "brandCode": "",
            "vendorCode": "581298",
            "model": "EfficientGrip 2 SUV",
            "raznItems": [
                {
                    "id": "159230",
                    "name": "225/55 R19",
                    "price": 17430,
                    "amount": "1",
                    "quantity": 1,
                    "url": "/catalog/legkovye/22555-r19-103v-goodyear-efficientgrip-2-suv-tl36215/"
                }
            ]
        },
        {
            "id": 105413,
            "isNew": false,
            "EDIT_LINK": null,
            "DELETE_LINK": null,
            "props": [
                {
                    "name": "Ширина",
                    "value": "235 "
                },
                {
                    "name": "Диаметр",
                    "value": "18 "
                }
            ],
            "type": "tires",
            "isPromo": null,
            "amount": 5,
            "season": "Летние",
            "price": 17490,
            "name": "235/45 R18 98W HANKOOK K125 Ventus Prime3 TL",
            "sectionId": 7278,
            "sectionName": "Легковые",
            "sectionPath": [
                {
                    "ID": "7278",
                    "NAME": "Легковые"
                },
                {
                    "ID": "7267",
                    "NAME": "Шины"
                }
            ],
            "imgSrc": "/upload/resize_cache/rembg-image/daf/275_275_1/q8d1k34gy8uthoh1kg5c9au0pjifq6gl.png",
            "url": "/catalog/legkovye/23545-r18-98w-hankook-k125-ventus-prime3-tl58141/",
            "promo": [],
            "discountStores": [],
            "externalStores": [],
            "commonStores": [
                {
                    "STORE_ID": "158",
                    "PRODUCT_ID": "105413",
                    "AMOUNT": "5",
                    "PRODUCT_XML_ID": "58141",
                    "STORE_XML_ID": "351",
                    "STORE_NAME": "Оптовый Склад",
                    "PRICE": "17490.00",
                    "PRICE_ID": "9"
                }
            ],
            "brand": "HANKOOK",
            "brandCode": "359",
            "vendorCode": "1021135",
            "model": "K125 Ventus Prime3",
            "raznItems": [
                {
                    "id": "105413",
                    "name": "235/45 R18",
                    "price": 17490,
                    "amount": "5",
                    "quantity": 1,
                    "url": "/catalog/legkovye/23545-r18-98w-hankook-k125-ventus-prime3-tl58141/"
                }
            ]
        },
        {
            "id": 155343,
            "isNew": false,
            "EDIT_LINK": null,
            "DELETE_LINK": null,
            "props": [
                {
                    "name": "Ширина",
                    "value": "215 "
                },
                {
                    "name": "Диаметр",
                    "value": "18 "
                }
            ],
            "type": "tires",
            "isPromo": null,
            "amount": 4,
            "season": "Летние",
            "price": 17510,
            "name": "215/55 R18 99V MICHELIN Primacy 4  TL",
            "sectionId": 7278,
            "sectionName": "Легковые",
            "sectionPath": [
                {
                    "ID": "7278",
                    "NAME": "Легковые"
                },
                {
                    "ID": "7267",
                    "NAME": "Шины"
                }
            ],
            "imgSrc": "/upload/resize_cache/rembg-image/5fc/275_275_1/hz20jc66i7ve0b3ypj5vxdpq6krpepw0.png",
            "url": "/catalog/legkovye/21555-r18-99v-michelin-primacy-4-tl22004/",
            "promo": [],
            "discountStores": [],
            "externalStores": [],
            "commonStores": [
                {
                    "STORE_ID": "158",
                    "PRODUCT_ID": "155343",
                    "AMOUNT": "4",
                    "PRODUCT_XML_ID": "22004",
                    "STORE_XML_ID": "351",
                    "STORE_NAME": "Оптовый Склад",
                    "PRICE": "17510.00",
                    "PRICE_ID": "9"
                }
            ],
            "brand": "MICHELIN",
            "brandCode": "273",
            "vendorCode": "885347",
            "model": "Primacy 4 ",
            "raznItems": [
                {
                    "id": "155343",
                    "name": "215/55 R18",
                    "price": 17510,
                    "amount": "4",
                    "quantity": 1,
                    "url": "/catalog/legkovye/21555-r18-99v-michelin-primacy-4-tl22004/"
                }
            ]
        },
        {
            "id": 124771,
            "isNew": false,
            "EDIT_LINK": null,
            "DELETE_LINK": null,
            "props": [
                {
                    "name": "Ширина",
                    "value": "235 "
                },
                {
                    "name": "Диаметр",
                    "value": "15 "
                }
            ],
            "type": "tires",
            "isPromo": null,
            "amount": 4,
            "season": "Летние",
            "price": 17510,
            "name": "235/75 R15 109H MICHELIN Latitude Cross TL",
            "sectionId": 7278,
            "sectionName": "Легковые",
            "sectionPath": [
                {
                    "ID": "7278",
                    "NAME": "Легковые"
                },
                {
                    "ID": "7267",
                    "NAME": "Шины"
                }
            ],
            "imgSrc": "/upload/resize_cache/rembg-image/223/275_275_1/3105nt15wd0nst0p8frt1w5ovihkyynq.png",
            "url": "/catalog/legkovye/23575r15-109h-xl-latitude-cross-tl/",
            "promo": [],
            "discountStores": [],
            "externalStores": [],
            "commonStores": [],
            "brand": "MICHELIN",
            "brandCode": "",
            "vendorCode": "453682",
            "model": "Latitude Cross",
            "raznItems": [
                {
                    "id": "124771",
                    "name": "235/75 R15",
                    "price": 17510,
                    "amount": "4",
                    "quantity": 1,
                    "url": "/catalog/legkovye/23575r15-109h-xl-latitude-cross-tl/"
                }
            ]
        },
        {
            "id": 106052,
            "isNew": false,
            "EDIT_LINK": null,
            "DELETE_LINK": null,
            "props": [
                {
                    "name": "Ширина",
                    "value": "235 "
                },
                {
                    "name": "Диаметр",
                    "value": "19 "
                }
            ],
            "type": "tires",
            "isPromo": null,
            "amount": 20,
            "season": "Летние",
            "price": 17520,
            "name": "235/55 R19 101V BRIDGESTONE Alenza 001 TL",
            "sectionId": 7278,
            "sectionName": "Легковые",
            "sectionPath": [
                {
                    "ID": "7278",
                    "NAME": "Легковые"
                },
                {
                    "ID": "7267",
                    "NAME": "Шины"
                }
            ],
            "imgSrc": "/upload/resize_cache/rembg-image/96f/275_275_1/tsdvof3qqchizmeps83qup8sfy1x632e.png",
            "url": "/catalog/legkovye/23555-r19-101v-bridgestone-alenza-001-tl61174/",
            "promo": [],
            "discountStores": [],
            "externalStores": [],
            "commonStores": [
                {
                    "STORE_ID": "158",
                    "PRODUCT_ID": "106052",
                    "AMOUNT": "19",
                    "PRODUCT_XML_ID": "61174",
                    "STORE_XML_ID": "351",
                    "STORE_NAME": "Оптовый Склад",
                    "PRICE": "17520.00",
                    "PRICE_ID": "9"
                },
                {
                    "STORE_ID": "159",
                    "PRODUCT_ID": "106052",
                    "AMOUNT": "1",
                    "PRODUCT_XML_ID": "61174",
                    "STORE_XML_ID": "387",
                    "STORE_NAME": "г. Челябинск, ул. Бр.Кашириных, 134б",
                    "PRICE": "17520.00",
                    "PRICE_ID": "10"
                }
            ],
            "brand": "BRIDGESTONE",
            "brandCode": "250",
            "vendorCode": "17717",
            "model": "Alenza 001",
            "raznItems": [
                {
                    "id": "104260",
                    "name": "235/50 R19",
                    "price": 18190,
                    "amount": "1",
                    "quantity": 1,
                    "url": "/catalog/legkovye/23550-r19-99v-bridgestone-alenza-001-tl04928/"
                },
                {
                    "id": "106042",
                    "name": "285/45 R19",
                    "price": 25130,
                    "amount": "2",
                    "quantity": 1,
                    "url": "/catalog/legkovye/28545-r19-111w-bridgestone-alenza-001-tl61151/"
                },
                {
                    "id": "106052",
                    "name": "235/55 R19",
                    "price": 17520,
                    "amount": "1",
                    "quantity": 1,
                    "url": "/catalog/legkovye/23555-r19-101v-bridgestone-alenza-001-tl61174/"
                },
                {
                    "id": "113968",
                    "name": "255/45 R19",
                    "price": 23140,
                    "amount": "10",
                    "quantity": 1,
                    "url": "/catalog/legkovye/25545-r19-100v-bridgestone-alenza-001-tl09400/"
                },
                {
                    "id": "114172",
                    "name": "225/55 R19",
                    "price": 15160,
                    "amount": "1",
                    "quantity": 1,
                    "url": "/catalog/legkovye/22555-r19-99v-bridgestone-alenza-001-tl09873/"
                }
            ]
        }
    ],
    "filter": {
        "0": {
            "LOGIC": "OR",
            ">STORE_AMOUNT_156": 0,
            ">STORE_AMOUNT_158": 0,
            ">STORE_AMOUNT_159": 0,
            ">STORE_AMOUNT_160": 0,
            ">STORE_AMOUNT_161": 0,
            ">STORE_AMOUNT_164": 0,
            ">STORE_AMOUNT_165": 0,
            ">STORE_AMOUNT_168": 0,
            ">STORE_AMOUNT_169": 0,
            ">STORE_AMOUNT_174": 0,
            ">STORE_AMOUNT_180": 0,
            ">STORE_AMOUNT_184": 0,
            ">STORE_AMOUNT_185": 0,
            ">STORE_AMOUNT_191": 0,
            ">STORE_AMOUNT_192": 0,
            ">STORE_AMOUNT_194": 0,
            ">STORE_AMOUNT_6087": 0
        },
        "1": {
            "LOGIC": "OR",
            ">CATALOG_CATALOG_GROUP_ID_33": 0,
            ">CATALOG_CATALOG_GROUP_ID_90": 0,
            ">CATALOG_CATALOG_GROUP_ID_96": 0,
            ">CATALOG_CATALOG_GROUP_ID_97": 0,
            ">CATALOG_CATALOG_GROUP_ID_98": 0
        },
        "2": {
            "LOGIC": "OR",
            ">STORE_AMOUNT_156": 0,
            ">STORE_AMOUNT_158": 0,
            ">STORE_AMOUNT_159": 0,
            ">STORE_AMOUNT_160": 0,
            ">STORE_AMOUNT_161": 0,
            ">STORE_AMOUNT_164": 0,
            ">STORE_AMOUNT_165": 0,
            ">STORE_AMOUNT_168": 0,
            ">STORE_AMOUNT_169": 0,
            ">STORE_AMOUNT_174": 0,
            ">STORE_AMOUNT_180": 0,
            ">STORE_AMOUNT_184": 0,
            ">STORE_AMOUNT_185": 0,
            ">STORE_AMOUNT_191": 0,
            ">STORE_AMOUNT_192": 0,
            ">STORE_AMOUNT_194": 0,
            ">STORE_AMOUNT_6087": 0
        },
        "3": {
            "LOGIC": "OR",
            ">CATALOG_CATALOG_GROUP_ID_33": 0,
            ">CATALOG_CATALOG_GROUP_ID_90": 0,
            ">CATALOG_CATALOG_GROUP_ID_96": 0,
            ">CATALOG_CATALOG_GROUP_ID_97": 0,
            ">CATALOG_CATALOG_GROUP_ID_98": 0
        },
        "=PROPERTY_458": [
            "154"
        ]
    },
    "promo": {
        "id": "165954",
        "url": "/promo/shiny-v-rassrochku/",
        "name": "Покупки в рассрочку",
        "text": "Теперь вы можете купить зимние шины, или диски в рассрочку быстро и легко: без первоначального взноса и без переплаты!",
        "imgSrc": "/upload/resize_cache/iblock/356/1075_613_1/8iiw8xmv2bzky9euo9mn57dqx6dk3xa9.jpg",
        "videoSrc": null
    },
    "promoFilter": {
        "IBLOCK_ID": 10,
        "ACTIVE": "Y",
        "=PROPERTY_SECTION": 206,
        "=PROPERTY_CATALOG_SEASON": [
            false,
            204
        ],
        "=PROPERTY_CATALOG_BRAND": [
            false
        ]
    },
    "navNum": 1,
    "pagesCount": 111,
    "pageNum": 79
}