{
    "pageUrl": "/catalog/legkovye/?arCatalogFilter_458_1500340406=Y&set_filter=Y&sort%5Brecommendations%5D=asc&PAGEN_1=82",
    "items": [
        {
            "id": 119730,
            "isNew": false,
            "EDIT_LINK": null,
            "DELETE_LINK": null,
            "props": [
                {
                    "name": "Ширина",
                    "value": "245 "
                },
                {
                    "name": "Диаметр",
                    "value": "17 "
                }
            ],
            "type": "tires",
            "isPromo": null,
            "amount": 12,
            "season": "Летние",
            "price": 18110,
            "name": "245/75 R17 121/118Q NOKIAN TYRES Rockproof TL",
            "sectionId": 7278,
            "sectionName": "Легковые",
            "sectionPath": [
                {
                    "ID": "7278",
                    "NAME": "Легковые"
                },
                {
                    "ID": "7267",
                    "NAME": "Шины"
                }
            ],
            "imgSrc": "/upload/resize_cache/rembg-image/6dc/275_275_1/5w2uoiybutip1a85so3cqevtyvuwgwj0.png",
            "url": "/catalog/legkovye/24575-r17-121118q-nokian-tyres-rockproof-tl23687/",
            "promo": [],
            "discountStores": [],
            "externalStores": [],
            "commonStores": [
                {
                    "STORE_ID": "158",
                    "PRODUCT_ID": "119730",
                    "AMOUNT": "12",
                    "PRODUCT_XML_ID": "23687",
                    "STORE_XML_ID": "351",
                    "STORE_NAME": "Оптовый Склад",
                    "PRICE": "18110.00",
                    "PRICE_ID": "9"
                }
            ],
            "brand": "NOKIAN TYRES",
            "brandCode": "277",
            "vendorCode": "T430152",
            "model": "Rockproof",
            "raznItems": [
                {
                    "id": "119730",
                    "name": "245/75 R17",
                    "price": 18110,
                    "amount": "12",
                    "quantity": 1,
                    "url": "/catalog/legkovye/24575-r17-121118q-nokian-tyres-rockproof-tl23687/"
                }
            ]
        },
        {
            "id": 104260,
            "isNew": false,
            "EDIT_LINK": null,
            "DELETE_LINK": null,
            "props": [
                {
                    "name": "Ширина",
                    "value": "235 "
                },
                {
                    "name": "Диаметр",
                    "value": "19 "
                }
            ],
            "type": "tires",
            "isPromo": null,
            "amount": 1,
            "season": "Летние",
            "price": 18190,
            "name": "235/50 R19 99V BRIDGESTONE Alenza 001 TL",
            "sectionId": 7278,
            "sectionName": "Легковые",
            "sectionPath": [
                {
                    "ID": "7278",
                    "NAME": "Легковые"
                },
                {
                    "ID": "7267",
                    "NAME": "Шины"
                }
            ],
            "imgSrc": "/upload/resize_cache/rembg-image/f1f/275_275_1/gc8bzw65jmbxqvr38xuvw91ls5ges0co.png",
            "url": "/catalog/legkovye/23550-r19-99v-bridgestone-alenza-001-tl04928/",
            "promo": [],
            "discountStores": [],
            "externalStores": [],
            "commonStores": [
                {
                    "STORE_ID": "158",
                    "PRODUCT_ID": "104260",
                    "AMOUNT": "1",
                    "PRODUCT_XML_ID": "04928",
                    "STORE_XML_ID": "351",
                    "STORE_NAME": "Оптовый Склад",
                    "PRICE": "18190.00",
                    "PRICE_ID": "9"
                }
            ],
            "brand": "BRIDGESTONE",
            "brandCode": "250",
            "vendorCode": "12896",
            "model": "Alenza 001",
            "raznItems": [
                {
                    "id": "104260",
                    "name": "235/50 R19",
                    "price": 18190,
                    "amount": "1",
                    "quantity": 1,
                    "url": "/catalog/legkovye/23550-r19-99v-bridgestone-alenza-001-tl04928/"
                },
                {
                    "id": "106042",
                    "name": "285/45 R19",
                    "price": 25130,
                    "amount": "2",
                    "quantity": 1,
                    "url": "/catalog/legkovye/28545-r19-111w-bridgestone-alenza-001-tl61151/"
                },
                {
                    "id": "106052",
                    "name": "235/55 R19",
                    "price": 17520,
                    "amount": "1",
                    "quantity": 1,
                    "url": "/catalog/legkovye/23555-r19-101v-bridgestone-alenza-001-tl61174/"
                },
                {
                    "id": "113968",
                    "name": "255/45 R19",
                    "price": 23140,
                    "amount": "10",
                    "quantity": 1,
                    "url": "/catalog/legkovye/25545-r19-100v-bridgestone-alenza-001-tl09400/"
                },
                {
                    "id": "114172",
                    "name": "225/55 R19",
                    "price": 15160,
                    "amount": "1",
                    "quantity": 1,
                    "url": "/catalog/legkovye/22555-r19-99v-bridgestone-alenza-001-tl09873/"
                }
            ]
        },
        {
            "id": 159683,
            "isNew": false,
            "EDIT_LINK": null,
            "DELETE_LINK": null,
            "props": [
                {
                    "name": "Ширина",
                    "value": "285 "
                },
                {
                    "name": "Диаметр",
                    "value": "17 "
                }
            ],
            "type": "tires",
            "isPromo": null,
            "amount": 4,
            "season": "Летние",
            "price": 18240,
            "name": "285/65 R17 116V GOODYEAR EfficientGrip SUV TL",
            "sectionId": 7278,
            "sectionName": "Легковые",
            "sectionPath": [
                {
                    "ID": "7278",
                    "NAME": "Легковые"
                },
                {
                    "ID": "7267",
                    "NAME": "Шины"
                }
            ],
            "imgSrc": "/upload/resize_cache/rembg-image/25b/275_275_1/5yxuvy9x14offiann5ey27jv5z9y0ezo.png",
            "url": "/catalog/legkovye/28565r17-116v-efficientgrip-suv-tl-m-s/",
            "promo": [],
            "discountStores": [],
            "externalStores": [],
            "commonStores": [],
            "brand": "GOODYEAR",
            "brandCode": "",
            "vendorCode": "549602",
            "model": "EfficientGrip SUV",
            "raznItems": [
                {
                    "id": "159146",
                    "name": "265/65 R17",
                    "price": 27190,
                    "amount": "2",
                    "quantity": 1,
                    "url": "/catalog/legkovye/26565r17-112h-efficientgrip-suv-tl-fp-m-s/"
                },
                {
                    "id": "159683",
                    "name": "285/65 R17",
                    "price": 18240,
                    "amount": "4",
                    "quantity": 1,
                    "url": "/catalog/legkovye/28565r17-116v-efficientgrip-suv-tl-m-s/"
                }
            ]
        },
        {
            "id": 144524,
            "isNew": false,
            "EDIT_LINK": null,
            "DELETE_LINK": null,
            "props": [
                {
                    "name": "Ширина",
                    "value": "235 "
                },
                {
                    "name": "Диаметр",
                    "value": "18 "
                }
            ],
            "type": "tires",
            "isPromo": null,
            "amount": 1,
            "season": "Летние",
            "price": 18260,
            "name": "235/55 R18 100H GOODYEAR Eagle F1 Asymmetric 5 TL",
            "sectionId": 7278,
            "sectionName": "Легковые",
            "sectionPath": [
                {
                    "ID": "7278",
                    "NAME": "Легковые"
                },
                {
                    "ID": "7267",
                    "NAME": "Шины"
                }
            ],
            "imgSrc": "/upload/resize_cache/rembg-image/80b/275_275_1/53sc3h5iqjmzm0dqn0ym6hmn5547bo5i.png",
            "url": "/catalog/legkovye/23555r18-100h-eagle-f1-asymmetric-5-tl/",
            "promo": [],
            "discountStores": [],
            "externalStores": [],
            "commonStores": [],
            "brand": "GOODYEAR",
            "brandCode": "",
            "vendorCode": "577596",
            "model": "Eagle F1 Asymmetric 5",
            "raznItems": [
                {
                    "id": "143185",
                    "name": "245/35 R18",
                    "price": 14490,
                    "amount": "2",
                    "quantity": 1,
                    "url": "/catalog/legkovye/24535r18-92y-xl-eagle-f1-asymmetric-5-tl-fp/"
                },
                {
                    "id": "143199",
                    "name": "255/35 R18",
                    "price": 14420,
                    "amount": "4",
                    "quantity": 1,
                    "url": "/catalog/legkovye/25535r18-94y-xl-eagle-f1-asymmetric-5-tl-fp/"
                },
                {
                    "id": "143519",
                    "name": "225/45 R18",
                    "price": 13150,
                    "amount": "2",
                    "quantity": 1,
                    "url": "/catalog/legkovye/22545r18-95y-xl-eagle-f1-asymmetric-5-mo-tl-fp/"
                },
                {
                    "id": "144394",
                    "name": "245/40 R18",
                    "price": 12890,
                    "amount": "1",
                    "quantity": 1,
                    "url": "/catalog/legkovye/24540r18-97y-xl-eagle-f1-asymmetric-5-mo-tl-fp/"
                },
                {
                    "id": "144524",
                    "name": "235/55 R18",
                    "price": 18260,
                    "amount": "1",
                    "quantity": 1,
                    "url": "/catalog/legkovye/23555r18-100h-eagle-f1-asymmetric-5-tl/"
                }
            ]
        },
        {
            "id": 119829,
            "isNew": false,
            "EDIT_LINK": null,
            "DELETE_LINK": null,
            "props": [
                {
                    "name": "Ширина",
                    "value": "225 "
                },
                {
                    "name": "Диаметр",
                    "value": "19 "
                }
            ],
            "type": "tires",
            "isPromo": null,
            "amount": 3,
            "season": "Летние",
            "price": 18270,
            "name": "225/40 R19 93Y YOKOHAMA Advan Sport V105S TL",
            "sectionId": 7278,
            "sectionName": "Легковые",
            "sectionPath": [
                {
                    "ID": "7278",
                    "NAME": "Легковые"
                },
                {
                    "ID": "7267",
                    "NAME": "Шины"
                }
            ],
            "imgSrc": "/upload/resize_cache/rembg-image/e26/275_275_1/q2oxn80hx7str9m6r3qmnu3ov5v9t2l0.png",
            "url": "/catalog/legkovye/22540zr19-93y-xl-advan-sport-v105s-tl/",
            "promo": [],
            "discountStores": [],
            "externalStores": [],
            "commonStores": [],
            "brand": "YOKOHAMA",
            "brandCode": "",
            "vendorCode": "R5085",
            "model": "Advan Sport V105S",
            "raznItems": [
                {
                    "id": "104047",
                    "name": "235/50 R19",
                    "price": 15290,
                    "amount": "32",
                    "quantity": 1,
                    "url": "/catalog/legkovye/23550-r19-99w-yokohama-advan-sport-v105s-tl91356/"
                },
                {
                    "id": "113749",
                    "name": "225/45 R19",
                    "price": 16840,
                    "amount": "2",
                    "quantity": 1,
                    "url": "/catalog/legkovye/22545-r19-96y-yokohama-advan-sport-v105s-tl08479/"
                },
                {
                    "id": "113750",
                    "name": "255/45 R19",
                    "price": 22530,
                    "amount": "17",
                    "quantity": 1,
                    "url": "/catalog/legkovye/25545-r19-100y-yokohama-advan-sport-v105s-tl08720/"
                },
                {
                    "id": "117927",
                    "name": "275/30 R19",
                    "price": 23040,
                    "amount": "2",
                    "quantity": 1,
                    "url": "/catalog/legkovye/27530zr19-96y-xl-advan-sport-v105s-tl/"
                },
                {
                    "id": "119828",
                    "name": "245/35 R19",
                    "price": 19190,
                    "amount": "3",
                    "quantity": 1,
                    "url": "/catalog/legkovye/24535-r19-93y-yokohama-advan-sport-v105s-tl23800/"
                },
                {
                    "id": "119829",
                    "name": "225/40 R19",
                    "price": 18270,
                    "amount": "3",
                    "quantity": 1,
                    "url": "/catalog/legkovye/22540zr19-93y-xl-advan-sport-v105s-tl/"
                },
                {
                    "id": "158483",
                    "name": "235/45 R19",
                    "price": 19900,
                    "amount": "4",
                    "quantity": 1,
                    "url": "/catalog/legkovye/23545zr19-95y-advan-sport-v105s-tl/"
                }
            ]
        },
        {
            "id": 159144,
            "isNew": false,
            "EDIT_LINK": null,
            "DELETE_LINK": null,
            "props": [
                {
                    "name": "Ширина",
                    "value": "255 "
                },
                {
                    "name": "Диаметр",
                    "value": "17 "
                }
            ],
            "type": "tires",
            "isPromo": null,
            "amount": 1,
            "season": "Летние",
            "price": 18280,
            "name": "255/40 R17 94Y YOKOHAMA Advan Sport V103S TL",
            "sectionId": 7278,
            "sectionName": "Легковые",
            "sectionPath": [
                {
                    "ID": "7278",
                    "NAME": "Легковые"
                },
                {
                    "ID": "7267",
                    "NAME": "Шины"
                }
            ],
            "imgSrc": "/upload/resize_cache/rembg-image/636/275_275_1/793ghzvx09wh8656ubhxip0a78ey74yi.png",
            "url": "/catalog/legkovye/25540r17-94y-advan-sport-v103s-tl-zps/",
            "promo": [],
            "discountStores": [],
            "externalStores": [],
            "commonStores": [],
            "brand": "YOKOHAMA",
            "brandCode": "",
            "vendorCode": "R6105",
            "model": "Advan Sport V103S",
            "raznItems": [
                {
                    "id": "159144",
                    "name": "255/40 R17",
                    "price": 18280,
                    "amount": "1",
                    "quantity": 1,
                    "url": "/catalog/legkovye/25540r17-94y-advan-sport-v103s-tl-zps/"
                }
            ]
        },
        {
            "id": 103113,
            "isNew": false,
            "EDIT_LINK": null,
            "DELETE_LINK": null,
            "props": [
                {
                    "name": "Ширина",
                    "value": "225 "
                },
                {
                    "name": "Диаметр",
                    "value": "16 "
                }
            ],
            "type": "tires",
            "isPromo": null,
            "amount": 1,
            "season": "Летние",
            "price": 18300,
            "name": "225/70 R16 102/99R BFGOODRICH All-Terrain T/A KO2 TL",
            "sectionId": 7278,
            "sectionName": "Легковые",
            "sectionPath": [
                {
                    "ID": "7278",
                    "NAME": "Легковые"
                },
                {
                    "ID": "7267",
                    "NAME": "Шины"
                }
            ],
            "imgSrc": "/upload/resize_cache/rembg-image/243/275_275_1/opgk4sp1bnjxkwju5ya9b48ra78wftm6.png",
            "url": "/catalog/legkovye/22570-r16-10299r-bfgoodrich-all-terrain-ta-ko2-tl75156/",
            "promo": [],
            "discountStores": [],
            "externalStores": [],
            "commonStores": [
                {
                    "STORE_ID": "158",
                    "PRODUCT_ID": "103113",
                    "AMOUNT": "1",
                    "PRODUCT_XML_ID": "75156",
                    "STORE_XML_ID": "351",
                    "STORE_NAME": "Оптовый Склад",
                    "PRICE": "18300.00",
                    "PRICE_ID": "9"
                }
            ],
            "brand": "BFGOODRICH",
            "brandCode": "268",
            "vendorCode": "172490",
            "model": "All-Terrain T/A KO2",
            "raznItems": [
                {
                    "id": "103113",
                    "name": "225/70 R16",
                    "price": 18300,
                    "amount": "1",
                    "quantity": 1,
                    "url": "/catalog/legkovye/22570-r16-10299r-bfgoodrich-all-terrain-ta-ko2-tl75156/"
                }
            ]
        },
        {
            "id": 138313,
            "isNew": false,
            "EDIT_LINK": null,
            "DELETE_LINK": null,
            "props": [
                {
                    "name": "Ширина",
                    "value": "245 "
                },
                {
                    "name": "Диаметр",
                    "value": "19 "
                }
            ],
            "type": "tires",
            "isPromo": null,
            "amount": 35,
            "season": "Летние",
            "price": 18310,
            "name": "245/40 R19 98Y PIRELLI Powergy TL",
            "sectionId": 7278,
            "sectionName": "Легковые",
            "sectionPath": [
                {
                    "ID": "7278",
                    "NAME": "Легковые"
                },
                {
                    "ID": "7267",
                    "NAME": "Шины"
                }
            ],
            "imgSrc": "/upload/resize_cache/rembg-image/838/275_275_1/c5uipn7uee4ypl2yqpk644unqiysr2cu.png",
            "url": "/catalog/legkovye/24540-r19-98y-pirelli-powergy-tl54338/",
            "promo": [],
            "discountStores": [],
            "externalStores": [],
            "commonStores": [
                {
                    "STORE_ID": "158",
                    "PRODUCT_ID": "138313",
                    "AMOUNT": "35",
                    "PRODUCT_XML_ID": "FORTOCHKI_3883600",
                    "STORE_XML_ID": "351",
                    "STORE_NAME": "Оптовый Склад",
                    "PRICE": "18310.00",
                    "PRICE_ID": "9"
                }
            ],
            "brand": "PIRELLI",
            "brandCode": "",
            "vendorCode": "3883600",
            "model": "Powergy",
            "raznItems": [
                {
                    "id": "138313",
                    "name": "245/40 R19",
                    "price": 18310,
                    "amount": "35",
                    "quantity": 1,
                    "url": "/catalog/legkovye/24540-r19-98y-pirelli-powergy-tl54338/"
                },
                {
                    "id": "138315",
                    "name": "235/50 R19",
                    "price": 16920,
                    "amount": "4",
                    "quantity": 1,
                    "url": "/catalog/legkovye/23550-r19-99v-pirelli-powergy-tl54331/"
                }
            ]
        },
        {
            "id": 117302,
            "isNew": false,
            "EDIT_LINK": null,
            "DELETE_LINK": null,
            "props": [
                {
                    "name": "Ширина",
                    "value": "245 "
                },
                {
                    "name": "Диаметр",
                    "value": "18 "
                }
            ],
            "type": "tires",
            "isPromo": null,
            "amount": 4,
            "season": "Летние",
            "price": 18310,
            "name": "245/40 R18 97Y CONTINENTAL ContiSportContact 5 TL",
            "sectionId": 7278,
            "sectionName": "Легковые",
            "sectionPath": [
                {
                    "ID": "7278",
                    "NAME": "Легковые"
                },
                {
                    "ID": "7267",
                    "NAME": "Шины"
                }
            ],
            "imgSrc": "/upload/resize_cache/rembg-image/bd7/275_275_1/d2tjzv2e2xvmtjgh5p3kplitnar8c9tg.png",
            "url": "/catalog/legkovye/24540-r18-97y-continental-contisportcontact-5-tl19481/",
            "promo": [],
            "discountStores": [],
            "externalStores": [],
            "commonStores": [
                {
                    "STORE_ID": "158",
                    "PRODUCT_ID": "117302",
                    "AMOUNT": "4",
                    "PRODUCT_XML_ID": "FORTOCHKI_0356438",
                    "STORE_XML_ID": "351",
                    "STORE_NAME": "Оптовый Склад",
                    "PRICE": "18310.00",
                    "PRICE_ID": "9"
                }
            ],
            "brand": "CONTINENTAL",
            "brandCode": "",
            "vendorCode": "0356438",
            "model": "ContiSportContact 5",
            "raznItems": [
                {
                    "id": "93795",
                    "name": "225/45 R18",
                    "price": 16840,
                    "amount": "1",
                    "quantity": 1,
                    "url": "/catalog/legkovye/22545r18-91y-contisportcontact-5-tl-fr/"
                },
                {
                    "id": "93799",
                    "name": "245/50 R18",
                    "price": 19630,
                    "amount": "1",
                    "quantity": 1,
                    "url": "/catalog/legkovye/24550zr18-100y-contisportcontact-5-n0-tl-fr/"
                },
                {
                    "id": "102529",
                    "name": "255/55 R18",
                    "price": 16590,
                    "amount": "3",
                    "quantity": 1,
                    "url": "/catalog/legkovye/25555r18-105w-contisportcontact-5-n0-tl-fr/"
                },
                {
                    "id": "117302",
                    "name": "245/40 R18",
                    "price": 18310,
                    "amount": "4",
                    "quantity": 1,
                    "url": "/catalog/legkovye/24540-r18-97y-continental-contisportcontact-5-tl19481/"
                },
                {
                    "id": "123027",
                    "name": "245/40 R18",
                    "price": 14600,
                    "amount": "1",
                    "quantity": 1,
                    "url": "/catalog/legkovye/24540r18-93y-contisportcontact-5-ao-tl-fr/"
                },
                {
                    "id": "145077",
                    "name": "225/40 R18",
                    "price": 14740,
                    "amount": "1",
                    "quantity": 1,
                    "url": "/catalog/legkovye/22540-r18-92y-continental-contisportcontact-5-tl10958/"
                }
            ]
        },
        {
            "id": 100651,
            "isNew": false,
            "EDIT_LINK": null,
            "DELETE_LINK": null,
            "props": [
                {
                    "name": "Ширина",
                    "value": "245 "
                },
                {
                    "name": "Диаметр",
                    "value": "18 "
                }
            ],
            "type": "tires",
            "isPromo": null,
            "amount": 3,
            "season": "Летние",
            "price": 18310,
            "name": "245/40 R18 97Y CONTINENTAL ContiSportContact 3 TL",
            "sectionId": 7278,
            "sectionName": "Легковые",
            "sectionPath": [
                {
                    "ID": "7278",
                    "NAME": "Легковые"
                },
                {
                    "ID": "7267",
                    "NAME": "Шины"
                }
            ],
            "imgSrc": "/upload/resize_cache/rembg-image/b81/275_275_1/3uhpuat1ci1io1s1qlxypa9ear4g11ky.png",
            "url": "/catalog/legkovye/24540-r18-97y-continental-contisportcontact-3-tl59923/",
            "promo": [],
            "discountStores": [],
            "externalStores": [],
            "commonStores": [
                {
                    "STORE_ID": "158",
                    "PRODUCT_ID": "100651",
                    "AMOUNT": "3",
                    "PRODUCT_XML_ID": "FORTOCHKI_0357915",
                    "STORE_XML_ID": "351",
                    "STORE_NAME": "Оптовый Склад",
                    "PRICE": "18310.00",
                    "PRICE_ID": "9"
                }
            ],
            "brand": "CONTINENTAL",
            "brandCode": "",
            "vendorCode": "0357915",
            "model": "ContiSportContact 3",
            "raznItems": [
                {
                    "id": "93620",
                    "name": "265/35 R18",
                    "price": 20740,
                    "amount": "2",
                    "quantity": 1,
                    "url": "/catalog/legkovye/26535r18-97y-xl-contisportcontact-3-mo-tl-fr/"
                },
                {
                    "id": "100651",
                    "name": "245/40 R18",
                    "price": 18310,
                    "amount": "3",
                    "quantity": 1,
                    "url": "/catalog/legkovye/24540-r18-97y-continental-contisportcontact-3-tl59923/"
                }
            ]
        },
        {
            "id": 168430,
            "isNew": false,
            "EDIT_LINK": null,
            "DELETE_LINK": null,
            "props": [
                {
                    "name": "Ширина",
                    "value": "225 "
                },
                {
                    "name": "Диаметр",
                    "value": "17 "
                }
            ],
            "type": "tires",
            "isPromo": null,
            "amount": 4,
            "season": "Летние",
            "price": 18320,
            "name": "225/50 R17 94H BRIDGESTONE Dueler H/P Sport TL",
            "sectionId": 7278,
            "sectionName": "Легковые",
            "sectionPath": [
                {
                    "ID": "7278",
                    "NAME": "Легковые"
                },
                {
                    "ID": "7267",
                    "NAME": "Шины"
                }
            ],
            "imgSrc": "/upload/resize_cache/iblock/8c1/275_275_1/tz6eg5yhcd99n01aubnjjo78dtkjggf3.png",
            "url": "/catalog/legkovye/22550-r17-94h-bridgestone-dueler-hp-sport-tl-psr0p20603/",
            "promo": [],
            "discountStores": [],
            "externalStores": [],
            "commonStores": [],
            "brand": "BRIDGESTONE",
            "brandCode": "",
            "vendorCode": "PSR0P20603",
            "model": "Dueler H/P Sport",
            "raznItems": [
                {
                    "id": "168430",
                    "name": "225/50 R17",
                    "price": 18320,
                    "amount": "4",
                    "quantity": 1,
                    "url": "/catalog/legkovye/22550-r17-94h-bridgestone-dueler-hp-sport-tl-psr0p20603/"
                }
            ]
        },
        {
            "id": 161014,
            "isNew": false,
            "EDIT_LINK": null,
            "DELETE_LINK": null,
            "props": [
                {
                    "name": "Ширина",
                    "value": "225 "
                },
                {
                    "name": "Диаметр",
                    "value": "17 "
                }
            ],
            "type": "tires",
            "isPromo": null,
            "amount": 4,
            "season": "Летние",
            "price": 18320,
            "name": "225/45 R17 94Y BRIDGESTONE Turanza T005 TL",
            "sectionId": 7278,
            "sectionName": "Легковые",
            "sectionPath": [
                {
                    "ID": "7278",
                    "NAME": "Легковые"
                },
                {
                    "ID": "7267",
                    "NAME": "Шины"
                }
            ],
            "imgSrc": "/upload/resize_cache/rembg-image/1f7/275_275_1/p88ab9amail864ll8y0snjp149iigrep.png",
            "url": "/catalog/legkovye/22545r17-94y-xl-turanza-t005--tl-rft/",
            "promo": [],
            "discountStores": [],
            "externalStores": [],
            "commonStores": [],
            "brand": "BRIDGESTONE",
            "brandCode": "",
            "vendorCode": "BR009854",
            "model": "Turanza T005",
            "raznItems": [
                {
                    "id": "148035",
                    "name": "225/50 R17",
                    "price": 18320,
                    "amount": "4",
                    "quantity": 1,
                    "url": "/catalog/legkovye/22550r17-98y-xl-turanza-t005--tl-rft-br009821/"
                },
                {
                    "id": "161014",
                    "name": "225/45 R17",
                    "price": 18320,
                    "amount": "4",
                    "quantity": 1,
                    "url": "/catalog/legkovye/22545r17-94y-xl-turanza-t005--tl-rft/"
                }
            ]
        },
        {
            "id": 148035,
            "isNew": false,
            "EDIT_LINK": null,
            "DELETE_LINK": null,
            "props": [
                {
                    "name": "Ширина",
                    "value": "225 "
                },
                {
                    "name": "Диаметр",
                    "value": "17 "
                }
            ],
            "type": "tires",
            "isPromo": null,
            "amount": 4,
            "season": "Летние",
            "price": 18320,
            "name": "225/50R17 98Y XL Turanza T005 * TL RFT",
            "sectionId": 7278,
            "sectionName": "Легковые",
            "sectionPath": [
                {
                    "ID": "7278",
                    "NAME": "Легковые"
                },
                {
                    "ID": "7267",
                    "NAME": "Шины"
                }
            ],
            "imgSrc": "/upload/resize_cache/rembg-image/448/275_275_1/h87luqa4cx4gwg54j3y8azp3e981un03.png",
            "url": "/catalog/legkovye/22550r17-98y-xl-turanza-t005--tl-rft-br009821/",
            "promo": [],
            "discountStores": [],
            "externalStores": [],
            "commonStores": [],
            "brand": "BRIDGESTONE",
            "brandCode": "",
            "vendorCode": "BR009821",
            "model": "Turanza T005",
            "raznItems": [
                {
                    "id": "148035",
                    "name": "225/50 R17",
                    "price": 18320,
                    "amount": "4",
                    "quantity": 1,
                    "url": "/catalog/legkovye/22550r17-98y-xl-turanza-t005--tl-rft-br009821/"
                },
                {
                    "id": "161014",
                    "name": "225/45 R17",
                    "price": 18320,
                    "amount": "4",
                    "quantity": 1,
                    "url": "/catalog/legkovye/22545r17-94y-xl-turanza-t005--tl-rft/"
                }
            ]
        },
        {
            "id": 135328,
            "isNew": false,
            "EDIT_LINK": null,
            "DELETE_LINK": null,
            "props": [
                {
                    "name": "Ширина",
                    "value": "255 "
                },
                {
                    "name": "Диаметр",
                    "value": "19 "
                }
            ],
            "type": "tires",
            "isPromo": null,
            "amount": 2,
            "season": "Летние",
            "price": 18350,
            "name": "255/35 R19 96Y BFGOODRICH Advantage TL",
            "sectionId": 7278,
            "sectionName": "Легковые",
            "sectionPath": [
                {
                    "ID": "7278",
                    "NAME": "Легковые"
                },
                {
                    "ID": "7267",
                    "NAME": "Шины"
                }
            ],
            "imgSrc": "/upload/resize_cache/rembg-image/af4/275_275_1/1w48s8gurh23fj0ffouxeqmbtn12j7un.png",
            "url": "/catalog/legkovye/25535-r19-96y-bfgoodrich-advantage-tl65107/",
            "promo": [],
            "discountStores": [],
            "externalStores": [],
            "commonStores": [
                {
                    "STORE_ID": "158",
                    "PRODUCT_ID": "135328",
                    "AMOUNT": "2",
                    "PRODUCT_XML_ID": "65107",
                    "STORE_XML_ID": "351",
                    "STORE_NAME": "Оптовый Склад",
                    "PRICE": "18350.00",
                    "PRICE_ID": "9"
                }
            ],
            "brand": "BFGOODRICH",
            "brandCode": "268",
            "vendorCode": "871670",
            "model": "Advantage",
            "raznItems": [
                {
                    "id": "135328",
                    "name": "255/35 R19",
                    "price": 18350,
                    "amount": "2",
                    "quantity": 1,
                    "url": "/catalog/legkovye/25535-r19-96y-bfgoodrich-advantage-tl65107/"
                }
            ]
        }
    ],
    "filter": {
        "0": {
            "LOGIC": "OR",
            ">STORE_AMOUNT_156": 0,
            ">STORE_AMOUNT_158": 0,
            ">STORE_AMOUNT_159": 0,
            ">STORE_AMOUNT_160": 0,
            ">STORE_AMOUNT_161": 0,
            ">STORE_AMOUNT_164": 0,
            ">STORE_AMOUNT_165": 0,
            ">STORE_AMOUNT_168": 0,
            ">STORE_AMOUNT_169": 0,
            ">STORE_AMOUNT_174": 0,
            ">STORE_AMOUNT_180": 0,
            ">STORE_AMOUNT_184": 0,
            ">STORE_AMOUNT_185": 0,
            ">STORE_AMOUNT_191": 0,
            ">STORE_AMOUNT_192": 0,
            ">STORE_AMOUNT_194": 0,
            ">STORE_AMOUNT_6087": 0
        },
        "1": {
            "LOGIC": "OR",
            ">CATALOG_CATALOG_GROUP_ID_33": 0,
            ">CATALOG_CATALOG_GROUP_ID_90": 0,
            ">CATALOG_CATALOG_GROUP_ID_96": 0,
            ">CATALOG_CATALOG_GROUP_ID_97": 0,
            ">CATALOG_CATALOG_GROUP_ID_98": 0
        },
        "2": {
            "LOGIC": "OR",
            ">STORE_AMOUNT_156": 0,
            ">STORE_AMOUNT_158": 0,
            ">STORE_AMOUNT_159": 0,
            ">STORE_AMOUNT_160": 0,
            ">STORE_AMOUNT_161": 0,
            ">STORE_AMOUNT_164": 0,
            ">STORE_AMOUNT_165": 0,
            ">STORE_AMOUNT_168": 0,
            ">STORE_AMOUNT_169": 0,
            ">STORE_AMOUNT_174": 0,
            ">STORE_AMOUNT_180": 0,
            ">STORE_AMOUNT_184": 0,
            ">STORE_AMOUNT_185": 0,
            ">STORE_AMOUNT_191": 0,
            ">STORE_AMOUNT_192": 0,
            ">STORE_AMOUNT_194": 0,
            ">STORE_AMOUNT_6087": 0
        },
        "3": {
            "LOGIC": "OR",
            ">CATALOG_CATALOG_GROUP_ID_33": 0,
            ">CATALOG_CATALOG_GROUP_ID_90": 0,
            ">CATALOG_CATALOG_GROUP_ID_96": 0,
            ">CATALOG_CATALOG_GROUP_ID_97": 0,
            ">CATALOG_CATALOG_GROUP_ID_98": 0
        },
        "=PROPERTY_458": [
            "154"
        ]
    },
    "promo": {
        "id": "165954",
        "url": "/promo/shiny-v-rassrochku/",
        "name": "Покупки в рассрочку",
        "text": "Теперь вы можете купить зимние шины, или диски в рассрочку быстро и легко: без первоначального взноса и без переплаты!",
        "imgSrc": "/upload/resize_cache/iblock/356/1075_613_1/8iiw8xmv2bzky9euo9mn57dqx6dk3xa9.jpg",
        "videoSrc": null
    },
    "promoFilter": {
        "IBLOCK_ID": 10,
        "ACTIVE": "Y",
        "=PROPERTY_SECTION": 206,
        "=PROPERTY_CATALOG_SEASON": [
            false,
            204
        ],
        "=PROPERTY_CATALOG_BRAND": [
            false
        ]
    },
    "navNum": 1,
    "pagesCount": 111,
    "pageNum": 82
}