{
    "pageUrl": "/catalog/legkovye/?arCatalogFilter_458_1500340406=Y&set_filter=Y&sort%5Brecommendations%5D=asc&PAGEN_1=83",
    "items": [
        {
            "id": 104099,
            "isNew": false,
            "EDIT_LINK": null,
            "DELETE_LINK": null,
            "props": [
                {
                    "name": "Ширина",
                    "value": "235 "
                },
                {
                    "name": "Диаметр",
                    "value": "18 "
                }
            ],
            "type": "tires",
            "isPromo": null,
            "amount": 4,
            "season": "Летние",
            "price": 18360,
            "name": "235/50 R18 97H MICHELIN Latitude Cross TL",
            "sectionId": 7278,
            "sectionName": "Легковые",
            "sectionPath": [
                {
                    "ID": "7278",
                    "NAME": "Легковые"
                },
                {
                    "ID": "7267",
                    "NAME": "Шины"
                }
            ],
            "imgSrc": "/upload/resize_cache/rembg-image/69e/275_275_1/2cexpm2qibvm1pxtiwivb1c9htytlwpy.png",
            "url": "/catalog/legkovye/23550r18-97h-latitude-cross-tl/",
            "promo": [],
            "discountStores": [],
            "externalStores": [],
            "commonStores": [],
            "brand": "MICHELIN",
            "brandCode": "",
            "vendorCode": "630079",
            "model": "Latitude Cross",
            "raznItems": [
                {
                    "id": "104099",
                    "name": "235/50 R18",
                    "price": 18360,
                    "amount": "4",
                    "quantity": 1,
                    "url": "/catalog/legkovye/23550r18-97h-latitude-cross-tl/"
                }
            ]
        },
        {
            "id": 93879,
            "isNew": false,
            "EDIT_LINK": null,
            "DELETE_LINK": null,
            "props": [
                {
                    "name": "Ширина",
                    "value": "255 "
                },
                {
                    "name": "Диаметр",
                    "value": "19 "
                }
            ],
            "type": "tires",
            "isPromo": null,
            "amount": 3,
            "season": "Летние",
            "price": 18360,
            "name": "255/50 R19 103V BRIDGESTONE Ecopia EP850 TL",
            "sectionId": 7278,
            "sectionName": "Легковые",
            "sectionPath": [
                {
                    "ID": "7278",
                    "NAME": "Легковые"
                },
                {
                    "ID": "7267",
                    "NAME": "Шины"
                }
            ],
            "imgSrc": "/upload/resize_cache/rembg-image/8b3/275_275_1/2jrqdvcnq4e1f19hfamp44uos7s5gavm.png",
            "url": "/catalog/legkovye/25550-r19-103v-bridgestone-ecopia-ep850-tl43196/",
            "promo": [],
            "discountStores": [],
            "externalStores": [],
            "commonStores": [
                {
                    "STORE_ID": "158",
                    "PRODUCT_ID": "93879",
                    "AMOUNT": "3",
                    "PRODUCT_XML_ID": "43196",
                    "STORE_XML_ID": "351",
                    "STORE_NAME": "Оптовый Склад",
                    "PRICE": "18360.00",
                    "PRICE_ID": "9"
                }
            ],
            "brand": "BRIDGESTONE",
            "brandCode": "250",
            "vendorCode": "11851",
            "model": "Ecopia EP850",
            "raznItems": [
                {
                    "id": "93879",
                    "name": "255/50 R19",
                    "price": 18360,
                    "amount": "3",
                    "quantity": 1,
                    "url": "/catalog/legkovye/25550-r19-103v-bridgestone-ecopia-ep850-tl43196/"
                }
            ]
        },
        {
            "id": 143210,
            "isNew": false,
            "EDIT_LINK": null,
            "DELETE_LINK": null,
            "props": [
                {
                    "name": "Ширина",
                    "value": "235 "
                },
                {
                    "name": "Диаметр",
                    "value": "15 "
                }
            ],
            "type": "tires",
            "isPromo": null,
            "amount": 4,
            "season": "Летние",
            "price": 18390,
            "name": "235/75 R15 104/101Q BRIDGESTONE Dueler M/T 674 TL",
            "sectionId": 7278,
            "sectionName": "Легковые",
            "sectionPath": [
                {
                    "ID": "7278",
                    "NAME": "Легковые"
                },
                {
                    "ID": "7267",
                    "NAME": "Шины"
                }
            ],
            "imgSrc": "/upload/resize_cache/rembg-image/c14/275_275_1/uausi27dem8x6h1k0nwmqy90lrhud3zr.png",
            "url": "/catalog/legkovye/lt23575r15c-104101q-dueler-mt-674-tl/",
            "promo": [],
            "discountStores": [],
            "externalStores": [],
            "commonStores": [],
            "brand": "BRIDGESTONE",
            "brandCode": "",
            "vendorCode": "BR018344",
            "model": "Dueler M/T 674",
            "raznItems": [
                {
                    "id": "143210",
                    "name": "235/75 R15",
                    "price": 18390,
                    "amount": "4",
                    "quantity": 1,
                    "url": "/catalog/legkovye/lt23575r15c-104101q-dueler-mt-674-tl/"
                }
            ]
        },
        {
            "id": 142881,
            "isNew": false,
            "EDIT_LINK": null,
            "DELETE_LINK": null,
            "props": [
                {
                    "name": "Ширина",
                    "value": "265 "
                },
                {
                    "name": "Диаметр",
                    "value": "18 "
                }
            ],
            "type": "tires",
            "isPromo": null,
            "amount": 1,
            "season": "Летние",
            "price": 18400,
            "name": "265/40 R18 101Y YOKOHAMA Advan Sport V105S TL",
            "sectionId": 7278,
            "sectionName": "Легковые",
            "sectionPath": [
                {
                    "ID": "7278",
                    "NAME": "Легковые"
                },
                {
                    "ID": "7267",
                    "NAME": "Шины"
                }
            ],
            "imgSrc": "/upload/resize_cache/rembg-image/845/275_275_1/h0du1hoo0mvmj3khv9b1y1zz4htseja0.png",
            "url": "/catalog/legkovye/26540zr18-101y-xl-advan-sport-v105s-tl/",
            "promo": [],
            "discountStores": [],
            "externalStores": [],
            "commonStores": [],
            "brand": "YOKOHAMA",
            "brandCode": "",
            "vendorCode": "R5701",
            "model": "Advan Sport V105S",
            "raznItems": [
                {
                    "id": "92911",
                    "name": "225/40 R18",
                    "price": 11720,
                    "amount": "1",
                    "quantity": 1,
                    "url": "/catalog/legkovye/22540-r18-92y-yokohama-advan-sport-v105s-tl07797/"
                },
                {
                    "id": "93745",
                    "name": "255/35 R18",
                    "price": 16650,
                    "amount": "4",
                    "quantity": 1,
                    "url": "/catalog/legkovye/25535zr18-94y-xl-advan-sport-v105s-tl/"
                },
                {
                    "id": "101386",
                    "name": "245/40 R18",
                    "price": 14610,
                    "amount": "4",
                    "quantity": 1,
                    "url": "/catalog/legkovye/24540zr18-97y-xl-advan-sport-v105s-tl/"
                },
                {
                    "id": "104196",
                    "name": "235/50 R18",
                    "price": 14270,
                    "amount": "2",
                    "quantity": 1,
                    "url": "/catalog/legkovye/23550zr18-101y-xl-advan-sport-v105s-tl/"
                },
                {
                    "id": "121619",
                    "name": "235/55 R18",
                    "price": 14340,
                    "amount": "2",
                    "quantity": 1,
                    "url": "/catalog/legkovye/23555r18-100y-advan-sport-v105s-tl/"
                },
                {
                    "id": "142881",
                    "name": "265/40 R18",
                    "price": 18400,
                    "amount": "1",
                    "quantity": 1,
                    "url": "/catalog/legkovye/26540zr18-101y-xl-advan-sport-v105s-tl/"
                },
                {
                    "id": "144967",
                    "name": "235/40 R18",
                    "price": 16030,
                    "amount": "4",
                    "quantity": 1,
                    "url": "/catalog/legkovye/23540zr18-95y-xl-advan-sport-v105s-tl/"
                },
                {
                    "id": "145072",
                    "name": "255/45 R18",
                    "price": 16470,
                    "amount": "2",
                    "quantity": 1,
                    "url": "/catalog/legkovye/25545-r18-103y-yokohama-advan-sport-v105s-tl10353/"
                },
                {
                    "id": "156520",
                    "name": "235/40 R18",
                    "price": 16030,
                    "amount": "8",
                    "quantity": 1,
                    "url": "/catalog/legkovye/23540zr18-95y-advan-sport-v105s-tl/"
                },
                {
                    "id": "157764",
                    "name": "225/45 R18",
                    "price": 13990,
                    "amount": "4",
                    "quantity": 1,
                    "url": "/catalog/legkovye/22545zr18-95y-xl-advan-sport-v105s-tl/"
                },
                {
                    "id": "159140",
                    "name": "275/40 R18",
                    "price": 19940,
                    "amount": "2",
                    "quantity": 1,
                    "url": "/catalog/legkovye/27540r18-103y-rf-advan-sport-v105s-tl/"
                }
            ]
        },
        {
            "id": 157766,
            "isNew": false,
            "EDIT_LINK": null,
            "DELETE_LINK": null,
            "props": [
                {
                    "name": "Ширина",
                    "value": "265 "
                },
                {
                    "name": "Диаметр",
                    "value": "18 "
                }
            ],
            "type": "tires",
            "isPromo": null,
            "amount": 4,
            "season": "Летние",
            "price": 18410,
            "name": "265/35 R18 97W YOKOHAMA Advan dB V552 TL",
            "sectionId": 7278,
            "sectionName": "Легковые",
            "sectionPath": [
                {
                    "ID": "7278",
                    "NAME": "Легковые"
                },
                {
                    "ID": "7267",
                    "NAME": "Шины"
                }
            ],
            "imgSrc": "/upload/resize_cache/rembg-image/d89/275_275_1/00tgxledi62gyg7ydnpg6gi3ahmhqpue.png",
            "url": "/catalog/legkovye/26535r18-97w-advan-db-v552-tl/",
            "promo": [],
            "discountStores": [],
            "externalStores": [],
            "commonStores": [],
            "brand": "YOKOHAMA",
            "brandCode": "",
            "vendorCode": "R2862",
            "model": "Advan dB V552",
            "raznItems": [
                {
                    "id": "142920",
                    "name": "235/45 R18",
                    "price": 13640,
                    "amount": "7",
                    "quantity": 1,
                    "url": "/catalog/legkovye/23545r18-94w-advan-db-v552-tl/"
                },
                {
                    "id": "143214",
                    "name": "225/45 R18",
                    "price": 12860,
                    "amount": "4",
                    "quantity": 1,
                    "url": "/catalog/legkovye/22545r18-91w-advan-db-v552-tl/"
                },
                {
                    "id": "143256",
                    "name": "245/40 R18",
                    "price": 13840,
                    "amount": "9",
                    "quantity": 1,
                    "url": "/catalog/legkovye/24540r18-93y-advan-db-v552-tl/"
                },
                {
                    "id": "157766",
                    "name": "265/35 R18",
                    "price": 18410,
                    "amount": "4",
                    "quantity": 1,
                    "url": "/catalog/legkovye/26535r18-97w-advan-db-v552-tl/"
                }
            ]
        },
        {
            "id": 121436,
            "isNew": false,
            "EDIT_LINK": null,
            "DELETE_LINK": null,
            "props": [
                {
                    "name": "Ширина",
                    "value": "225 "
                },
                {
                    "name": "Диаметр",
                    "value": "18 "
                }
            ],
            "type": "tires",
            "isPromo": null,
            "amount": 2,
            "season": "Летние",
            "price": 18430,
            "name": "225/60 R18 104W MICHELIN CrossClimate SUV TL",
            "sectionId": 7278,
            "sectionName": "Легковые",
            "sectionPath": [
                {
                    "ID": "7278",
                    "NAME": "Легковые"
                },
                {
                    "ID": "7267",
                    "NAME": "Шины"
                }
            ],
            "imgSrc": "/upload/resize_cache/rembg-image/a6c/275_275_1/wi93tsfjbhdgxqcpqfpjkhnmknk7k56j.png",
            "url": "/catalog/legkovye/22560r18-104w-xl-crossclimate-suv-tl/",
            "promo": [],
            "discountStores": [],
            "externalStores": [],
            "commonStores": [],
            "brand": "MICHELIN",
            "brandCode": "",
            "vendorCode": "864757",
            "model": "CrossClimate SUV",
            "raznItems": [
                {
                    "id": "121436",
                    "name": "225/60 R18",
                    "price": 18430,
                    "amount": "2",
                    "quantity": 1,
                    "url": "/catalog/legkovye/22560r18-104w-xl-crossclimate-suv-tl/"
                }
            ]
        },
        {
            "id": 125231,
            "isNew": false,
            "EDIT_LINK": null,
            "DELETE_LINK": null,
            "props": [
                {
                    "name": "Ширина",
                    "value": "235 "
                },
                {
                    "name": "Диаметр",
                    "value": "17 "
                }
            ],
            "type": "tires",
            "isPromo": null,
            "amount": 4,
            "season": "Летние",
            "price": 18440,
            "name": "235/50 R17 96W MICHELIN Primacy 3 TL",
            "sectionId": 7278,
            "sectionName": "Легковые",
            "sectionPath": [
                {
                    "ID": "7278",
                    "NAME": "Легковые"
                },
                {
                    "ID": "7267",
                    "NAME": "Шины"
                }
            ],
            "imgSrc": "/upload/resize_cache/rembg-image/9c8/275_275_1/v1xsy78v7kdy4vqor74twz14vahz8xol.png",
            "url": "/catalog/legkovye/23550r17-96w-primacy-3-tl/",
            "promo": [],
            "discountStores": [],
            "externalStores": [],
            "commonStores": [],
            "brand": "MICHELIN",
            "brandCode": "",
            "vendorCode": "832597",
            "model": "Primacy 3",
            "raznItems": [
                {
                    "id": "93695",
                    "name": "215/55 R17",
                    "price": 12640,
                    "amount": "4",
                    "quantity": 1,
                    "url": "/catalog/legkovye/21555-r17-98w-michelin-primacy-3-tl42571/"
                },
                {
                    "id": "125231",
                    "name": "235/50 R17",
                    "price": 18440,
                    "amount": "4",
                    "quantity": 1,
                    "url": "/catalog/legkovye/23550r17-96w-primacy-3-tl/"
                },
                {
                    "id": "158775",
                    "name": "215/60 R17",
                    "price": 12590,
                    "amount": "1",
                    "quantity": 1,
                    "url": "/catalog/legkovye/21560r17-96h-primacy-3-tl/"
                }
            ]
        },
        {
            "id": 155739,
            "isNew": false,
            "EDIT_LINK": null,
            "DELETE_LINK": null,
            "props": [
                {
                    "name": "Ширина",
                    "value": "255 "
                },
                {
                    "name": "Диаметр",
                    "value": "19 "
                }
            ],
            "type": "tires",
            "isPromo": null,
            "amount": 2,
            "season": "Летние",
            "price": 18550,
            "name": "255/35 R19 96W YOKOHAMA Advan Fleva V701 TL",
            "sectionId": 7278,
            "sectionName": "Легковые",
            "sectionPath": [
                {
                    "ID": "7278",
                    "NAME": "Легковые"
                },
                {
                    "ID": "7267",
                    "NAME": "Шины"
                }
            ],
            "imgSrc": "/upload/resize_cache/rembg-image/3c2/275_275_1/h84gx0z2vg21v8n7yb3658hlpoqz8lce.png",
            "url": "/catalog/legkovye/25535-r19-96w-yokohama-advan-fleva-v701-tl24663/",
            "promo": [],
            "discountStores": [],
            "externalStores": [],
            "commonStores": [
                {
                    "STORE_ID": "158",
                    "PRODUCT_ID": "155739",
                    "AMOUNT": "2",
                    "PRODUCT_XML_ID": "24663",
                    "STORE_XML_ID": "351",
                    "STORE_NAME": "Оптовый Склад",
                    "PRICE": "18550.00",
                    "PRICE_ID": "9"
                }
            ],
            "brand": "YOKOHAMA",
            "brandCode": "",
            "vendorCode": "R0415",
            "model": "Advan Fleva V701",
            "raznItems": [
                {
                    "id": "119823",
                    "name": "275/35 R19",
                    "price": 20420,
                    "amount": "10",
                    "quantity": 1,
                    "url": "/catalog/legkovye/27535-r19-100w-yokohama-advan-fleva-v701-tl23795/"
                },
                {
                    "id": "155739",
                    "name": "255/35 R19",
                    "price": 18550,
                    "amount": "2",
                    "quantity": 1,
                    "url": "/catalog/legkovye/25535-r19-96w-yokohama-advan-fleva-v701-tl24663/"
                }
            ]
        },
        {
            "id": 119832,
            "isNew": false,
            "EDIT_LINK": null,
            "DELETE_LINK": null,
            "props": [
                {
                    "name": "Ширина",
                    "value": "235 "
                },
                {
                    "name": "Диаметр",
                    "value": "19 "
                }
            ],
            "type": "tires",
            "isPromo": null,
            "amount": 1,
            "season": "Летние",
            "price": 15250,
            "name": "235/55 R19 101Y YOKOHAMA Advan Sport V105 TL",
            "sectionId": 7278,
            "sectionName": "Легковые",
            "sectionPath": [
                {
                    "ID": "7278",
                    "NAME": "Легковые"
                },
                {
                    "ID": "7267",
                    "NAME": "Шины"
                }
            ],
            "imgSrc": "/upload/resize_cache/rembg-image/bc5/275_275_1/lvh8igldlk77rilnsu4zoc9zevu9tt3d.png",
            "url": "/catalog/legkovye/23555-r19-101y-yokohama-advan-sport-v105-tl23807/",
            "promo": [],
            "discountStores": [],
            "externalStores": [],
            "commonStores": [
                {
                    "STORE_ID": "158",
                    "PRODUCT_ID": "119832",
                    "AMOUNT": "1",
                    "PRODUCT_XML_ID": "23807",
                    "STORE_XML_ID": "351",
                    "STORE_NAME": "Оптовый Склад",
                    "PRICE": "15250.00",
                    "PRICE_ID": "9"
                }
            ],
            "brand": "YOKOHAMA",
            "brandCode": "393",
            "vendorCode": "R0157",
            "model": "Advan Sport V105",
            "raznItems": [
                {
                    "id": "104319",
                    "name": "245/50 R19",
                    "price": 20270,
                    "amount": "1",
                    "quantity": 1,
                    "url": "/catalog/legkovye/24550-r19-105w-yokohama-advan-sport-v105-tl09245/"
                },
                {
                    "id": "119831",
                    "name": "245/40 R19",
                    "price": 18590,
                    "amount": "2",
                    "quantity": 1,
                    "url": "/catalog/legkovye/24540-r19-98y-yokohama-advan-sport-v105-tl23803/"
                },
                {
                    "id": "119832",
                    "name": "235/55 R19",
                    "price": 15250,
                    "amount": "1",
                    "quantity": 1,
                    "url": "/catalog/legkovye/23555-r19-101y-yokohama-advan-sport-v105-tl23807/"
                }
            ]
        },
        {
            "id": 119831,
            "isNew": false,
            "EDIT_LINK": null,
            "DELETE_LINK": null,
            "props": [
                {
                    "name": "Ширина",
                    "value": "245 "
                },
                {
                    "name": "Диаметр",
                    "value": "19 "
                }
            ],
            "type": "tires",
            "isPromo": null,
            "amount": 2,
            "season": "Летние",
            "price": 18590,
            "name": "245/40 R19 98Y YOKOHAMA Advan Sport V105 TL",
            "sectionId": 7278,
            "sectionName": "Легковые",
            "sectionPath": [
                {
                    "ID": "7278",
                    "NAME": "Легковые"
                },
                {
                    "ID": "7267",
                    "NAME": "Шины"
                }
            ],
            "imgSrc": "/upload/resize_cache/rembg-image/6ef/275_275_1/j93ks42t9bjpx1adk2eih2o5ghk17lnf.png",
            "url": "/catalog/legkovye/24540-r19-98y-yokohama-advan-sport-v105-tl23803/",
            "promo": [],
            "discountStores": [],
            "externalStores": [],
            "commonStores": [
                {
                    "STORE_ID": "158",
                    "PRODUCT_ID": "119831",
                    "AMOUNT": "2",
                    "PRODUCT_XML_ID": "23803",
                    "STORE_XML_ID": "351",
                    "STORE_NAME": "Оптовый Склад",
                    "PRICE": "18590.00",
                    "PRICE_ID": "9"
                }
            ],
            "brand": "YOKOHAMA",
            "brandCode": "393",
            "vendorCode": "R0713",
            "model": "Advan Sport V105",
            "raznItems": [
                {
                    "id": "104319",
                    "name": "245/50 R19",
                    "price": 20270,
                    "amount": "1",
                    "quantity": 1,
                    "url": "/catalog/legkovye/24550-r19-105w-yokohama-advan-sport-v105-tl09245/"
                },
                {
                    "id": "119831",
                    "name": "245/40 R19",
                    "price": 18590,
                    "amount": "2",
                    "quantity": 1,
                    "url": "/catalog/legkovye/24540-r19-98y-yokohama-advan-sport-v105-tl23803/"
                },
                {
                    "id": "119832",
                    "name": "235/55 R19",
                    "price": 15250,
                    "amount": "1",
                    "quantity": 1,
                    "url": "/catalog/legkovye/23555-r19-101y-yokohama-advan-sport-v105-tl23807/"
                }
            ]
        },
        {
            "id": 102830,
            "isNew": false,
            "EDIT_LINK": null,
            "DELETE_LINK": null,
            "props": [
                {
                    "name": "Ширина",
                    "value": "275 "
                },
                {
                    "name": "Диаметр",
                    "value": "18 "
                }
            ],
            "type": "tires",
            "isPromo": null,
            "amount": 4,
            "season": "Летние",
            "price": 18600,
            "name": "275/65 R18 116H YOKOHAMA Geolandar A/T G015 TL",
            "sectionId": 7278,
            "sectionName": "Легковые",
            "sectionPath": [
                {
                    "ID": "7278",
                    "NAME": "Легковые"
                },
                {
                    "ID": "7267",
                    "NAME": "Шины"
                }
            ],
            "imgSrc": "/upload/resize_cache/rembg-image/b75/275_275_1/ven4pc5ftjopj73mg2phr1kjv5mo4dy8.png",
            "url": "/catalog/legkovye/27565r18-116h-geolandar-at-g015-tl/",
            "promo": [],
            "discountStores": [],
            "externalStores": [],
            "commonStores": [],
            "brand": "YOKOHAMA",
            "brandCode": "",
            "vendorCode": "R1126",
            "model": "Geolandar A/T G015",
            "raznItems": [
                {
                    "id": "102817",
                    "name": "235/60 R18",
                    "price": 12630,
                    "amount": "2",
                    "quantity": 1,
                    "url": "/catalog/legkovye/23560-r18-107h-yokohama-geolandar-at-g015-tl74005/"
                },
                {
                    "id": "102830",
                    "name": "275/65 R18",
                    "price": 18600,
                    "amount": "4",
                    "quantity": 1,
                    "url": "/catalog/legkovye/27565r18-116h-geolandar-at-g015-tl/"
                },
                {
                    "id": "104040",
                    "name": "265/65 R18",
                    "price": 19760,
                    "amount": "2",
                    "quantity": 1,
                    "url": "/catalog/legkovye/26565-r18-114h-yokohama-geolandar-at-g015-tl91349/"
                },
                {
                    "id": "106246",
                    "name": "225/60 R18",
                    "price": 12200,
                    "amount": "1",
                    "quantity": 1,
                    "url": "/catalog/legkovye/22560-r18-104h-yokohama-geolandar-at-g015-tl62264/"
                },
                {
                    "id": "143154",
                    "name": "255/70 R18",
                    "price": 16600,
                    "amount": "3",
                    "quantity": 1,
                    "url": "/catalog/legkovye/25570r18-113h-geolandar-at-g015-tl-m-s-3pmsf/"
                }
            ]
        },
        {
            "id": 102681,
            "isNew": false,
            "EDIT_LINK": null,
            "DELETE_LINK": null,
            "props": [
                {
                    "name": "Ширина",
                    "value": "225 "
                },
                {
                    "name": "Диаметр",
                    "value": "19 "
                }
            ],
            "type": "tires",
            "isPromo": null,
            "amount": 4,
            "season": "Летние",
            "price": 18610,
            "name": "225/45 R19 96W PIRELLI Scorpion Verde TL",
            "sectionId": 7278,
            "sectionName": "Легковые",
            "sectionPath": [
                {
                    "ID": "7278",
                    "NAME": "Легковые"
                },
                {
                    "ID": "7267",
                    "NAME": "Шины"
                }
            ],
            "imgSrc": "/upload/resize_cache/rembg-image/311/275_275_1/r1uxn4g3cysscnpxw011v560glawycav.png",
            "url": "/catalog/legkovye/22545-r19-96w-pirelli-scorpion-verde-tl73733/",
            "promo": [],
            "discountStores": [],
            "externalStores": [],
            "commonStores": [
                {
                    "STORE_ID": "158",
                    "PRODUCT_ID": "102681",
                    "AMOUNT": "4",
                    "PRODUCT_XML_ID": "FORTOCHKI_2428700",
                    "STORE_XML_ID": "351",
                    "STORE_NAME": "Оптовый Склад",
                    "PRICE": "18610.00",
                    "PRICE_ID": "9"
                }
            ],
            "brand": "PIRELLI",
            "brandCode": "",
            "vendorCode": "2428700",
            "model": "Scorpion Verde",
            "raznItems": [
                {
                    "id": "102681",
                    "name": "225/45 R19",
                    "price": 18610,
                    "amount": "4",
                    "quantity": 1,
                    "url": "/catalog/legkovye/22545-r19-96w-pirelli-scorpion-verde-tl73733/"
                },
                {
                    "id": "143179",
                    "name": "255/50 R19",
                    "price": 21730,
                    "amount": "40",
                    "quantity": 1,
                    "url": "/catalog/legkovye/25550-r19-103v-pirelli-scorpion-verde-tl28168/"
                },
                {
                    "id": "159157",
                    "name": "225/55 R19",
                    "price": 13690,
                    "amount": "4",
                    "quantity": 1,
                    "url": "/catalog/legkovye/22555r19-99v-scorpion-verde-tl/"
                }
            ]
        },
        {
            "id": 104279,
            "isNew": false,
            "EDIT_LINK": null,
            "DELETE_LINK": null,
            "props": [
                {
                    "name": "Ширина",
                    "value": "275 "
                },
                {
                    "name": "Диаметр",
                    "value": "17 "
                }
            ],
            "type": "tires",
            "isPromo": null,
            "amount": 2,
            "season": "Летние",
            "price": 18620,
            "name": "275/65 R17 115T BRIDGESTONE Dueler A/T 001 TL",
            "sectionId": 7278,
            "sectionName": "Легковые",
            "sectionPath": [
                {
                    "ID": "7278",
                    "NAME": "Легковые"
                },
                {
                    "ID": "7267",
                    "NAME": "Шины"
                }
            ],
            "imgSrc": "/upload/resize_cache/rembg-image/457/275_275_1/3i5ykio9bbggnsg3bmbsm4sf7f3v30ru.png",
            "url": "/catalog/legkovye/27565-r17-115t-bridgestone-dueler-at-001-tl05893/",
            "promo": [],
            "discountStores": [],
            "externalStores": [],
            "commonStores": [
                {
                    "STORE_ID": "158",
                    "PRODUCT_ID": "104279",
                    "AMOUNT": "2",
                    "PRODUCT_XML_ID": "05893",
                    "STORE_XML_ID": "351",
                    "STORE_NAME": "Оптовый Склад",
                    "PRICE": "18620.00",
                    "PRICE_ID": "9"
                }
            ],
            "brand": "BRIDGESTONE",
            "brandCode": "250",
            "vendorCode": "12922",
            "model": "Dueler A/T 001",
            "raznItems": [
                {
                    "id": "104279",
                    "name": "275/65 R17",
                    "price": 18620,
                    "amount": "2",
                    "quantity": 1,
                    "url": "/catalog/legkovye/27565-r17-115t-bridgestone-dueler-at-001-tl05893/"
                }
            ]
        },
        {
            "id": 113763,
            "isNew": false,
            "EDIT_LINK": null,
            "DELETE_LINK": null,
            "props": [
                {
                    "name": "Ширина",
                    "value": "255 "
                },
                {
                    "name": "Диаметр",
                    "value": "19 "
                }
            ],
            "type": "tires",
            "isPromo": null,
            "amount": 1,
            "season": "Летние",
            "price": 18650,
            "name": "255/55 R19 111H YOKOHAMA Geolandar A/T G015 TL",
            "sectionId": 7278,
            "sectionName": "Легковые",
            "sectionPath": [
                {
                    "ID": "7278",
                    "NAME": "Легковые"
                },
                {
                    "ID": "7267",
                    "NAME": "Шины"
                }
            ],
            "imgSrc": "/upload/resize_cache/rembg-image/e16/275_275_1/9oe3wbyv73obn7ognz0tc63y3jpg491q.png",
            "url": "/catalog/legkovye/25555-r19-111h-yokohama-geolandar-at-g015-tl09034/",
            "promo": [],
            "discountStores": [],
            "externalStores": [],
            "commonStores": [
                {
                    "STORE_ID": "158",
                    "PRODUCT_ID": "113763",
                    "AMOUNT": "1",
                    "PRODUCT_XML_ID": "09034",
                    "STORE_XML_ID": "351",
                    "STORE_NAME": "Оптовый Склад",
                    "PRICE": "18650.00",
                    "PRICE_ID": "9"
                }
            ],
            "brand": "YOKOHAMA",
            "brandCode": "393",
            "vendorCode": "R4065",
            "model": "Geolandar A/T G015",
            "raznItems": [
                {
                    "id": "113763",
                    "name": "255/55 R19",
                    "price": 18650,
                    "amount": "1",
                    "quantity": 1,
                    "url": "/catalog/legkovye/25555-r19-111h-yokohama-geolandar-at-g015-tl09034/"
                }
            ]
        }
    ],
    "filter": {
        "0": {
            "LOGIC": "OR",
            ">STORE_AMOUNT_156": 0,
            ">STORE_AMOUNT_158": 0,
            ">STORE_AMOUNT_159": 0,
            ">STORE_AMOUNT_160": 0,
            ">STORE_AMOUNT_161": 0,
            ">STORE_AMOUNT_164": 0,
            ">STORE_AMOUNT_165": 0,
            ">STORE_AMOUNT_168": 0,
            ">STORE_AMOUNT_169": 0,
            ">STORE_AMOUNT_174": 0,
            ">STORE_AMOUNT_180": 0,
            ">STORE_AMOUNT_184": 0,
            ">STORE_AMOUNT_185": 0,
            ">STORE_AMOUNT_191": 0,
            ">STORE_AMOUNT_192": 0,
            ">STORE_AMOUNT_194": 0,
            ">STORE_AMOUNT_6087": 0
        },
        "1": {
            "LOGIC": "OR",
            ">CATALOG_CATALOG_GROUP_ID_33": 0,
            ">CATALOG_CATALOG_GROUP_ID_90": 0,
            ">CATALOG_CATALOG_GROUP_ID_96": 0,
            ">CATALOG_CATALOG_GROUP_ID_97": 0,
            ">CATALOG_CATALOG_GROUP_ID_98": 0
        },
        "2": {
            "LOGIC": "OR",
            ">STORE_AMOUNT_156": 0,
            ">STORE_AMOUNT_158": 0,
            ">STORE_AMOUNT_159": 0,
            ">STORE_AMOUNT_160": 0,
            ">STORE_AMOUNT_161": 0,
            ">STORE_AMOUNT_164": 0,
            ">STORE_AMOUNT_165": 0,
            ">STORE_AMOUNT_168": 0,
            ">STORE_AMOUNT_169": 0,
            ">STORE_AMOUNT_174": 0,
            ">STORE_AMOUNT_180": 0,
            ">STORE_AMOUNT_184": 0,
            ">STORE_AMOUNT_185": 0,
            ">STORE_AMOUNT_191": 0,
            ">STORE_AMOUNT_192": 0,
            ">STORE_AMOUNT_194": 0,
            ">STORE_AMOUNT_6087": 0
        },
        "3": {
            "LOGIC": "OR",
            ">CATALOG_CATALOG_GROUP_ID_33": 0,
            ">CATALOG_CATALOG_GROUP_ID_90": 0,
            ">CATALOG_CATALOG_GROUP_ID_96": 0,
            ">CATALOG_CATALOG_GROUP_ID_97": 0,
            ">CATALOG_CATALOG_GROUP_ID_98": 0
        },
        "=PROPERTY_458": [
            "154"
        ]
    },
    "promo": {
        "id": "165954",
        "url": "/promo/shiny-v-rassrochku/",
        "name": "Покупки в рассрочку",
        "text": "Теперь вы можете купить зимние шины, или диски в рассрочку быстро и легко: без первоначального взноса и без переплаты!",
        "imgSrc": "/upload/resize_cache/iblock/356/1075_613_1/8iiw8xmv2bzky9euo9mn57dqx6dk3xa9.jpg",
        "videoSrc": null
    },
    "promoFilter": {
        "IBLOCK_ID": 10,
        "ACTIVE": "Y",
        "=PROPERTY_SECTION": 206,
        "=PROPERTY_CATALOG_SEASON": [
            false,
            204
        ],
        "=PROPERTY_CATALOG_BRAND": [
            false
        ]
    },
    "navNum": 1,
    "pagesCount": 111,
    "pageNum": 83
}