{
    "pageUrl": "/catalog/legkovye/?arCatalogFilter_458_1500340406=Y&set_filter=Y&sort%5Brecommendations%5D=asc&PAGEN_1=85",
    "items": [
        {
            "id": 124828,
            "isNew": false,
            "EDIT_LINK": null,
            "DELETE_LINK": null,
            "props": [
                {
                    "name": "Ширина",
                    "value": "225 "
                },
                {
                    "name": "Диаметр",
                    "value": "18 "
                }
            ],
            "type": "tires",
            "isPromo": null,
            "amount": 1,
            "season": "Летние",
            "price": 19170,
            "name": "225/40 R18 92Y MICHELIN Pilot Sport PS2 TL",
            "sectionId": 7278,
            "sectionName": "Легковые",
            "sectionPath": [
                {
                    "ID": "7278",
                    "NAME": "Легковые"
                },
                {
                    "ID": "7267",
                    "NAME": "Шины"
                }
            ],
            "imgSrc": "/upload/resize_cache/rembg-image/d68/275_275_1/invsxyw92h08f83larrcoa8xterj0u08.png",
            "url": "/catalog/legkovye/22540zr18-92y-xl-pilot-sport-ps2-mo-tl/",
            "promo": [],
            "discountStores": [],
            "externalStores": [],
            "commonStores": [],
            "brand": "MICHELIN",
            "brandCode": "",
            "vendorCode": "572482",
            "model": "Pilot Sport PS2",
            "raznItems": [
                {
                    "id": "124828",
                    "name": "225/40 R18",
                    "price": 19170,
                    "amount": "1",
                    "quantity": 1,
                    "url": "/catalog/legkovye/22540zr18-92y-xl-pilot-sport-ps2-mo-tl/"
                }
            ]
        },
        {
            "id": 161830,
            "isNew": false,
            "EDIT_LINK": null,
            "DELETE_LINK": null,
            "props": [
                {
                    "name": "Ширина",
                    "value": "255 "
                },
                {
                    "name": "Диаметр",
                    "value": "19 "
                }
            ],
            "type": "tires",
            "isPromo": null,
            "amount": 57,
            "season": "Летние",
            "price": 19180,
            "name": "255/50 R19 107Y MICHELIN Pilot Sport 4 SUV TL",
            "sectionId": 7278,
            "sectionName": "Легковые",
            "sectionPath": [
                {
                    "ID": "7278",
                    "NAME": "Легковые"
                },
                {
                    "ID": "7267",
                    "NAME": "Шины"
                }
            ],
            "imgSrc": "/upload/resize_cache/rembg-image/ff4/275_275_1/zuqbzbvxt7z7kqhfk8sb1qllt0sz6fpu.png",
            "url": "/catalog/legkovye/25550-r19-107y-michelin-pilot-sport-4-suv-tl09596/",
            "promo": [],
            "discountStores": [],
            "externalStores": [],
            "commonStores": [
                {
                    "STORE_ID": "156",
                    "PRODUCT_ID": "161830",
                    "AMOUNT": "4",
                    "PRODUCT_XML_ID": "09596",
                    "STORE_XML_ID": "419",
                    "STORE_NAME": "г. Челябинск, Свердловский тракт, 12б",
                    "PRICE": "19180.00",
                    "PRICE_ID": "7"
                },
                {
                    "STORE_ID": "158",
                    "PRODUCT_ID": "161830",
                    "AMOUNT": "49",
                    "PRODUCT_XML_ID": "09596",
                    "STORE_XML_ID": "351",
                    "STORE_NAME": "Оптовый Склад",
                    "PRICE": "19180.00",
                    "PRICE_ID": "9"
                },
                {
                    "STORE_ID": "161",
                    "PRODUCT_ID": "161830",
                    "AMOUNT": "4",
                    "PRODUCT_XML_ID": "09596",
                    "STORE_XML_ID": "383",
                    "STORE_NAME": "г. Челябинск, ул. Федорова 2а",
                    "PRICE": null,
                    "PRICE_ID": null
                }
            ],
            "brand": "MICHELIN",
            "brandCode": "273",
            "vendorCode": "97208",
            "model": "Pilot Sport 4 SUV",
            "raznItems": [
                {
                    "id": "114049",
                    "name": "265/50 R19",
                    "price": 28040,
                    "amount": "57",
                    "quantity": 1,
                    "url": "/catalog/legkovye/26550-r19-110y-michelin-pilot-sport-4-suv-tl09598/"
                },
                {
                    "id": "145019",
                    "name": "235/55 R19",
                    "price": 19910,
                    "amount": "4",
                    "quantity": 1,
                    "url": "/catalog/legkovye/23555-r19-105y-michelin-pilot-sport-4-suv-tl09559/"
                },
                {
                    "id": "161830",
                    "name": "255/50 R19",
                    "price": 19180,
                    "amount": "4",
                    "quantity": 1,
                    "url": "/catalog/legkovye/25550-r19-107y-michelin-pilot-sport-4-suv-tl09596/"
                }
            ]
        },
        {
            "id": 119828,
            "isNew": false,
            "EDIT_LINK": null,
            "DELETE_LINK": null,
            "props": [
                {
                    "name": "Ширина",
                    "value": "245 "
                },
                {
                    "name": "Диаметр",
                    "value": "19 "
                }
            ],
            "type": "tires",
            "isPromo": null,
            "amount": 3,
            "season": "Летние",
            "price": 19190,
            "name": "245/35 R19 93Y YOKOHAMA Advan Sport V105S TL",
            "sectionId": 7278,
            "sectionName": "Легковые",
            "sectionPath": [
                {
                    "ID": "7278",
                    "NAME": "Легковые"
                },
                {
                    "ID": "7267",
                    "NAME": "Шины"
                }
            ],
            "imgSrc": "/upload/resize_cache/rembg-image/0e2/275_275_1/7z51o1xebaxdl7632k3lgoe333kcfvgd.png",
            "url": "/catalog/legkovye/24535-r19-93y-yokohama-advan-sport-v105s-tl23800/",
            "promo": [],
            "discountStores": [],
            "externalStores": [],
            "commonStores": [
                {
                    "STORE_ID": "158",
                    "PRODUCT_ID": "119828",
                    "AMOUNT": "3",
                    "PRODUCT_XML_ID": "FORTOCHKI_R3822",
                    "STORE_XML_ID": "351",
                    "STORE_NAME": "Оптовый Склад",
                    "PRICE": "19190.00",
                    "PRICE_ID": "9"
                }
            ],
            "brand": "YOKOHAMA",
            "brandCode": "",
            "vendorCode": "R3822",
            "model": "Advan Sport V105S",
            "raznItems": [
                {
                    "id": "104047",
                    "name": "235/50 R19",
                    "price": 15290,
                    "amount": "32",
                    "quantity": 1,
                    "url": "/catalog/legkovye/23550-r19-99w-yokohama-advan-sport-v105s-tl91356/"
                },
                {
                    "id": "113749",
                    "name": "225/45 R19",
                    "price": 16840,
                    "amount": "2",
                    "quantity": 1,
                    "url": "/catalog/legkovye/22545-r19-96y-yokohama-advan-sport-v105s-tl08479/"
                },
                {
                    "id": "113750",
                    "name": "255/45 R19",
                    "price": 22530,
                    "amount": "17",
                    "quantity": 1,
                    "url": "/catalog/legkovye/25545-r19-100y-yokohama-advan-sport-v105s-tl08720/"
                },
                {
                    "id": "117927",
                    "name": "275/30 R19",
                    "price": 23040,
                    "amount": "2",
                    "quantity": 1,
                    "url": "/catalog/legkovye/27530zr19-96y-xl-advan-sport-v105s-tl/"
                },
                {
                    "id": "119828",
                    "name": "245/35 R19",
                    "price": 19190,
                    "amount": "3",
                    "quantity": 1,
                    "url": "/catalog/legkovye/24535-r19-93y-yokohama-advan-sport-v105s-tl23800/"
                },
                {
                    "id": "119829",
                    "name": "225/40 R19",
                    "price": 18270,
                    "amount": "3",
                    "quantity": 1,
                    "url": "/catalog/legkovye/22540zr19-93y-xl-advan-sport-v105s-tl/"
                },
                {
                    "id": "158483",
                    "name": "235/45 R19",
                    "price": 19900,
                    "amount": "4",
                    "quantity": 1,
                    "url": "/catalog/legkovye/23545zr19-95y-advan-sport-v105s-tl/"
                }
            ]
        },
        {
            "id": 119769,
            "isNew": false,
            "EDIT_LINK": null,
            "DELETE_LINK": null,
            "props": [
                {
                    "name": "Ширина",
                    "value": "235 "
                },
                {
                    "name": "Диаметр",
                    "value": "19 "
                }
            ],
            "type": "tires",
            "isPromo": null,
            "amount": 4,
            "season": "Летние",
            "price": 19300,
            "name": "235/45 R19 99W YOKOHAMA Geolandar G057 TL",
            "sectionId": 7278,
            "sectionName": "Легковые",
            "sectionPath": [
                {
                    "ID": "7278",
                    "NAME": "Легковые"
                },
                {
                    "ID": "7267",
                    "NAME": "Шины"
                }
            ],
            "imgSrc": "/upload/resize_cache/rembg-image/fca/275_275_1/vucxm0srfcg270s0zmr3u3ud9qvi512z.png",
            "url": "/catalog/legkovye/23545-r19-99w-yokohama-geolandar-g057-tl23731/",
            "promo": [],
            "discountStores": [],
            "externalStores": [],
            "commonStores": [
                {
                    "STORE_ID": "158",
                    "PRODUCT_ID": "119769",
                    "AMOUNT": "4",
                    "PRODUCT_XML_ID": "FORTOCHKI_R4533",
                    "STORE_XML_ID": "351",
                    "STORE_NAME": "Оптовый Склад",
                    "PRICE": "19300.00",
                    "PRICE_ID": "9"
                }
            ],
            "brand": "YOKOHAMA",
            "brandCode": "",
            "vendorCode": "R4533",
            "model": "Geolandar X-CV G057",
            "raznItems": [
                {
                    "id": "113799",
                    "name": "235/55 R19",
                    "price": 15250,
                    "amount": "68",
                    "quantity": 1,
                    "url": "/catalog/legkovye/23555-r19-105w-yokohama-geolandar-g057-tl09080/"
                },
                {
                    "id": "113809",
                    "name": "255/55 R19",
                    "price": 15880,
                    "amount": "4",
                    "quantity": 1,
                    "url": "/catalog/legkovye/25555-r19-111w-yokohama-geolandar-g057-tl09108/"
                },
                {
                    "id": "119769",
                    "name": "235/45 R19",
                    "price": 19300,
                    "amount": "4",
                    "quantity": 1,
                    "url": "/catalog/legkovye/23545-r19-99w-yokohama-geolandar-g057-tl23731/"
                },
                {
                    "id": "119770",
                    "name": "265/50 R19",
                    "price": 16100,
                    "amount": "3",
                    "quantity": 1,
                    "url": "/catalog/legkovye/26550-r19-110w-yokohama-geolandar-g057-tl23733/"
                },
                {
                    "id": "144995",
                    "name": "255/50 R19",
                    "price": 16260,
                    "amount": "21",
                    "quantity": 1,
                    "url": "/catalog/legkovye/25550-r19-107w-yokohama-geolandar-g057-tl09106/"
                }
            ]
        },
        {
            "id": 123029,
            "isNew": false,
            "EDIT_LINK": null,
            "DELETE_LINK": null,
            "props": [
                {
                    "name": "Ширина",
                    "value": "245 "
                },
                {
                    "name": "Диаметр",
                    "value": "18 "
                }
            ],
            "type": "tires",
            "isPromo": null,
            "amount": 6,
            "season": "Летние",
            "price": 19410,
            "name": "245/40 R18 97Y CONTINENTAL ContiSportContact 5 TL",
            "sectionId": 7278,
            "sectionName": "Легковые",
            "sectionPath": [
                {
                    "ID": "7278",
                    "NAME": "Легковые"
                },
                {
                    "ID": "7267",
                    "NAME": "Шины"
                }
            ],
            "imgSrc": "/upload/resize_cache/rembg-image/1cd/275_275_1/qv5dy1z2eg472dcisovwx4alwxozsl3y.png",
            "url": "/catalog/legkovye/24540r18-97y-xl-contisportcontact-5-moe-tl-fr-ssr/",
            "promo": [],
            "discountStores": [],
            "externalStores": [],
            "commonStores": [],
            "brand": "CONTINENTAL",
            "brandCode": "",
            "vendorCode": "0356302",
            "model": "ContiSportContact 5",
            "raznItems": [
                {
                    "id": "101458",
                    "name": "225/45 R18",
                    "price": 22750,
                    "amount": "3",
                    "quantity": 1,
                    "url": "/catalog/legkovye/22545-r18-91y-continental-contisportcontact-5-tl-run-flat64406/"
                },
                {
                    "id": "123029",
                    "name": "245/40 R18",
                    "price": 19410,
                    "amount": "6",
                    "quantity": 1,
                    "url": "/catalog/legkovye/24540r18-97y-xl-contisportcontact-5-moe-tl-fr-ssr/"
                }
            ]
        },
        {
            "id": 143136,
            "isNew": false,
            "EDIT_LINK": null,
            "DELETE_LINK": null,
            "props": [
                {
                    "name": "Ширина",
                    "value": "255 "
                },
                {
                    "name": "Диаметр",
                    "value": "18 "
                }
            ],
            "type": "tires",
            "isPromo": null,
            "amount": 8,
            "season": "Летние",
            "price": 19440,
            "name": "255/60 R18 112S BRIDGESTONE Dueler A/T 001 TL",
            "sectionId": 7278,
            "sectionName": "Легковые",
            "sectionPath": [
                {
                    "ID": "7278",
                    "NAME": "Легковые"
                },
                {
                    "ID": "7267",
                    "NAME": "Шины"
                }
            ],
            "imgSrc": "/upload/resize_cache/rembg-image/d20/275_275_1/86cwcpmvv34so7qwskdfv5y2rua4dvqj.png",
            "url": "/catalog/legkovye/25560r18-112s-xl-dueler-at-001-tl/",
            "promo": [],
            "discountStores": [],
            "externalStores": [],
            "commonStores": [],
            "brand": "BRIDGESTONE",
            "brandCode": "",
            "vendorCode": "BR012927",
            "model": "Dueler A/T 001",
            "raznItems": [
                {
                    "id": "143136",
                    "name": "255/60 R18",
                    "price": 19440,
                    "amount": "8",
                    "quantity": 1,
                    "url": "/catalog/legkovye/25560r18-112s-xl-dueler-at-001-tl/"
                }
            ]
        },
        {
            "id": 136299,
            "isNew": false,
            "EDIT_LINK": null,
            "DELETE_LINK": null,
            "props": [
                {
                    "name": "Ширина",
                    "value": "255 "
                },
                {
                    "name": "Диаметр",
                    "value": "18 "
                }
            ],
            "type": "tires",
            "isPromo": null,
            "amount": 6,
            "season": "Летние",
            "price": 19440,
            "name": "255/35 R18 94W BRIDGESTONE Potenza RE004 Adrenalin TL",
            "sectionId": 7278,
            "sectionName": "Легковые",
            "sectionPath": [
                {
                    "ID": "7278",
                    "NAME": "Легковые"
                },
                {
                    "ID": "7267",
                    "NAME": "Шины"
                }
            ],
            "imgSrc": "/upload/resize_cache/rembg-image/8d9/275_275_1/pnjo91acfl423hyw881dx52m793ont2k.png",
            "url": "/catalog/legkovye/25535-r18-94w-bridgestone-potenza-re004-adrenalin-tl61388/",
            "promo": [],
            "discountStores": [],
            "externalStores": [],
            "commonStores": [
                {
                    "STORE_ID": "158",
                    "PRODUCT_ID": "136299",
                    "AMOUNT": "6",
                    "PRODUCT_XML_ID": "61388",
                    "STORE_XML_ID": "351",
                    "STORE_NAME": "Оптовый Склад",
                    "PRICE": "19440.00",
                    "PRICE_ID": "9"
                }
            ],
            "brand": "BRIDGESTONE",
            "brandCode": "250",
            "vendorCode": "17754",
            "model": "Potenza RE004 Adrenalin",
            "raznItems": [
                {
                    "id": "136291",
                    "name": "225/45 R18",
                    "price": 17280,
                    "amount": "2",
                    "quantity": 1,
                    "url": "/catalog/legkovye/22545-r18-95w-bridgestone-potenza-re004-adrenalin-tl61447/"
                },
                {
                    "id": "136292",
                    "name": "235/40 R18",
                    "price": 15130,
                    "amount": "1",
                    "quantity": 1,
                    "url": "/catalog/legkovye/23540-r18-95w-bridgestone-potenza-re004-adrenalin-tl61431/"
                },
                {
                    "id": "136293",
                    "name": "235/45 R18",
                    "price": 17930,
                    "amount": "4",
                    "quantity": 1,
                    "url": "/catalog/legkovye/23545-r18-98w-bridgestone-potenza-re004-adrenalin-tl61430/"
                },
                {
                    "id": "136296",
                    "name": "245/40 R18",
                    "price": 16200,
                    "amount": "9",
                    "quantity": 1,
                    "url": "/catalog/legkovye/24540-r18-97w-bridgestone-potenza-re004-adrenalin-tl61410/"
                },
                {
                    "id": "136299",
                    "name": "255/35 R18",
                    "price": 19440,
                    "amount": "6",
                    "quantity": 1,
                    "url": "/catalog/legkovye/25535-r18-94w-bridgestone-potenza-re004-adrenalin-tl61388/"
                }
            ]
        },
        {
            "id": 150462,
            "isNew": false,
            "EDIT_LINK": null,
            "DELETE_LINK": null,
            "props": [
                {
                    "name": "Ширина",
                    "value": "255 "
                },
                {
                    "name": "Диаметр",
                    "value": "19 "
                }
            ],
            "type": "tires",
            "isPromo": null,
            "amount": 4,
            "season": "Летние",
            "price": 19520,
            "name": "255/45 R19 104Y NEXEN Nfera SU1 TL",
            "sectionId": 7278,
            "sectionName": "Легковые",
            "sectionPath": [
                {
                    "ID": "7278",
                    "NAME": "Легковые"
                },
                {
                    "ID": "7267",
                    "NAME": "Шины"
                }
            ],
            "imgSrc": "/upload/resize_cache/rembg-image/def/275_275_1/ceu0jevrwzor9q18a4telko0rkq4tw9n.png",
            "url": "/catalog/legkovye/25545zr19-104y-xl-nfera-su1-tl/",
            "promo": [],
            "discountStores": [],
            "externalStores": [],
            "commonStores": [],
            "brand": "NEXEN",
            "brandCode": "",
            "vendorCode": "13524",
            "model": "NFera SU1",
            "raznItems": [
                {
                    "id": "144622",
                    "name": "225/40 R19",
                    "price": 15970,
                    "amount": "1",
                    "quantity": 1,
                    "url": "/catalog/legkovye/22540zr19-93y-xl-nfera-su1-tl/"
                },
                {
                    "id": "150462",
                    "name": "255/45 R19",
                    "price": 19520,
                    "amount": "4",
                    "quantity": 1,
                    "url": "/catalog/legkovye/25545zr19-104y-xl-nfera-su1-tl/"
                }
            ]
        },
        {
            "id": 100127,
            "isNew": false,
            "EDIT_LINK": null,
            "DELETE_LINK": null,
            "props": [
                {
                    "name": "Ширина",
                    "value": "245 "
                },
                {
                    "name": "Диаметр",
                    "value": "19 "
                }
            ],
            "type": "tires",
            "isPromo": null,
            "amount": 5,
            "season": "Летние",
            "price": 19540,
            "name": "245/55 R19 103V CONTINENTAL ContiCrossContact LX Sport TL",
            "sectionId": 7278,
            "sectionName": "Легковые",
            "sectionPath": [
                {
                    "ID": "7278",
                    "NAME": "Легковые"
                },
                {
                    "ID": "7267",
                    "NAME": "Шины"
                }
            ],
            "imgSrc": "/upload/resize_cache/rembg-image/912/275_275_1/plni7t410azasw4rvj91bextx6ogxpkr.png",
            "url": "/catalog/legkovye/24555-r19-103v-continental-conticrosscontact-lx-sport-tl56175/",
            "promo": [],
            "discountStores": [],
            "externalStores": [],
            "commonStores": [
                {
                    "STORE_ID": "158",
                    "PRODUCT_ID": "100127",
                    "AMOUNT": "5",
                    "PRODUCT_XML_ID": "FORTOCHKI_1549531",
                    "STORE_XML_ID": "351",
                    "STORE_NAME": "Оптовый Склад",
                    "PRICE": "19540.00",
                    "PRICE_ID": "9"
                }
            ],
            "brand": "CONTINENTAL",
            "brandCode": "",
            "vendorCode": "1549531",
            "model": "ContiCrossContact LX Sport",
            "raznItems": [
                {
                    "id": "100127",
                    "name": "245/55 R19",
                    "price": 19540,
                    "amount": "5",
                    "quantity": 1,
                    "url": "/catalog/legkovye/24555-r19-103v-continental-conticrosscontact-lx-sport-tl56175/"
                }
            ]
        },
        {
            "id": 93799,
            "isNew": false,
            "EDIT_LINK": null,
            "DELETE_LINK": null,
            "props": [
                {
                    "name": "Ширина",
                    "value": "245 "
                },
                {
                    "name": "Диаметр",
                    "value": "18 "
                }
            ],
            "type": "tires",
            "isPromo": null,
            "amount": 1,
            "season": "Летние",
            "price": 19630,
            "name": "245/50 R18 100(Y) CONTINENTAL ContiSportContact 5 TL",
            "sectionId": 7278,
            "sectionName": "Легковые",
            "sectionPath": [
                {
                    "ID": "7278",
                    "NAME": "Легковые"
                },
                {
                    "ID": "7267",
                    "NAME": "Шины"
                }
            ],
            "imgSrc": "/upload/resize_cache/rembg-image/94a/275_275_1/mixkbv2623axtldslxnhg09ioe126stx.png",
            "url": "/catalog/legkovye/24550zr18-100y-contisportcontact-5-n0-tl-fr/",
            "promo": [],
            "discountStores": [],
            "externalStores": [],
            "commonStores": [],
            "brand": "CONTINENTAL",
            "brandCode": "",
            "vendorCode": "0356207",
            "model": "ContiSportContact 5",
            "raznItems": [
                {
                    "id": "93795",
                    "name": "225/45 R18",
                    "price": 16840,
                    "amount": "1",
                    "quantity": 1,
                    "url": "/catalog/legkovye/22545r18-91y-contisportcontact-5-tl-fr/"
                },
                {
                    "id": "93799",
                    "name": "245/50 R18",
                    "price": 19630,
                    "amount": "1",
                    "quantity": 1,
                    "url": "/catalog/legkovye/24550zr18-100y-contisportcontact-5-n0-tl-fr/"
                },
                {
                    "id": "102529",
                    "name": "255/55 R18",
                    "price": 16590,
                    "amount": "3",
                    "quantity": 1,
                    "url": "/catalog/legkovye/25555r18-105w-contisportcontact-5-n0-tl-fr/"
                },
                {
                    "id": "117302",
                    "name": "245/40 R18",
                    "price": 18310,
                    "amount": "4",
                    "quantity": 1,
                    "url": "/catalog/legkovye/24540-r18-97y-continental-contisportcontact-5-tl19481/"
                },
                {
                    "id": "123027",
                    "name": "245/40 R18",
                    "price": 14600,
                    "amount": "1",
                    "quantity": 1,
                    "url": "/catalog/legkovye/24540r18-93y-contisportcontact-5-ao-tl-fr/"
                },
                {
                    "id": "145077",
                    "name": "225/40 R18",
                    "price": 14740,
                    "amount": "1",
                    "quantity": 1,
                    "url": "/catalog/legkovye/22540-r18-92y-continental-contisportcontact-5-tl10958/"
                }
            ]
        },
        {
            "id": 93721,
            "isNew": false,
            "EDIT_LINK": null,
            "DELETE_LINK": null,
            "props": [
                {
                    "name": "Ширина",
                    "value": "255 "
                },
                {
                    "name": "Диаметр",
                    "value": "18 "
                }
            ],
            "type": "tires",
            "isPromo": null,
            "amount": 4,
            "season": "Летние",
            "price": 19630,
            "name": "255/55 R18 109H MICHELIN Latitude Cross TL",
            "sectionId": 7278,
            "sectionName": "Легковые",
            "sectionPath": [
                {
                    "ID": "7278",
                    "NAME": "Легковые"
                },
                {
                    "ID": "7267",
                    "NAME": "Шины"
                }
            ],
            "imgSrc": "/upload/resize_cache/rembg-image/44d/275_275_1/78bzbru793aahnxj838ptobzb3u3acog.png",
            "url": "/catalog/legkovye/25555-r18-109h-michelin-latitude-cross-tl42602/",
            "promo": [],
            "discountStores": [],
            "externalStores": [],
            "commonStores": [
                {
                    "STORE_ID": "158",
                    "PRODUCT_ID": "93721",
                    "AMOUNT": "4",
                    "PRODUCT_XML_ID": "42602",
                    "STORE_XML_ID": "351",
                    "STORE_NAME": "Оптовый Склад",
                    "PRICE": "19630.00",
                    "PRICE_ID": "9"
                }
            ],
            "brand": "MICHELIN",
            "brandCode": "273",
            "vendorCode": "96040",
            "model": "Latitude Cross",
            "raznItems": [
                {
                    "id": "93721",
                    "name": "255/55 R18",
                    "price": 19630,
                    "amount": "4",
                    "quantity": 1,
                    "url": "/catalog/legkovye/25555-r18-109h-michelin-latitude-cross-tl42602/"
                }
            ]
        },
        {
            "id": 155737,
            "isNew": false,
            "EDIT_LINK": null,
            "DELETE_LINK": null,
            "props": [
                {
                    "name": "Ширина",
                    "value": "235 "
                },
                {
                    "name": "Диаметр",
                    "value": "20 "
                }
            ],
            "type": "tires",
            "isPromo": null,
            "amount": 4,
            "season": "Летние",
            "price": 19640,
            "name": "235/45 R20 100W YOKOHAMA Geolandar G057 TL",
            "sectionId": 7278,
            "sectionName": "Легковые",
            "sectionPath": [
                {
                    "ID": "7278",
                    "NAME": "Легковые"
                },
                {
                    "ID": "7267",
                    "NAME": "Шины"
                }
            ],
            "imgSrc": "/upload/resize_cache/rembg-image/0e7/275_275_1/rzruy8ff7gzwdl0iool91kausi9z9225.png",
            "url": "/catalog/legkovye/23545-r20-100w-yokohama-geolandar-g057-tl24661/",
            "promo": [],
            "discountStores": [],
            "externalStores": [],
            "commonStores": [],
            "brand": "YOKOHAMA",
            "brandCode": "",
            "vendorCode": "R4538",
            "model": "Geolandar X-CV G057",
            "raznItems": [
                {
                    "id": "113801",
                    "name": "255/50 R20",
                    "price": 22230,
                    "amount": "3",
                    "quantity": 1,
                    "url": "/catalog/legkovye/25550-r20-109w-yokohama-geolandar-g057-tl09086/"
                },
                {
                    "id": "119771",
                    "name": "275/40 R20",
                    "price": 21180,
                    "amount": "8",
                    "quantity": 1,
                    "url": "/catalog/legkovye/27540-r20-106w-yokohama-geolandar-g057-tl23734/"
                },
                {
                    "id": "144993",
                    "name": "265/45 R20",
                    "price": 21390,
                    "amount": "4",
                    "quantity": 1,
                    "url": "/catalog/legkovye/26545-r20-108w-yokohama-geolandar-g057-tl09091/"
                },
                {
                    "id": "155737",
                    "name": "235/45 R20",
                    "price": 19640,
                    "amount": "4",
                    "quantity": 1,
                    "url": "/catalog/legkovye/23545-r20-100w-yokohama-geolandar-g057-tl24661/"
                }
            ]
        },
        {
            "id": 91943,
            "isNew": false,
            "EDIT_LINK": null,
            "DELETE_LINK": null,
            "props": [
                {
                    "name": "Ширина",
                    "value": "275 "
                },
                {
                    "name": "Диаметр",
                    "value": "19 "
                }
            ],
            "type": "tires",
            "isPromo": null,
            "amount": 1,
            "season": "Летние",
            "price": 19680,
            "name": "275/45 R19 108Y PIRELLI P Zero Rosso TL",
            "sectionId": 7278,
            "sectionName": "Легковые",
            "sectionPath": [
                {
                    "ID": "7278",
                    "NAME": "Легковые"
                },
                {
                    "ID": "7267",
                    "NAME": "Шины"
                }
            ],
            "imgSrc": "/upload/resize_cache/rembg-image/ad1/275_275_1/tza7myp1ak1jhb8bifwdsqzx0xu1o9dr.png",
            "url": "/catalog/legkovye/27545-r19-108y-pirelli-p-zero-rosso-tl86697/",
            "promo": [],
            "discountStores": [],
            "externalStores": [],
            "commonStores": [
                {
                    "STORE_ID": "158",
                    "PRODUCT_ID": "91943",
                    "AMOUNT": "1",
                    "PRODUCT_XML_ID": "86697",
                    "STORE_XML_ID": "351",
                    "STORE_NAME": "Оптовый Склад",
                    "PRICE": "19680.00",
                    "PRICE_ID": "9"
                }
            ],
            "brand": "PIRELLI",
            "brandCode": "375",
            "vendorCode": "1688600",
            "model": "P Zero Rosso",
            "raznItems": [
                {
                    "id": "91943",
                    "name": "275/45 R19",
                    "price": 19680,
                    "amount": "1",
                    "quantity": 1,
                    "url": "/catalog/legkovye/27545-r19-108y-pirelli-p-zero-rosso-tl86697/"
                }
            ]
        },
        {
            "id": 120113,
            "isNew": false,
            "EDIT_LINK": null,
            "DELETE_LINK": null,
            "props": [
                {
                    "name": "Ширина",
                    "value": "245 "
                },
                {
                    "name": "Диаметр",
                    "value": "20 "
                }
            ],
            "type": "tires",
            "isPromo": null,
            "amount": 4,
            "season": "Летние",
            "price": 19700,
            "name": "245/40 R20 99W YOKOHAMA Advan dB V552 TL",
            "sectionId": 7278,
            "sectionName": "Легковые",
            "sectionPath": [
                {
                    "ID": "7278",
                    "NAME": "Легковые"
                },
                {
                    "ID": "7267",
                    "NAME": "Шины"
                }
            ],
            "imgSrc": "/upload/resize_cache/rembg-image/aa7/275_275_1/d4614tc1210bvn0ox6sb041d6hcwdumk.png",
            "url": "/catalog/legkovye/24540-r20-99w-yokohama-advan-db-v552-tl94935/",
            "promo": [],
            "discountStores": [],
            "externalStores": [],
            "commonStores": [
                {
                    "STORE_ID": "158",
                    "PRODUCT_ID": "120113",
                    "AMOUNT": "4",
                    "PRODUCT_XML_ID": "94935",
                    "STORE_XML_ID": "351",
                    "STORE_NAME": "Оптовый Склад",
                    "PRICE": "19700.00",
                    "PRICE_ID": "9"
                }
            ],
            "brand": "YOKOHAMA",
            "brandCode": "393",
            "vendorCode": "R2956",
            "model": "Advan dB V552",
            "raznItems": [
                {
                    "id": "120113",
                    "name": "245/40 R20",
                    "price": 19700,
                    "amount": "4",
                    "quantity": 1,
                    "url": "/catalog/legkovye/24540-r20-99w-yokohama-advan-db-v552-tl94935/"
                }
            ]
        }
    ],
    "filter": {
        "0": {
            "LOGIC": "OR",
            ">STORE_AMOUNT_156": 0,
            ">STORE_AMOUNT_158": 0,
            ">STORE_AMOUNT_159": 0,
            ">STORE_AMOUNT_160": 0,
            ">STORE_AMOUNT_161": 0,
            ">STORE_AMOUNT_164": 0,
            ">STORE_AMOUNT_165": 0,
            ">STORE_AMOUNT_168": 0,
            ">STORE_AMOUNT_169": 0,
            ">STORE_AMOUNT_174": 0,
            ">STORE_AMOUNT_180": 0,
            ">STORE_AMOUNT_184": 0,
            ">STORE_AMOUNT_185": 0,
            ">STORE_AMOUNT_191": 0,
            ">STORE_AMOUNT_192": 0,
            ">STORE_AMOUNT_194": 0,
            ">STORE_AMOUNT_6087": 0
        },
        "1": {
            "LOGIC": "OR",
            ">CATALOG_CATALOG_GROUP_ID_33": 0,
            ">CATALOG_CATALOG_GROUP_ID_90": 0,
            ">CATALOG_CATALOG_GROUP_ID_96": 0,
            ">CATALOG_CATALOG_GROUP_ID_97": 0,
            ">CATALOG_CATALOG_GROUP_ID_98": 0
        },
        "2": {
            "LOGIC": "OR",
            ">STORE_AMOUNT_156": 0,
            ">STORE_AMOUNT_158": 0,
            ">STORE_AMOUNT_159": 0,
            ">STORE_AMOUNT_160": 0,
            ">STORE_AMOUNT_161": 0,
            ">STORE_AMOUNT_164": 0,
            ">STORE_AMOUNT_165": 0,
            ">STORE_AMOUNT_168": 0,
            ">STORE_AMOUNT_169": 0,
            ">STORE_AMOUNT_174": 0,
            ">STORE_AMOUNT_180": 0,
            ">STORE_AMOUNT_184": 0,
            ">STORE_AMOUNT_185": 0,
            ">STORE_AMOUNT_191": 0,
            ">STORE_AMOUNT_192": 0,
            ">STORE_AMOUNT_194": 0,
            ">STORE_AMOUNT_6087": 0
        },
        "3": {
            "LOGIC": "OR",
            ">CATALOG_CATALOG_GROUP_ID_33": 0,
            ">CATALOG_CATALOG_GROUP_ID_90": 0,
            ">CATALOG_CATALOG_GROUP_ID_96": 0,
            ">CATALOG_CATALOG_GROUP_ID_97": 0,
            ">CATALOG_CATALOG_GROUP_ID_98": 0
        },
        "=PROPERTY_458": [
            "154"
        ]
    },
    "promo": {
        "id": "165954",
        "url": "/promo/shiny-v-rassrochku/",
        "name": "Покупки в рассрочку",
        "text": "Теперь вы можете купить зимние шины, или диски в рассрочку быстро и легко: без первоначального взноса и без переплаты!",
        "imgSrc": "/upload/resize_cache/iblock/356/1075_613_1/8iiw8xmv2bzky9euo9mn57dqx6dk3xa9.jpg",
        "videoSrc": null
    },
    "promoFilter": {
        "IBLOCK_ID": 10,
        "ACTIVE": "Y",
        "=PROPERTY_SECTION": 206,
        "=PROPERTY_CATALOG_SEASON": [
            false,
            204
        ],
        "=PROPERTY_CATALOG_BRAND": [
            false
        ]
    },
    "navNum": 1,
    "pagesCount": 111,
    "pageNum": 85
}