{
    "pageUrl": "/catalog/legkovye/?arCatalogFilter_458_1500340406=Y&set_filter=Y&sort%5Brecommendations%5D=asc&PAGEN_1=89",
    "items": [
        {
            "id": 101691,
            "isNew": false,
            "EDIT_LINK": null,
            "DELETE_LINK": null,
            "props": [
                {
                    "name": "Ширина",
                    "value": "275 "
                },
                {
                    "name": "Диаметр",
                    "value": "16 "
                }
            ],
            "type": "tires",
            "isPromo": null,
            "amount": 2,
            "season": "Летние",
            "price": 21080,
            "name": "275/70 R16 119/116S BFGOODRICH All-Terrain T/A KO2 TL",
            "sectionId": 7278,
            "sectionName": "Легковые",
            "sectionPath": [
                {
                    "ID": "7278",
                    "NAME": "Легковые"
                },
                {
                    "ID": "7267",
                    "NAME": "Шины"
                }
            ],
            "imgSrc": "/upload/resize_cache/rembg-image/35e/275_275_1/idc0rp81eennapwzwjss63hv44zt07h6.png",
            "url": "/catalog/legkovye/27570-r16-119116s-bfgoodrich-all-terrain-ta-ko2-tl65917/",
            "promo": [],
            "discountStores": [],
            "externalStores": [],
            "commonStores": [],
            "brand": "BFGOODRICH",
            "brandCode": "",
            "vendorCode": "885912",
            "model": "All Terrain T/A KO2",
            "raznItems": [
                {
                    "id": "101690",
                    "name": "265/75 R16",
                    "price": 25180,
                    "amount": "32",
                    "quantity": 1,
                    "url": "/catalog/legkovye/26575-r16-119116r-bfgoodrich-all-terrain-ta-ko2-tl65916/"
                },
                {
                    "id": "101691",
                    "name": "275/70 R16",
                    "price": 21080,
                    "amount": "2",
                    "quantity": 1,
                    "url": "/catalog/legkovye/27570-r16-119116s-bfgoodrich-all-terrain-ta-ko2-tl65917/"
                },
                {
                    "id": "102088",
                    "name": "255/70 R16",
                    "price": 22190,
                    "amount": "4",
                    "quantity": 1,
                    "url": "/catalog/legkovye/25570-r16-120117s-bfgoodrich-all-terrain-ta-ko2-tl70426/"
                },
                {
                    "id": "102159",
                    "name": "285/75 R16",
                    "price": 28610,
                    "amount": "33",
                    "quantity": 1,
                    "url": "/catalog/legkovye/28575-r16-116113r-bfgoodrich-all-terrain-ta-ko2-tl71060/"
                },
                {
                    "id": "103459",
                    "name": "215/65 R16",
                    "price": 15560,
                    "amount": "95",
                    "quantity": 1,
                    "url": "/catalog/legkovye/21565-r16-103100s-bfgoodrich-all-terrain-ta-ko2-tl76498/"
                },
                {
                    "id": "125320",
                    "name": "235/85 R16",
                    "price": 24990,
                    "amount": "2",
                    "quantity": 1,
                    "url": "/catalog/legkovye/23585-r16-120116s-bfgoodrich-all-terrain-ta-ko2-tl87568/"
                }
            ]
        },
        {
            "id": 101389,
            "isNew": false,
            "EDIT_LINK": null,
            "DELETE_LINK": null,
            "props": [
                {
                    "name": "Ширина",
                    "value": "245 "
                },
                {
                    "name": "Диаметр",
                    "value": "18 "
                }
            ],
            "type": "tires",
            "isPromo": null,
            "amount": 3,
            "season": "Летние",
            "price": 21080,
            "name": "245/40 R18 93Y YOKOHAMA Advan Sport V103S TL",
            "sectionId": 7278,
            "sectionName": "Легковые",
            "sectionPath": [
                {
                    "ID": "7278",
                    "NAME": "Легковые"
                },
                {
                    "ID": "7267",
                    "NAME": "Шины"
                }
            ],
            "imgSrc": "/upload/resize_cache/rembg-image/b20/275_275_1/vh3fkw2v9i8bzqesu088fmhynw4eg6t6.png",
            "url": "/catalog/legkovye/24540r18-93y-advan-sport-v103s-tl-zps/",
            "promo": [],
            "discountStores": [],
            "externalStores": [],
            "commonStores": [],
            "brand": "YOKOHAMA",
            "brandCode": "",
            "vendorCode": "F7655",
            "model": "Advan Sport V103S",
            "raznItems": [
                {
                    "id": "101389",
                    "name": "245/40 R18",
                    "price": 21080,
                    "amount": "3",
                    "quantity": 1,
                    "url": "/catalog/legkovye/24540r18-93y-advan-sport-v103s-tl-zps/"
                }
            ]
        },
        {
            "id": 119771,
            "isNew": false,
            "EDIT_LINK": null,
            "DELETE_LINK": null,
            "props": [
                {
                    "name": "Ширина",
                    "value": "275 "
                },
                {
                    "name": "Диаметр",
                    "value": "20 "
                }
            ],
            "type": "tires",
            "isPromo": null,
            "amount": 8,
            "season": "Летние",
            "price": 21180,
            "name": "275/40 R20 106W YOKOHAMA Geolandar G057 TL",
            "sectionId": 7278,
            "sectionName": "Легковые",
            "sectionPath": [
                {
                    "ID": "7278",
                    "NAME": "Легковые"
                },
                {
                    "ID": "7267",
                    "NAME": "Шины"
                }
            ],
            "imgSrc": "/upload/resize_cache/rembg-image/331/275_275_1/y2nwnr9k874z22boxlrzj0lgixn3zrov.png",
            "url": "/catalog/legkovye/27540-r20-106w-yokohama-geolandar-g057-tl23734/",
            "promo": [],
            "discountStores": [],
            "externalStores": [],
            "commonStores": [],
            "brand": "YOKOHAMA",
            "brandCode": "",
            "vendorCode": "R4544",
            "model": "Geolandar X-CV G057",
            "raznItems": [
                {
                    "id": "113801",
                    "name": "255/50 R20",
                    "price": 22230,
                    "amount": "3",
                    "quantity": 1,
                    "url": "/catalog/legkovye/25550-r20-109w-yokohama-geolandar-g057-tl09086/"
                },
                {
                    "id": "119771",
                    "name": "275/40 R20",
                    "price": 21180,
                    "amount": "8",
                    "quantity": 1,
                    "url": "/catalog/legkovye/27540-r20-106w-yokohama-geolandar-g057-tl23734/"
                },
                {
                    "id": "144993",
                    "name": "265/45 R20",
                    "price": 21390,
                    "amount": "4",
                    "quantity": 1,
                    "url": "/catalog/legkovye/26545-r20-108w-yokohama-geolandar-g057-tl09091/"
                },
                {
                    "id": "155737",
                    "name": "235/45 R20",
                    "price": 19640,
                    "amount": "4",
                    "quantity": 1,
                    "url": "/catalog/legkovye/23545-r20-100w-yokohama-geolandar-g057-tl24661/"
                }
            ]
        },
        {
            "id": 114441,
            "isNew": false,
            "EDIT_LINK": null,
            "DELETE_LINK": null,
            "props": [
                {
                    "name": "Ширина",
                    "value": "245 "
                },
                {
                    "name": "Диаметр",
                    "value": "20 "
                }
            ],
            "type": "tires",
            "isPromo": null,
            "amount": 4,
            "season": "Летние",
            "price": 21180,
            "name": "245/45 R20 103Y YOKOHAMA Advan Sport V105T TL",
            "sectionId": 7278,
            "sectionName": "Легковые",
            "sectionPath": [
                {
                    "ID": "7278",
                    "NAME": "Легковые"
                },
                {
                    "ID": "7267",
                    "NAME": "Шины"
                }
            ],
            "imgSrc": "/upload/resize_cache/rembg-image/0f1/275_275_1/vlyzuqh0n9ddkdj19asdlg1payjrcxfi.png",
            "url": "/catalog/legkovye/24545-r20-103y-yokohama-advan-sport-v105t-tl10351/",
            "promo": [],
            "discountStores": [],
            "externalStores": [],
            "commonStores": [
                {
                    "STORE_ID": "158",
                    "PRODUCT_ID": "114441",
                    "AMOUNT": "4",
                    "PRODUCT_XML_ID": "10351",
                    "STORE_XML_ID": "351",
                    "STORE_NAME": "Оптовый Склад",
                    "PRICE": "21180.00",
                    "PRICE_ID": "9"
                }
            ],
            "brand": "YOKOHAMA",
            "brandCode": "393",
            "vendorCode": "R3367",
            "model": "Advan Sport V105T",
            "raznItems": [
                {
                    "id": "102852",
                    "name": "265/50 R20",
                    "price": 21230,
                    "amount": "1",
                    "quantity": 1,
                    "url": "/catalog/legkovye/26550-r20-111w-yokohama-advan-sport-v105t-tl74040/"
                },
                {
                    "id": "114441",
                    "name": "245/45 R20",
                    "price": 21180,
                    "amount": "4",
                    "quantity": 1,
                    "url": "/catalog/legkovye/24545-r20-103y-yokohama-advan-sport-v105t-tl10351/"
                },
                {
                    "id": "119818",
                    "name": "235/55 R20",
                    "price": 19860,
                    "amount": "1",
                    "quantity": 1,
                    "url": "/catalog/legkovye/23555-r20-102v-yokohama-advan-sport-v105t-tl23790/"
                },
                {
                    "id": "119821",
                    "name": "295/40 R20",
                    "price": 27680,
                    "amount": "1",
                    "quantity": 1,
                    "url": "/catalog/legkovye/29540-r20-110y-yokohama-advan-sport-v105t-tl23793/"
                }
            ]
        },
        {
            "id": 103878,
            "isNew": false,
            "EDIT_LINK": null,
            "DELETE_LINK": null,
            "props": [
                {
                    "name": "Ширина",
                    "value": "225 "
                },
                {
                    "name": "Диаметр",
                    "value": "18 "
                }
            ],
            "type": "tires",
            "isPromo": null,
            "amount": 4,
            "season": "Летние",
            "price": 21180,
            "name": "225/50 R18 95W PIRELLI Cinturato P7 TL",
            "sectionId": 7278,
            "sectionName": "Легковые",
            "sectionPath": [
                {
                    "ID": "7278",
                    "NAME": "Легковые"
                },
                {
                    "ID": "7267",
                    "NAME": "Шины"
                }
            ],
            "imgSrc": "/upload/resize_cache/rembg-image/d77/275_275_1/r3p3fo1evrmcofqvf0yjo4sqx5omvfuq.png",
            "url": "/catalog/legkovye/22550r18-95w-cinturato-p7--tl-run-flat/",
            "promo": [],
            "discountStores": [],
            "externalStores": [],
            "commonStores": [],
            "brand": "PIRELLI",
            "brandCode": "",
            "vendorCode": "2245600",
            "model": "Cinturato P7",
            "raznItems": [
                {
                    "id": "103878",
                    "name": "225/50 R18",
                    "price": 21180,
                    "amount": "4",
                    "quantity": 1,
                    "url": "/catalog/legkovye/22550r18-95w-cinturato-p7--tl-run-flat/"
                }
            ]
        },
        {
            "id": 101398,
            "isNew": false,
            "EDIT_LINK": null,
            "DELETE_LINK": null,
            "props": [
                {
                    "name": "Ширина",
                    "value": "235 "
                },
                {
                    "name": "Диаметр",
                    "value": "18 "
                }
            ],
            "type": "tires",
            "isPromo": null,
            "amount": 2,
            "season": "Летние",
            "price": 21200,
            "name": "235/40 R18 95Y PIRELLI P Zero TL",
            "sectionId": 7278,
            "sectionName": "Легковые",
            "sectionPath": [
                {
                    "ID": "7278",
                    "NAME": "Легковые"
                },
                {
                    "ID": "7267",
                    "NAME": "Шины"
                }
            ],
            "imgSrc": "/upload/resize_cache/rembg-image/c80/275_275_1/zd1dl98nuenh5ou2ccm80tk60nvdjnme.png",
            "url": "/catalog/legkovye/23540zr18-95y-xl-p-zero-mo-tl/",
            "promo": [],
            "discountStores": [],
            "externalStores": [],
            "commonStores": [],
            "brand": "PIRELLI",
            "brandCode": "",
            "vendorCode": "1723000",
            "model": "P Zero",
            "raznItems": [
                {
                    "id": "93669",
                    "name": "265/35 R18",
                    "price": 23340,
                    "amount": "3",
                    "quantity": 1,
                    "url": "/catalog/legkovye/26535r18-97y-xl-p-zero-mo-tl/"
                },
                {
                    "id": "100225",
                    "name": "255/40 R18",
                    "price": 25180,
                    "amount": "4",
                    "quantity": 1,
                    "url": "/catalog/legkovye/25540r18-99y-xl-p-zero-mo-tl/"
                },
                {
                    "id": "101398",
                    "name": "235/40 R18",
                    "price": 21200,
                    "amount": "2",
                    "quantity": 1,
                    "url": "/catalog/legkovye/23540zr18-95y-xl-p-zero-mo-tl/"
                },
                {
                    "id": "143321",
                    "name": "245/40 R18",
                    "price": 23280,
                    "amount": "1",
                    "quantity": 1,
                    "url": "/catalog/legkovye/24540zr18-97y-xl-p-zero-tl-scpz4/"
                }
            ]
        },
        {
            "id": 102852,
            "isNew": false,
            "EDIT_LINK": null,
            "DELETE_LINK": null,
            "props": [
                {
                    "name": "Ширина",
                    "value": "265 "
                },
                {
                    "name": "Диаметр",
                    "value": "20 "
                }
            ],
            "type": "tires",
            "isPromo": null,
            "amount": 1,
            "season": "Летние",
            "price": 21230,
            "name": "265/50 R20 111W YOKOHAMA Advan Sport V105T TL",
            "sectionId": 7278,
            "sectionName": "Легковые",
            "sectionPath": [
                {
                    "ID": "7278",
                    "NAME": "Легковые"
                },
                {
                    "ID": "7267",
                    "NAME": "Шины"
                }
            ],
            "imgSrc": "/upload/resize_cache/rembg-image/9a8/275_275_1/kxjzq50j9m0nie9nsusrc2h90tsyy8yn.png",
            "url": "/catalog/legkovye/26550-r20-111w-yokohama-advan-sport-v105t-tl74040/",
            "promo": [],
            "discountStores": [],
            "externalStores": [],
            "commonStores": [
                {
                    "STORE_ID": "158",
                    "PRODUCT_ID": "102852",
                    "AMOUNT": "1",
                    "PRODUCT_XML_ID": "74040",
                    "STORE_XML_ID": "351",
                    "STORE_NAME": "Оптовый Склад",
                    "PRICE": "21230.00",
                    "PRICE_ID": "9"
                }
            ],
            "brand": "YOKOHAMA",
            "brandCode": "393",
            "vendorCode": "R0169",
            "model": "Advan Sport V105T",
            "raznItems": [
                {
                    "id": "102852",
                    "name": "265/50 R20",
                    "price": 21230,
                    "amount": "1",
                    "quantity": 1,
                    "url": "/catalog/legkovye/26550-r20-111w-yokohama-advan-sport-v105t-tl74040/"
                },
                {
                    "id": "114441",
                    "name": "245/45 R20",
                    "price": 21180,
                    "amount": "4",
                    "quantity": 1,
                    "url": "/catalog/legkovye/24545-r20-103y-yokohama-advan-sport-v105t-tl10351/"
                },
                {
                    "id": "119818",
                    "name": "235/55 R20",
                    "price": 19860,
                    "amount": "1",
                    "quantity": 1,
                    "url": "/catalog/legkovye/23555-r20-102v-yokohama-advan-sport-v105t-tl23790/"
                },
                {
                    "id": "119821",
                    "name": "295/40 R20",
                    "price": 27680,
                    "amount": "1",
                    "quantity": 1,
                    "url": "/catalog/legkovye/29540-r20-110y-yokohama-advan-sport-v105t-tl23793/"
                }
            ]
        },
        {
            "id": 124876,
            "isNew": false,
            "EDIT_LINK": null,
            "DELETE_LINK": null,
            "props": [
                {
                    "name": "Ширина",
                    "value": "225 "
                },
                {
                    "name": "Диаметр",
                    "value": "18 "
                }
            ],
            "type": "tires",
            "isPromo": null,
            "amount": 2,
            "season": "Летние",
            "price": 21250,
            "name": "225/50 R18 99Y MICHELIN Pilot Sport 4 TL",
            "sectionId": 7278,
            "sectionName": "Легковые",
            "sectionPath": [
                {
                    "ID": "7278",
                    "NAME": "Легковые"
                },
                {
                    "ID": "7267",
                    "NAME": "Шины"
                }
            ],
            "imgSrc": "/upload/resize_cache/rembg-image/378/275_275_1/aamt2km4gjwugjoal7r9rz3lhv1iy3c9.png",
            "url": "/catalog/legkovye/22550-r18-99y-michelin-pilot-sport-4-tl88274/",
            "promo": [],
            "discountStores": [],
            "externalStores": [],
            "commonStores": [
                {
                    "STORE_ID": "158",
                    "PRODUCT_ID": "124876",
                    "AMOUNT": "2",
                    "PRODUCT_XML_ID": "FORTOCHKI_428644",
                    "STORE_XML_ID": "351",
                    "STORE_NAME": "Оптовый Склад",
                    "PRICE": "21250.00",
                    "PRICE_ID": "9"
                }
            ],
            "brand": "MICHELIN",
            "brandCode": "",
            "vendorCode": "428644",
            "model": "Pilot Sport 4",
            "raznItems": [
                {
                    "id": "104693",
                    "name": "275/35 R18",
                    "price": 24020,
                    "amount": "1",
                    "quantity": 1,
                    "url": "/catalog/legkovye/27535-r18-99y-michelin-pilot-sport-4-tl01380/"
                },
                {
                    "id": "120026",
                    "name": "245/50 R18",
                    "price": 21500,
                    "amount": "1",
                    "quantity": 1,
                    "url": "/catalog/legkovye/24550-r18-100y-michelin-pilot-sport-4-tl24145/"
                },
                {
                    "id": "124876",
                    "name": "225/50 R18",
                    "price": 21250,
                    "amount": "2",
                    "quantity": 1,
                    "url": "/catalog/legkovye/22550-r18-99y-michelin-pilot-sport-4-tl88274/"
                },
                {
                    "id": "124887",
                    "name": "255/40 R18",
                    "price": 25190,
                    "amount": "4",
                    "quantity": 1,
                    "url": "/catalog/legkovye/25540-r18-99y-michelin-pilot-sport-4-tl88261/"
                },
                {
                    "id": "124888",
                    "name": "255/45 R18",
                    "price": 23170,
                    "amount": "2",
                    "quantity": 1,
                    "url": "/catalog/legkovye/25545-r18-103y-michelin-pilot-sport-4-tl88260/"
                }
            ]
        },
        {
            "id": 136596,
            "isNew": false,
            "EDIT_LINK": null,
            "DELETE_LINK": null,
            "props": [
                {
                    "name": "Ширина",
                    "value": "275 "
                },
                {
                    "name": "Диаметр",
                    "value": "20 "
                }
            ],
            "type": "tires",
            "isPromo": null,
            "amount": 1,
            "season": "Летние",
            "price": 21270,
            "name": "275/45 R20 110Y HANKOOK K127 Ventus S1 Evo3 TL",
            "sectionId": 7278,
            "sectionName": "Легковые",
            "sectionPath": [
                {
                    "ID": "7278",
                    "NAME": "Легковые"
                },
                {
                    "ID": "7267",
                    "NAME": "Шины"
                }
            ],
            "imgSrc": "/upload/resize_cache/rembg-image/3e5/275_275_1/ubgf0oz6smfwshn6m437c00r22mjv5mb.png",
            "url": "/catalog/legkovye/27545-r20-110y-hankook-k127-ventus-s1-evo3-tl57938/",
            "promo": [],
            "discountStores": [],
            "externalStores": [],
            "commonStores": [
                {
                    "STORE_ID": "158",
                    "PRODUCT_ID": "136596",
                    "AMOUNT": "1",
                    "PRODUCT_XML_ID": "57938",
                    "STORE_XML_ID": "351",
                    "STORE_NAME": "Оптовый Склад",
                    "PRICE": "21270.00",
                    "PRICE_ID": "9"
                }
            ],
            "brand": "HANKOOK",
            "brandCode": "359",
            "vendorCode": "1025852",
            "model": "K127 Ventus S1 Evo3",
            "raznItems": [
                {
                    "id": "136593",
                    "name": "265/45 R20",
                    "price": 22050,
                    "amount": "8",
                    "quantity": 1,
                    "url": "/catalog/legkovye/26545-r20-108y-hankook-k127-ventus-s1-evo3-tl57941/"
                },
                {
                    "id": "136596",
                    "name": "275/45 R20",
                    "price": 21270,
                    "amount": "1",
                    "quantity": 1,
                    "url": "/catalog/legkovye/27545-r20-110y-hankook-k127-ventus-s1-evo3-tl57938/"
                }
            ]
        },
        {
            "id": 93737,
            "isNew": false,
            "EDIT_LINK": null,
            "DELETE_LINK": null,
            "props": [
                {
                    "name": "Ширина",
                    "value": "245 "
                },
                {
                    "name": "Диаметр",
                    "value": "18 "
                }
            ],
            "type": "tires",
            "isPromo": null,
            "amount": 1,
            "season": "Летние",
            "price": 21330,
            "name": "245/40 R18 97Y PIRELLI P Zero TL",
            "sectionId": 7278,
            "sectionName": "Легковые",
            "sectionPath": [
                {
                    "ID": "7278",
                    "NAME": "Легковые"
                },
                {
                    "ID": "7267",
                    "NAME": "Шины"
                }
            ],
            "imgSrc": "/upload/resize_cache/rembg-image/0fd/275_275_1/331gl4y5cp8260sqeu89xw141g85ifov.png",
            "url": "/catalog/legkovye/24540-r18-97y-pirelli-p-zero-tl42650/",
            "promo": [],
            "discountStores": [],
            "externalStores": [],
            "commonStores": [
                {
                    "STORE_ID": "158",
                    "PRODUCT_ID": "93737",
                    "AMOUNT": "1",
                    "PRODUCT_XML_ID": "42650",
                    "STORE_XML_ID": "351",
                    "STORE_NAME": "Оптовый Склад",
                    "PRICE": "21330.00",
                    "PRICE_ID": "9"
                }
            ],
            "brand": "PIRELLI",
            "brandCode": "375",
            "vendorCode": "1949400",
            "model": "P Zero",
            "raznItems": [
                {
                    "id": "92348",
                    "name": "245/45 R18",
                    "price": 20320,
                    "amount": "1",
                    "quantity": 1,
                    "url": "/catalog/legkovye/24545-r18-100y-pirelli-p-zero-tl94501/"
                },
                {
                    "id": "93737",
                    "name": "245/40 R18",
                    "price": 21330,
                    "amount": "1",
                    "quantity": 1,
                    "url": "/catalog/legkovye/24540-r18-97y-pirelli-p-zero-tl42650/"
                },
                {
                    "id": "101399",
                    "name": "245/50 R18",
                    "price": 24940,
                    "amount": "1",
                    "quantity": 1,
                    "url": "/catalog/legkovye/24550-r18-100y-pirelli-p-zero-tl64014/"
                },
                {
                    "id": "115966",
                    "name": "255/40 R18",
                    "price": 26600,
                    "amount": "3",
                    "quantity": 1,
                    "url": "/catalog/legkovye/25540-r18-99y-pirelli-p-zero-tl14262/"
                }
            ]
        },
        {
            "id": 91933,
            "isNew": false,
            "EDIT_LINK": null,
            "DELETE_LINK": null,
            "props": [
                {
                    "name": "Ширина",
                    "value": "255 "
                },
                {
                    "name": "Диаметр",
                    "value": "18 "
                }
            ],
            "type": "tires",
            "isPromo": null,
            "amount": 1,
            "season": "Летние",
            "price": 21340,
            "name": "255/45 R18 99Y PIRELLI P Zero Rosso TL",
            "sectionId": 7278,
            "sectionName": "Легковые",
            "sectionPath": [
                {
                    "ID": "7278",
                    "NAME": "Легковые"
                },
                {
                    "ID": "7267",
                    "NAME": "Шины"
                }
            ],
            "imgSrc": "/upload/resize_cache/rembg-image/234/275_275_1/v33mbs7zfl09lhj0udh8pjrk0v99bmhb.png",
            "url": "/catalog/legkovye/25545-r18-99y-pirelli-p-zero-rosso-tl86679/",
            "promo": [],
            "discountStores": [
                {
                    "STORE_ID": "181",
                    "PRODUCT_ID": "91933",
                    "AMOUNT": "1",
                    "PRODUCT_XML_ID": "86679",
                    "STORE_XML_ID": "587",
                    "STORE_NAME": "Остатки 2016",
                    "PRICE": "5000.00",
                    "PRICE_ID": "87"
                }
            ],
            "externalStores": [],
            "commonStores": [
                {
                    "STORE_ID": "158",
                    "PRODUCT_ID": "91933",
                    "AMOUNT": "1",
                    "PRODUCT_XML_ID": "86679",
                    "STORE_XML_ID": "351",
                    "STORE_NAME": "Оптовый Склад",
                    "PRICE": "21340.00",
                    "PRICE_ID": "9"
                }
            ],
            "brand": "PIRELLI",
            "brandCode": "375",
            "vendorCode": "1569500",
            "model": "P Zero Rosso",
            "raznItems": [
                {
                    "id": "91933",
                    "name": "255/45 R18",
                    "price": 21340,
                    "amount": "1",
                    "quantity": 1,
                    "url": "/catalog/legkovye/25545-r18-99y-pirelli-p-zero-rosso-tl86679/"
                }
            ]
        },
        {
            "id": 144993,
            "isNew": false,
            "EDIT_LINK": null,
            "DELETE_LINK": null,
            "props": [
                {
                    "name": "Ширина",
                    "value": "265 "
                },
                {
                    "name": "Диаметр",
                    "value": "20 "
                }
            ],
            "type": "tires",
            "isPromo": null,
            "amount": 4,
            "season": "Летние",
            "price": 21390,
            "name": "265/45 R20 108W YOKOHAMA Geolandar G057 TL",
            "sectionId": 7278,
            "sectionName": "Легковые",
            "sectionPath": [
                {
                    "ID": "7278",
                    "NAME": "Легковые"
                },
                {
                    "ID": "7267",
                    "NAME": "Шины"
                }
            ],
            "imgSrc": "/upload/resize_cache/rembg-image/0ce/275_275_1/tpp4gdzwjo6cfotuwpxp3y399urqdke3.png",
            "url": "/catalog/legkovye/26545-r20-108w-yokohama-geolandar-g057-tl09091/",
            "promo": [],
            "discountStores": [],
            "externalStores": [],
            "commonStores": [
                {
                    "STORE_ID": "158",
                    "PRODUCT_ID": "144993",
                    "AMOUNT": "4",
                    "PRODUCT_XML_ID": "FORTOCHKI_R4542",
                    "STORE_XML_ID": "351",
                    "STORE_NAME": "Оптовый Склад",
                    "PRICE": "21390.00",
                    "PRICE_ID": "9"
                }
            ],
            "brand": "YOKOHAMA",
            "brandCode": "",
            "vendorCode": "R4542",
            "model": "Geolandar X-CV G057",
            "raznItems": [
                {
                    "id": "113801",
                    "name": "255/50 R20",
                    "price": 22230,
                    "amount": "3",
                    "quantity": 1,
                    "url": "/catalog/legkovye/25550-r20-109w-yokohama-geolandar-g057-tl09086/"
                },
                {
                    "id": "119771",
                    "name": "275/40 R20",
                    "price": 21180,
                    "amount": "8",
                    "quantity": 1,
                    "url": "/catalog/legkovye/27540-r20-106w-yokohama-geolandar-g057-tl23734/"
                },
                {
                    "id": "144993",
                    "name": "265/45 R20",
                    "price": 21390,
                    "amount": "4",
                    "quantity": 1,
                    "url": "/catalog/legkovye/26545-r20-108w-yokohama-geolandar-g057-tl09091/"
                },
                {
                    "id": "155737",
                    "name": "235/45 R20",
                    "price": 19640,
                    "amount": "4",
                    "quantity": 1,
                    "url": "/catalog/legkovye/23545-r20-100w-yokohama-geolandar-g057-tl24661/"
                }
            ]
        },
        {
            "id": 144992,
            "isNew": false,
            "EDIT_LINK": null,
            "DELETE_LINK": null,
            "props": [
                {
                    "name": "Ширина",
                    "value": "255 "
                },
                {
                    "name": "Диаметр",
                    "value": "20 "
                }
            ],
            "type": "tires",
            "isPromo": null,
            "amount": 10,
            "season": "Летние",
            "price": 21490,
            "name": "255/55 R20 110W YOKOHAMA Geolandar G057 TL",
            "sectionId": 7278,
            "sectionName": "Легковые",
            "sectionPath": [
                {
                    "ID": "7278",
                    "NAME": "Легковые"
                },
                {
                    "ID": "7267",
                    "NAME": "Шины"
                }
            ],
            "imgSrc": "/upload/resize_cache/rembg-image/8c2/275_275_1/dovfj9fi06od9itp2f6d47y486l8amgz.png",
            "url": "/catalog/legkovye/25555-r20-110w-yokohama-geolandar-g057-tl09090/",
            "promo": [],
            "discountStores": [],
            "externalStores": [],
            "commonStores": [
                {
                    "STORE_ID": "158",
                    "PRODUCT_ID": "144992",
                    "AMOUNT": "10",
                    "PRODUCT_XML_ID": "09090",
                    "STORE_XML_ID": "351",
                    "STORE_NAME": "Оптовый Склад",
                    "PRICE": "21490.00",
                    "PRICE_ID": "9"
                }
            ],
            "brand": "YOKOHAMA",
            "brandCode": "393",
            "vendorCode": "R4541",
            "model": "Geolandar G057",
            "raznItems": [
                {
                    "id": "113804",
                    "name": "265/50 R20",
                    "price": 17160,
                    "amount": "1",
                    "quantity": 1,
                    "url": "/catalog/legkovye/26550-r20-111w-yokohama-geolandar-g057-tl09092/"
                },
                {
                    "id": "113806",
                    "name": "275/50 R20",
                    "price": 22430,
                    "amount": "1",
                    "quantity": 1,
                    "url": "/catalog/legkovye/27550-r20-113w-yokohama-geolandar-g057-tl09099/"
                },
                {
                    "id": "144992",
                    "name": "255/55 R20",
                    "price": 21490,
                    "amount": "10",
                    "quantity": 1,
                    "url": "/catalog/legkovye/25555-r20-110w-yokohama-geolandar-g057-tl09090/"
                }
            ]
        },
        {
            "id": 136519,
            "isNew": false,
            "EDIT_LINK": null,
            "DELETE_LINK": null,
            "props": [
                {
                    "name": "Ширина",
                    "value": "245 "
                },
                {
                    "name": "Диаметр",
                    "value": "19 "
                }
            ],
            "type": "tires",
            "isPromo": null,
            "amount": 10,
            "season": "Летние",
            "price": 21500,
            "name": "245/40 R19 98Y HANKOOK K120 Ventus V12 Evo2 TL",
            "sectionId": 7278,
            "sectionName": "Легковые",
            "sectionPath": [
                {
                    "ID": "7278",
                    "NAME": "Легковые"
                },
                {
                    "ID": "7267",
                    "NAME": "Шины"
                }
            ],
            "imgSrc": "/upload/resize_cache/rembg-image/b16/275_275_1/t89lz2sopg4owoq4etax61fm0aa2bf1q.png",
            "url": "/catalog/legkovye/24540-r19-98y-hankook-k120-ventus-v12-evo2-tl58352/",
            "promo": [],
            "discountStores": [],
            "externalStores": [],
            "commonStores": [
                {
                    "STORE_ID": "158",
                    "PRODUCT_ID": "136519",
                    "AMOUNT": "10",
                    "PRODUCT_XML_ID": "FORTOCHKI_1015286",
                    "STORE_XML_ID": "351",
                    "STORE_NAME": "Оптовый Склад",
                    "PRICE": "21500.00",
                    "PRICE_ID": "9"
                }
            ],
            "brand": "HANKOOK",
            "brandCode": "",
            "vendorCode": "1015286",
            "model": "Ventus V12 Evo 2 K120",
            "raznItems": [
                {
                    "id": "136519",
                    "name": "245/40 R19",
                    "price": 21500,
                    "amount": "10",
                    "quantity": 1,
                    "url": "/catalog/legkovye/24540-r19-98y-hankook-k120-ventus-v12-evo2-tl58352/"
                }
            ]
        }
    ],
    "filter": {
        "0": {
            "LOGIC": "OR",
            ">STORE_AMOUNT_156": 0,
            ">STORE_AMOUNT_158": 0,
            ">STORE_AMOUNT_159": 0,
            ">STORE_AMOUNT_160": 0,
            ">STORE_AMOUNT_161": 0,
            ">STORE_AMOUNT_164": 0,
            ">STORE_AMOUNT_165": 0,
            ">STORE_AMOUNT_168": 0,
            ">STORE_AMOUNT_169": 0,
            ">STORE_AMOUNT_174": 0,
            ">STORE_AMOUNT_180": 0,
            ">STORE_AMOUNT_184": 0,
            ">STORE_AMOUNT_185": 0,
            ">STORE_AMOUNT_191": 0,
            ">STORE_AMOUNT_192": 0,
            ">STORE_AMOUNT_194": 0,
            ">STORE_AMOUNT_6087": 0
        },
        "1": {
            "LOGIC": "OR",
            ">CATALOG_CATALOG_GROUP_ID_33": 0,
            ">CATALOG_CATALOG_GROUP_ID_90": 0,
            ">CATALOG_CATALOG_GROUP_ID_96": 0,
            ">CATALOG_CATALOG_GROUP_ID_97": 0,
            ">CATALOG_CATALOG_GROUP_ID_98": 0
        },
        "2": {
            "LOGIC": "OR",
            ">STORE_AMOUNT_156": 0,
            ">STORE_AMOUNT_158": 0,
            ">STORE_AMOUNT_159": 0,
            ">STORE_AMOUNT_160": 0,
            ">STORE_AMOUNT_161": 0,
            ">STORE_AMOUNT_164": 0,
            ">STORE_AMOUNT_165": 0,
            ">STORE_AMOUNT_168": 0,
            ">STORE_AMOUNT_169": 0,
            ">STORE_AMOUNT_174": 0,
            ">STORE_AMOUNT_180": 0,
            ">STORE_AMOUNT_184": 0,
            ">STORE_AMOUNT_185": 0,
            ">STORE_AMOUNT_191": 0,
            ">STORE_AMOUNT_192": 0,
            ">STORE_AMOUNT_194": 0,
            ">STORE_AMOUNT_6087": 0
        },
        "3": {
            "LOGIC": "OR",
            ">CATALOG_CATALOG_GROUP_ID_33": 0,
            ">CATALOG_CATALOG_GROUP_ID_90": 0,
            ">CATALOG_CATALOG_GROUP_ID_96": 0,
            ">CATALOG_CATALOG_GROUP_ID_97": 0,
            ">CATALOG_CATALOG_GROUP_ID_98": 0
        },
        "=PROPERTY_458": [
            "154"
        ]
    },
    "promo": {
        "id": "165954",
        "url": "/promo/shiny-v-rassrochku/",
        "name": "Покупки в рассрочку",
        "text": "Теперь вы можете купить зимние шины, или диски в рассрочку быстро и легко: без первоначального взноса и без переплаты!",
        "imgSrc": "/upload/resize_cache/iblock/356/1075_613_1/8iiw8xmv2bzky9euo9mn57dqx6dk3xa9.jpg",
        "videoSrc": null
    },
    "promoFilter": {
        "IBLOCK_ID": 10,
        "ACTIVE": "Y",
        "=PROPERTY_SECTION": 206,
        "=PROPERTY_CATALOG_SEASON": [
            false,
            204
        ],
        "=PROPERTY_CATALOG_BRAND": [
            false
        ]
    },
    "navNum": 1,
    "pagesCount": 111,
    "pageNum": 89
}