{
    "pageUrl": "/catalog/legkovye/?arCatalogFilter_458_1500340406=Y&set_filter=Y&sort%5Brecommendations%5D=asc&PAGEN_1=90",
    "items": [
        {
            "id": 120026,
            "isNew": false,
            "EDIT_LINK": null,
            "DELETE_LINK": null,
            "props": [
                {
                    "name": "Ширина",
                    "value": "245 "
                },
                {
                    "name": "Диаметр",
                    "value": "18 "
                }
            ],
            "type": "tires",
            "isPromo": null,
            "amount": 1,
            "season": "Летние",
            "price": 21500,
            "name": "245/50 R18 100Y MICHELIN Pilot Sport 4 TL",
            "sectionId": 7278,
            "sectionName": "Легковые",
            "sectionPath": [
                {
                    "ID": "7278",
                    "NAME": "Легковые"
                },
                {
                    "ID": "7267",
                    "NAME": "Шины"
                }
            ],
            "imgSrc": "/upload/resize_cache/rembg-image/dfd/275_275_1/95j9ua50ct2rz6m1ojbaqekbwzemfi6q.png",
            "url": "/catalog/legkovye/24550-r18-100y-michelin-pilot-sport-4-tl24145/",
            "promo": [],
            "discountStores": [],
            "externalStores": [],
            "commonStores": [
                {
                    "STORE_ID": "158",
                    "PRODUCT_ID": "120026",
                    "AMOUNT": "1",
                    "PRODUCT_XML_ID": "FORTOCHKI_704373",
                    "STORE_XML_ID": "351",
                    "STORE_NAME": "Оптовый Склад",
                    "PRICE": "21500.00",
                    "PRICE_ID": "9"
                }
            ],
            "brand": "MICHELIN",
            "brandCode": "",
            "vendorCode": "704373",
            "model": "Pilot Sport 4",
            "raznItems": [
                {
                    "id": "104693",
                    "name": "275/35 R18",
                    "price": 24020,
                    "amount": "1",
                    "quantity": 1,
                    "url": "/catalog/legkovye/27535-r18-99y-michelin-pilot-sport-4-tl01380/"
                },
                {
                    "id": "120026",
                    "name": "245/50 R18",
                    "price": 21500,
                    "amount": "1",
                    "quantity": 1,
                    "url": "/catalog/legkovye/24550-r18-100y-michelin-pilot-sport-4-tl24145/"
                },
                {
                    "id": "124876",
                    "name": "225/50 R18",
                    "price": 21250,
                    "amount": "2",
                    "quantity": 1,
                    "url": "/catalog/legkovye/22550-r18-99y-michelin-pilot-sport-4-tl88274/"
                },
                {
                    "id": "124887",
                    "name": "255/40 R18",
                    "price": 25190,
                    "amount": "4",
                    "quantity": 1,
                    "url": "/catalog/legkovye/25540-r18-99y-michelin-pilot-sport-4-tl88261/"
                },
                {
                    "id": "124888",
                    "name": "255/45 R18",
                    "price": 23170,
                    "amount": "2",
                    "quantity": 1,
                    "url": "/catalog/legkovye/25545-r18-103y-michelin-pilot-sport-4-tl88260/"
                }
            ]
        },
        {
            "id": 156153,
            "isNew": false,
            "EDIT_LINK": null,
            "DELETE_LINK": null,
            "props": [
                {
                    "name": "Ширина",
                    "value": "245 "
                },
                {
                    "name": "Диаметр",
                    "value": "20 "
                }
            ],
            "type": "tires",
            "isPromo": null,
            "amount": 4,
            "season": "Летние",
            "price": 21600,
            "name": "245/45 R20 99V YOKOHAMA Parada Spec-X PA02 TL",
            "sectionId": 7278,
            "sectionName": "Легковые",
            "sectionPath": [
                {
                    "ID": "7278",
                    "NAME": "Легковые"
                },
                {
                    "ID": "7267",
                    "NAME": "Шины"
                }
            ],
            "imgSrc": "/upload/resize_cache/rembg-image/f7c/275_275_1/tea704ez9bsngzbdxydgvg19dwcjx7ks.png",
            "url": "/catalog/legkovye/24545-r20-99v-yokohama-parada-spec-x-pa02-tl25062/",
            "promo": [],
            "discountStores": [],
            "externalStores": [],
            "commonStores": [],
            "brand": "YOKOHAMA",
            "brandCode": "",
            "vendorCode": "F1975",
            "model": "Parada Spec-X PA02",
            "raznItems": [
                {
                    "id": "90738",
                    "name": "275/45 R20",
                    "price": 22160,
                    "amount": "45",
                    "quantity": 1,
                    "url": "/catalog/legkovye/27545-r20-110v-yokohama-parada-spec-x-pa02-tl51518/"
                },
                {
                    "id": "91086",
                    "name": "275/55 R20",
                    "price": 22210,
                    "amount": "1",
                    "quantity": 1,
                    "url": "/catalog/legkovye/27555-r20-117v-yokohama-parada-spec-x-pa02-tl81896/"
                },
                {
                    "id": "119813",
                    "name": "295/45 R20",
                    "price": 26510,
                    "amount": "4",
                    "quantity": 1,
                    "url": "/catalog/legkovye/29545-r20-114v-yokohama-parada-spec-x-pa02-tl23785/"
                },
                {
                    "id": "156153",
                    "name": "245/45 R20",
                    "price": 21600,
                    "amount": "4",
                    "quantity": 1,
                    "url": "/catalog/legkovye/24545-r20-99v-yokohama-parada-spec-x-pa02-tl25062/"
                }
            ]
        },
        {
            "id": 145123,
            "isNew": false,
            "EDIT_LINK": null,
            "DELETE_LINK": null,
            "props": [
                {
                    "name": "Ширина",
                    "value": "235 "
                },
                {
                    "name": "Диаметр",
                    "value": "20 "
                }
            ],
            "type": "tires",
            "isPromo": null,
            "amount": 30,
            "season": "Летние",
            "price": 21650,
            "name": "235/55 R20 102V PIRELLI Scorpion Verde TL",
            "sectionId": 7278,
            "sectionName": "Легковые",
            "sectionPath": [
                {
                    "ID": "7278",
                    "NAME": "Легковые"
                },
                {
                    "ID": "7267",
                    "NAME": "Шины"
                }
            ],
            "imgSrc": "/upload/resize_cache/rembg-image/f19/275_275_1/urb0xbbtd2ld4m9a8s4cj333g6rn4gg8.png",
            "url": "/catalog/legkovye/23555-r20-102v-pirelli-scorpion-verde-tl14259/",
            "promo": [],
            "discountStores": [],
            "externalStores": [],
            "commonStores": [
                {
                    "STORE_ID": "158",
                    "PRODUCT_ID": "145123",
                    "AMOUNT": "30",
                    "PRODUCT_XML_ID": "FORTOCHKI_2539300",
                    "STORE_XML_ID": "351",
                    "STORE_NAME": "Оптовый Склад",
                    "PRICE": "21650.00",
                    "PRICE_ID": "9"
                }
            ],
            "brand": "PIRELLI",
            "brandCode": "",
            "vendorCode": "2539300",
            "model": "Scorpion Verde",
            "raznItems": [
                {
                    "id": "99898",
                    "name": "275/45 R20",
                    "price": 34810,
                    "amount": "1",
                    "quantity": 1,
                    "url": "/catalog/legkovye/27545r20-110w-xl-scorpion-verde-tl/"
                },
                {
                    "id": "145123",
                    "name": "235/55 R20",
                    "price": 21650,
                    "amount": "30",
                    "quantity": 1,
                    "url": "/catalog/legkovye/23555-r20-102v-pirelli-scorpion-verde-tl14259/"
                }
            ]
        },
        {
            "id": 101819,
            "isNew": false,
            "EDIT_LINK": null,
            "DELETE_LINK": null,
            "props": [
                {
                    "name": "Ширина",
                    "value": "10.5 "
                },
                {
                    "name": "Диаметр",
                    "value": "15 "
                }
            ],
            "type": "tires",
            "isPromo": null,
            "amount": 12,
            "season": "Летние",
            "price": 21680,
            "name": "10.5/ R15 109S BFGOODRICH All-Terrain T/A KO2 TL",
            "sectionId": 7278,
            "sectionName": "Легковые",
            "sectionPath": [
                {
                    "ID": "7278",
                    "NAME": "Легковые"
                },
                {
                    "ID": "7267",
                    "NAME": "Шины"
                }
            ],
            "imgSrc": "/upload/resize_cache/rembg-image/ad7/275_275_1/u1qwtirp3e4p86ot84t7h4jya8mph4wf.png",
            "url": "/catalog/legkovye/105-r15-109s-bfgoodrich-all-terrain-ta-ko2-tl69352/",
            "promo": [],
            "discountStores": [],
            "externalStores": [],
            "commonStores": [
                {
                    "STORE_ID": "158",
                    "PRODUCT_ID": "101819",
                    "AMOUNT": "12",
                    "PRODUCT_XML_ID": "FORTOCHKI_875678",
                    "STORE_XML_ID": "351",
                    "STORE_NAME": "Оптовый Склад",
                    "PRICE": "21680.00",
                    "PRICE_ID": "9"
                }
            ],
            "brand": "BFGOODRICH",
            "brandCode": "",
            "vendorCode": "875678",
            "model": "All Terrain T/A KO2",
            "raznItems": [
                {
                    "id": "101819",
                    "name": "10.5 R15",
                    "price": 21680,
                    "amount": "12",
                    "quantity": 1,
                    "url": "/catalog/legkovye/105-r15-109s-bfgoodrich-all-terrain-ta-ko2-tl69352/"
                },
                {
                    "id": "103115",
                    "name": "235/75 R15",
                    "price": 17930,
                    "amount": "2",
                    "quantity": 1,
                    "url": "/catalog/legkovye/23575-r15-104101s-bfgoodrich-all-terrain-ta-ko2-tl75158/"
                }
            ]
        },
        {
            "id": 135196,
            "isNew": false,
            "EDIT_LINK": null,
            "DELETE_LINK": null,
            "props": [
                {
                    "name": "Ширина",
                    "value": "275 "
                },
                {
                    "name": "Диаметр",
                    "value": "20 "
                }
            ],
            "type": "tires",
            "isPromo": null,
            "amount": 8,
            "season": "Летние",
            "price": 21710,
            "name": "275/40 R20 106Y NOKIAN TYRES Hakka Black 2 SUV TL",
            "sectionId": 7278,
            "sectionName": "Легковые",
            "sectionPath": [
                {
                    "ID": "7278",
                    "NAME": "Легковые"
                },
                {
                    "ID": "7267",
                    "NAME": "Шины"
                }
            ],
            "imgSrc": "/upload/resize_cache/rembg-image/cd1/275_275_1/c36i3aj2mjja4xfy5s0zno37ah4k3buy.png",
            "url": "/catalog/legkovye/27540-r20-106y-nokian-tyres-hakka-black-2-suv-tl65352/",
            "promo": [],
            "discountStores": [],
            "externalStores": [],
            "commonStores": [
                {
                    "STORE_ID": "158",
                    "PRODUCT_ID": "135196",
                    "AMOUNT": "8",
                    "PRODUCT_XML_ID": "65352",
                    "STORE_XML_ID": "351",
                    "STORE_NAME": "Оптовый Склад",
                    "PRICE": "21710.00",
                    "PRICE_ID": "9"
                }
            ],
            "brand": "NOKIAN TYRES",
            "brandCode": "277",
            "vendorCode": "T430581",
            "model": "Hakka Black 2 SUV",
            "raznItems": [
                {
                    "id": "135194",
                    "name": "255/50 R20",
                    "price": 22220,
                    "amount": "4",
                    "quantity": 1,
                    "url": "/catalog/legkovye/25550-r20-109y-nokian-tyres-hakka-black-2-suv-tl65358/"
                },
                {
                    "id": "135196",
                    "name": "275/40 R20",
                    "price": 21710,
                    "amount": "20",
                    "quantity": 1,
                    "url": "/catalog/legkovye/27540-r20-106y-nokian-tyres-hakka-black-2-suv-tl65352/"
                }
            ]
        },
        {
            "id": 92408,
            "isNew": false,
            "EDIT_LINK": null,
            "DELETE_LINK": null,
            "props": [
                {
                    "name": "Ширина",
                    "value": "275 "
                },
                {
                    "name": "Диаметр",
                    "value": "20 "
                }
            ],
            "type": "tires",
            "isPromo": null,
            "amount": 1,
            "season": "Летние",
            "price": 21710,
            "name": "275/45 R20 110Y YOKOHAMA Advan Sport V103B TL",
            "sectionId": 7278,
            "sectionName": "Легковые",
            "sectionPath": [
                {
                    "ID": "7278",
                    "NAME": "Легковые"
                },
                {
                    "ID": "7267",
                    "NAME": "Шины"
                }
            ],
            "imgSrc": "/upload/resize_cache/rembg-image/a80/275_275_1/cwjfjar2y9l39y0ofhxm3nw7cqd6dbrk.png",
            "url": "/catalog/legkovye/27545-r20-110y-yokohama-advan-sport-v103b-tl94691/",
            "promo": [],
            "discountStores": [],
            "externalStores": [],
            "commonStores": [
                {
                    "STORE_ID": "158",
                    "PRODUCT_ID": "92408",
                    "AMOUNT": "1",
                    "PRODUCT_XML_ID": "94691",
                    "STORE_XML_ID": "351",
                    "STORE_NAME": "Оптовый Склад",
                    "PRICE": "21710.00",
                    "PRICE_ID": "9"
                }
            ],
            "brand": "YOKOHAMA",
            "brandCode": "",
            "vendorCode": "F2058",
            "model": "Advan Sport V103B",
            "raznItems": [
                {
                    "id": "92408",
                    "name": "275/45 R20",
                    "price": 21710,
                    "amount": "1",
                    "quantity": 1,
                    "url": "/catalog/legkovye/27545-r20-110y-yokohama-advan-sport-v103b-tl94691/"
                }
            ]
        },
        {
            "id": 143179,
            "isNew": false,
            "EDIT_LINK": null,
            "DELETE_LINK": null,
            "props": [
                {
                    "name": "Ширина",
                    "value": "255 "
                },
                {
                    "name": "Диаметр",
                    "value": "19 "
                }
            ],
            "type": "tires",
            "isPromo": null,
            "amount": 40,
            "season": "Летние",
            "price": 21730,
            "name": "255/50 R19 103V PIRELLI Scorpion Verde TL",
            "sectionId": 7278,
            "sectionName": "Легковые",
            "sectionPath": [
                {
                    "ID": "7278",
                    "NAME": "Легковые"
                },
                {
                    "ID": "7267",
                    "NAME": "Шины"
                }
            ],
            "imgSrc": "/upload/resize_cache/rembg-image/54d/275_275_1/eiy39bqozfx6zbxoqkwn6w0g1uq9xov5.png",
            "url": "/catalog/legkovye/25550-r19-103v-pirelli-scorpion-verde-tl28168/",
            "promo": [],
            "discountStores": [],
            "externalStores": [],
            "commonStores": [
                {
                    "STORE_ID": "158",
                    "PRODUCT_ID": "143179",
                    "AMOUNT": "40",
                    "PRODUCT_XML_ID": "FORTOCHKI_2904800",
                    "STORE_XML_ID": "351",
                    "STORE_NAME": "Оптовый Склад",
                    "PRICE": "21730.00",
                    "PRICE_ID": "9"
                }
            ],
            "brand": "PIRELLI",
            "brandCode": "",
            "vendorCode": "2904800",
            "model": "Scorpion Verde",
            "raznItems": [
                {
                    "id": "102681",
                    "name": "225/45 R19",
                    "price": 18610,
                    "amount": "4",
                    "quantity": 1,
                    "url": "/catalog/legkovye/22545-r19-96w-pirelli-scorpion-verde-tl73733/"
                },
                {
                    "id": "143179",
                    "name": "255/50 R19",
                    "price": 21730,
                    "amount": "40",
                    "quantity": 1,
                    "url": "/catalog/legkovye/25550-r19-103v-pirelli-scorpion-verde-tl28168/"
                },
                {
                    "id": "159157",
                    "name": "225/55 R19",
                    "price": 13690,
                    "amount": "4",
                    "quantity": 1,
                    "url": "/catalog/legkovye/22555r19-99v-scorpion-verde-tl/"
                }
            ]
        },
        {
            "id": 104152,
            "isNew": false,
            "EDIT_LINK": null,
            "DELETE_LINK": null,
            "props": [
                {
                    "name": "Ширина",
                    "value": "255 "
                },
                {
                    "name": "Диаметр",
                    "value": "19 "
                }
            ],
            "type": "tires",
            "isPromo": null,
            "amount": 1,
            "season": "Летние",
            "price": 21820,
            "name": "255/50 R19 103W PIRELLI Scorpion Verde All Season TL",
            "sectionId": 7278,
            "sectionName": "Легковые",
            "sectionPath": [
                {
                    "ID": "7278",
                    "NAME": "Легковые"
                },
                {
                    "ID": "7267",
                    "NAME": "Шины"
                }
            ],
            "imgSrc": "/upload/resize_cache/rembg-image/757/275_275_1/hrdg47aw10v8anvdeflurmzg3rmns713.png",
            "url": "/catalog/legkovye/25550-r19-103w-pirelli-scorpion-verde-all-season-tl91600/",
            "promo": [],
            "discountStores": [],
            "externalStores": [],
            "commonStores": [
                {
                    "STORE_ID": "158",
                    "PRODUCT_ID": "104152",
                    "AMOUNT": "1",
                    "PRODUCT_XML_ID": "FORTOCHKI_3148900",
                    "STORE_XML_ID": "351",
                    "STORE_NAME": "Оптовый Склад",
                    "PRICE": "21820.00",
                    "PRICE_ID": "9"
                }
            ],
            "brand": "PIRELLI",
            "brandCode": "",
            "vendorCode": "3148900",
            "model": "Scorpion Verde All-Season",
            "raznItems": [
                {
                    "id": "104152",
                    "name": "255/50 R19",
                    "price": 21820,
                    "amount": "1",
                    "quantity": 1,
                    "url": "/catalog/legkovye/25550-r19-103w-pirelli-scorpion-verde-all-season-tl91600/"
                },
                {
                    "id": "145053",
                    "name": "235/55 R19",
                    "price": 16760,
                    "amount": "4",
                    "quantity": 1,
                    "url": "/catalog/legkovye/23555-r19-105v-pirelli-scorpion-verde-all-season-tl09940/"
                }
            ]
        },
        {
            "id": 155323,
            "isNew": false,
            "EDIT_LINK": null,
            "DELETE_LINK": null,
            "props": [
                {
                    "name": "Ширина",
                    "value": "235 "
                },
                {
                    "name": "Диаметр",
                    "value": "19 "
                }
            ],
            "type": "tires",
            "isPromo": null,
            "amount": 18,
            "season": "Летние",
            "price": 21880,
            "name": "235/50 R19 103V MICHELIN Primacy 4  TL",
            "sectionId": 7278,
            "sectionName": "Легковые",
            "sectionPath": [
                {
                    "ID": "7278",
                    "NAME": "Легковые"
                },
                {
                    "ID": "7267",
                    "NAME": "Шины"
                }
            ],
            "imgSrc": "/upload/resize_cache/rembg-image/af1/275_275_1/o1ix48ch5car1idi6ik8y5sqwa2edmab.png",
            "url": "/catalog/legkovye/23550-r19-103v-michelin-primacy-4-tl20699/",
            "promo": [],
            "discountStores": [],
            "externalStores": [],
            "commonStores": [
                {
                    "STORE_ID": "158",
                    "PRODUCT_ID": "155323",
                    "AMOUNT": "18",
                    "PRODUCT_XML_ID": "FORTOCHKI_772868",
                    "STORE_XML_ID": "351",
                    "STORE_NAME": "Оптовый Склад",
                    "PRICE": "21880.00",
                    "PRICE_ID": "9"
                }
            ],
            "brand": "MICHELIN",
            "brandCode": "",
            "vendorCode": "772868",
            "model": "Primacy 4 ",
            "raznItems": [
                {
                    "id": "155323",
                    "name": "235/50 R19",
                    "price": 21880,
                    "amount": "18",
                    "quantity": 1,
                    "url": "/catalog/legkovye/23550-r19-103v-michelin-primacy-4-tl20699/"
                }
            ]
        },
        {
            "id": 113764,
            "isNew": false,
            "EDIT_LINK": null,
            "DELETE_LINK": null,
            "props": [
                {
                    "name": "Ширина",
                    "value": "265 "
                },
                {
                    "name": "Диаметр",
                    "value": "20 "
                }
            ],
            "type": "tires",
            "isPromo": null,
            "amount": 1,
            "season": "Летние",
            "price": 21920,
            "name": "265/50 R20 107H YOKOHAMA Geolandar A/T G015 TL",
            "sectionId": 7278,
            "sectionName": "Легковые",
            "sectionPath": [
                {
                    "ID": "7278",
                    "NAME": "Легковые"
                },
                {
                    "ID": "7267",
                    "NAME": "Шины"
                }
            ],
            "imgSrc": "/upload/resize_cache/rembg-image/6e1/275_275_1/44lwocstbb00fm47bei2it4vtam53q89.png",
            "url": "/catalog/legkovye/26550-r20-107h-yokohama-geolandar-at-g015-tl09035/",
            "promo": [],
            "discountStores": [],
            "externalStores": [],
            "commonStores": [
                {
                    "STORE_ID": "158",
                    "PRODUCT_ID": "113764",
                    "AMOUNT": "1",
                    "PRODUCT_XML_ID": "09035",
                    "STORE_XML_ID": "351",
                    "STORE_NAME": "Оптовый Склад",
                    "PRICE": "21920.00",
                    "PRICE_ID": "9"
                }
            ],
            "brand": "YOKOHAMA",
            "brandCode": "393",
            "vendorCode": "R4067",
            "model": "Geolandar A/T G015",
            "raznItems": [
                {
                    "id": "113764",
                    "name": "265/50 R20",
                    "price": 21920,
                    "amount": "1",
                    "quantity": 1,
                    "url": "/catalog/legkovye/26550-r20-107h-yokohama-geolandar-at-g015-tl09035/"
                }
            ]
        },
        {
            "id": 119830,
            "isNew": false,
            "EDIT_LINK": null,
            "DELETE_LINK": null,
            "props": [
                {
                    "name": "Ширина",
                    "value": "275 "
                },
                {
                    "name": "Диаметр",
                    "value": "19 "
                }
            ],
            "type": "tires",
            "isPromo": null,
            "amount": 2,
            "season": "Летние",
            "price": 21950,
            "name": "275/35 R19 100Y YOKOHAMA Advan Sport V105 TL",
            "sectionId": 7278,
            "sectionName": "Легковые",
            "sectionPath": [
                {
                    "ID": "7278",
                    "NAME": "Легковые"
                },
                {
                    "ID": "7267",
                    "NAME": "Шины"
                }
            ],
            "imgSrc": "/upload/resize_cache/rembg-image/77e/275_275_1/dlxfqbmd6wvpf5t5nbsa9lm0e2byp5b5.png",
            "url": "/catalog/legkovye/27535-r19-100y-yokohama-advan-sport-v105-tl23802/",
            "promo": [],
            "discountStores": [],
            "externalStores": [],
            "commonStores": [
                {
                    "STORE_ID": "158",
                    "PRODUCT_ID": "119830",
                    "AMOUNT": "2",
                    "PRODUCT_XML_ID": "23802",
                    "STORE_XML_ID": "351",
                    "STORE_NAME": "Оптовый Склад",
                    "PRICE": "21950.00",
                    "PRICE_ID": "9"
                }
            ],
            "brand": "YOKOHAMA",
            "brandCode": "",
            "vendorCode": "R0714",
            "model": "Advan Sport V105",
            "raznItems": [
                {
                    "id": "119830",
                    "name": "275/35 R19",
                    "price": 21950,
                    "amount": "2",
                    "quantity": 1,
                    "url": "/catalog/legkovye/27535-r19-100y-yokohama-advan-sport-v105-tl23802/"
                }
            ]
        },
        {
            "id": 159591,
            "isNew": false,
            "EDIT_LINK": null,
            "DELETE_LINK": null,
            "props": [
                {
                    "name": "Ширина",
                    "value": "235 "
                },
                {
                    "name": "Диаметр",
                    "value": "19 "
                }
            ],
            "type": "tires",
            "isPromo": null,
            "amount": 4,
            "season": "Летние",
            "price": 22040,
            "name": "235/35 R19 91Y BRIDGESTONE Turanza T005 TL",
            "sectionId": 7278,
            "sectionName": "Легковые",
            "sectionPath": [
                {
                    "ID": "7278",
                    "NAME": "Легковые"
                },
                {
                    "ID": "7267",
                    "NAME": "Шины"
                }
            ],
            "imgSrc": "/upload/resize_cache/rembg-image/850/275_275_1/nvc6h0fzh7tq5rmfhkid3z55bg1vku3b.png",
            "url": "/catalog/legkovye/23535r19-91y-xl-turanza-t005-tl/",
            "promo": [],
            "discountStores": [],
            "externalStores": [],
            "commonStores": [],
            "brand": "BRIDGESTONE",
            "brandCode": "",
            "vendorCode": "BR013818",
            "model": "Turanza T005",
            "raznItems": [
                {
                    "id": "159591",
                    "name": "235/35 R19",
                    "price": 22040,
                    "amount": "4",
                    "quantity": 1,
                    "url": "/catalog/legkovye/23535r19-91y-xl-turanza-t005-tl/"
                }
            ]
        },
        {
            "id": 106053,
            "isNew": false,
            "EDIT_LINK": null,
            "DELETE_LINK": null,
            "props": [
                {
                    "name": "Ширина",
                    "value": "275 "
                },
                {
                    "name": "Диаметр",
                    "value": "18 "
                }
            ],
            "type": "tires",
            "isPromo": null,
            "amount": 3,
            "season": "Летние",
            "price": 22040,
            "name": "275/60 R18 113V BRIDGESTONE Alenza 001 TL",
            "sectionId": 7278,
            "sectionName": "Легковые",
            "sectionPath": [
                {
                    "ID": "7278",
                    "NAME": "Легковые"
                },
                {
                    "ID": "7267",
                    "NAME": "Шины"
                }
            ],
            "imgSrc": "/upload/resize_cache/rembg-image/4bb/275_275_1/21nunb6yszaljgzr20o1145y1l53eg8l.png",
            "url": "/catalog/legkovye/27560-r18-113v-bridgestone-alenza-001-tl61176/",
            "promo": [],
            "discountStores": [],
            "externalStores": [],
            "commonStores": [
                {
                    "STORE_ID": "158",
                    "PRODUCT_ID": "106053",
                    "AMOUNT": "3",
                    "PRODUCT_XML_ID": "61176",
                    "STORE_XML_ID": "351",
                    "STORE_NAME": "Оптовый Склад",
                    "PRICE": "22040.00",
                    "PRICE_ID": "9"
                }
            ],
            "brand": "BRIDGESTONE",
            "brandCode": "250",
            "vendorCode": "12885",
            "model": "Alenza 001",
            "raznItems": [
                {
                    "id": "104257",
                    "name": "255/55 R18",
                    "price": 16530,
                    "amount": "2",
                    "quantity": 1,
                    "url": "/catalog/legkovye/25555-r18-109y-bridgestone-alenza-001-tl04893/"
                },
                {
                    "id": "106053",
                    "name": "275/60 R18",
                    "price": 22040,
                    "amount": "3",
                    "quantity": 1,
                    "url": "/catalog/legkovye/27560-r18-113v-bridgestone-alenza-001-tl61176/"
                },
                {
                    "id": "113964",
                    "name": "235/55 R18",
                    "price": 14550,
                    "amount": "1",
                    "quantity": 1,
                    "url": "/catalog/legkovye/23555-r18-100v-bridgestone-alenza-001-tl09396/"
                }
            ]
        },
        {
            "id": 136593,
            "isNew": false,
            "EDIT_LINK": null,
            "DELETE_LINK": null,
            "props": [
                {
                    "name": "Ширина",
                    "value": "265 "
                },
                {
                    "name": "Диаметр",
                    "value": "20 "
                }
            ],
            "type": "tires",
            "isPromo": null,
            "amount": 8,
            "season": "Летние",
            "price": 22050,
            "name": "265/45 R20 108Y HANKOOK K127 Ventus S1 Evo3 TL",
            "sectionId": 7278,
            "sectionName": "Легковые",
            "sectionPath": [
                {
                    "ID": "7278",
                    "NAME": "Легковые"
                },
                {
                    "ID": "7267",
                    "NAME": "Шины"
                }
            ],
            "imgSrc": "/upload/resize_cache/rembg-image/71b/275_275_1/ehldu5w4xwp4h60kpjimc1tdmyaf84qm.png",
            "url": "/catalog/legkovye/26545-r20-108y-hankook-k127-ventus-s1-evo3-tl57941/",
            "promo": [],
            "discountStores": [],
            "externalStores": [],
            "commonStores": [
                {
                    "STORE_ID": "158",
                    "PRODUCT_ID": "136593",
                    "AMOUNT": "8",
                    "PRODUCT_XML_ID": "57941",
                    "STORE_XML_ID": "351",
                    "STORE_NAME": "Оптовый Склад",
                    "PRICE": "22050.00",
                    "PRICE_ID": "9"
                }
            ],
            "brand": "HANKOOK",
            "brandCode": "359",
            "vendorCode": "1025851",
            "model": "K127 Ventus S1 Evo3",
            "raznItems": [
                {
                    "id": "136593",
                    "name": "265/45 R20",
                    "price": 22050,
                    "amount": "8",
                    "quantity": 1,
                    "url": "/catalog/legkovye/26545-r20-108y-hankook-k127-ventus-s1-evo3-tl57941/"
                },
                {
                    "id": "136596",
                    "name": "275/45 R20",
                    "price": 21270,
                    "amount": "1",
                    "quantity": 1,
                    "url": "/catalog/legkovye/27545-r20-110y-hankook-k127-ventus-s1-evo3-tl57938/"
                }
            ]
        }
    ],
    "filter": {
        "0": {
            "LOGIC": "OR",
            ">STORE_AMOUNT_156": 0,
            ">STORE_AMOUNT_158": 0,
            ">STORE_AMOUNT_159": 0,
            ">STORE_AMOUNT_160": 0,
            ">STORE_AMOUNT_161": 0,
            ">STORE_AMOUNT_164": 0,
            ">STORE_AMOUNT_165": 0,
            ">STORE_AMOUNT_168": 0,
            ">STORE_AMOUNT_169": 0,
            ">STORE_AMOUNT_174": 0,
            ">STORE_AMOUNT_180": 0,
            ">STORE_AMOUNT_184": 0,
            ">STORE_AMOUNT_185": 0,
            ">STORE_AMOUNT_191": 0,
            ">STORE_AMOUNT_192": 0,
            ">STORE_AMOUNT_194": 0,
            ">STORE_AMOUNT_6087": 0
        },
        "1": {
            "LOGIC": "OR",
            ">CATALOG_CATALOG_GROUP_ID_33": 0,
            ">CATALOG_CATALOG_GROUP_ID_90": 0,
            ">CATALOG_CATALOG_GROUP_ID_96": 0,
            ">CATALOG_CATALOG_GROUP_ID_97": 0,
            ">CATALOG_CATALOG_GROUP_ID_98": 0
        },
        "2": {
            "LOGIC": "OR",
            ">STORE_AMOUNT_156": 0,
            ">STORE_AMOUNT_158": 0,
            ">STORE_AMOUNT_159": 0,
            ">STORE_AMOUNT_160": 0,
            ">STORE_AMOUNT_161": 0,
            ">STORE_AMOUNT_164": 0,
            ">STORE_AMOUNT_165": 0,
            ">STORE_AMOUNT_168": 0,
            ">STORE_AMOUNT_169": 0,
            ">STORE_AMOUNT_174": 0,
            ">STORE_AMOUNT_180": 0,
            ">STORE_AMOUNT_184": 0,
            ">STORE_AMOUNT_185": 0,
            ">STORE_AMOUNT_191": 0,
            ">STORE_AMOUNT_192": 0,
            ">STORE_AMOUNT_194": 0,
            ">STORE_AMOUNT_6087": 0
        },
        "3": {
            "LOGIC": "OR",
            ">CATALOG_CATALOG_GROUP_ID_33": 0,
            ">CATALOG_CATALOG_GROUP_ID_90": 0,
            ">CATALOG_CATALOG_GROUP_ID_96": 0,
            ">CATALOG_CATALOG_GROUP_ID_97": 0,
            ">CATALOG_CATALOG_GROUP_ID_98": 0
        },
        "=PROPERTY_458": [
            "154"
        ]
    },
    "promo": {
        "id": "165954",
        "url": "/promo/shiny-v-rassrochku/",
        "name": "Покупки в рассрочку",
        "text": "Теперь вы можете купить зимние шины, или диски в рассрочку быстро и легко: без первоначального взноса и без переплаты!",
        "imgSrc": "/upload/resize_cache/iblock/356/1075_613_1/8iiw8xmv2bzky9euo9mn57dqx6dk3xa9.jpg",
        "videoSrc": null
    },
    "promoFilter": {
        "IBLOCK_ID": 10,
        "ACTIVE": "Y",
        "=PROPERTY_SECTION": 206,
        "=PROPERTY_CATALOG_SEASON": [
            false,
            204
        ],
        "=PROPERTY_CATALOG_BRAND": [
            false
        ]
    },
    "navNum": 1,
    "pagesCount": 111,
    "pageNum": 90
}