{
    "pageUrl": "/catalog/legkovye/?arCatalogFilter_458_1500340406=Y&set_filter=Y&sort%5Brecommendations%5D=asc&PAGEN_1=91",
    "items": [
        {
            "id": 160177,
            "isNew": false,
            "EDIT_LINK": null,
            "DELETE_LINK": null,
            "props": [
                {
                    "name": "Ширина",
                    "value": "275 "
                },
                {
                    "name": "Диаметр",
                    "value": "18 "
                }
            ],
            "type": "tires",
            "isPromo": null,
            "amount": 2,
            "season": "Летние",
            "price": 22100,
            "name": "275/40 R18 103Y GOODYEAR Eagle F1 Asymmetric 3 TL",
            "sectionId": 7278,
            "sectionName": "Легковые",
            "sectionPath": [
                {
                    "ID": "7278",
                    "NAME": "Легковые"
                },
                {
                    "ID": "7267",
                    "NAME": "Шины"
                }
            ],
            "imgSrc": "/upload/resize_cache/rembg-image/8a2/275_275_1/5kkugywdd3fzazbw221j940g0fd9wypr.png",
            "url": "/catalog/legkovye/27540r18-103y-xl-eagle-f1-asymmetric-3-mo-tl-fp/",
            "promo": [],
            "discountStores": [],
            "externalStores": [],
            "commonStores": [],
            "brand": "GOODYEAR",
            "brandCode": "",
            "vendorCode": "548814",
            "model": "Eagle F1 Asymmetric 3",
            "raznItems": [
                {
                    "id": "160177",
                    "name": "275/40 R18",
                    "price": 22100,
                    "amount": "2",
                    "quantity": 1,
                    "url": "/catalog/legkovye/27540r18-103y-xl-eagle-f1-asymmetric-3-mo-tl-fp/"
                }
            ]
        },
        {
            "id": 168088,
            "isNew": false,
            "EDIT_LINK": null,
            "DELETE_LINK": null,
            "props": [
                {
                    "name": "Ширина",
                    "value": "245 "
                },
                {
                    "name": "Диаметр",
                    "value": "17 "
                }
            ],
            "type": "tires",
            "isPromo": null,
            "amount": 4,
            "season": "Летние",
            "price": 22120,
            "name": "245/70 R17 119Q BRIDGESTONE Dueler M/T 674 TL",
            "sectionId": 7278,
            "sectionName": "Легковые",
            "sectionPath": [
                {
                    "ID": "7278",
                    "NAME": "Легковые"
                },
                {
                    "ID": "7267",
                    "NAME": "Шины"
                }
            ],
            "imgSrc": "/upload/resize_cache/iblock/7f4/275_275_1/varn7j3ooeji4j7yej9s5jig2bn7fu0a.png",
            "url": "/catalog/legkovye/24570-r17-119q-bridgestone-dueler-mt-674-tl-br018349/",
            "promo": [],
            "discountStores": [],
            "externalStores": [],
            "commonStores": [],
            "brand": "BRIDGESTONE",
            "brandCode": "",
            "vendorCode": "BR018349",
            "model": "Dueler M/T 674",
            "raznItems": [
                {
                    "id": "168088",
                    "name": "245/70 R17",
                    "price": 22120,
                    "amount": "4",
                    "quantity": 1,
                    "url": "/catalog/legkovye/24570-r17-119q-bridgestone-dueler-mt-674-tl-br018349/"
                }
            ]
        },
        {
            "id": 135179,
            "isNew": false,
            "EDIT_LINK": null,
            "DELETE_LINK": null,
            "props": [
                {
                    "name": "Ширина",
                    "value": "245 "
                },
                {
                    "name": "Диаметр",
                    "value": "19 "
                }
            ],
            "type": "tires",
            "isPromo": null,
            "amount": 1,
            "season": "Летние",
            "price": 22130,
            "name": "245/45 R19 102Y NOKIAN TYRES Hakka Black 2 TL",
            "sectionId": 7278,
            "sectionName": "Легковые",
            "sectionPath": [
                {
                    "ID": "7278",
                    "NAME": "Легковые"
                },
                {
                    "ID": "7267",
                    "NAME": "Шины"
                }
            ],
            "imgSrc": "/upload/resize_cache/rembg-image/a12/275_275_1/wlr544ngk895j2y1hvc421romi03aeum.png",
            "url": "/catalog/legkovye/24545zr19-102y-xl-hakka-black-2-tl/",
            "promo": [],
            "discountStores": [],
            "externalStores": [],
            "commonStores": [],
            "brand": "NOKIAN TYRES",
            "brandCode": "",
            "vendorCode": "T430546",
            "model": "Hakka Black 2",
            "raznItems": [
                {
                    "id": "135174",
                    "name": "225/40 R19",
                    "price": 18760,
                    "amount": "2",
                    "quantity": 1,
                    "url": "/catalog/legkovye/22540zr19-93y-xl-hakka-black-2-tl/"
                },
                {
                    "id": "135175",
                    "name": "225/45 R19",
                    "price": 18950,
                    "amount": "28",
                    "quantity": 1,
                    "url": "/catalog/legkovye/22545-r19-96w-nokian-tyres-hakka-black-2-tl65379/"
                },
                {
                    "id": "135179",
                    "name": "245/45 R19",
                    "price": 22130,
                    "amount": "1",
                    "quantity": 1,
                    "url": "/catalog/legkovye/24545zr19-102y-xl-hakka-black-2-tl/"
                }
            ]
        },
        {
            "id": 124902,
            "isNew": false,
            "EDIT_LINK": null,
            "DELETE_LINK": null,
            "props": [
                {
                    "name": "Ширина",
                    "value": "235 "
                },
                {
                    "name": "Диаметр",
                    "value": "19 "
                }
            ],
            "type": "tires",
            "isPromo": null,
            "amount": 1,
            "season": "Летние",
            "price": 22140,
            "name": "235/45 R19 99Y MICHELIN Pilot Sport 4 TL",
            "sectionId": 7278,
            "sectionName": "Легковые",
            "sectionPath": [
                {
                    "ID": "7278",
                    "NAME": "Легковые"
                },
                {
                    "ID": "7267",
                    "NAME": "Шины"
                }
            ],
            "imgSrc": "/upload/resize_cache/rembg-image/b26/275_275_1/aus94vtxvv6ytik01j0krxb5w16zhyk5.png",
            "url": "/catalog/legkovye/23545-r19-99y-michelin-pilot-sport-4-tl88240/",
            "promo": [],
            "discountStores": [],
            "externalStores": [],
            "commonStores": [
                {
                    "STORE_ID": "158",
                    "PRODUCT_ID": "124902",
                    "AMOUNT": "1",
                    "PRODUCT_XML_ID": "88240",
                    "STORE_XML_ID": "351",
                    "STORE_NAME": "Оптовый Склад",
                    "PRICE": "22140.00",
                    "PRICE_ID": "9"
                }
            ],
            "brand": "MICHELIN",
            "brandCode": "273",
            "vendorCode": "538101",
            "model": "Pilot Sport 4",
            "raznItems": [
                {
                    "id": "104107",
                    "name": "225/45 R19",
                    "price": 20160,
                    "amount": "4",
                    "quantity": 1,
                    "url": "/catalog/legkovye/22545-r19-96w-michelin-pilot-sport-4-tl91494/"
                },
                {
                    "id": "117893",
                    "name": "275/40 R19",
                    "price": 32490,
                    "amount": "14",
                    "quantity": 1,
                    "url": "/catalog/legkovye/27540-r19-105y-michelin-pilot-sport-4-tl21701/"
                },
                {
                    "id": "124902",
                    "name": "235/45 R19",
                    "price": 22140,
                    "amount": "1",
                    "quantity": 1,
                    "url": "/catalog/legkovye/23545-r19-99y-michelin-pilot-sport-4-tl88240/"
                },
                {
                    "id": "124918",
                    "name": "285/40 R19",
                    "price": 23370,
                    "amount": "1",
                    "quantity": 1,
                    "url": "/catalog/legkovye/28540-r19-107y-michelin-pilot-sport-4-tl88208/"
                }
            ]
        },
        {
            "id": 106239,
            "isNew": false,
            "EDIT_LINK": null,
            "DELETE_LINK": null,
            "props": [
                {
                    "name": "Ширина",
                    "value": "275 "
                },
                {
                    "name": "Диаметр",
                    "value": "20 "
                }
            ],
            "type": "tires",
            "isPromo": null,
            "amount": 1,
            "season": "Летние",
            "price": 22160,
            "name": "275/45 R20 110V YOKOHAMA Avid GT S35A TL",
            "sectionId": 7278,
            "sectionName": "Легковые",
            "sectionPath": [
                {
                    "ID": "7278",
                    "NAME": "Легковые"
                },
                {
                    "ID": "7267",
                    "NAME": "Шины"
                }
            ],
            "imgSrc": "/upload/resize_cache/rembg-image/d54/275_275_1/3nvmelhpzrqgs4jivy8fms59rxcuyqoi.png",
            "url": "/catalog/legkovye/27545-r20-110v-yokohama-avid-gt-s35a-tl62169/",
            "promo": [],
            "discountStores": [],
            "externalStores": [],
            "commonStores": [
                {
                    "STORE_ID": "158",
                    "PRODUCT_ID": "106239",
                    "AMOUNT": "1",
                    "PRODUCT_XML_ID": "62169",
                    "STORE_XML_ID": "351",
                    "STORE_NAME": "Оптовый Склад",
                    "PRICE": "22160.00",
                    "PRICE_ID": "9"
                }
            ],
            "brand": "YOKOHAMA",
            "brandCode": "",
            "vendorCode": "R4105",
            "model": "AVID GT S35A",
            "raznItems": [
                {
                    "id": "106239",
                    "name": "275/45 R20",
                    "price": 22160,
                    "amount": "1",
                    "quantity": 1,
                    "url": "/catalog/legkovye/27545-r20-110v-yokohama-avid-gt-s35a-tl62169/"
                }
            ]
        },
        {
            "id": 90738,
            "isNew": false,
            "EDIT_LINK": null,
            "DELETE_LINK": null,
            "props": [
                {
                    "name": "Ширина",
                    "value": "275 "
                },
                {
                    "name": "Диаметр",
                    "value": "20 "
                }
            ],
            "type": "tires",
            "isPromo": null,
            "amount": 45,
            "season": "Летние",
            "price": 22160,
            "name": "275/45 R20 110V YOKOHAMA Parada Spec-X PA02 TL",
            "sectionId": 7278,
            "sectionName": "Легковые",
            "sectionPath": [
                {
                    "ID": "7278",
                    "NAME": "Легковые"
                },
                {
                    "ID": "7267",
                    "NAME": "Шины"
                }
            ],
            "imgSrc": "/upload/resize_cache/rembg-image/d61/275_275_1/5dci5gepn2a3v0eu3yg6iww7ko7kki4q.png",
            "url": "/catalog/legkovye/27545-r20-110v-yokohama-parada-spec-x-pa02-tl51518/",
            "promo": [],
            "discountStores": [],
            "externalStores": [],
            "commonStores": [
                {
                    "STORE_ID": "158",
                    "PRODUCT_ID": "90738",
                    "AMOUNT": "45",
                    "PRODUCT_XML_ID": "51518",
                    "STORE_XML_ID": "351",
                    "STORE_NAME": "Оптовый Склад",
                    "PRICE": "22160.00",
                    "PRICE_ID": "9"
                }
            ],
            "brand": "YOKOHAMA",
            "brandCode": "",
            "vendorCode": "F0391",
            "model": "Parada Spec-X PA02",
            "raznItems": [
                {
                    "id": "90738",
                    "name": "275/45 R20",
                    "price": 22160,
                    "amount": "45",
                    "quantity": 1,
                    "url": "/catalog/legkovye/27545-r20-110v-yokohama-parada-spec-x-pa02-tl51518/"
                },
                {
                    "id": "91086",
                    "name": "275/55 R20",
                    "price": 22210,
                    "amount": "1",
                    "quantity": 1,
                    "url": "/catalog/legkovye/27555-r20-117v-yokohama-parada-spec-x-pa02-tl81896/"
                },
                {
                    "id": "119813",
                    "name": "295/45 R20",
                    "price": 26510,
                    "amount": "4",
                    "quantity": 1,
                    "url": "/catalog/legkovye/29545-r20-114v-yokohama-parada-spec-x-pa02-tl23785/"
                },
                {
                    "id": "156153",
                    "name": "245/45 R20",
                    "price": 21600,
                    "amount": "4",
                    "quantity": 1,
                    "url": "/catalog/legkovye/24545-r20-99v-yokohama-parada-spec-x-pa02-tl25062/"
                }
            ]
        },
        {
            "id": 102088,
            "isNew": false,
            "EDIT_LINK": null,
            "DELETE_LINK": null,
            "props": [
                {
                    "name": "Ширина",
                    "value": "255 "
                },
                {
                    "name": "Диаметр",
                    "value": "16 "
                }
            ],
            "type": "tires",
            "isPromo": null,
            "amount": 4,
            "season": "Летние",
            "price": 22190,
            "name": "255/70 R16 120/117S BFGOODRICH All-Terrain T/A KO2 TL",
            "sectionId": 7278,
            "sectionName": "Легковые",
            "sectionPath": [
                {
                    "ID": "7278",
                    "NAME": "Легковые"
                },
                {
                    "ID": "7267",
                    "NAME": "Шины"
                }
            ],
            "imgSrc": "/upload/resize_cache/rembg-image/5c3/275_275_1/gl0h79cfunkb5ei696yu76nm6bwlp3em.png",
            "url": "/catalog/legkovye/25570-r16-120117s-bfgoodrich-all-terrain-ta-ko2-tl70426/",
            "promo": [],
            "discountStores": [],
            "externalStores": [],
            "commonStores": [],
            "brand": "BFGOODRICH",
            "brandCode": "",
            "vendorCode": "346838",
            "model": "All Terrain T/A KO2",
            "raznItems": [
                {
                    "id": "101690",
                    "name": "265/75 R16",
                    "price": 25180,
                    "amount": "32",
                    "quantity": 1,
                    "url": "/catalog/legkovye/26575-r16-119116r-bfgoodrich-all-terrain-ta-ko2-tl65916/"
                },
                {
                    "id": "101691",
                    "name": "275/70 R16",
                    "price": 21080,
                    "amount": "2",
                    "quantity": 1,
                    "url": "/catalog/legkovye/27570-r16-119116s-bfgoodrich-all-terrain-ta-ko2-tl65917/"
                },
                {
                    "id": "102088",
                    "name": "255/70 R16",
                    "price": 22190,
                    "amount": "4",
                    "quantity": 1,
                    "url": "/catalog/legkovye/25570-r16-120117s-bfgoodrich-all-terrain-ta-ko2-tl70426/"
                },
                {
                    "id": "102159",
                    "name": "285/75 R16",
                    "price": 28610,
                    "amount": "33",
                    "quantity": 1,
                    "url": "/catalog/legkovye/28575-r16-116113r-bfgoodrich-all-terrain-ta-ko2-tl71060/"
                },
                {
                    "id": "103459",
                    "name": "215/65 R16",
                    "price": 15560,
                    "amount": "95",
                    "quantity": 1,
                    "url": "/catalog/legkovye/21565-r16-103100s-bfgoodrich-all-terrain-ta-ko2-tl76498/"
                },
                {
                    "id": "125320",
                    "name": "235/85 R16",
                    "price": 24990,
                    "amount": "2",
                    "quantity": 1,
                    "url": "/catalog/legkovye/23585-r16-120116s-bfgoodrich-all-terrain-ta-ko2-tl87568/"
                }
            ]
        },
        {
            "id": 91086,
            "isNew": false,
            "EDIT_LINK": null,
            "DELETE_LINK": null,
            "props": [
                {
                    "name": "Ширина",
                    "value": "275 "
                },
                {
                    "name": "Диаметр",
                    "value": "20 "
                }
            ],
            "type": "tires",
            "isPromo": null,
            "amount": 1,
            "season": "Летние",
            "price": 22210,
            "name": "275/55 R20 117V YOKOHAMA Parada Spec-X PA02 TL",
            "sectionId": 7278,
            "sectionName": "Легковые",
            "sectionPath": [
                {
                    "ID": "7278",
                    "NAME": "Легковые"
                },
                {
                    "ID": "7267",
                    "NAME": "Шины"
                }
            ],
            "imgSrc": "/upload/resize_cache/rembg-image/a4d/275_275_1/yobga9883xyrzrszz37qmvy1mwm5jy9e.png",
            "url": "/catalog/legkovye/27555-r20-117v-yokohama-parada-spec-x-pa02-tl81896/",
            "promo": [],
            "discountStores": [],
            "externalStores": [],
            "commonStores": [],
            "brand": "YOKOHAMA",
            "brandCode": "",
            "vendorCode": "F0396",
            "model": "Parada Spec-X PA02",
            "raznItems": [
                {
                    "id": "90738",
                    "name": "275/45 R20",
                    "price": 22160,
                    "amount": "45",
                    "quantity": 1,
                    "url": "/catalog/legkovye/27545-r20-110v-yokohama-parada-spec-x-pa02-tl51518/"
                },
                {
                    "id": "91086",
                    "name": "275/55 R20",
                    "price": 22210,
                    "amount": "1",
                    "quantity": 1,
                    "url": "/catalog/legkovye/27555-r20-117v-yokohama-parada-spec-x-pa02-tl81896/"
                },
                {
                    "id": "119813",
                    "name": "295/45 R20",
                    "price": 26510,
                    "amount": "4",
                    "quantity": 1,
                    "url": "/catalog/legkovye/29545-r20-114v-yokohama-parada-spec-x-pa02-tl23785/"
                },
                {
                    "id": "156153",
                    "name": "245/45 R20",
                    "price": 21600,
                    "amount": "4",
                    "quantity": 1,
                    "url": "/catalog/legkovye/24545-r20-99v-yokohama-parada-spec-x-pa02-tl25062/"
                }
            ]
        },
        {
            "id": 135194,
            "isNew": false,
            "EDIT_LINK": null,
            "DELETE_LINK": null,
            "props": [
                {
                    "name": "Ширина",
                    "value": "255 "
                },
                {
                    "name": "Диаметр",
                    "value": "20 "
                }
            ],
            "type": "tires",
            "isPromo": null,
            "amount": 4,
            "season": "Летние",
            "price": 22220,
            "name": "255/50 R20 109Y NOKIAN TYRES Hakka Black 2 SUV TL",
            "sectionId": 7278,
            "sectionName": "Легковые",
            "sectionPath": [
                {
                    "ID": "7278",
                    "NAME": "Легковые"
                },
                {
                    "ID": "7267",
                    "NAME": "Шины"
                }
            ],
            "imgSrc": "/upload/resize_cache/rembg-image/463/275_275_1/2k09cui1wnoxhubd2oo7kufge91gqomm.png",
            "url": "/catalog/legkovye/25550-r20-109y-nokian-tyres-hakka-black-2-suv-tl65358/",
            "promo": [],
            "discountStores": [],
            "externalStores": [],
            "commonStores": [
                {
                    "STORE_ID": "158",
                    "PRODUCT_ID": "135194",
                    "AMOUNT": "4",
                    "PRODUCT_XML_ID": "65358",
                    "STORE_XML_ID": "351",
                    "STORE_NAME": "Оптовый Склад",
                    "PRICE": "22220.00",
                    "PRICE_ID": "9"
                }
            ],
            "brand": "NOKIAN TYRES",
            "brandCode": "277",
            "vendorCode": "T430709",
            "model": "Hakka Black 2 SUV",
            "raznItems": [
                {
                    "id": "135194",
                    "name": "255/50 R20",
                    "price": 22220,
                    "amount": "4",
                    "quantity": 1,
                    "url": "/catalog/legkovye/25550-r20-109y-nokian-tyres-hakka-black-2-suv-tl65358/"
                },
                {
                    "id": "135196",
                    "name": "275/40 R20",
                    "price": 21710,
                    "amount": "20",
                    "quantity": 1,
                    "url": "/catalog/legkovye/27540-r20-106y-nokian-tyres-hakka-black-2-suv-tl65352/"
                }
            ]
        },
        {
            "id": 104276,
            "isNew": false,
            "EDIT_LINK": null,
            "DELETE_LINK": null,
            "props": [
                {
                    "name": "Ширина",
                    "value": "285 "
                },
                {
                    "name": "Диаметр",
                    "value": "16 "
                }
            ],
            "type": "tires",
            "isPromo": null,
            "amount": 7,
            "season": "Летние",
            "price": 22220,
            "name": "285/75 R16 116R BRIDGESTONE Dueler A/T 001 TL",
            "sectionId": 7278,
            "sectionName": "Легковые",
            "sectionPath": [
                {
                    "ID": "7278",
                    "NAME": "Легковые"
                },
                {
                    "ID": "7267",
                    "NAME": "Шины"
                }
            ],
            "imgSrc": "/upload/resize_cache/rembg-image/bd9/275_275_1/8ocmx1lfldok3mm8fhptdz986ux3a5v7.png",
            "url": "/catalog/legkovye/28575-r16-116r-bridgestone-dueler-at-001-tl05745/",
            "promo": [],
            "discountStores": [],
            "externalStores": [],
            "commonStores": [
                {
                    "STORE_ID": "158",
                    "PRODUCT_ID": "104276",
                    "AMOUNT": "7",
                    "PRODUCT_XML_ID": "05745",
                    "STORE_XML_ID": "351",
                    "STORE_NAME": "Оптовый Склад",
                    "PRICE": "22220.00",
                    "PRICE_ID": "9"
                }
            ],
            "brand": "BRIDGESTONE",
            "brandCode": "250",
            "vendorCode": "19560",
            "model": "Dueler A/T 001",
            "raznItems": [
                {
                    "id": "104276",
                    "name": "285/75 R16",
                    "price": 22220,
                    "amount": "7",
                    "quantity": 1,
                    "url": "/catalog/legkovye/28575-r16-116r-bridgestone-dueler-at-001-tl05745/"
                }
            ]
        },
        {
            "id": 145078,
            "isNew": false,
            "EDIT_LINK": null,
            "DELETE_LINK": null,
            "props": [
                {
                    "name": "Ширина",
                    "value": "255 "
                },
                {
                    "name": "Диаметр",
                    "value": "19 "
                }
            ],
            "type": "tires",
            "isPromo": null,
            "amount": 2,
            "season": "Летние",
            "price": 22230,
            "name": "255/50 R19 107V CONTINENTAL Conti4x4Contact TL",
            "sectionId": 7278,
            "sectionName": "Легковые",
            "sectionPath": [
                {
                    "ID": "7278",
                    "NAME": "Легковые"
                },
                {
                    "ID": "7267",
                    "NAME": "Шины"
                }
            ],
            "imgSrc": "/upload/resize_cache/rembg-image/9a5/275_275_1/mv13scrat9yp3p3i2bwwjzipyictxhvt.png",
            "url": "/catalog/legkovye/25550-r19-107v-continental-conti4x4contact-tl10969/",
            "promo": [],
            "discountStores": [],
            "externalStores": [],
            "commonStores": [
                {
                    "STORE_ID": "158",
                    "PRODUCT_ID": "145078",
                    "AMOUNT": "2",
                    "PRODUCT_XML_ID": "10969",
                    "STORE_XML_ID": "351",
                    "STORE_NAME": "Оптовый Склад",
                    "PRICE": "22230.00",
                    "PRICE_ID": "9"
                }
            ],
            "brand": "CONTINENTAL",
            "brandCode": "254",
            "vendorCode": "0354895",
            "model": "Conti4x4Contact",
            "raznItems": [
                {
                    "id": "145078",
                    "name": "255/50 R19",
                    "price": 22230,
                    "amount": "2",
                    "quantity": 1,
                    "url": "/catalog/legkovye/25550-r19-107v-continental-conti4x4contact-tl10969/"
                }
            ]
        },
        {
            "id": 113801,
            "isNew": false,
            "EDIT_LINK": null,
            "DELETE_LINK": null,
            "props": [
                {
                    "name": "Ширина",
                    "value": "255 "
                },
                {
                    "name": "Диаметр",
                    "value": "20 "
                }
            ],
            "type": "tires",
            "isPromo": null,
            "amount": 3,
            "season": "Летние",
            "price": 22230,
            "name": "255/50 R20 109W YOKOHAMA Geolandar G057 TL",
            "sectionId": 7278,
            "sectionName": "Легковые",
            "sectionPath": [
                {
                    "ID": "7278",
                    "NAME": "Легковые"
                },
                {
                    "ID": "7267",
                    "NAME": "Шины"
                }
            ],
            "imgSrc": "/upload/resize_cache/rembg-image/39e/275_275_1/0mpu0l3e40o3ci8i906o7ndzna9e2epj.png",
            "url": "/catalog/legkovye/25550-r20-109w-yokohama-geolandar-g057-tl09086/",
            "promo": [],
            "discountStores": [],
            "externalStores": [],
            "commonStores": [
                {
                    "STORE_ID": "158",
                    "PRODUCT_ID": "113801",
                    "AMOUNT": "3",
                    "PRODUCT_XML_ID": "FORTOCHKI_R4540",
                    "STORE_XML_ID": "351",
                    "STORE_NAME": "Оптовый Склад",
                    "PRICE": "22230.00",
                    "PRICE_ID": "9"
                }
            ],
            "brand": "YOKOHAMA",
            "brandCode": "",
            "vendorCode": "R4540",
            "model": "Geolandar X-CV G057",
            "raznItems": [
                {
                    "id": "113801",
                    "name": "255/50 R20",
                    "price": 22230,
                    "amount": "3",
                    "quantity": 1,
                    "url": "/catalog/legkovye/25550-r20-109w-yokohama-geolandar-g057-tl09086/"
                },
                {
                    "id": "119771",
                    "name": "275/40 R20",
                    "price": 21180,
                    "amount": "8",
                    "quantity": 1,
                    "url": "/catalog/legkovye/27540-r20-106w-yokohama-geolandar-g057-tl23734/"
                },
                {
                    "id": "144993",
                    "name": "265/45 R20",
                    "price": 21390,
                    "amount": "4",
                    "quantity": 1,
                    "url": "/catalog/legkovye/26545-r20-108w-yokohama-geolandar-g057-tl09091/"
                },
                {
                    "id": "155737",
                    "name": "235/45 R20",
                    "price": 19640,
                    "amount": "4",
                    "quantity": 1,
                    "url": "/catalog/legkovye/23545-r20-100w-yokohama-geolandar-g057-tl24661/"
                }
            ]
        },
        {
            "id": 142766,
            "isNew": false,
            "EDIT_LINK": null,
            "DELETE_LINK": null,
            "props": [
                {
                    "name": "Ширина",
                    "value": "265 "
                },
                {
                    "name": "Диаметр",
                    "value": "18 "
                }
            ],
            "type": "tires",
            "isPromo": null,
            "amount": 2,
            "season": "Летние",
            "price": 22260,
            "name": "265/35 R18 97Y BRIDGESTONE Turanza T005 TL",
            "sectionId": 7278,
            "sectionName": "Легковые",
            "sectionPath": [
                {
                    "ID": "7278",
                    "NAME": "Легковые"
                },
                {
                    "ID": "7267",
                    "NAME": "Шины"
                }
            ],
            "imgSrc": "/upload/resize_cache/rembg-image/b7e/275_275_1/sekhb105cydu204f5e64m0fplj5nqfji.png",
            "url": "/catalog/legkovye/26535r18-97y-xl-turanza-t005-tl/",
            "promo": [],
            "discountStores": [],
            "externalStores": [],
            "commonStores": [],
            "brand": "BRIDGESTONE",
            "brandCode": "",
            "vendorCode": "BR008848",
            "model": "Turanza T005",
            "raznItems": [
                {
                    "id": "142766",
                    "name": "265/35 R18",
                    "price": 22260,
                    "amount": "2",
                    "quantity": 1,
                    "url": "/catalog/legkovye/26535r18-97y-xl-turanza-t005-tl/"
                },
                {
                    "id": "146670",
                    "name": "225/45 R18",
                    "price": 17990,
                    "amount": "12",
                    "quantity": 1,
                    "url": "/catalog/legkovye/22545r18-91v-turanza-t005-tl/"
                },
                {
                    "id": "162947",
                    "name": "225/45 R18",
                    "price": 17990,
                    "amount": "4",
                    "quantity": 1,
                    "url": "/catalog/legkovye/22545r18-91w-turanza-t005-mo-tl/"
                }
            ]
        },
        {
            "id": 145018,
            "isNew": false,
            "EDIT_LINK": null,
            "DELETE_LINK": null,
            "props": [
                {
                    "name": "Ширина",
                    "value": "235 "
                },
                {
                    "name": "Диаметр",
                    "value": "19 "
                }
            ],
            "type": "tires",
            "isPromo": null,
            "amount": 3,
            "season": "Летние",
            "price": 22300,
            "name": "235/50 R19 99V MICHELIN Pilot Sport 4 SUV TL",
            "sectionId": 7278,
            "sectionName": "Легковые",
            "sectionPath": [
                {
                    "ID": "7278",
                    "NAME": "Легковые"
                },
                {
                    "ID": "7267",
                    "NAME": "Шины"
                }
            ],
            "imgSrc": "/upload/resize_cache/rembg-image/c37/275_275_1/bkcxl58ovkwycj7jm6ln789aocbuk6bs.png",
            "url": "/catalog/legkovye/23550-r19-99v-michelin-pilot-sport-4-suv-tl09557/",
            "promo": [],
            "discountStores": [],
            "externalStores": [],
            "commonStores": [
                {
                    "STORE_ID": "158",
                    "PRODUCT_ID": "145018",
                    "AMOUNT": "3",
                    "PRODUCT_XML_ID": "FORTOCHKI_638122",
                    "STORE_XML_ID": "351",
                    "STORE_NAME": "Оптовый Склад",
                    "PRICE": "22300.00",
                    "PRICE_ID": "9"
                }
            ],
            "brand": "MICHELIN",
            "brandCode": "",
            "vendorCode": "638122",
            "model": "Pilot Sport 4 SUV",
            "raznItems": [
                {
                    "id": "116272",
                    "name": "225/55 R19",
                    "price": 19990,
                    "amount": "2",
                    "quantity": 1,
                    "url": "/catalog/legkovye/22555-r19-99v-michelin-pilot-sport-4-suv-tl14922/"
                },
                {
                    "id": "125057",
                    "name": "265/55 R19",
                    "price": 38810,
                    "amount": "8",
                    "quantity": 1,
                    "url": "/catalog/legkovye/26555-r19-113y-michelin-pilot-sport-4-suv-tl88010/"
                },
                {
                    "id": "135390",
                    "name": "275/55 R19",
                    "price": 30720,
                    "amount": "4",
                    "quantity": 1,
                    "url": "/catalog/legkovye/27555-r19-111w-michelin-pilot-sport-4-suv-tl65042/"
                },
                {
                    "id": "145018",
                    "name": "235/50 R19",
                    "price": 22300,
                    "amount": "3",
                    "quantity": 1,
                    "url": "/catalog/legkovye/23550-r19-99v-michelin-pilot-sport-4-suv-tl09557/"
                },
                {
                    "id": "145020",
                    "name": "255/45 R19",
                    "price": 26810,
                    "amount": "3",
                    "quantity": 1,
                    "url": "/catalog/legkovye/25545-r19-100v-michelin-pilot-sport-4-suv-tl09594/"
                }
            ]
        }
    ],
    "filter": {
        "0": {
            "LOGIC": "OR",
            ">STORE_AMOUNT_156": 0,
            ">STORE_AMOUNT_158": 0,
            ">STORE_AMOUNT_159": 0,
            ">STORE_AMOUNT_160": 0,
            ">STORE_AMOUNT_161": 0,
            ">STORE_AMOUNT_164": 0,
            ">STORE_AMOUNT_165": 0,
            ">STORE_AMOUNT_168": 0,
            ">STORE_AMOUNT_169": 0,
            ">STORE_AMOUNT_174": 0,
            ">STORE_AMOUNT_180": 0,
            ">STORE_AMOUNT_184": 0,
            ">STORE_AMOUNT_185": 0,
            ">STORE_AMOUNT_191": 0,
            ">STORE_AMOUNT_192": 0,
            ">STORE_AMOUNT_194": 0,
            ">STORE_AMOUNT_6087": 0
        },
        "1": {
            "LOGIC": "OR",
            ">CATALOG_CATALOG_GROUP_ID_33": 0,
            ">CATALOG_CATALOG_GROUP_ID_90": 0,
            ">CATALOG_CATALOG_GROUP_ID_96": 0,
            ">CATALOG_CATALOG_GROUP_ID_97": 0,
            ">CATALOG_CATALOG_GROUP_ID_98": 0
        },
        "2": {
            "LOGIC": "OR",
            ">STORE_AMOUNT_156": 0,
            ">STORE_AMOUNT_158": 0,
            ">STORE_AMOUNT_159": 0,
            ">STORE_AMOUNT_160": 0,
            ">STORE_AMOUNT_161": 0,
            ">STORE_AMOUNT_164": 0,
            ">STORE_AMOUNT_165": 0,
            ">STORE_AMOUNT_168": 0,
            ">STORE_AMOUNT_169": 0,
            ">STORE_AMOUNT_174": 0,
            ">STORE_AMOUNT_180": 0,
            ">STORE_AMOUNT_184": 0,
            ">STORE_AMOUNT_185": 0,
            ">STORE_AMOUNT_191": 0,
            ">STORE_AMOUNT_192": 0,
            ">STORE_AMOUNT_194": 0,
            ">STORE_AMOUNT_6087": 0
        },
        "3": {
            "LOGIC": "OR",
            ">CATALOG_CATALOG_GROUP_ID_33": 0,
            ">CATALOG_CATALOG_GROUP_ID_90": 0,
            ">CATALOG_CATALOG_GROUP_ID_96": 0,
            ">CATALOG_CATALOG_GROUP_ID_97": 0,
            ">CATALOG_CATALOG_GROUP_ID_98": 0
        },
        "=PROPERTY_458": [
            "154"
        ]
    },
    "promo": {
        "id": "165954",
        "url": "/promo/shiny-v-rassrochku/",
        "name": "Покупки в рассрочку",
        "text": "Теперь вы можете купить зимние шины, или диски в рассрочку быстро и легко: без первоначального взноса и без переплаты!",
        "imgSrc": "/upload/resize_cache/iblock/356/1075_613_1/8iiw8xmv2bzky9euo9mn57dqx6dk3xa9.jpg",
        "videoSrc": null
    },
    "promoFilter": {
        "IBLOCK_ID": 10,
        "ACTIVE": "Y",
        "=PROPERTY_SECTION": 206,
        "=PROPERTY_CATALOG_SEASON": [
            false,
            204
        ],
        "=PROPERTY_CATALOG_BRAND": [
            false
        ]
    },
    "navNum": 1,
    "pagesCount": 111,
    "pageNum": 91
}