{
    "pageUrl": "/catalog/legkovye/?arCatalogFilter_458_1500340406=Y&set_filter=Y&sort%5Brecommendations%5D=asc&PAGEN_1=92",
    "items": [
        {
            "id": 104027,
            "isNew": false,
            "EDIT_LINK": null,
            "DELETE_LINK": null,
            "props": [
                {
                    "name": "Ширина",
                    "value": "275 "
                },
                {
                    "name": "Диаметр",
                    "value": "20 "
                }
            ],
            "type": "tires",
            "isPromo": null,
            "amount": 4,
            "season": "Летние",
            "price": 22310,
            "name": "275/45 R20 110Y Nokian Hakka Black 2 SUV TL",
            "sectionId": 7278,
            "sectionName": "Легковые",
            "sectionPath": [
                {
                    "ID": "7278",
                    "NAME": "Легковые"
                },
                {
                    "ID": "7267",
                    "NAME": "Шины"
                }
            ],
            "imgSrc": "/upload/resize_cache/rembg-image/400/275_275_1/9ocvpd49l5inso6pfih53r3gmiswvfej.png",
            "url": "/catalog/legkovye/27545zr20-110y-xl-hakka-black-2-suv-tl/",
            "promo": [],
            "discountStores": [],
            "externalStores": [],
            "commonStores": [
                {
                    "STORE_ID": "158",
                    "PRODUCT_ID": "104027",
                    "AMOUNT": "4",
                    "PRODUCT_XML_ID": "FORTOCHKI_T430579",
                    "STORE_XML_ID": "351",
                    "STORE_NAME": "Оптовый Склад",
                    "PRICE": "22310.00",
                    "PRICE_ID": "9"
                }
            ],
            "brand": "NOKIAN TYRES",
            "brandCode": "",
            "vendorCode": "T430579",
            "model": "Hakka Black 2 SUV",
            "raznItems": [
                {
                    "id": "104025",
                    "name": "285/50 R20",
                    "price": 25070,
                    "amount": "4",
                    "quantity": 1,
                    "url": "/catalog/legkovye/28550-r20-116w-nokian-tyres-hakka-black-2-suv-tl91333/"
                },
                {
                    "id": "104027",
                    "name": "275/45 R20",
                    "price": 22310,
                    "amount": "4",
                    "quantity": 1,
                    "url": "/catalog/legkovye/27545zr20-110y-xl-hakka-black-2-suv-tl/"
                },
                {
                    "id": "135195",
                    "name": "265/45 R20",
                    "price": 22910,
                    "amount": "8",
                    "quantity": 1,
                    "url": "/catalog/legkovye/26545zr20-108y-xl-hakka-black-2-suv-tl/"
                }
            ]
        },
        {
            "id": 159165,
            "isNew": false,
            "EDIT_LINK": null,
            "DELETE_LINK": null,
            "props": [
                {
                    "name": "Ширина",
                    "value": "285 "
                },
                {
                    "name": "Диаметр",
                    "value": "17 "
                }
            ],
            "type": "tires",
            "isPromo": null,
            "amount": 1,
            "season": "Летние",
            "price": 22360,
            "name": "285/70 R17 117T YOKOHAMA Geolandar A/T G015 TL",
            "sectionId": 7278,
            "sectionName": "Легковые",
            "sectionPath": [
                {
                    "ID": "7278",
                    "NAME": "Легковые"
                },
                {
                    "ID": "7267",
                    "NAME": "Шины"
                }
            ],
            "imgSrc": "/upload/resize_cache/rembg-image/1dc/275_275_1/nmsnlea7o7yemdr2eddumx80w980jz0v.png",
            "url": "/catalog/legkovye/p28570r17-117t-geolandar-at-g015-tl-m-s-3pmsf/",
            "promo": [],
            "discountStores": [],
            "externalStores": [],
            "commonStores": [],
            "brand": "YOKOHAMA",
            "brandCode": "",
            "vendorCode": "R1139",
            "model": "Geolandar A/T G015",
            "raznItems": [
                {
                    "id": "102821",
                    "name": "245/65 R17",
                    "price": 14470,
                    "amount": "2",
                    "quantity": 1,
                    "url": "/catalog/legkovye/24565-r17-111h-yokohama-geolandar-at-g015-tl74009/"
                },
                {
                    "id": "102823",
                    "name": "255/65 R17",
                    "price": 13220,
                    "amount": "1",
                    "quantity": 1,
                    "url": "/catalog/legkovye/25565-r17-114h-yokohama-geolandar-at-g015-tl74011/"
                },
                {
                    "id": "102826",
                    "name": "265/65 R17",
                    "price": 12690,
                    "amount": "4",
                    "quantity": 1,
                    "url": "/catalog/legkovye/26565-r17-112h-yokohama-geolandar-at-g015-tl74014/"
                },
                {
                    "id": "102839",
                    "name": "265/70 R17",
                    "price": 15070,
                    "amount": "2",
                    "quantity": 1,
                    "url": "/catalog/legkovye/p26570r17-113t-geolandar-at-g015-tl-m-s-3pmsf/"
                },
                {
                    "id": "155738",
                    "name": "245/70 R17",
                    "price": 13380,
                    "amount": "8",
                    "quantity": 1,
                    "url": "/catalog/legkovye/24570-r17-119r-yokohama-geolandar-at-g015-tl24662/"
                },
                {
                    "id": "155740",
                    "name": "215/65 R17",
                    "price": 10550,
                    "amount": "4",
                    "quantity": 1,
                    "url": "/catalog/legkovye/21565-r17-103h-yokohama-geolandar-at-g015-tl24664/"
                },
                {
                    "id": "159165",
                    "name": "285/70 R17",
                    "price": 22360,
                    "amount": "1",
                    "quantity": 1,
                    "url": "/catalog/legkovye/p28570r17-117t-geolandar-at-g015-tl-m-s-3pmsf/"
                }
            ]
        },
        {
            "id": 135171,
            "isNew": false,
            "EDIT_LINK": null,
            "DELETE_LINK": null,
            "props": [
                {
                    "name": "Ширина",
                    "value": "245 "
                },
                {
                    "name": "Диаметр",
                    "value": "18 "
                }
            ],
            "type": "tires",
            "isPromo": null,
            "amount": 2,
            "season": "Летние",
            "price": 22390,
            "name": "245/45 R18 96Y NOKIAN TYRES Hakka Black 2 TL",
            "sectionId": 7278,
            "sectionName": "Легковые",
            "sectionPath": [
                {
                    "ID": "7278",
                    "NAME": "Легковые"
                },
                {
                    "ID": "7267",
                    "NAME": "Шины"
                }
            ],
            "imgSrc": "/upload/resize_cache/rembg-image/3c5/275_275_1/z63dhdy7bb6ah9sdavc4gxgl5t1jsq5w.png",
            "url": "/catalog/legkovye/24545zr18-96y-hakka-black-2-tl-run-flat/",
            "promo": [],
            "discountStores": [],
            "externalStores": [],
            "commonStores": [],
            "brand": "NOKIAN TYRES",
            "brandCode": "",
            "vendorCode": "T430542",
            "model": "Hakka Black 2",
            "raznItems": [
                {
                    "id": "135171",
                    "name": "245/45 R18",
                    "price": 22390,
                    "amount": "2",
                    "quantity": 1,
                    "url": "/catalog/legkovye/24545zr18-96y-hakka-black-2-tl-run-flat/"
                }
            ]
        },
        {
            "id": 105755,
            "isNew": false,
            "EDIT_LINK": null,
            "DELETE_LINK": null,
            "props": [
                {
                    "name": "Ширина",
                    "value": "245 "
                },
                {
                    "name": "Диаметр",
                    "value": "19 "
                }
            ],
            "type": "tires",
            "isPromo": null,
            "amount": 2,
            "season": "Летние",
            "price": 22390,
            "name": "245/40 R19 98Y BRIDGESTONE Turanza T005 TL",
            "sectionId": 7278,
            "sectionName": "Легковые",
            "sectionPath": [
                {
                    "ID": "7278",
                    "NAME": "Легковые"
                },
                {
                    "ID": "7267",
                    "NAME": "Шины"
                }
            ],
            "imgSrc": "/upload/resize_cache/rembg-image/5a2/275_275_1/bez2ddegur0khpwdyf27fdfu1wr1qi20.png",
            "url": "/catalog/legkovye/24540-r19-98y-bridgestone-turanza-t005-tl59448/",
            "promo": [],
            "discountStores": [],
            "externalStores": [],
            "commonStores": [
                {
                    "STORE_ID": "158",
                    "PRODUCT_ID": "105755",
                    "AMOUNT": "2",
                    "PRODUCT_XML_ID": "59448",
                    "STORE_XML_ID": "351",
                    "STORE_NAME": "Оптовый Склад",
                    "PRICE": "22390.00",
                    "PRICE_ID": "9"
                }
            ],
            "brand": "BRIDGESTONE",
            "brandCode": "250",
            "vendorCode": "8851",
            "model": "Turanza T005",
            "raznItems": [
                {
                    "id": "105755",
                    "name": "245/40 R19",
                    "price": 22390,
                    "amount": "2",
                    "quantity": 1,
                    "url": "/catalog/legkovye/24540-r19-98y-bridgestone-turanza-t005-tl59448/"
                },
                {
                    "id": "156695",
                    "name": "235/50 R19",
                    "price": 20770,
                    "amount": "4",
                    "quantity": 1,
                    "url": "/catalog/legkovye/23550-r19-103t-bridgestone-turanza-t005-tl25530/"
                },
                {
                    "id": "158905",
                    "name": "235/40 R19",
                    "price": 22910,
                    "amount": "11",
                    "quantity": 1,
                    "url": "/catalog/legkovye/23540-r19-96y-bridgestone-turanza-t005-tl28150/"
                },
                {
                    "id": "159669",
                    "name": "245/40 R19",
                    "price": 22830,
                    "amount": "15",
                    "quantity": 1,
                    "url": "/catalog/legkovye/24540-r19-94w-bridgestone-turanza-t005-tl28842/"
                }
            ]
        },
        {
            "id": 91940,
            "isNew": false,
            "EDIT_LINK": null,
            "DELETE_LINK": null,
            "props": [
                {
                    "name": "Ширина",
                    "value": "255 "
                },
                {
                    "name": "Диаметр",
                    "value": "19 "
                }
            ],
            "type": "tires",
            "isPromo": null,
            "amount": 1,
            "season": "Летние",
            "price": 22400,
            "name": "255/55 R19 111V PIRELLI Scorpion Zero TL",
            "sectionId": 7278,
            "sectionName": "Легковые",
            "sectionPath": [
                {
                    "ID": "7278",
                    "NAME": "Легковые"
                },
                {
                    "ID": "7267",
                    "NAME": "Шины"
                }
            ],
            "imgSrc": "/upload/resize_cache/rembg-image/b2c/275_275_1/7wf32dtvlxo22vv99z1su7ojzcxkz314.png",
            "url": "/catalog/legkovye/25555-r19-111v-pirelli-scorpion-zero-tl86694/",
            "promo": [],
            "discountStores": [],
            "externalStores": [],
            "commonStores": [],
            "brand": "PIRELLI",
            "brandCode": "",
            "vendorCode": "1780400",
            "model": "Scorpion Zero",
            "raznItems": [
                {
                    "id": "91940",
                    "name": "255/55 R19",
                    "price": 22400,
                    "amount": "1",
                    "quantity": 1,
                    "url": "/catalog/legkovye/25555-r19-111v-pirelli-scorpion-zero-tl86694/"
                }
            ]
        },
        {
            "id": 119756,
            "isNew": false,
            "EDIT_LINK": null,
            "DELETE_LINK": null,
            "props": [
                {
                    "name": "Ширина",
                    "value": "10.5 "
                },
                {
                    "name": "Диаметр",
                    "value": "15 "
                }
            ],
            "type": "tires",
            "isPromo": null,
            "amount": 3,
            "season": "Летние",
            "price": 22420,
            "name": "10.5/ R15 109Q YOKOHAMA Geolandar G003 TL",
            "sectionId": 7278,
            "sectionName": "Легковые",
            "sectionPath": [
                {
                    "ID": "7278",
                    "NAME": "Легковые"
                },
                {
                    "ID": "7267",
                    "NAME": "Шины"
                }
            ],
            "imgSrc": "/upload/resize_cache/rembg-image/dc2/275_275_1/ceetvnr2pnsru77pzwmdacnfox1362t4.png",
            "url": "/catalog/legkovye/105-r15-109q-yokohama-geolandar-g003-tl23712/",
            "promo": [],
            "discountStores": [],
            "externalStores": [],
            "commonStores": [
                {
                    "STORE_ID": "158",
                    "PRODUCT_ID": "119756",
                    "AMOUNT": "3",
                    "PRODUCT_XML_ID": "23712",
                    "STORE_XML_ID": "351",
                    "STORE_NAME": "Оптовый Склад",
                    "PRICE": "22420.00",
                    "PRICE_ID": "9"
                }
            ],
            "brand": "YOKOHAMA",
            "brandCode": "393",
            "vendorCode": "E4692",
            "model": "Geolandar G003",
            "raznItems": [
                {
                    "id": "119756",
                    "name": "10.5 R15",
                    "price": 22420,
                    "amount": "3",
                    "quantity": 1,
                    "url": "/catalog/legkovye/105-r15-109q-yokohama-geolandar-g003-tl23712/"
                }
            ]
        },
        {
            "id": 101823,
            "isNew": false,
            "EDIT_LINK": null,
            "DELETE_LINK": null,
            "props": [
                {
                    "name": "Ширина",
                    "value": "245 "
                },
                {
                    "name": "Диаметр",
                    "value": "17 "
                }
            ],
            "type": "tires",
            "isPromo": null,
            "amount": 4,
            "season": "Летние",
            "price": 22420,
            "name": "245/65 R17 111/108S BFGOODRICH All Terrain T/A KO2 TL",
            "sectionId": 7278,
            "sectionName": "Легковые",
            "sectionPath": [
                {
                    "ID": "7278",
                    "NAME": "Легковые"
                },
                {
                    "ID": "7267",
                    "NAME": "Шины"
                }
            ],
            "imgSrc": "/upload/resize_cache/rembg-image/e8d/275_275_1/sejib6d1wu1au6c2j09g42z4mez0f347.png",
            "url": "/catalog/legkovye/lt24565r17-111108s-lrd-all-terrain-ta-ko2-tl-rwl/",
            "promo": [],
            "discountStores": [],
            "externalStores": [],
            "commonStores": [],
            "brand": "BFGOODRICH",
            "brandCode": "",
            "vendorCode": "880470",
            "model": "All Terrain T/A KO2",
            "raznItems": [
                {
                    "id": "101821",
                    "name": "265/70 R17",
                    "price": 26360,
                    "amount": "13",
                    "quantity": 1,
                    "url": "/catalog/legkovye/26570-r17-121118s-bfgoodrich-all-terrain-ta-ko2-tl69354/"
                },
                {
                    "id": "101822",
                    "name": "225/65 R17",
                    "price": 25180,
                    "amount": "20",
                    "quantity": 1,
                    "url": "/catalog/legkovye/22565-r17-107103s-bfgoodrich-all-terrain-ta-ko2-tl69355/"
                },
                {
                    "id": "101823",
                    "name": "245/65 R17",
                    "price": 22420,
                    "amount": "4",
                    "quantity": 1,
                    "url": "/catalog/legkovye/lt24565r17-111108s-lrd-all-terrain-ta-ko2-tl-rwl/"
                },
                {
                    "id": "102086",
                    "name": "265/65 R17",
                    "price": 25500,
                    "amount": "10",
                    "quantity": 1,
                    "url": "/catalog/legkovye/26565-r17-120117s-bfgoodrich-all-terrain-ta-ko2-tl70424/"
                },
                {
                    "id": "104201",
                    "name": "285/70 R17",
                    "price": 30920,
                    "amount": "4",
                    "quantity": 1,
                    "url": "/catalog/legkovye/28570-r17-121118r-bfgoodrich-all-terrain-ta-ko2-tl01776/"
                },
                {
                    "id": "125324",
                    "name": "245/70 R17",
                    "price": 26660,
                    "amount": "4",
                    "quantity": 1,
                    "url": "/catalog/legkovye/24570-r17-119116s-bfgoodrich-all-terrain-ta-ko2-tl87562/"
                },
                {
                    "id": "125325",
                    "name": "245/75 R17",
                    "price": 27060,
                    "amount": "3",
                    "quantity": 1,
                    "url": "/catalog/legkovye/lt24575r17-121118s-lre-all-terrain-ta-ko2-tl-rwl/"
                },
                {
                    "id": "135331",
                    "name": "285/70 R17",
                    "price": 28720,
                    "amount": "3",
                    "quantity": 1,
                    "url": "/catalog/legkovye/28570-r17-116113s-bfgoodrich-all-terrain-ta-ko2-tl65104/"
                }
            ]
        },
        {
            "id": 135188,
            "isNew": false,
            "EDIT_LINK": null,
            "DELETE_LINK": null,
            "props": [
                {
                    "name": "Ширина",
                    "value": "275 "
                },
                {
                    "name": "Диаметр",
                    "value": "20 "
                }
            ],
            "type": "tires",
            "isPromo": null,
            "amount": 28,
            "season": "Летние",
            "price": 22430,
            "name": "275/35 R20 102Y NOKIAN TYRES Hakka Black 2 TL",
            "sectionId": 7278,
            "sectionName": "Легковые",
            "sectionPath": [
                {
                    "ID": "7278",
                    "NAME": "Легковые"
                },
                {
                    "ID": "7267",
                    "NAME": "Шины"
                }
            ],
            "imgSrc": "/upload/resize_cache/rembg-image/0f4/275_275_1/o6hc3565vnd0ca7kk6tud4vexvt9ajwf.png",
            "url": "/catalog/legkovye/27535zr20-102y-xl-hakka-black-2-tl/",
            "promo": [],
            "discountStores": [],
            "externalStores": [],
            "commonStores": [
                {
                    "STORE_ID": "158",
                    "PRODUCT_ID": "135188",
                    "AMOUNT": "28",
                    "PRODUCT_XML_ID": "FORTOCHKI_T430706",
                    "STORE_XML_ID": "351",
                    "STORE_NAME": "Оптовый Склад",
                    "PRICE": "22430.00",
                    "PRICE_ID": "9"
                }
            ],
            "brand": "NOKIAN TYRES",
            "brandCode": "",
            "vendorCode": "T430706",
            "model": "Hakka Black 2",
            "raznItems": [
                {
                    "id": "135185",
                    "name": "245/40 R20",
                    "price": 20560,
                    "amount": "24",
                    "quantity": 1,
                    "url": "/catalog/legkovye/24540zr20-99y-xl-hakka-black-2-tl/"
                },
                {
                    "id": "135188",
                    "name": "275/35 R20",
                    "price": 22430,
                    "amount": "28",
                    "quantity": 1,
                    "url": "/catalog/legkovye/27535zr20-102y-xl-hakka-black-2-tl/"
                }
            ]
        },
        {
            "id": 113806,
            "isNew": false,
            "EDIT_LINK": null,
            "DELETE_LINK": null,
            "props": [
                {
                    "name": "Ширина",
                    "value": "275 "
                },
                {
                    "name": "Диаметр",
                    "value": "20 "
                }
            ],
            "type": "tires",
            "isPromo": null,
            "amount": 1,
            "season": "Летние",
            "price": 22430,
            "name": "275/50 R20 113W YOKOHAMA Geolandar G057 TL",
            "sectionId": 7278,
            "sectionName": "Легковые",
            "sectionPath": [
                {
                    "ID": "7278",
                    "NAME": "Легковые"
                },
                {
                    "ID": "7267",
                    "NAME": "Шины"
                }
            ],
            "imgSrc": "/upload/resize_cache/rembg-image/ceb/275_275_1/xip0chffp2bq1cld1y3czleaqgkxrrw9.png",
            "url": "/catalog/legkovye/27550-r20-113w-yokohama-geolandar-g057-tl09099/",
            "promo": [],
            "discountStores": [],
            "externalStores": [],
            "commonStores": [
                {
                    "STORE_ID": "158",
                    "PRODUCT_ID": "113806",
                    "AMOUNT": "1",
                    "PRODUCT_XML_ID": "09099",
                    "STORE_XML_ID": "351",
                    "STORE_NAME": "Оптовый Склад",
                    "PRICE": "22430.00",
                    "PRICE_ID": "9"
                }
            ],
            "brand": "YOKOHAMA",
            "brandCode": "393",
            "vendorCode": "R4546",
            "model": "Geolandar G057",
            "raznItems": [
                {
                    "id": "113804",
                    "name": "265/50 R20",
                    "price": 17160,
                    "amount": "1",
                    "quantity": 1,
                    "url": "/catalog/legkovye/26550-r20-111w-yokohama-geolandar-g057-tl09092/"
                },
                {
                    "id": "113806",
                    "name": "275/50 R20",
                    "price": 22430,
                    "amount": "1",
                    "quantity": 1,
                    "url": "/catalog/legkovye/27550-r20-113w-yokohama-geolandar-g057-tl09099/"
                },
                {
                    "id": "144992",
                    "name": "255/55 R20",
                    "price": 21490,
                    "amount": "10",
                    "quantity": 1,
                    "url": "/catalog/legkovye/25555-r20-110w-yokohama-geolandar-g057-tl09090/"
                }
            ]
        },
        {
            "id": 144829,
            "isNew": false,
            "EDIT_LINK": null,
            "DELETE_LINK": null,
            "props": [
                {
                    "name": "Ширина",
                    "value": "235 "
                },
                {
                    "name": "Диаметр",
                    "value": "19 "
                }
            ],
            "type": "tires",
            "isPromo": null,
            "amount": 8,
            "season": "Летние",
            "price": 22470,
            "name": "235/40 R19 96(Y) BRIDGESTONE Potenza Sport TL",
            "sectionId": 7278,
            "sectionName": "Легковые",
            "sectionPath": [
                {
                    "ID": "7278",
                    "NAME": "Легковые"
                },
                {
                    "ID": "7267",
                    "NAME": "Шины"
                }
            ],
            "imgSrc": "/upload/resize_cache/rembg-image/036/275_275_1/4jksiph86m079q0ngo3m53e76qgklkcq.png",
            "url": "/catalog/legkovye/23540r19-96y-xl-potenza-sport-tl/",
            "promo": [],
            "discountStores": [],
            "externalStores": [],
            "commonStores": [],
            "brand": "BRIDGESTONE",
            "brandCode": "",
            "vendorCode": "BR021523",
            "model": "Potenza Sport",
            "raznItems": [
                {
                    "id": "144829",
                    "name": "235/40 R19",
                    "price": 22470,
                    "amount": "8",
                    "quantity": 1,
                    "url": "/catalog/legkovye/23540r19-96y-xl-potenza-sport-tl/"
                },
                {
                    "id": "147861",
                    "name": "255/40 R19",
                    "price": 25570,
                    "amount": "4",
                    "quantity": 1,
                    "url": "/catalog/legkovye/25540r19-100y-xl-potenza-sport-tl/"
                },
                {
                    "id": "156459",
                    "name": "285/30 R19",
                    "price": 34190,
                    "amount": "2",
                    "quantity": 1,
                    "url": "/catalog/legkovye/28530r19-98y-xl-potenza-sport-tl/"
                }
            ]
        },
        {
            "id": 164693,
            "isNew": false,
            "EDIT_LINK": null,
            "DELETE_LINK": null,
            "props": [
                {
                    "name": "Ширина",
                    "value": "225 "
                },
                {
                    "name": "Диаметр",
                    "value": "19 "
                }
            ],
            "type": "tires",
            "isPromo": null,
            "amount": 4,
            "season": "Летние",
            "price": 22480,
            "name": "225/45 R19 92W BRIDGESTONE Dueler H/P Sport TL",
            "sectionId": 7278,
            "sectionName": "Легковые",
            "sectionPath": [
                {
                    "ID": "7278",
                    "NAME": "Легковые"
                },
                {
                    "ID": "7267",
                    "NAME": "Шины"
                }
            ],
            "imgSrc": "/upload/resize_cache/rembg-image/ac8/275_275_1/9gvk8vtw88nutm6skxksvzu3c5xczuxi.png",
            "url": "/catalog/legkovye/22545r19-92w-dueler-hp-sport-tl/",
            "promo": [],
            "discountStores": [],
            "externalStores": [],
            "commonStores": [],
            "brand": "BRIDGESTONE",
            "brandCode": "",
            "vendorCode": "PSR0P32103",
            "model": "Dueler H/P Sport",
            "raznItems": [
                {
                    "id": "161067",
                    "name": "255/45 R19",
                    "price": 24730,
                    "amount": "2",
                    "quantity": 1,
                    "url": "/catalog/legkovye/25545r19-100v-dueler-hp-sport-mo-tl/"
                },
                {
                    "id": "164693",
                    "name": "225/45 R19",
                    "price": 22480,
                    "amount": "4",
                    "quantity": 1,
                    "url": "/catalog/legkovye/22545r19-92w-dueler-hp-sport-tl/"
                }
            ]
        },
        {
            "id": 144160,
            "isNew": false,
            "EDIT_LINK": null,
            "DELETE_LINK": null,
            "props": [
                {
                    "name": "Ширина",
                    "value": "255 "
                },
                {
                    "name": "Диаметр",
                    "value": "18 "
                }
            ],
            "type": "tires",
            "isPromo": null,
            "amount": 2,
            "season": "Летние",
            "price": 22480,
            "name": "255/35 R18 90W BRIDGESTONE Potenza RE050A TL",
            "sectionId": 7278,
            "sectionName": "Легковые",
            "sectionPath": [
                {
                    "ID": "7278",
                    "NAME": "Легковые"
                },
                {
                    "ID": "7267",
                    "NAME": "Шины"
                }
            ],
            "imgSrc": "/upload/resize_cache/rembg-image/7b6/275_275_1/ubgmles79et5jon891qc6risypgxmov9.png",
            "url": "/catalog/legkovye/25535r18-90w-potenza-re050a-tl-rft/",
            "promo": [],
            "discountStores": [],
            "externalStores": [],
            "commonStores": [],
            "brand": "BRIDGESTONE",
            "brandCode": "",
            "vendorCode": "PSR1339503",
            "model": "Potenza RE050A",
            "raznItems": [
                {
                    "id": "144160",
                    "name": "255/35 R18",
                    "price": 22480,
                    "amount": "2",
                    "quantity": 1,
                    "url": "/catalog/legkovye/25535r18-90w-potenza-re050a-tl-rft/"
                }
            ]
        },
        {
            "id": 143211,
            "isNew": false,
            "EDIT_LINK": null,
            "DELETE_LINK": null,
            "props": [
                {
                    "name": "Ширина",
                    "value": "225 "
                },
                {
                    "name": "Диаметр",
                    "value": "18 "
                }
            ],
            "type": "tires",
            "isPromo": null,
            "amount": 4,
            "season": "Летние",
            "price": 22480,
            "name": "225/45 R18 95Y BRIDGESTONE Turanza T005 TL",
            "sectionId": 7278,
            "sectionName": "Легковые",
            "sectionPath": [
                {
                    "ID": "7278",
                    "NAME": "Легковые"
                },
                {
                    "ID": "7267",
                    "NAME": "Шины"
                }
            ],
            "imgSrc": "/upload/resize_cache/rembg-image/f3e/275_275_1/e4sl0ezhocfp42ewnq1bjc4lllds1y2u.png",
            "url": "/catalog/legkovye/22545r18-95y-xl-turanza-t005--tl-rft/",
            "promo": [],
            "discountStores": [],
            "externalStores": [],
            "commonStores": [],
            "brand": "BRIDGESTONE",
            "brandCode": "",
            "vendorCode": "BR009825",
            "model": "Turanza T005",
            "raznItems": [
                {
                    "id": "143211",
                    "name": "225/45 R18",
                    "price": 22480,
                    "amount": "4",
                    "quantity": 1,
                    "url": "/catalog/legkovye/22545r18-95y-xl-turanza-t005--tl-rft/"
                }
            ]
        },
        {
            "id": 143205,
            "isNew": false,
            "EDIT_LINK": null,
            "DELETE_LINK": null,
            "props": [
                {
                    "name": "Ширина",
                    "value": "225 "
                },
                {
                    "name": "Диаметр",
                    "value": "18 "
                }
            ],
            "type": "tires",
            "isPromo": null,
            "amount": 5,
            "season": "Летние",
            "price": 22480,
            "name": "225/50 R18 95W BRIDGESTONE Turanza T001 TL",
            "sectionId": 7278,
            "sectionName": "Легковые",
            "sectionPath": [
                {
                    "ID": "7278",
                    "NAME": "Легковые"
                },
                {
                    "ID": "7267",
                    "NAME": "Шины"
                }
            ],
            "imgSrc": "/upload/resize_cache/rembg-image/0b5/275_275_1/qilehblair8iymc79axukla0ss8qzgvy.png",
            "url": "/catalog/legkovye/22550r18-95w-turanza-t001--tl-rft/",
            "promo": [],
            "discountStores": [],
            "externalStores": [],
            "commonStores": [],
            "brand": "BRIDGESTONE",
            "brandCode": "",
            "vendorCode": "BR007833",
            "model": "Turanza T001",
            "raznItems": [
                {
                    "id": "143205",
                    "name": "225/50 R18",
                    "price": 22480,
                    "amount": "5",
                    "quantity": 1,
                    "url": "/catalog/legkovye/22550r18-95w-turanza-t001--tl-rft/"
                }
            ]
        }
    ],
    "filter": {
        "0": {
            "LOGIC": "OR",
            ">STORE_AMOUNT_156": 0,
            ">STORE_AMOUNT_158": 0,
            ">STORE_AMOUNT_159": 0,
            ">STORE_AMOUNT_160": 0,
            ">STORE_AMOUNT_161": 0,
            ">STORE_AMOUNT_164": 0,
            ">STORE_AMOUNT_165": 0,
            ">STORE_AMOUNT_168": 0,
            ">STORE_AMOUNT_169": 0,
            ">STORE_AMOUNT_174": 0,
            ">STORE_AMOUNT_180": 0,
            ">STORE_AMOUNT_184": 0,
            ">STORE_AMOUNT_185": 0,
            ">STORE_AMOUNT_191": 0,
            ">STORE_AMOUNT_192": 0,
            ">STORE_AMOUNT_194": 0,
            ">STORE_AMOUNT_6087": 0
        },
        "1": {
            "LOGIC": "OR",
            ">CATALOG_CATALOG_GROUP_ID_33": 0,
            ">CATALOG_CATALOG_GROUP_ID_90": 0,
            ">CATALOG_CATALOG_GROUP_ID_96": 0,
            ">CATALOG_CATALOG_GROUP_ID_97": 0,
            ">CATALOG_CATALOG_GROUP_ID_98": 0
        },
        "2": {
            "LOGIC": "OR",
            ">STORE_AMOUNT_156": 0,
            ">STORE_AMOUNT_158": 0,
            ">STORE_AMOUNT_159": 0,
            ">STORE_AMOUNT_160": 0,
            ">STORE_AMOUNT_161": 0,
            ">STORE_AMOUNT_164": 0,
            ">STORE_AMOUNT_165": 0,
            ">STORE_AMOUNT_168": 0,
            ">STORE_AMOUNT_169": 0,
            ">STORE_AMOUNT_174": 0,
            ">STORE_AMOUNT_180": 0,
            ">STORE_AMOUNT_184": 0,
            ">STORE_AMOUNT_185": 0,
            ">STORE_AMOUNT_191": 0,
            ">STORE_AMOUNT_192": 0,
            ">STORE_AMOUNT_194": 0,
            ">STORE_AMOUNT_6087": 0
        },
        "3": {
            "LOGIC": "OR",
            ">CATALOG_CATALOG_GROUP_ID_33": 0,
            ">CATALOG_CATALOG_GROUP_ID_90": 0,
            ">CATALOG_CATALOG_GROUP_ID_96": 0,
            ">CATALOG_CATALOG_GROUP_ID_97": 0,
            ">CATALOG_CATALOG_GROUP_ID_98": 0
        },
        "=PROPERTY_458": [
            "154"
        ]
    },
    "promo": {
        "id": "165954",
        "url": "/promo/shiny-v-rassrochku/",
        "name": "Покупки в рассрочку",
        "text": "Теперь вы можете купить зимние шины, или диски в рассрочку быстро и легко: без первоначального взноса и без переплаты!",
        "imgSrc": "/upload/resize_cache/iblock/356/1075_613_1/8iiw8xmv2bzky9euo9mn57dqx6dk3xa9.jpg",
        "videoSrc": null
    },
    "promoFilter": {
        "IBLOCK_ID": 10,
        "ACTIVE": "Y",
        "=PROPERTY_SECTION": 206,
        "=PROPERTY_CATALOG_SEASON": [
            false,
            204
        ],
        "=PROPERTY_CATALOG_BRAND": [
            false
        ]
    },
    "navNum": 1,
    "pagesCount": 111,
    "pageNum": 92
}