{
    "pageUrl": "/catalog/legkovye/?arCatalogFilter_458_1500340406=Y&set_filter=Y&sort%5Brecommendations%5D=asc&PAGEN_1=96",
    "items": [
        {
            "id": 119757,
            "isNew": false,
            "EDIT_LINK": null,
            "DELETE_LINK": null,
            "props": [
                {
                    "name": "Ширина",
                    "value": "11.5 "
                },
                {
                    "name": "Диаметр",
                    "value": "15 "
                }
            ],
            "type": "tires",
            "isPromo": null,
            "amount": 3,
            "season": "Летние",
            "price": 24810,
            "name": "11.5/ R15 113Q YOKOHAMA Geolandar G003 TL",
            "sectionId": 7278,
            "sectionName": "Легковые",
            "sectionPath": [
                {
                    "ID": "7278",
                    "NAME": "Легковые"
                },
                {
                    "ID": "7267",
                    "NAME": "Шины"
                }
            ],
            "imgSrc": "/upload/resize_cache/rembg-image/a68/275_275_1/dkzbo5q0pq38fj0v61k19c67ybcw8if9.png",
            "url": "/catalog/legkovye/115-r15-113q-yokohama-geolandar-g003-tl23713/",
            "promo": [],
            "discountStores": [],
            "externalStores": [],
            "commonStores": [
                {
                    "STORE_ID": "158",
                    "PRODUCT_ID": "119757",
                    "AMOUNT": "3",
                    "PRODUCT_XML_ID": "23713",
                    "STORE_XML_ID": "351",
                    "STORE_NAME": "Оптовый Склад",
                    "PRICE": "24810.00",
                    "PRICE_ID": "9"
                }
            ],
            "brand": "YOKOHAMA",
            "brandCode": "393",
            "vendorCode": "E4699",
            "model": "Geolandar G003",
            "raznItems": [
                {
                    "id": "119757",
                    "name": "11.5 R15",
                    "price": 24810,
                    "amount": "3",
                    "quantity": 1,
                    "url": "/catalog/legkovye/115-r15-113q-yokohama-geolandar-g003-tl23713/"
                }
            ]
        },
        {
            "id": 101399,
            "isNew": false,
            "EDIT_LINK": null,
            "DELETE_LINK": null,
            "props": [
                {
                    "name": "Ширина",
                    "value": "245 "
                },
                {
                    "name": "Диаметр",
                    "value": "18 "
                }
            ],
            "type": "tires",
            "isPromo": null,
            "amount": 1,
            "season": "Летние",
            "price": 24940,
            "name": "245/50 R18 100Y PIRELLI P Zero TL",
            "sectionId": 7278,
            "sectionName": "Легковые",
            "sectionPath": [
                {
                    "ID": "7278",
                    "NAME": "Легковые"
                },
                {
                    "ID": "7267",
                    "NAME": "Шины"
                }
            ],
            "imgSrc": "/upload/resize_cache/rembg-image/bd8/275_275_1/4it3psnna7jhheawwev01uf4dngvuozp.png",
            "url": "/catalog/legkovye/24550-r18-100y-pirelli-p-zero-tl64014/",
            "promo": [],
            "discountStores": [],
            "externalStores": [],
            "commonStores": [
                {
                    "STORE_ID": "158",
                    "PRODUCT_ID": "101399",
                    "AMOUNT": "1",
                    "PRODUCT_XML_ID": "64014",
                    "STORE_XML_ID": "351",
                    "STORE_NAME": "Оптовый Склад",
                    "PRICE": "24940.00",
                    "PRICE_ID": "9"
                }
            ],
            "brand": "PIRELLI",
            "brandCode": "375",
            "vendorCode": "2315700",
            "model": "P Zero",
            "raznItems": [
                {
                    "id": "92348",
                    "name": "245/45 R18",
                    "price": 20320,
                    "amount": "1",
                    "quantity": 1,
                    "url": "/catalog/legkovye/24545-r18-100y-pirelli-p-zero-tl94501/"
                },
                {
                    "id": "93737",
                    "name": "245/40 R18",
                    "price": 21330,
                    "amount": "1",
                    "quantity": 1,
                    "url": "/catalog/legkovye/24540-r18-97y-pirelli-p-zero-tl42650/"
                },
                {
                    "id": "101399",
                    "name": "245/50 R18",
                    "price": 24940,
                    "amount": "1",
                    "quantity": 1,
                    "url": "/catalog/legkovye/24550-r18-100y-pirelli-p-zero-tl64014/"
                },
                {
                    "id": "115966",
                    "name": "255/40 R18",
                    "price": 26600,
                    "amount": "3",
                    "quantity": 1,
                    "url": "/catalog/legkovye/25540-r18-99y-pirelli-p-zero-tl14262/"
                }
            ]
        },
        {
            "id": 120015,
            "isNew": false,
            "EDIT_LINK": null,
            "DELETE_LINK": null,
            "props": [
                {
                    "name": "Ширина",
                    "value": "255 "
                },
                {
                    "name": "Диаметр",
                    "value": "18 "
                }
            ],
            "type": "tires",
            "isPromo": null,
            "amount": 4,
            "season": "Летние",
            "price": 24950,
            "name": "255/45 R18 99Y MICHELIN Primacy 4 TL",
            "sectionId": 7278,
            "sectionName": "Легковые",
            "sectionPath": [
                {
                    "ID": "7278",
                    "NAME": "Легковые"
                },
                {
                    "ID": "7267",
                    "NAME": "Шины"
                }
            ],
            "imgSrc": "/upload/resize_cache/rembg-image/d57/275_275_1/xwu40s7zmoziei55v75vfjxhqzj65fsc.png",
            "url": "/catalog/legkovye/25545r18-99y-primacy-4-tl/",
            "promo": [],
            "discountStores": [],
            "externalStores": [],
            "commonStores": [],
            "brand": "MICHELIN",
            "brandCode": "",
            "vendorCode": "215021",
            "model": "Primacy 4",
            "raznItems": [
                {
                    "id": "120015",
                    "name": "255/45 R18",
                    "price": 24950,
                    "amount": "4",
                    "quantity": 1,
                    "url": "/catalog/legkovye/25545r18-99y-primacy-4-tl/"
                }
            ]
        },
        {
            "id": 125320,
            "isNew": false,
            "EDIT_LINK": null,
            "DELETE_LINK": null,
            "props": [
                {
                    "name": "Ширина",
                    "value": "235 "
                },
                {
                    "name": "Диаметр",
                    "value": "16 "
                }
            ],
            "type": "tires",
            "isPromo": null,
            "amount": 2,
            "season": "Летние",
            "price": 24990,
            "name": "235/85 R16 120/116S BFGOODRICH All-Terrain T/A KO2 TL",
            "sectionId": 7278,
            "sectionName": "Легковые",
            "sectionPath": [
                {
                    "ID": "7278",
                    "NAME": "Легковые"
                },
                {
                    "ID": "7267",
                    "NAME": "Шины"
                }
            ],
            "imgSrc": "/upload/resize_cache/rembg-image/ff5/275_275_1/qt6tx2kzhto62v6oxm5sh87x8uw5yvl4.png",
            "url": "/catalog/legkovye/23585-r16-120116s-bfgoodrich-all-terrain-ta-ko2-tl87568/",
            "promo": [],
            "discountStores": [],
            "externalStores": [],
            "commonStores": [
                {
                    "STORE_ID": "158",
                    "PRODUCT_ID": "125320",
                    "AMOUNT": "2",
                    "PRODUCT_XML_ID": "87568",
                    "STORE_XML_ID": "351",
                    "STORE_NAME": "Оптовый Склад",
                    "PRICE": "24990.00",
                    "PRICE_ID": "9"
                }
            ],
            "brand": "BFGOODRICH",
            "brandCode": "",
            "vendorCode": "820321",
            "model": "All Terrain T/A KO2",
            "raznItems": [
                {
                    "id": "101690",
                    "name": "265/75 R16",
                    "price": 25180,
                    "amount": "32",
                    "quantity": 1,
                    "url": "/catalog/legkovye/26575-r16-119116r-bfgoodrich-all-terrain-ta-ko2-tl65916/"
                },
                {
                    "id": "101691",
                    "name": "275/70 R16",
                    "price": 21080,
                    "amount": "2",
                    "quantity": 1,
                    "url": "/catalog/legkovye/27570-r16-119116s-bfgoodrich-all-terrain-ta-ko2-tl65917/"
                },
                {
                    "id": "102088",
                    "name": "255/70 R16",
                    "price": 22190,
                    "amount": "4",
                    "quantity": 1,
                    "url": "/catalog/legkovye/25570-r16-120117s-bfgoodrich-all-terrain-ta-ko2-tl70426/"
                },
                {
                    "id": "102159",
                    "name": "285/75 R16",
                    "price": 28610,
                    "amount": "33",
                    "quantity": 1,
                    "url": "/catalog/legkovye/28575-r16-116113r-bfgoodrich-all-terrain-ta-ko2-tl71060/"
                },
                {
                    "id": "103459",
                    "name": "215/65 R16",
                    "price": 15560,
                    "amount": "95",
                    "quantity": 1,
                    "url": "/catalog/legkovye/21565-r16-103100s-bfgoodrich-all-terrain-ta-ko2-tl76498/"
                },
                {
                    "id": "125320",
                    "name": "235/85 R16",
                    "price": 24990,
                    "amount": "2",
                    "quantity": 1,
                    "url": "/catalog/legkovye/23585-r16-120116s-bfgoodrich-all-terrain-ta-ko2-tl87568/"
                }
            ]
        },
        {
            "id": 104025,
            "isNew": false,
            "EDIT_LINK": null,
            "DELETE_LINK": null,
            "props": [
                {
                    "name": "Ширина",
                    "value": "285 "
                },
                {
                    "name": "Диаметр",
                    "value": "20 "
                }
            ],
            "type": "tires",
            "isPromo": null,
            "amount": 4,
            "season": "Летние",
            "price": 25070,
            "name": "285/50 R20 116W NOKIAN TYRES Hakka Black 2 SUV TL",
            "sectionId": 7278,
            "sectionName": "Легковые",
            "sectionPath": [
                {
                    "ID": "7278",
                    "NAME": "Легковые"
                },
                {
                    "ID": "7267",
                    "NAME": "Шины"
                }
            ],
            "imgSrc": "/upload/resize_cache/rembg-image/f39/275_275_1/736ah2rafe3pttydqkipgunr0krw46eo.png",
            "url": "/catalog/legkovye/28550-r20-116w-nokian-tyres-hakka-black-2-suv-tl91333/",
            "promo": [],
            "discountStores": [],
            "externalStores": [],
            "commonStores": [
                {
                    "STORE_ID": "156",
                    "PRODUCT_ID": "104025",
                    "AMOUNT": "4",
                    "PRODUCT_XML_ID": "91333",
                    "STORE_XML_ID": "419",
                    "STORE_NAME": "г. Челябинск, Свердловский тракт, 12б",
                    "PRICE": "25070.00",
                    "PRICE_ID": "7"
                }
            ],
            "brand": "NOKIAN TYRES",
            "brandCode": "",
            "vendorCode": "T430576",
            "model": "Hakka Black 2 SUV",
            "raznItems": [
                {
                    "id": "104025",
                    "name": "285/50 R20",
                    "price": 25070,
                    "amount": "4",
                    "quantity": 1,
                    "url": "/catalog/legkovye/28550-r20-116w-nokian-tyres-hakka-black-2-suv-tl91333/"
                },
                {
                    "id": "104027",
                    "name": "275/45 R20",
                    "price": 22310,
                    "amount": "4",
                    "quantity": 1,
                    "url": "/catalog/legkovye/27545zr20-110y-xl-hakka-black-2-suv-tl/"
                },
                {
                    "id": "135195",
                    "name": "265/45 R20",
                    "price": 22910,
                    "amount": "8",
                    "quantity": 1,
                    "url": "/catalog/legkovye/26545zr20-108y-xl-hakka-black-2-suv-tl/"
                }
            ]
        },
        {
            "id": 102089,
            "isNew": false,
            "EDIT_LINK": null,
            "DELETE_LINK": null,
            "props": [
                {
                    "name": "Ширина",
                    "value": "265 "
                },
                {
                    "name": "Диаметр",
                    "value": "18 "
                }
            ],
            "type": "tires",
            "isPromo": null,
            "amount": 2,
            "season": "Летние",
            "price": 25110,
            "name": "265/60 R18 119/116S BFGOODRICH All-Terrain T/A KO2 TL",
            "sectionId": 7278,
            "sectionName": "Легковые",
            "sectionPath": [
                {
                    "ID": "7278",
                    "NAME": "Легковые"
                },
                {
                    "ID": "7267",
                    "NAME": "Шины"
                }
            ],
            "imgSrc": "/upload/resize_cache/rembg-image/313/275_275_1/5esxgj4z825erca2gjan38jeu7ya271e.png",
            "url": "/catalog/legkovye/26560-r18-119116s-bfgoodrich-all-terrain-ta-ko2-tl70427/",
            "promo": [],
            "discountStores": [],
            "externalStores": [],
            "commonStores": [],
            "brand": "BFGOODRICH",
            "brandCode": "",
            "vendorCode": "620669",
            "model": "All Terrain T/A KO2",
            "raznItems": [
                {
                    "id": "102089",
                    "name": "265/60 R18",
                    "price": 25110,
                    "amount": "2",
                    "quantity": 1,
                    "url": "/catalog/legkovye/26560-r18-119116s-bfgoodrich-all-terrain-ta-ko2-tl70427/"
                },
                {
                    "id": "120091",
                    "name": "265/65 R18",
                    "price": 28140,
                    "amount": "4",
                    "quantity": 1,
                    "url": "/catalog/legkovye/26565-r18-117114r-bfgoodrich-all-terrain-ta-ko2-tl24263/"
                },
                {
                    "id": "125332",
                    "name": "285/65 R18",
                    "price": 31440,
                    "amount": "13",
                    "quantity": 1,
                    "url": "/catalog/legkovye/28565-r18-121118r-bfgoodrich-all-terrain-ta-ko2-tl87554/"
                }
            ]
        },
        {
            "id": 101472,
            "isNew": false,
            "EDIT_LINK": null,
            "DELETE_LINK": null,
            "props": [
                {
                    "name": "Ширина",
                    "value": "235 "
                },
                {
                    "name": "Диаметр",
                    "value": "20 "
                }
            ],
            "type": "tires",
            "isPromo": null,
            "amount": 2,
            "season": "Летние",
            "price": 25110,
            "name": "235/55 R20 102W CONTINENTAL ContiCrossContact UHP TL",
            "sectionId": 7278,
            "sectionName": "Легковые",
            "sectionPath": [
                {
                    "ID": "7278",
                    "NAME": "Легковые"
                },
                {
                    "ID": "7267",
                    "NAME": "Шины"
                }
            ],
            "imgSrc": "/upload/resize_cache/rembg-image/1df/275_275_1/vkq8edv34n6z7a1a9se5x34imq51keb1.png",
            "url": "/catalog/legkovye/23555-r20-102w-continental-conticrosscontact-uhp-tl64443/",
            "promo": [],
            "discountStores": [],
            "externalStores": [],
            "commonStores": [],
            "brand": "CONTINENTAL",
            "brandCode": "",
            "vendorCode": "0359221",
            "model": "CrossContact UHP",
            "raznItems": [
                {
                    "id": "101472",
                    "name": "235/55 R20",
                    "price": 25110,
                    "amount": "2",
                    "quantity": 1,
                    "url": "/catalog/legkovye/23555-r20-102w-continental-conticrosscontact-uhp-tl64443/"
                }
            ]
        },
        {
            "id": 125356,
            "isNew": false,
            "EDIT_LINK": null,
            "DELETE_LINK": null,
            "props": [
                {
                    "name": "Ширина",
                    "value": "10.5 "
                },
                {
                    "name": "Диаметр",
                    "value": "15 "
                }
            ],
            "type": "tires",
            "isPromo": null,
            "amount": 2,
            "season": "Летние",
            "price": 25120,
            "name": "10.5/ R15 114Q BFGOODRICH Mud-Terrain T/A KM3 TL",
            "sectionId": 7278,
            "sectionName": "Легковые",
            "sectionPath": [
                {
                    "ID": "7278",
                    "NAME": "Легковые"
                },
                {
                    "ID": "7267",
                    "NAME": "Шины"
                }
            ],
            "imgSrc": "/upload/resize_cache/rembg-image/eff/275_275_1/p4ha9oyff4td5qqkx11c8weu7cx115cf.png",
            "url": "/catalog/legkovye/105-r15-114q-bfgoodrich-mud-terrain-ta-km3-tl87530/",
            "promo": [],
            "discountStores": [],
            "externalStores": [],
            "commonStores": [
                {
                    "STORE_ID": "158",
                    "PRODUCT_ID": "125356",
                    "AMOUNT": "2",
                    "PRODUCT_XML_ID": "87530",
                    "STORE_XML_ID": "351",
                    "STORE_NAME": "Оптовый Склад",
                    "PRICE": "25120.00",
                    "PRICE_ID": "9"
                }
            ],
            "brand": "BFGOODRICH",
            "brandCode": "268",
            "vendorCode": "811687",
            "model": "Mud-Terrain T/A KM3",
            "raznItems": [
                {
                    "id": "125356",
                    "name": "10.5 R15",
                    "price": 25120,
                    "amount": "2",
                    "quantity": 1,
                    "url": "/catalog/legkovye/105-r15-114q-bfgoodrich-mud-terrain-ta-km3-tl87530/"
                }
            ]
        },
        {
            "id": 106042,
            "isNew": false,
            "EDIT_LINK": null,
            "DELETE_LINK": null,
            "props": [
                {
                    "name": "Ширина",
                    "value": "285 "
                },
                {
                    "name": "Диаметр",
                    "value": "19 "
                }
            ],
            "type": "tires",
            "isPromo": null,
            "amount": 2,
            "season": "Летние",
            "price": 25130,
            "name": "285/45 R19 111W BRIDGESTONE Alenza 001 TL",
            "sectionId": 7278,
            "sectionName": "Легковые",
            "sectionPath": [
                {
                    "ID": "7278",
                    "NAME": "Легковые"
                },
                {
                    "ID": "7267",
                    "NAME": "Шины"
                }
            ],
            "imgSrc": "/upload/resize_cache/rembg-image/2dd/275_275_1/2urakmp036m19fgos1e6iy4gkbtipqg3.png",
            "url": "/catalog/legkovye/28545-r19-111w-bridgestone-alenza-001-tl61151/",
            "promo": [],
            "discountStores": [],
            "externalStores": [],
            "commonStores": [
                {
                    "STORE_ID": "158",
                    "PRODUCT_ID": "106042",
                    "AMOUNT": "2",
                    "PRODUCT_XML_ID": "61151",
                    "STORE_XML_ID": "351",
                    "STORE_NAME": "Оптовый Склад",
                    "PRICE": "25130.00",
                    "PRICE_ID": "9"
                }
            ],
            "brand": "BRIDGESTONE",
            "brandCode": "250",
            "vendorCode": "12894",
            "model": "Alenza 001",
            "raznItems": [
                {
                    "id": "104260",
                    "name": "235/50 R19",
                    "price": 18190,
                    "amount": "1",
                    "quantity": 1,
                    "url": "/catalog/legkovye/23550-r19-99v-bridgestone-alenza-001-tl04928/"
                },
                {
                    "id": "106042",
                    "name": "285/45 R19",
                    "price": 25130,
                    "amount": "2",
                    "quantity": 1,
                    "url": "/catalog/legkovye/28545-r19-111w-bridgestone-alenza-001-tl61151/"
                },
                {
                    "id": "106052",
                    "name": "235/55 R19",
                    "price": 17520,
                    "amount": "1",
                    "quantity": 1,
                    "url": "/catalog/legkovye/23555-r19-101v-bridgestone-alenza-001-tl61174/"
                },
                {
                    "id": "113968",
                    "name": "255/45 R19",
                    "price": 23140,
                    "amount": "10",
                    "quantity": 1,
                    "url": "/catalog/legkovye/25545-r19-100v-bridgestone-alenza-001-tl09400/"
                },
                {
                    "id": "114172",
                    "name": "225/55 R19",
                    "price": 15160,
                    "amount": "1",
                    "quantity": 1,
                    "url": "/catalog/legkovye/22555-r19-99v-bridgestone-alenza-001-tl09873/"
                }
            ]
        },
        {
            "id": 101822,
            "isNew": false,
            "EDIT_LINK": null,
            "DELETE_LINK": null,
            "props": [
                {
                    "name": "Ширина",
                    "value": "225 "
                },
                {
                    "name": "Диаметр",
                    "value": "17 "
                }
            ],
            "type": "tires",
            "isPromo": null,
            "amount": 20,
            "season": "Летние",
            "price": 25180,
            "name": "225/65 R17 107/103S BFGOODRICH All-Terrain T/A KO2 TL",
            "sectionId": 7278,
            "sectionName": "Легковые",
            "sectionPath": [
                {
                    "ID": "7278",
                    "NAME": "Легковые"
                },
                {
                    "ID": "7267",
                    "NAME": "Шины"
                }
            ],
            "imgSrc": "/upload/resize_cache/rembg-image/a00/275_275_1/d7vl74bjbkpuy1ke28mnoww0uba37fet.png",
            "url": "/catalog/legkovye/22565-r17-107103s-bfgoodrich-all-terrain-ta-ko2-tl69355/",
            "promo": [],
            "discountStores": [],
            "externalStores": [],
            "commonStores": [
                {
                    "STORE_ID": "158",
                    "PRODUCT_ID": "101822",
                    "AMOUNT": "20",
                    "PRODUCT_XML_ID": "FORTOCHKI_863357",
                    "STORE_XML_ID": "351",
                    "STORE_NAME": "Оптовый Склад",
                    "PRICE": "25180.00",
                    "PRICE_ID": "9"
                }
            ],
            "brand": "BFGOODRICH",
            "brandCode": "",
            "vendorCode": "863357",
            "model": "All Terrain T/A KO2",
            "raznItems": [
                {
                    "id": "101821",
                    "name": "265/70 R17",
                    "price": 26360,
                    "amount": "13",
                    "quantity": 1,
                    "url": "/catalog/legkovye/26570-r17-121118s-bfgoodrich-all-terrain-ta-ko2-tl69354/"
                },
                {
                    "id": "101822",
                    "name": "225/65 R17",
                    "price": 25180,
                    "amount": "20",
                    "quantity": 1,
                    "url": "/catalog/legkovye/22565-r17-107103s-bfgoodrich-all-terrain-ta-ko2-tl69355/"
                },
                {
                    "id": "101823",
                    "name": "245/65 R17",
                    "price": 22420,
                    "amount": "4",
                    "quantity": 1,
                    "url": "/catalog/legkovye/lt24565r17-111108s-lrd-all-terrain-ta-ko2-tl-rwl/"
                },
                {
                    "id": "102086",
                    "name": "265/65 R17",
                    "price": 25500,
                    "amount": "10",
                    "quantity": 1,
                    "url": "/catalog/legkovye/26565-r17-120117s-bfgoodrich-all-terrain-ta-ko2-tl70424/"
                },
                {
                    "id": "104201",
                    "name": "285/70 R17",
                    "price": 30920,
                    "amount": "4",
                    "quantity": 1,
                    "url": "/catalog/legkovye/28570-r17-121118r-bfgoodrich-all-terrain-ta-ko2-tl01776/"
                },
                {
                    "id": "125324",
                    "name": "245/70 R17",
                    "price": 26660,
                    "amount": "4",
                    "quantity": 1,
                    "url": "/catalog/legkovye/24570-r17-119116s-bfgoodrich-all-terrain-ta-ko2-tl87562/"
                },
                {
                    "id": "125325",
                    "name": "245/75 R17",
                    "price": 27060,
                    "amount": "3",
                    "quantity": 1,
                    "url": "/catalog/legkovye/lt24575r17-121118s-lre-all-terrain-ta-ko2-tl-rwl/"
                },
                {
                    "id": "135331",
                    "name": "285/70 R17",
                    "price": 28720,
                    "amount": "3",
                    "quantity": 1,
                    "url": "/catalog/legkovye/28570-r17-116113s-bfgoodrich-all-terrain-ta-ko2-tl65104/"
                }
            ]
        },
        {
            "id": 101690,
            "isNew": false,
            "EDIT_LINK": null,
            "DELETE_LINK": null,
            "props": [
                {
                    "name": "Ширина",
                    "value": "265 "
                },
                {
                    "name": "Диаметр",
                    "value": "16 "
                }
            ],
            "type": "tires",
            "isPromo": null,
            "amount": 32,
            "season": "Летние",
            "price": 25180,
            "name": "265/75 R16 119/116R BFGOODRICH All-Terrain T/A KO2 TL",
            "sectionId": 7278,
            "sectionName": "Легковые",
            "sectionPath": [
                {
                    "ID": "7278",
                    "NAME": "Легковые"
                },
                {
                    "ID": "7267",
                    "NAME": "Шины"
                }
            ],
            "imgSrc": "/upload/resize_cache/rembg-image/ddc/275_275_1/857i3hve99gp7dzq9g3uul12eb0nxh25.png",
            "url": "/catalog/legkovye/26575-r16-119116r-bfgoodrich-all-terrain-ta-ko2-tl65916/",
            "promo": [],
            "discountStores": [],
            "externalStores": [],
            "commonStores": [
                {
                    "STORE_ID": "158",
                    "PRODUCT_ID": "101690",
                    "AMOUNT": "32",
                    "PRODUCT_XML_ID": "FORTOCHKI_935228",
                    "STORE_XML_ID": "351",
                    "STORE_NAME": "Оптовый Склад",
                    "PRICE": "25180.00",
                    "PRICE_ID": "9"
                }
            ],
            "brand": "BFGOODRICH",
            "brandCode": "",
            "vendorCode": "935228",
            "model": "All Terrain T/A KO2",
            "raznItems": [
                {
                    "id": "101690",
                    "name": "265/75 R16",
                    "price": 25180,
                    "amount": "32",
                    "quantity": 1,
                    "url": "/catalog/legkovye/26575-r16-119116r-bfgoodrich-all-terrain-ta-ko2-tl65916/"
                },
                {
                    "id": "101691",
                    "name": "275/70 R16",
                    "price": 21080,
                    "amount": "2",
                    "quantity": 1,
                    "url": "/catalog/legkovye/27570-r16-119116s-bfgoodrich-all-terrain-ta-ko2-tl65917/"
                },
                {
                    "id": "102088",
                    "name": "255/70 R16",
                    "price": 22190,
                    "amount": "4",
                    "quantity": 1,
                    "url": "/catalog/legkovye/25570-r16-120117s-bfgoodrich-all-terrain-ta-ko2-tl70426/"
                },
                {
                    "id": "102159",
                    "name": "285/75 R16",
                    "price": 28610,
                    "amount": "33",
                    "quantity": 1,
                    "url": "/catalog/legkovye/28575-r16-116113r-bfgoodrich-all-terrain-ta-ko2-tl71060/"
                },
                {
                    "id": "103459",
                    "name": "215/65 R16",
                    "price": 15560,
                    "amount": "95",
                    "quantity": 1,
                    "url": "/catalog/legkovye/21565-r16-103100s-bfgoodrich-all-terrain-ta-ko2-tl76498/"
                },
                {
                    "id": "125320",
                    "name": "235/85 R16",
                    "price": 24990,
                    "amount": "2",
                    "quantity": 1,
                    "url": "/catalog/legkovye/23585-r16-120116s-bfgoodrich-all-terrain-ta-ko2-tl87568/"
                }
            ]
        },
        {
            "id": 100225,
            "isNew": false,
            "EDIT_LINK": null,
            "DELETE_LINK": null,
            "props": [
                {
                    "name": "Ширина",
                    "value": "255 "
                },
                {
                    "name": "Диаметр",
                    "value": "18 "
                }
            ],
            "type": "tires",
            "isPromo": null,
            "amount": 4,
            "season": "Летние",
            "price": 25180,
            "name": "255/40 R18 99Y PIRELLI P Zero TL",
            "sectionId": 7278,
            "sectionName": "Легковые",
            "sectionPath": [
                {
                    "ID": "7278",
                    "NAME": "Легковые"
                },
                {
                    "ID": "7267",
                    "NAME": "Шины"
                }
            ],
            "imgSrc": "/upload/resize_cache/rembg-image/f59/275_275_1/9pu4qjlyljicjkr2aw39hqyd3x5fhhfh.png",
            "url": "/catalog/legkovye/25540r18-99y-xl-p-zero-mo-tl/",
            "promo": [],
            "discountStores": [],
            "externalStores": [],
            "commonStores": [],
            "brand": "PIRELLI",
            "brandCode": "",
            "vendorCode": "2027700",
            "model": "P Zero",
            "raznItems": [
                {
                    "id": "93669",
                    "name": "265/35 R18",
                    "price": 23340,
                    "amount": "3",
                    "quantity": 1,
                    "url": "/catalog/legkovye/26535r18-97y-xl-p-zero-mo-tl/"
                },
                {
                    "id": "100225",
                    "name": "255/40 R18",
                    "price": 25180,
                    "amount": "4",
                    "quantity": 1,
                    "url": "/catalog/legkovye/25540r18-99y-xl-p-zero-mo-tl/"
                },
                {
                    "id": "101398",
                    "name": "235/40 R18",
                    "price": 21200,
                    "amount": "2",
                    "quantity": 1,
                    "url": "/catalog/legkovye/23540zr18-95y-xl-p-zero-mo-tl/"
                },
                {
                    "id": "143321",
                    "name": "245/40 R18",
                    "price": 23280,
                    "amount": "1",
                    "quantity": 1,
                    "url": "/catalog/legkovye/24540zr18-97y-xl-p-zero-tl-scpz4/"
                }
            ]
        },
        {
            "id": 92132,
            "isNew": false,
            "EDIT_LINK": null,
            "DELETE_LINK": null,
            "props": [
                {
                    "name": "Ширина",
                    "value": "255 "
                },
                {
                    "name": "Диаметр",
                    "value": "18 "
                }
            ],
            "type": "tires",
            "isPromo": null,
            "amount": 4,
            "season": "Летние",
            "price": 25180,
            "name": "255/40 R18 99(Y) MICHELIN Pilot Sport 3 TL",
            "sectionId": 7278,
            "sectionName": "Легковые",
            "sectionPath": [
                {
                    "ID": "7278",
                    "NAME": "Легковые"
                },
                {
                    "ID": "7267",
                    "NAME": "Шины"
                }
            ],
            "imgSrc": "/upload/resize_cache/rembg-image/1b2/275_275_1/gcg90eavsp27rep8twokv3zrzhglpk9h.png",
            "url": "/catalog/legkovye/25540zr18-99y-xl-pilot-sport-3-mo1-tl/",
            "promo": [],
            "discountStores": [],
            "externalStores": [],
            "commonStores": [],
            "brand": "MICHELIN",
            "brandCode": "",
            "vendorCode": "184228",
            "model": "Pilot Sport 3",
            "raznItems": [
                {
                    "id": "92132",
                    "name": "255/40 R18",
                    "price": 25180,
                    "amount": "4",
                    "quantity": 1,
                    "url": "/catalog/legkovye/25540zr18-99y-xl-pilot-sport-3-mo1-tl/"
                }
            ]
        },
        {
            "id": 124887,
            "isNew": false,
            "EDIT_LINK": null,
            "DELETE_LINK": null,
            "props": [
                {
                    "name": "Ширина",
                    "value": "255 "
                },
                {
                    "name": "Диаметр",
                    "value": "18 "
                }
            ],
            "type": "tires",
            "isPromo": null,
            "amount": 4,
            "season": "Летние",
            "price": 25190,
            "name": "255/40 R18 99Y MICHELIN Pilot Sport 4 TL",
            "sectionId": 7278,
            "sectionName": "Легковые",
            "sectionPath": [
                {
                    "ID": "7278",
                    "NAME": "Легковые"
                },
                {
                    "ID": "7267",
                    "NAME": "Шины"
                }
            ],
            "imgSrc": "/upload/resize_cache/rembg-image/8e3/275_275_1/4241u1oz72qlii7a3xwkg03xklg1mfu9.png",
            "url": "/catalog/legkovye/25540-r18-99y-michelin-pilot-sport-4-tl88261/",
            "promo": [],
            "discountStores": [],
            "externalStores": [],
            "commonStores": [
                {
                    "STORE_ID": "158",
                    "PRODUCT_ID": "124887",
                    "AMOUNT": "4",
                    "PRODUCT_XML_ID": "FORTOCHKI_792796",
                    "STORE_XML_ID": "351",
                    "STORE_NAME": "Оптовый Склад",
                    "PRICE": "25190.00",
                    "PRICE_ID": "9"
                }
            ],
            "brand": "MICHELIN",
            "brandCode": "",
            "vendorCode": "792796",
            "model": "Pilot Sport 4",
            "raznItems": [
                {
                    "id": "104693",
                    "name": "275/35 R18",
                    "price": 24020,
                    "amount": "1",
                    "quantity": 1,
                    "url": "/catalog/legkovye/27535-r18-99y-michelin-pilot-sport-4-tl01380/"
                },
                {
                    "id": "120026",
                    "name": "245/50 R18",
                    "price": 21500,
                    "amount": "1",
                    "quantity": 1,
                    "url": "/catalog/legkovye/24550-r18-100y-michelin-pilot-sport-4-tl24145/"
                },
                {
                    "id": "124876",
                    "name": "225/50 R18",
                    "price": 21250,
                    "amount": "2",
                    "quantity": 1,
                    "url": "/catalog/legkovye/22550-r18-99y-michelin-pilot-sport-4-tl88274/"
                },
                {
                    "id": "124887",
                    "name": "255/40 R18",
                    "price": 25190,
                    "amount": "4",
                    "quantity": 1,
                    "url": "/catalog/legkovye/25540-r18-99y-michelin-pilot-sport-4-tl88261/"
                },
                {
                    "id": "124888",
                    "name": "255/45 R18",
                    "price": 23170,
                    "amount": "2",
                    "quantity": 1,
                    "url": "/catalog/legkovye/25545-r18-103y-michelin-pilot-sport-4-tl88260/"
                }
            ]
        }
    ],
    "filter": {
        "0": {
            "LOGIC": "OR",
            ">STORE_AMOUNT_156": 0,
            ">STORE_AMOUNT_158": 0,
            ">STORE_AMOUNT_159": 0,
            ">STORE_AMOUNT_160": 0,
            ">STORE_AMOUNT_161": 0,
            ">STORE_AMOUNT_164": 0,
            ">STORE_AMOUNT_165": 0,
            ">STORE_AMOUNT_168": 0,
            ">STORE_AMOUNT_169": 0,
            ">STORE_AMOUNT_174": 0,
            ">STORE_AMOUNT_180": 0,
            ">STORE_AMOUNT_184": 0,
            ">STORE_AMOUNT_185": 0,
            ">STORE_AMOUNT_191": 0,
            ">STORE_AMOUNT_192": 0,
            ">STORE_AMOUNT_194": 0,
            ">STORE_AMOUNT_6087": 0
        },
        "1": {
            "LOGIC": "OR",
            ">CATALOG_CATALOG_GROUP_ID_33": 0,
            ">CATALOG_CATALOG_GROUP_ID_90": 0,
            ">CATALOG_CATALOG_GROUP_ID_96": 0,
            ">CATALOG_CATALOG_GROUP_ID_97": 0,
            ">CATALOG_CATALOG_GROUP_ID_98": 0
        },
        "2": {
            "LOGIC": "OR",
            ">STORE_AMOUNT_156": 0,
            ">STORE_AMOUNT_158": 0,
            ">STORE_AMOUNT_159": 0,
            ">STORE_AMOUNT_160": 0,
            ">STORE_AMOUNT_161": 0,
            ">STORE_AMOUNT_164": 0,
            ">STORE_AMOUNT_165": 0,
            ">STORE_AMOUNT_168": 0,
            ">STORE_AMOUNT_169": 0,
            ">STORE_AMOUNT_174": 0,
            ">STORE_AMOUNT_180": 0,
            ">STORE_AMOUNT_184": 0,
            ">STORE_AMOUNT_185": 0,
            ">STORE_AMOUNT_191": 0,
            ">STORE_AMOUNT_192": 0,
            ">STORE_AMOUNT_194": 0,
            ">STORE_AMOUNT_6087": 0
        },
        "3": {
            "LOGIC": "OR",
            ">CATALOG_CATALOG_GROUP_ID_33": 0,
            ">CATALOG_CATALOG_GROUP_ID_90": 0,
            ">CATALOG_CATALOG_GROUP_ID_96": 0,
            ">CATALOG_CATALOG_GROUP_ID_97": 0,
            ">CATALOG_CATALOG_GROUP_ID_98": 0
        },
        "=PROPERTY_458": [
            "154"
        ]
    },
    "promo": {
        "id": "165954",
        "url": "/promo/shiny-v-rassrochku/",
        "name": "Покупки в рассрочку",
        "text": "Теперь вы можете купить зимние шины, или диски в рассрочку быстро и легко: без первоначального взноса и без переплаты!",
        "imgSrc": "/upload/resize_cache/iblock/356/1075_613_1/8iiw8xmv2bzky9euo9mn57dqx6dk3xa9.jpg",
        "videoSrc": null
    },
    "promoFilter": {
        "IBLOCK_ID": 10,
        "ACTIVE": "Y",
        "=PROPERTY_SECTION": 206,
        "=PROPERTY_CATALOG_SEASON": [
            false,
            204
        ],
        "=PROPERTY_CATALOG_BRAND": [
            false
        ]
    },
    "navNum": 1,
    "pagesCount": 111,
    "pageNum": 96
}