{
    "pageUrl": "/catalog/legkovye/?arCatalogFilter_458_1500340406=Y&set_filter=Y&sort%5Brecommendations%5D=asc&PAGEN_1=97",
    "items": [
        {
            "id": 121413,
            "isNew": false,
            "EDIT_LINK": null,
            "DELETE_LINK": null,
            "props": [
                {
                    "name": "Ширина",
                    "value": "275 "
                },
                {
                    "name": "Диаметр",
                    "value": "21 "
                }
            ],
            "type": "tires",
            "isPromo": null,
            "amount": 1,
            "season": "Летние",
            "price": 25220,
            "name": "275/45 R21 110Y NOKIAN TYRES Hakka Black 2 SUV TL",
            "sectionId": 7278,
            "sectionName": "Легковые",
            "sectionPath": [
                {
                    "ID": "7278",
                    "NAME": "Легковые"
                },
                {
                    "ID": "7267",
                    "NAME": "Шины"
                }
            ],
            "imgSrc": "/upload/resize_cache/rembg-image/848/275_275_1/njk8gzg48u30ljiunusysfjc08j0l3ua.png",
            "url": "/catalog/legkovye/27545-r21-110y-nokian-tyres-hakka-black-2-suv-tl93187/",
            "promo": [],
            "discountStores": [],
            "externalStores": [],
            "commonStores": [
                {
                    "STORE_ID": "158",
                    "PRODUCT_ID": "121413",
                    "AMOUNT": "1",
                    "PRODUCT_XML_ID": "93187",
                    "STORE_XML_ID": "351",
                    "STORE_NAME": "Оптовый Склад",
                    "PRICE": "25220.00",
                    "PRICE_ID": "9"
                }
            ],
            "brand": "NOKIAN TYRES",
            "brandCode": "",
            "vendorCode": "T430708",
            "model": "Hakka Black 2 SUV",
            "raznItems": [
                {
                    "id": "121413",
                    "name": "275/45 R21",
                    "price": 25220,
                    "amount": "1",
                    "quantity": 1,
                    "url": "/catalog/legkovye/27545-r21-110y-nokian-tyres-hakka-black-2-suv-tl93187/"
                }
            ]
        },
        {
            "id": 114224,
            "isNew": false,
            "EDIT_LINK": null,
            "DELETE_LINK": null,
            "props": [
                {
                    "name": "Ширина",
                    "value": "245 "
                },
                {
                    "name": "Диаметр",
                    "value": "18 "
                }
            ],
            "type": "tires",
            "isPromo": null,
            "amount": 4,
            "season": "Летние",
            "price": 25230,
            "name": "245/50 R18 100Y PIRELLI Cinturato P7 TL",
            "sectionId": 7278,
            "sectionName": "Легковые",
            "sectionPath": [
                {
                    "ID": "7278",
                    "NAME": "Легковые"
                },
                {
                    "ID": "7267",
                    "NAME": "Шины"
                }
            ],
            "imgSrc": "/upload/resize_cache/rembg-image/4c6/275_275_1/otww5eanpplriscag2661s4i4ksjj7a3.png",
            "url": "/catalog/legkovye/24550r18-100y-cinturato-p7--tl-run-flat/",
            "promo": [],
            "discountStores": [],
            "externalStores": [],
            "commonStores": [],
            "brand": "PIRELLI",
            "brandCode": "",
            "vendorCode": "2332000",
            "model": "Cinturato P7",
            "raznItems": [
                {
                    "id": "114224",
                    "name": "245/50 R18",
                    "price": 25230,
                    "amount": "4",
                    "quantity": 1,
                    "url": "/catalog/legkovye/24550r18-100y-cinturato-p7--tl-run-flat/"
                }
            ]
        },
        {
            "id": 125169,
            "isNew": false,
            "EDIT_LINK": null,
            "DELETE_LINK": null,
            "props": [
                {
                    "name": "Ширина",
                    "value": "235 "
                },
                {
                    "name": "Диаметр",
                    "value": "19 "
                }
            ],
            "type": "tires",
            "isPromo": null,
            "amount": 2,
            "season": "Летние",
            "price": 25370,
            "name": "235/30 R19 86(Y) MICHELIN Pilot Super Sport TL",
            "sectionId": 7278,
            "sectionName": "Легковые",
            "sectionPath": [
                {
                    "ID": "7278",
                    "NAME": "Легковые"
                },
                {
                    "ID": "7267",
                    "NAME": "Шины"
                }
            ],
            "imgSrc": "/upload/resize_cache/rembg-image/637/275_275_1/5ddq6ai8pfurj4m2l6nnca8zr5k30hsi.png",
            "url": "/catalog/legkovye/23530zr19-86y-xl-pilot-super-sport-tl/",
            "promo": [],
            "discountStores": [],
            "externalStores": [],
            "commonStores": [],
            "brand": "MICHELIN",
            "brandCode": "",
            "vendorCode": "998870",
            "model": "Pilot Super Sport",
            "raznItems": [
                {
                    "id": "125169",
                    "name": "235/30 R19",
                    "price": 25370,
                    "amount": "2",
                    "quantity": 1,
                    "url": "/catalog/legkovye/23530zr19-86y-xl-pilot-super-sport-tl/"
                },
                {
                    "id": "145165",
                    "name": "255/45 R19",
                    "price": 34270,
                    "amount": "8",
                    "quantity": 1,
                    "url": "/catalog/legkovye/25545zr19-100y-pilot-super-sport-n0-tl/"
                }
            ]
        },
        {
            "id": 146549,
            "isNew": false,
            "EDIT_LINK": null,
            "DELETE_LINK": null,
            "props": [
                {
                    "name": "Ширина",
                    "value": "255 "
                },
                {
                    "name": "Диаметр",
                    "value": "20 "
                }
            ],
            "type": "tires",
            "isPromo": null,
            "amount": 1,
            "season": "Летние",
            "price": 25460,
            "name": "255/35 R20 97Y PIRELLI P Zero TL",
            "sectionId": 7278,
            "sectionName": "Легковые",
            "sectionPath": [
                {
                    "ID": "7278",
                    "NAME": "Легковые"
                },
                {
                    "ID": "7267",
                    "NAME": "Шины"
                }
            ],
            "imgSrc": "/upload/resize_cache/rembg-image/524/275_275_1/21q9vldnmhg5341g1nydota4k98s3799.png",
            "url": "/catalog/legkovye/25535r20-97y-xl-p-zero-ao-tl/",
            "promo": [],
            "discountStores": [],
            "externalStores": [],
            "commonStores": [],
            "brand": "PIRELLI",
            "brandCode": "",
            "vendorCode": "1997100",
            "model": "P Zero",
            "raznItems": [
                {
                    "id": "122182",
                    "name": "305/40 R20",
                    "price": 41460,
                    "amount": "2",
                    "quantity": 1,
                    "url": "/catalog/legkovye/30540zr20-112y-xl-p-zero-n0-tl/"
                },
                {
                    "id": "146544",
                    "name": "265/35 R20",
                    "price": 37940,
                    "amount": "2",
                    "quantity": 1,
                    "url": "/catalog/legkovye/26535zr20-99y-xl-p-zero--tl/"
                },
                {
                    "id": "146549",
                    "name": "255/35 R20",
                    "price": 25460,
                    "amount": "1",
                    "quantity": 1,
                    "url": "/catalog/legkovye/25535r20-97y-xl-p-zero-ao-tl/"
                },
                {
                    "id": "159220",
                    "name": "275/50 R20",
                    "price": 36750,
                    "amount": "8",
                    "quantity": 1,
                    "url": "/catalog/legkovye/27550-r20-113w-pirelli-p-zero-tl28574/"
                }
            ]
        },
        {
            "id": 143074,
            "isNew": false,
            "EDIT_LINK": null,
            "DELETE_LINK": null,
            "props": [
                {
                    "name": "Ширина",
                    "value": "255 "
                },
                {
                    "name": "Диаметр",
                    "value": "19 "
                }
            ],
            "type": "tires",
            "isPromo": null,
            "amount": 4,
            "season": "Летние",
            "price": 25470,
            "name": "255/40 R19 100(Y) PIRELLI P Zero TL",
            "sectionId": 7278,
            "sectionName": "Легковые",
            "sectionPath": [
                {
                    "ID": "7278",
                    "NAME": "Легковые"
                },
                {
                    "ID": "7267",
                    "NAME": "Шины"
                }
            ],
            "imgSrc": "/upload/resize_cache/rembg-image/a42/275_275_1/32k20e31xo30xiaso1i0ig5dzef33v4d.png",
            "url": "/catalog/legkovye/25540zr19-100y-xl-p-zero-mo-tl/",
            "promo": [],
            "discountStores": [],
            "externalStores": [],
            "commonStores": [],
            "brand": "PIRELLI",
            "brandCode": "",
            "vendorCode": "2713300",
            "model": "P Zero",
            "raznItems": [
                {
                    "id": "93617",
                    "name": "255/45 R19",
                    "price": 29410,
                    "amount": "1",
                    "quantity": 1,
                    "url": "/catalog/legkovye/25545r19-100w-p-zero-mo-tl/"
                },
                {
                    "id": "102682",
                    "name": "255/45 R19",
                    "price": 31320,
                    "amount": "7",
                    "quantity": 1,
                    "url": "/catalog/legkovye/25545r19-104y-xl-p-zero-ao-tl/"
                },
                {
                    "id": "142721",
                    "name": "245/40 R19",
                    "price": 26360,
                    "amount": "2",
                    "quantity": 1,
                    "url": "/catalog/legkovye/24540r19-98y-xl-p-zero-mo-tl-scpz4/"
                },
                {
                    "id": "142737",
                    "name": "235/55 R19",
                    "price": 30170,
                    "amount": "4",
                    "quantity": 1,
                    "url": "/catalog/legkovye/23555r19-101y-p-zero-n1-tl/"
                },
                {
                    "id": "142973",
                    "name": "255/40 R19",
                    "price": 25470,
                    "amount": "7",
                    "quantity": 1,
                    "url": "/catalog/legkovye/25540r19-100y-xl-p-zero-ao-tl/"
                },
                {
                    "id": "143074",
                    "name": "255/40 R19",
                    "price": 25470,
                    "amount": "4",
                    "quantity": 1,
                    "url": "/catalog/legkovye/25540zr19-100y-xl-p-zero-mo-tl/"
                },
                {
                    "id": "144164",
                    "name": "245/50 R19",
                    "price": 28800,
                    "amount": "2",
                    "quantity": 1,
                    "url": "/catalog/legkovye/24550r19-105w-p-zero--tl-lspz4/"
                },
                {
                    "id": "146149",
                    "name": "255/40 R19",
                    "price": 24320,
                    "amount": "4",
                    "quantity": 1,
                    "url": "/catalog/legkovye/25540zr19-96y-p-zero-tl/"
                }
            ]
        },
        {
            "id": 142973,
            "isNew": false,
            "EDIT_LINK": null,
            "DELETE_LINK": null,
            "props": [
                {
                    "name": "Ширина",
                    "value": "255 "
                },
                {
                    "name": "Диаметр",
                    "value": "19 "
                }
            ],
            "type": "tires",
            "isPromo": null,
            "amount": 7,
            "season": "Летние",
            "price": 25470,
            "name": "255/40 R19 100Y PIRELLI P Zero TL",
            "sectionId": 7278,
            "sectionName": "Легковые",
            "sectionPath": [
                {
                    "ID": "7278",
                    "NAME": "Легковые"
                },
                {
                    "ID": "7267",
                    "NAME": "Шины"
                }
            ],
            "imgSrc": "/upload/resize_cache/rembg-image/7c4/275_275_1/pqjfewhx3ufgxybz10kkcbsyahlydkyv.png",
            "url": "/catalog/legkovye/25540r19-100y-xl-p-zero-ao-tl/",
            "promo": [],
            "discountStores": [],
            "externalStores": [],
            "commonStores": [],
            "brand": "PIRELLI",
            "brandCode": "",
            "vendorCode": "1996400",
            "model": "P Zero",
            "raznItems": [
                {
                    "id": "93617",
                    "name": "255/45 R19",
                    "price": 29410,
                    "amount": "1",
                    "quantity": 1,
                    "url": "/catalog/legkovye/25545r19-100w-p-zero-mo-tl/"
                },
                {
                    "id": "102682",
                    "name": "255/45 R19",
                    "price": 31320,
                    "amount": "7",
                    "quantity": 1,
                    "url": "/catalog/legkovye/25545r19-104y-xl-p-zero-ao-tl/"
                },
                {
                    "id": "142721",
                    "name": "245/40 R19",
                    "price": 26360,
                    "amount": "2",
                    "quantity": 1,
                    "url": "/catalog/legkovye/24540r19-98y-xl-p-zero-mo-tl-scpz4/"
                },
                {
                    "id": "142737",
                    "name": "235/55 R19",
                    "price": 30170,
                    "amount": "4",
                    "quantity": 1,
                    "url": "/catalog/legkovye/23555r19-101y-p-zero-n1-tl/"
                },
                {
                    "id": "142973",
                    "name": "255/40 R19",
                    "price": 25470,
                    "amount": "7",
                    "quantity": 1,
                    "url": "/catalog/legkovye/25540r19-100y-xl-p-zero-ao-tl/"
                },
                {
                    "id": "143074",
                    "name": "255/40 R19",
                    "price": 25470,
                    "amount": "4",
                    "quantity": 1,
                    "url": "/catalog/legkovye/25540zr19-100y-xl-p-zero-mo-tl/"
                },
                {
                    "id": "144164",
                    "name": "245/50 R19",
                    "price": 28800,
                    "amount": "2",
                    "quantity": 1,
                    "url": "/catalog/legkovye/24550r19-105w-p-zero--tl-lspz4/"
                },
                {
                    "id": "146149",
                    "name": "255/40 R19",
                    "price": 24320,
                    "amount": "4",
                    "quantity": 1,
                    "url": "/catalog/legkovye/25540zr19-96y-p-zero-tl/"
                }
            ]
        },
        {
            "id": 102086,
            "isNew": false,
            "EDIT_LINK": null,
            "DELETE_LINK": null,
            "props": [
                {
                    "name": "Ширина",
                    "value": "265 "
                },
                {
                    "name": "Диаметр",
                    "value": "17 "
                }
            ],
            "type": "tires",
            "isPromo": null,
            "amount": 10,
            "season": "Летние",
            "price": 25500,
            "name": "265/65 R17 120/117S BFGOODRICH All-Terrain T/A KO2 TL",
            "sectionId": 7278,
            "sectionName": "Легковые",
            "sectionPath": [
                {
                    "ID": "7278",
                    "NAME": "Легковые"
                },
                {
                    "ID": "7267",
                    "NAME": "Шины"
                }
            ],
            "imgSrc": "/upload/resize_cache/rembg-image/b0a/275_275_1/xzpjqk14vk3e15plklzqkxgeblh5m4rd.png",
            "url": "/catalog/legkovye/26565-r17-120117s-bfgoodrich-all-terrain-ta-ko2-tl70424/",
            "promo": [],
            "discountStores": [],
            "externalStores": [],
            "commonStores": [],
            "brand": "BFGOODRICH",
            "brandCode": "",
            "vendorCode": "546862",
            "model": "All Terrain T/A KO2",
            "raznItems": [
                {
                    "id": "101821",
                    "name": "265/70 R17",
                    "price": 26360,
                    "amount": "13",
                    "quantity": 1,
                    "url": "/catalog/legkovye/26570-r17-121118s-bfgoodrich-all-terrain-ta-ko2-tl69354/"
                },
                {
                    "id": "101822",
                    "name": "225/65 R17",
                    "price": 25180,
                    "amount": "20",
                    "quantity": 1,
                    "url": "/catalog/legkovye/22565-r17-107103s-bfgoodrich-all-terrain-ta-ko2-tl69355/"
                },
                {
                    "id": "101823",
                    "name": "245/65 R17",
                    "price": 22420,
                    "amount": "4",
                    "quantity": 1,
                    "url": "/catalog/legkovye/lt24565r17-111108s-lrd-all-terrain-ta-ko2-tl-rwl/"
                },
                {
                    "id": "102086",
                    "name": "265/65 R17",
                    "price": 25500,
                    "amount": "10",
                    "quantity": 1,
                    "url": "/catalog/legkovye/26565-r17-120117s-bfgoodrich-all-terrain-ta-ko2-tl70424/"
                },
                {
                    "id": "104201",
                    "name": "285/70 R17",
                    "price": 30920,
                    "amount": "4",
                    "quantity": 1,
                    "url": "/catalog/legkovye/28570-r17-121118r-bfgoodrich-all-terrain-ta-ko2-tl01776/"
                },
                {
                    "id": "125324",
                    "name": "245/70 R17",
                    "price": 26660,
                    "amount": "4",
                    "quantity": 1,
                    "url": "/catalog/legkovye/24570-r17-119116s-bfgoodrich-all-terrain-ta-ko2-tl87562/"
                },
                {
                    "id": "125325",
                    "name": "245/75 R17",
                    "price": 27060,
                    "amount": "3",
                    "quantity": 1,
                    "url": "/catalog/legkovye/lt24575r17-121118s-lre-all-terrain-ta-ko2-tl-rwl/"
                },
                {
                    "id": "135331",
                    "name": "285/70 R17",
                    "price": 28720,
                    "amount": "3",
                    "quantity": 1,
                    "url": "/catalog/legkovye/28570-r17-116113s-bfgoodrich-all-terrain-ta-ko2-tl65104/"
                }
            ]
        },
        {
            "id": 119758,
            "isNew": false,
            "EDIT_LINK": null,
            "DELETE_LINK": null,
            "props": [
                {
                    "name": "Ширина",
                    "value": "12.5 "
                },
                {
                    "name": "Диаметр",
                    "value": "15 "
                }
            ],
            "type": "tires",
            "isPromo": null,
            "amount": 3,
            "season": "Летние",
            "price": 25510,
            "name": "12.5/ R15 108Q YOKOHAMA Geolandar G003 TL",
            "sectionId": 7278,
            "sectionName": "Легковые",
            "sectionPath": [
                {
                    "ID": "7278",
                    "NAME": "Легковые"
                },
                {
                    "ID": "7267",
                    "NAME": "Шины"
                }
            ],
            "imgSrc": "/upload/resize_cache/rembg-image/e8d/275_275_1/zb1c6071ga7tpomxtgcog62mtpdi3w97.png",
            "url": "/catalog/legkovye/125-r15-108q-yokohama-geolandar-g003-tl23714/",
            "promo": [],
            "discountStores": [],
            "externalStores": [],
            "commonStores": [],
            "brand": "YOKOHAMA",
            "brandCode": "",
            "vendorCode": "E4700",
            "model": "Geolandar M/T G003",
            "raznItems": [
                {
                    "id": "119758",
                    "name": "12.5 R15",
                    "price": 25510,
                    "amount": "3",
                    "quantity": 1,
                    "url": "/catalog/legkovye/125-r15-108q-yokohama-geolandar-g003-tl23714/"
                },
                {
                    "id": "119761",
                    "name": "235/75 R15",
                    "price": 17540,
                    "amount": "3",
                    "quantity": 1,
                    "url": "/catalog/legkovye/lt23575r15-104q-geolandar-mt-g003-tl/"
                }
            ]
        },
        {
            "id": 114291,
            "isNew": false,
            "EDIT_LINK": null,
            "DELETE_LINK": null,
            "props": [
                {
                    "name": "Ширина",
                    "value": "225 "
                },
                {
                    "name": "Диаметр",
                    "value": "16 "
                }
            ],
            "type": "tires",
            "isPromo": null,
            "amount": 1,
            "season": "Летние",
            "price": 25560,
            "name": "225/75 R16 115/112Q BFGOODRICH Mud-Terrain T/A KM3 TL",
            "sectionId": 7278,
            "sectionName": "Легковые",
            "sectionPath": [
                {
                    "ID": "7278",
                    "NAME": "Легковые"
                },
                {
                    "ID": "7267",
                    "NAME": "Шины"
                }
            ],
            "imgSrc": "/upload/resize_cache/rembg-image/09b/275_275_1/ce9tuv5edieklt0eqdgmyjo24l0wcwbl.png",
            "url": "/catalog/legkovye/22575-r16-115112q-bfgoodrich-mud-terrain-ta-km3-tl10079/",
            "promo": [],
            "discountStores": [],
            "externalStores": [],
            "commonStores": [
                {
                    "STORE_ID": "158",
                    "PRODUCT_ID": "114291",
                    "AMOUNT": "1",
                    "PRODUCT_XML_ID": "10079",
                    "STORE_XML_ID": "351",
                    "STORE_NAME": "Оптовый Склад",
                    "PRICE": "25560.00",
                    "PRICE_ID": "9"
                }
            ],
            "brand": "BFGOODRICH",
            "brandCode": "",
            "vendorCode": "943151",
            "model": "Mud-Terrain T/A KM3",
            "raznItems": [
                {
                    "id": "114290",
                    "name": "285/75 R16",
                    "price": 32990,
                    "amount": "77",
                    "quantity": 1,
                    "url": "/catalog/legkovye/28575-r16-116113q-bfgoodrich-mud-terrain-ta-km3-tl10078/"
                },
                {
                    "id": "114291",
                    "name": "225/75 R16",
                    "price": 25560,
                    "amount": "1",
                    "quantity": 1,
                    "url": "/catalog/legkovye/22575-r16-115112q-bfgoodrich-mud-terrain-ta-km3-tl10079/"
                }
            ]
        },
        {
            "id": 147861,
            "isNew": false,
            "EDIT_LINK": null,
            "DELETE_LINK": null,
            "props": [
                {
                    "name": "Ширина",
                    "value": "255 "
                },
                {
                    "name": "Диаметр",
                    "value": "19 "
                }
            ],
            "type": "tires",
            "isPromo": null,
            "amount": 4,
            "season": "Летние",
            "price": 25570,
            "name": "255/40 R19 100Y BRIDGESTONE Potenza Sport TL",
            "sectionId": 7278,
            "sectionName": "Легковые",
            "sectionPath": [
                {
                    "ID": "7278",
                    "NAME": "Легковые"
                },
                {
                    "ID": "7267",
                    "NAME": "Шины"
                }
            ],
            "imgSrc": "/upload/resize_cache/rembg-image/e01/275_275_1/6ryyd601qsq72obqwwy3jmy63dlzwbv3.png",
            "url": "/catalog/legkovye/25540r19-100y-xl-potenza-sport-tl/",
            "promo": [],
            "discountStores": [],
            "externalStores": [],
            "commonStores": [],
            "brand": "BRIDGESTONE",
            "brandCode": "",
            "vendorCode": "BR021530",
            "model": "Potenza Sport",
            "raznItems": [
                {
                    "id": "144829",
                    "name": "235/40 R19",
                    "price": 22470,
                    "amount": "8",
                    "quantity": 1,
                    "url": "/catalog/legkovye/23540r19-96y-xl-potenza-sport-tl/"
                },
                {
                    "id": "147861",
                    "name": "255/40 R19",
                    "price": 25570,
                    "amount": "4",
                    "quantity": 1,
                    "url": "/catalog/legkovye/25540r19-100y-xl-potenza-sport-tl/"
                },
                {
                    "id": "156459",
                    "name": "285/30 R19",
                    "price": 34190,
                    "amount": "2",
                    "quantity": 1,
                    "url": "/catalog/legkovye/28530r19-98y-xl-potenza-sport-tl/"
                }
            ]
        },
        {
            "id": 118390,
            "isNew": false,
            "EDIT_LINK": null,
            "DELETE_LINK": null,
            "props": [
                {
                    "name": "Ширина",
                    "value": "235 "
                },
                {
                    "name": "Диаметр",
                    "value": "15 "
                }
            ],
            "type": "tires",
            "isPromo": null,
            "amount": 8,
            "season": "Летние",
            "price": 25710,
            "name": "235/75 R15 110/107Q BFGOODRICH Mud-Terrain T/A KM3 TL",
            "sectionId": 7278,
            "sectionName": "Легковые",
            "sectionPath": [
                {
                    "ID": "7278",
                    "NAME": "Легковые"
                },
                {
                    "ID": "7267",
                    "NAME": "Шины"
                }
            ],
            "imgSrc": "/upload/resize_cache/rembg-image/61f/275_275_1/0gr5nr2fstttzn0c8e06dh038ionwl8f.png",
            "url": "/catalog/legkovye/23575-r15-110107q-bfgoodrich-mud-terrain-ta-km3-tl22665/",
            "promo": [],
            "discountStores": [],
            "externalStores": [],
            "commonStores": [
                {
                    "STORE_ID": "158",
                    "PRODUCT_ID": "118390",
                    "AMOUNT": "8",
                    "PRODUCT_XML_ID": "22665",
                    "STORE_XML_ID": "351",
                    "STORE_NAME": "Оптовый Склад",
                    "PRICE": "25710.00",
                    "PRICE_ID": "9"
                }
            ],
            "brand": "BFGOODRICH",
            "brandCode": "268",
            "vendorCode": "397469",
            "model": "Mud-Terrain T/A KM3",
            "raznItems": [
                {
                    "id": "118390",
                    "name": "235/75 R15",
                    "price": 25710,
                    "amount": "8",
                    "quantity": 1,
                    "url": "/catalog/legkovye/23575-r15-110107q-bfgoodrich-mud-terrain-ta-km3-tl22665/"
                }
            ]
        },
        {
            "id": 123464,
            "isNew": false,
            "EDIT_LINK": null,
            "DELETE_LINK": null,
            "props": [
                {
                    "name": "Ширина",
                    "value": "275 "
                },
                {
                    "name": "Диаметр",
                    "value": "18 "
                }
            ],
            "type": "tires",
            "isPromo": null,
            "amount": 2,
            "season": "Летние",
            "price": 26010,
            "name": "275/40 R18 103Y CONTINENTAL PremiumContact 6 TL",
            "sectionId": 7278,
            "sectionName": "Легковые",
            "sectionPath": [
                {
                    "ID": "7278",
                    "NAME": "Легковые"
                },
                {
                    "ID": "7267",
                    "NAME": "Шины"
                }
            ],
            "imgSrc": "/upload/resize_cache/rembg-image/b1e/275_275_1/5w59zzje53fbf8xemte5ax6o8md6hwtb.png",
            "url": "/catalog/legkovye/27540-r18-103y-continental-premiumcontact-6-tl89763/",
            "promo": [],
            "discountStores": [],
            "externalStores": [],
            "commonStores": [
                {
                    "STORE_ID": "161",
                    "PRODUCT_ID": "123464",
                    "AMOUNT": "2",
                    "PRODUCT_XML_ID": "89763",
                    "STORE_XML_ID": "383",
                    "STORE_NAME": "г. Челябинск, ул. Федорова 2а",
                    "PRICE": "26010.00",
                    "PRICE_ID": "12"
                }
            ],
            "brand": "CONTINENTAL",
            "brandCode": "",
            "vendorCode": "0357992",
            "model": "PremiumContact 6",
            "raznItems": [
                {
                    "id": "102546",
                    "name": "245/40 R18",
                    "price": 17840,
                    "amount": "2",
                    "quantity": 1,
                    "url": "/catalog/legkovye/24540-r18-93y-continental-premiumcontact-6-tl73573/"
                },
                {
                    "id": "102549",
                    "name": "245/45 R18",
                    "price": 18790,
                    "amount": "4",
                    "quantity": 1,
                    "url": "/catalog/legkovye/24545-r18-100y-continental-premiumcontact-6-tl73576/"
                },
                {
                    "id": "123461",
                    "name": "255/35 R18",
                    "price": 18990,
                    "amount": "5",
                    "quantity": 1,
                    "url": "/catalog/legkovye/25535-r18-94y-continental-premiumcontact-6-tl89767/"
                },
                {
                    "id": "123464",
                    "name": "275/40 R18",
                    "price": 26010,
                    "amount": "2",
                    "quantity": 1,
                    "url": "/catalog/legkovye/27540-r18-103y-continental-premiumcontact-6-tl89763/"
                },
                {
                    "id": "157670",
                    "name": "225/45 R18",
                    "price": 14700,
                    "amount": "1",
                    "quantity": 1,
                    "url": "/catalog/legkovye/22545r18-95v-xl-premiumcontact-6-tl-fr/"
                }
            ]
        },
        {
            "id": 93728,
            "isNew": false,
            "EDIT_LINK": null,
            "DELETE_LINK": null,
            "props": [
                {
                    "name": "Ширина",
                    "value": "255 "
                },
                {
                    "name": "Диаметр",
                    "value": "19 "
                }
            ],
            "type": "tires",
            "isPromo": null,
            "amount": 12,
            "season": "Летние",
            "price": 26010,
            "name": "255/50 R19 107W MICHELIN Latitude Sport 3 TL",
            "sectionId": 7278,
            "sectionName": "Легковые",
            "sectionPath": [
                {
                    "ID": "7278",
                    "NAME": "Легковые"
                },
                {
                    "ID": "7267",
                    "NAME": "Шины"
                }
            ],
            "imgSrc": "/upload/resize_cache/rembg-image/d5f/275_275_1/bhu6cuhxkhf9s3hsm1qkbzpvjraekht7.png",
            "url": "/catalog/legkovye/25550-r19-107w-michelin-latitude-sport-3-tl42609/",
            "promo": [],
            "discountStores": [],
            "externalStores": [],
            "commonStores": [
                {
                    "STORE_ID": "158",
                    "PRODUCT_ID": "93728",
                    "AMOUNT": "12",
                    "PRODUCT_XML_ID": "FORTOCHKI_859478",
                    "STORE_XML_ID": "351",
                    "STORE_NAME": "Оптовый Склад",
                    "PRICE": "26010.00",
                    "PRICE_ID": "9"
                }
            ],
            "brand": "MICHELIN",
            "brandCode": "",
            "vendorCode": "859478",
            "model": "Latitude Sport 3",
            "raznItems": [
                {
                    "id": "93728",
                    "name": "255/50 R19",
                    "price": 26010,
                    "amount": "12",
                    "quantity": 1,
                    "url": "/catalog/legkovye/25550-r19-107w-michelin-latitude-sport-3-tl42609/"
                },
                {
                    "id": "124802",
                    "name": "255/50 R19",
                    "price": 26550,
                    "amount": "8",
                    "quantity": 1,
                    "url": "/catalog/legkovye/25550r19-107w-xl-latitude-sport-3-mo-tl/"
                },
                {
                    "id": "144852",
                    "name": "295/45 R19",
                    "price": 32150,
                    "amount": "2",
                    "quantity": 1,
                    "url": "/catalog/legkovye/29545r19-113y-xl-latitude-sport-3-tl/"
                }
            ]
        },
        {
            "id": 155851,
            "isNew": false,
            "EDIT_LINK": null,
            "DELETE_LINK": null,
            "props": [
                {
                    "name": "Ширина",
                    "value": "245 "
                },
                {
                    "name": "Диаметр",
                    "value": "19 "
                }
            ],
            "type": "tires",
            "isPromo": null,
            "amount": 2,
            "season": "Летние",
            "price": 26110,
            "name": "245/40 R19 98Y CONTINENTAL SportContact 7 TL",
            "sectionId": 7278,
            "sectionName": "Легковые",
            "sectionPath": [
                {
                    "ID": "7278",
                    "NAME": "Легковые"
                },
                {
                    "ID": "7267",
                    "NAME": "Шины"
                }
            ],
            "imgSrc": "/upload/resize_cache/rembg-image/266/275_275_1/2go1jsai82v609y8ks0dshfzipx01upk.png",
            "url": "/catalog/legkovye/24540-r19-98y-continental-sportcontact-7-tl24775/",
            "promo": [],
            "discountStores": [],
            "externalStores": [],
            "commonStores": [
                {
                    "STORE_ID": "158",
                    "PRODUCT_ID": "155851",
                    "AMOUNT": "2",
                    "PRODUCT_XML_ID": "24775",
                    "STORE_XML_ID": "351",
                    "STORE_NAME": "Оптовый Склад",
                    "PRICE": "26110.00",
                    "PRICE_ID": "9"
                }
            ],
            "brand": "CONTINENTAL",
            "brandCode": "254",
            "vendorCode": "0311378",
            "model": "SportContact 7",
            "raznItems": [
                {
                    "id": "155851",
                    "name": "245/40 R19",
                    "price": 26110,
                    "amount": "2",
                    "quantity": 1,
                    "url": "/catalog/legkovye/24540-r19-98y-continental-sportcontact-7-tl24775/"
                },
                {
                    "id": "155853",
                    "name": "255/40 R19",
                    "price": 24500,
                    "amount": "4",
                    "quantity": 1,
                    "url": "/catalog/legkovye/25540-r19-100y-continental-sportcontact-7-tl24777/"
                }
            ]
        }
    ],
    "filter": {
        "0": {
            "LOGIC": "OR",
            ">STORE_AMOUNT_156": 0,
            ">STORE_AMOUNT_158": 0,
            ">STORE_AMOUNT_159": 0,
            ">STORE_AMOUNT_160": 0,
            ">STORE_AMOUNT_161": 0,
            ">STORE_AMOUNT_164": 0,
            ">STORE_AMOUNT_165": 0,
            ">STORE_AMOUNT_168": 0,
            ">STORE_AMOUNT_169": 0,
            ">STORE_AMOUNT_174": 0,
            ">STORE_AMOUNT_180": 0,
            ">STORE_AMOUNT_184": 0,
            ">STORE_AMOUNT_185": 0,
            ">STORE_AMOUNT_191": 0,
            ">STORE_AMOUNT_192": 0,
            ">STORE_AMOUNT_194": 0,
            ">STORE_AMOUNT_6087": 0
        },
        "1": {
            "LOGIC": "OR",
            ">CATALOG_CATALOG_GROUP_ID_33": 0,
            ">CATALOG_CATALOG_GROUP_ID_90": 0,
            ">CATALOG_CATALOG_GROUP_ID_96": 0,
            ">CATALOG_CATALOG_GROUP_ID_97": 0,
            ">CATALOG_CATALOG_GROUP_ID_98": 0
        },
        "2": {
            "LOGIC": "OR",
            ">STORE_AMOUNT_156": 0,
            ">STORE_AMOUNT_158": 0,
            ">STORE_AMOUNT_159": 0,
            ">STORE_AMOUNT_160": 0,
            ">STORE_AMOUNT_161": 0,
            ">STORE_AMOUNT_164": 0,
            ">STORE_AMOUNT_165": 0,
            ">STORE_AMOUNT_168": 0,
            ">STORE_AMOUNT_169": 0,
            ">STORE_AMOUNT_174": 0,
            ">STORE_AMOUNT_180": 0,
            ">STORE_AMOUNT_184": 0,
            ">STORE_AMOUNT_185": 0,
            ">STORE_AMOUNT_191": 0,
            ">STORE_AMOUNT_192": 0,
            ">STORE_AMOUNT_194": 0,
            ">STORE_AMOUNT_6087": 0
        },
        "3": {
            "LOGIC": "OR",
            ">CATALOG_CATALOG_GROUP_ID_33": 0,
            ">CATALOG_CATALOG_GROUP_ID_90": 0,
            ">CATALOG_CATALOG_GROUP_ID_96": 0,
            ">CATALOG_CATALOG_GROUP_ID_97": 0,
            ">CATALOG_CATALOG_GROUP_ID_98": 0
        },
        "=PROPERTY_458": [
            "154"
        ]
    },
    "promo": {
        "id": "165954",
        "url": "/promo/shiny-v-rassrochku/",
        "name": "Покупки в рассрочку",
        "text": "Теперь вы можете купить зимние шины, или диски в рассрочку быстро и легко: без первоначального взноса и без переплаты!",
        "imgSrc": "/upload/resize_cache/iblock/356/1075_613_1/8iiw8xmv2bzky9euo9mn57dqx6dk3xa9.jpg",
        "videoSrc": null
    },
    "promoFilter": {
        "IBLOCK_ID": 10,
        "ACTIVE": "Y",
        "=PROPERTY_SECTION": 206,
        "=PROPERTY_CATALOG_SEASON": [
            false,
            204
        ],
        "=PROPERTY_CATALOG_BRAND": [
            false
        ]
    },
    "navNum": 1,
    "pagesCount": 111,
    "pageNum": 97
}