{
    "pageUrl": "/catalog/legkovye/?arCatalogFilter_458_1500340406=Y&set_filter=Y&sort%5Brecommendations%5D=asc&PAGEN_1=99",
    "items": [
        {
            "id": 136584,
            "isNew": false,
            "EDIT_LINK": null,
            "DELETE_LINK": null,
            "props": [
                {
                    "name": "Ширина",
                    "value": "275 "
                },
                {
                    "name": "Диаметр",
                    "value": "19 "
                }
            ],
            "type": "tires",
            "isPromo": null,
            "amount": 4,
            "season": "Летние",
            "price": 26640,
            "name": "275/55 R19 111W HANKOOK Ventus S1 Evo 3 K127A TL",
            "sectionId": 7278,
            "sectionName": "Легковые",
            "sectionPath": [
                {
                    "ID": "7278",
                    "NAME": "Легковые"
                },
                {
                    "ID": "7267",
                    "NAME": "Шины"
                }
            ],
            "imgSrc": "/upload/resize_cache/rembg-image/796/275_275_1/hiutzxxmfmop5jw23kjqhoyshglco2ng.png",
            "url": "/catalog/legkovye/27555r19-111w-ventus-s1-evo-3-k127a-tl/",
            "promo": [],
            "discountStores": [],
            "externalStores": [],
            "commonStores": [],
            "brand": "HANKOOK",
            "brandCode": "",
            "vendorCode": "1025864",
            "model": "Ventus S1 Evo 3 K127A",
            "raznItems": [
                {
                    "id": "136584",
                    "name": "275/55 R19",
                    "price": 26640,
                    "amount": "4",
                    "quantity": 1,
                    "url": "/catalog/legkovye/27555r19-111w-ventus-s1-evo-3-k127a-tl/"
                }
            ]
        },
        {
            "id": 125324,
            "isNew": false,
            "EDIT_LINK": null,
            "DELETE_LINK": null,
            "props": [
                {
                    "name": "Ширина",
                    "value": "245 "
                },
                {
                    "name": "Диаметр",
                    "value": "17 "
                }
            ],
            "type": "tires",
            "isPromo": null,
            "amount": 4,
            "season": "Летние",
            "price": 26660,
            "name": "245/70 R17 119/116S BFGOODRICH All-Terrain T/A KO2 TL",
            "sectionId": 7278,
            "sectionName": "Легковые",
            "sectionPath": [
                {
                    "ID": "7278",
                    "NAME": "Легковые"
                },
                {
                    "ID": "7267",
                    "NAME": "Шины"
                }
            ],
            "imgSrc": "/upload/resize_cache/rembg-image/672/275_275_1/klkokmbr52nheskghmup3ap9bmkhq9wu.png",
            "url": "/catalog/legkovye/24570-r17-119116s-bfgoodrich-all-terrain-ta-ko2-tl87562/",
            "promo": [],
            "discountStores": [],
            "externalStores": [],
            "commonStores": [],
            "brand": "BFGOODRICH",
            "brandCode": "",
            "vendorCode": "545416",
            "model": "All Terrain T/A KO2",
            "raznItems": [
                {
                    "id": "101821",
                    "name": "265/70 R17",
                    "price": 26360,
                    "amount": "13",
                    "quantity": 1,
                    "url": "/catalog/legkovye/26570-r17-121118s-bfgoodrich-all-terrain-ta-ko2-tl69354/"
                },
                {
                    "id": "101822",
                    "name": "225/65 R17",
                    "price": 25180,
                    "amount": "20",
                    "quantity": 1,
                    "url": "/catalog/legkovye/22565-r17-107103s-bfgoodrich-all-terrain-ta-ko2-tl69355/"
                },
                {
                    "id": "101823",
                    "name": "245/65 R17",
                    "price": 22420,
                    "amount": "4",
                    "quantity": 1,
                    "url": "/catalog/legkovye/lt24565r17-111108s-lrd-all-terrain-ta-ko2-tl-rwl/"
                },
                {
                    "id": "102086",
                    "name": "265/65 R17",
                    "price": 25500,
                    "amount": "10",
                    "quantity": 1,
                    "url": "/catalog/legkovye/26565-r17-120117s-bfgoodrich-all-terrain-ta-ko2-tl70424/"
                },
                {
                    "id": "104201",
                    "name": "285/70 R17",
                    "price": 30920,
                    "amount": "4",
                    "quantity": 1,
                    "url": "/catalog/legkovye/28570-r17-121118r-bfgoodrich-all-terrain-ta-ko2-tl01776/"
                },
                {
                    "id": "125324",
                    "name": "245/70 R17",
                    "price": 26660,
                    "amount": "4",
                    "quantity": 1,
                    "url": "/catalog/legkovye/24570-r17-119116s-bfgoodrich-all-terrain-ta-ko2-tl87562/"
                },
                {
                    "id": "125325",
                    "name": "245/75 R17",
                    "price": 27060,
                    "amount": "3",
                    "quantity": 1,
                    "url": "/catalog/legkovye/lt24575r17-121118s-lre-all-terrain-ta-ko2-tl-rwl/"
                },
                {
                    "id": "135331",
                    "name": "285/70 R17",
                    "price": 28720,
                    "amount": "3",
                    "quantity": 1,
                    "url": "/catalog/legkovye/28570-r17-116113s-bfgoodrich-all-terrain-ta-ko2-tl65104/"
                }
            ]
        },
        {
            "id": 155503,
            "isNew": false,
            "EDIT_LINK": null,
            "DELETE_LINK": null,
            "props": [
                {
                    "name": "Ширина",
                    "value": "275 "
                },
                {
                    "name": "Диаметр",
                    "value": "20 "
                }
            ],
            "type": "tires",
            "isPromo": null,
            "amount": 4,
            "season": "Летние",
            "price": 26670,
            "name": "275/55 R20 113T NOKIAN TYRES Outpost AT TL",
            "sectionId": 7278,
            "sectionName": "Легковые",
            "sectionPath": [
                {
                    "ID": "7278",
                    "NAME": "Легковые"
                },
                {
                    "ID": "7267",
                    "NAME": "Шины"
                }
            ],
            "imgSrc": "/upload/resize_cache/rembg-image/117/275_275_1/jpeu652txsjvs2gvm1awhhgve0sv3e8y.png",
            "url": "/catalog/legkovye/27555-r20-113t-nokian-tyres-outpost-at-tl24444/",
            "promo": [],
            "discountStores": [],
            "externalStores": [],
            "commonStores": [],
            "brand": "NOKIAN TYRES",
            "brandCode": "",
            "vendorCode": "T431918",
            "model": "Outpost AT",
            "raznItems": [
                {
                    "id": "155503",
                    "name": "275/55 R20",
                    "price": 26670,
                    "amount": "4",
                    "quantity": 1,
                    "url": "/catalog/legkovye/27555-r20-113t-nokian-tyres-outpost-at-tl24444/"
                },
                {
                    "id": "155505",
                    "name": "275/60 R20",
                    "price": 27260,
                    "amount": "4",
                    "quantity": 1,
                    "url": "/catalog/legkovye/27560-r20-115h-nokian-tyres-outpost-at-tl24448/"
                }
            ]
        },
        {
            "id": 155334,
            "isNew": false,
            "EDIT_LINK": null,
            "DELETE_LINK": null,
            "props": [
                {
                    "name": "Ширина",
                    "value": "235 "
                },
                {
                    "name": "Диаметр",
                    "value": "19 "
                }
            ],
            "type": "tires",
            "isPromo": null,
            "amount": 2,
            "season": "Летние",
            "price": 26750,
            "name": "235/40 R19 96(Y) MICHELIN Pilot Sport 5 TL",
            "sectionId": 7278,
            "sectionName": "Легковые",
            "sectionPath": [
                {
                    "ID": "7278",
                    "NAME": "Легковые"
                },
                {
                    "ID": "7267",
                    "NAME": "Шины"
                }
            ],
            "imgSrc": "/upload/resize_cache/rembg-image/f9e/275_275_1/dys91ov970b95r0byzj9ocysmas0smv4.png",
            "url": "/catalog/legkovye/23540r19-96y-xl-pilot-sport-5-tl/",
            "promo": [],
            "discountStores": [],
            "externalStores": [],
            "commonStores": [],
            "brand": "MICHELIN",
            "brandCode": "",
            "vendorCode": "400189",
            "model": "Pilot Sport 5",
            "raznItems": [
                {
                    "id": "94031",
                    "name": "225/45 R19",
                    "price": 27300,
                    "amount": "70",
                    "quantity": 1,
                    "url": "/catalog/legkovye/22545-r19-96y-michelin-pilot-sport-5-tl21014/"
                },
                {
                    "id": "155320",
                    "name": "255/40 R19",
                    "price": 19990,
                    "amount": "17",
                    "quantity": 1,
                    "url": "/catalog/legkovye/25540-r19-100y-michelin-pilot-sport-5-tl20473/"
                },
                {
                    "id": "155324",
                    "name": "245/40 R19",
                    "price": 19830,
                    "amount": "91",
                    "quantity": 1,
                    "url": "/catalog/legkovye/24540-r19-98y-michelin-pilot-sport-5-tl20723/"
                },
                {
                    "id": "155334",
                    "name": "235/40 R19",
                    "price": 26750,
                    "amount": "2",
                    "quantity": 1,
                    "url": "/catalog/legkovye/23540r19-96y-xl-pilot-sport-5-tl/"
                }
            ]
        },
        {
            "id": 145020,
            "isNew": false,
            "EDIT_LINK": null,
            "DELETE_LINK": null,
            "props": [
                {
                    "name": "Ширина",
                    "value": "255 "
                },
                {
                    "name": "Диаметр",
                    "value": "19 "
                }
            ],
            "type": "tires",
            "isPromo": null,
            "amount": 3,
            "season": "Летние",
            "price": 26810,
            "name": "255/45 R19 100V MICHELIN Pilot Sport 4 SUV TL",
            "sectionId": 7278,
            "sectionName": "Легковые",
            "sectionPath": [
                {
                    "ID": "7278",
                    "NAME": "Легковые"
                },
                {
                    "ID": "7267",
                    "NAME": "Шины"
                }
            ],
            "imgSrc": "/upload/resize_cache/rembg-image/940/275_275_1/ifqkjbslpisv0byugo7hmgyee2l7t6bo.png",
            "url": "/catalog/legkovye/25545-r19-100v-michelin-pilot-sport-4-suv-tl09594/",
            "promo": [],
            "discountStores": [],
            "externalStores": [],
            "commonStores": [
                {
                    "STORE_ID": "158",
                    "PRODUCT_ID": "145020",
                    "AMOUNT": "3",
                    "PRODUCT_XML_ID": "09594",
                    "STORE_XML_ID": "351",
                    "STORE_NAME": "Оптовый Склад",
                    "PRICE": "26810.00",
                    "PRICE_ID": "9"
                }
            ],
            "brand": "MICHELIN",
            "brandCode": "",
            "vendorCode": "658458",
            "model": "Pilot Sport 4 SUV",
            "raznItems": [
                {
                    "id": "116272",
                    "name": "225/55 R19",
                    "price": 19990,
                    "amount": "2",
                    "quantity": 1,
                    "url": "/catalog/legkovye/22555-r19-99v-michelin-pilot-sport-4-suv-tl14922/"
                },
                {
                    "id": "125057",
                    "name": "265/55 R19",
                    "price": 38810,
                    "amount": "8",
                    "quantity": 1,
                    "url": "/catalog/legkovye/26555-r19-113y-michelin-pilot-sport-4-suv-tl88010/"
                },
                {
                    "id": "135390",
                    "name": "275/55 R19",
                    "price": 30720,
                    "amount": "4",
                    "quantity": 1,
                    "url": "/catalog/legkovye/27555-r19-111w-michelin-pilot-sport-4-suv-tl65042/"
                },
                {
                    "id": "145018",
                    "name": "235/50 R19",
                    "price": 22300,
                    "amount": "3",
                    "quantity": 1,
                    "url": "/catalog/legkovye/23550-r19-99v-michelin-pilot-sport-4-suv-tl09557/"
                },
                {
                    "id": "145020",
                    "name": "255/45 R19",
                    "price": 26810,
                    "amount": "3",
                    "quantity": 1,
                    "url": "/catalog/legkovye/25545-r19-100v-michelin-pilot-sport-4-suv-tl09594/"
                }
            ]
        },
        {
            "id": 125063,
            "isNew": false,
            "EDIT_LINK": null,
            "DELETE_LINK": null,
            "props": [
                {
                    "name": "Ширина",
                    "value": "245 "
                },
                {
                    "name": "Диаметр",
                    "value": "20 "
                }
            ],
            "type": "tires",
            "isPromo": null,
            "amount": 12,
            "season": "Летние",
            "price": 26830,
            "name": "245/50 R20 102V MICHELIN Pilot Sport 4 SUV TL",
            "sectionId": 7278,
            "sectionName": "Легковые",
            "sectionPath": [
                {
                    "ID": "7278",
                    "NAME": "Легковые"
                },
                {
                    "ID": "7267",
                    "NAME": "Шины"
                }
            ],
            "imgSrc": "/upload/resize_cache/rembg-image/438/275_275_1/e2ha66vcaocw2jtmqan1g9xgjlb6i4py.png",
            "url": "/catalog/legkovye/24550-r20-102v-michelin-pilot-sport-4-suv-tl88003/",
            "promo": [],
            "discountStores": [],
            "externalStores": [],
            "commonStores": [
                {
                    "STORE_ID": "158",
                    "PRODUCT_ID": "125063",
                    "AMOUNT": "12",
                    "PRODUCT_XML_ID": "88003",
                    "STORE_XML_ID": "351",
                    "STORE_NAME": "Оптовый Склад",
                    "PRICE": "26830.00",
                    "PRICE_ID": "9"
                }
            ],
            "brand": "MICHELIN",
            "brandCode": "273",
            "vendorCode": "876384",
            "model": "Pilot Sport 4 SUV",
            "raznItems": [
                {
                    "id": "125063",
                    "name": "245/50 R20",
                    "price": 26830,
                    "amount": "12",
                    "quantity": 1,
                    "url": "/catalog/legkovye/24550-r20-102v-michelin-pilot-sport-4-suv-tl88003/"
                },
                {
                    "id": "125064",
                    "name": "255/45 R20",
                    "price": 37590,
                    "amount": "4",
                    "quantity": 1,
                    "url": "/catalog/legkovye/25545-r20-105y-michelin-pilot-sport-4-suv-tl88000/"
                },
                {
                    "id": "125065",
                    "name": "265/45 R20",
                    "price": 37300,
                    "amount": "1",
                    "quantity": 1,
                    "url": "/catalog/legkovye/26545-r20-108y-michelin-pilot-sport-4-suv-tl87999/"
                },
                {
                    "id": "145024",
                    "name": "275/40 R20",
                    "price": 27310,
                    "amount": "12",
                    "quantity": 1,
                    "url": "/catalog/legkovye/27540-r20-106y-michelin-pilot-sport-4-suv-tl09639/"
                }
            ]
        },
        {
            "id": 159552,
            "isNew": false,
            "EDIT_LINK": null,
            "DELETE_LINK": null,
            "props": [
                {
                    "name": "Ширина",
                    "value": "255 "
                },
                {
                    "name": "Диаметр",
                    "value": "19 "
                }
            ],
            "type": "tires",
            "isPromo": null,
            "amount": 2,
            "season": "Летние",
            "price": 26870,
            "name": "255/45 R19 100V PIRELLI Scorpion TL",
            "sectionId": 7278,
            "sectionName": "Легковые",
            "sectionPath": [
                {
                    "ID": "7278",
                    "NAME": "Легковые"
                },
                {
                    "ID": "7267",
                    "NAME": "Шины"
                }
            ],
            "imgSrc": "/upload/resize_cache/rembg-image/97a/275_275_1/e7x1hdwco0o018y150z5h58kv7rpq3gs.png",
            "url": "/catalog/legkovye/25545r19-100v-scorpion-si-tl/",
            "promo": [],
            "discountStores": [],
            "externalStores": [],
            "commonStores": [],
            "brand": "PIRELLI",
            "brandCode": "",
            "vendorCode": "3275700",
            "model": "Scorpion",
            "raznItems": [
                {
                    "id": "158917",
                    "name": "235/50 R19",
                    "price": 17960,
                    "amount": "27",
                    "quantity": 1,
                    "url": "/catalog/legkovye/23550-r19-99v-pirelli-scorpion-tl28181/"
                },
                {
                    "id": "159552",
                    "name": "255/45 R19",
                    "price": 26870,
                    "amount": "2",
                    "quantity": 1,
                    "url": "/catalog/legkovye/25545r19-100v-scorpion-si-tl/"
                }
            ]
        },
        {
            "id": 145185,
            "isNew": false,
            "EDIT_LINK": null,
            "DELETE_LINK": null,
            "props": [
                {
                    "name": "Ширина",
                    "value": "255 "
                },
                {
                    "name": "Диаметр",
                    "value": "19 "
                }
            ],
            "type": "tires",
            "isPromo": null,
            "amount": 2,
            "season": "Летние",
            "price": 26960,
            "name": "255/40 R19 100(Y) MICHELIN Pilot Sport 4 S TL",
            "sectionId": 7278,
            "sectionName": "Легковые",
            "sectionPath": [
                {
                    "ID": "7278",
                    "NAME": "Легковые"
                },
                {
                    "ID": "7267",
                    "NAME": "Шины"
                }
            ],
            "imgSrc": "/upload/resize_cache/rembg-image/5ed/275_275_1/qc6kibuws7e29ejuxuq6rdryp51x3zin.png",
            "url": "/catalog/legkovye/25540zr19-100y-xl-pilot-sport-4-s-tl/",
            "promo": [],
            "discountStores": [],
            "externalStores": [],
            "commonStores": [],
            "brand": "MICHELIN",
            "brandCode": "",
            "vendorCode": "337467",
            "model": "Pilot Sport 4 S",
            "raznItems": [
                {
                    "id": "145185",
                    "name": "255/40 R19",
                    "price": 26960,
                    "amount": "2",
                    "quantity": 1,
                    "url": "/catalog/legkovye/25540zr19-100y-xl-pilot-sport-4-s-tl/"
                }
            ]
        },
        {
            "id": 117972,
            "isNew": false,
            "EDIT_LINK": null,
            "DELETE_LINK": null,
            "props": [
                {
                    "name": "Ширина",
                    "value": "285 "
                },
                {
                    "name": "Диаметр",
                    "value": "18 "
                }
            ],
            "type": "tires",
            "isPromo": null,
            "amount": 2,
            "season": "Летние",
            "price": 27000,
            "name": "285/35 R18 97Y GOODYEAR Eagle F1 Asymmetric 2 TL",
            "sectionId": 7278,
            "sectionName": "Легковые",
            "sectionPath": [
                {
                    "ID": "7278",
                    "NAME": "Легковые"
                },
                {
                    "ID": "7267",
                    "NAME": "Шины"
                }
            ],
            "imgSrc": "/upload/resize_cache/rembg-image/586/275_275_1/p6zi6ytg97wc5b6jtwn71jd4ajibq7d1.png",
            "url": "/catalog/legkovye/28535r18-97y-eagle-f1-asymmetric-2-mo-tl-fp/",
            "promo": [],
            "discountStores": [],
            "externalStores": [],
            "commonStores": [],
            "brand": "GOODYEAR",
            "brandCode": "",
            "vendorCode": "524688",
            "model": "Eagle F1 Asymmetric 2",
            "raznItems": [
                {
                    "id": "117972",
                    "name": "285/35 R18",
                    "price": 27000,
                    "amount": "2",
                    "quantity": 1,
                    "url": "/catalog/legkovye/28535r18-97y-eagle-f1-asymmetric-2-mo-tl-fp/"
                },
                {
                    "id": "142798",
                    "name": "275/45 R18",
                    "price": 20600,
                    "amount": "2",
                    "quantity": 1,
                    "url": "/catalog/legkovye/27545zr18-103y-eagle-f1-asymmetric-2-n0-tl-fp/"
                }
            ]
        },
        {
            "id": 125325,
            "isNew": false,
            "EDIT_LINK": null,
            "DELETE_LINK": null,
            "props": [
                {
                    "name": "Ширина",
                    "value": "245 "
                },
                {
                    "name": "Диаметр",
                    "value": "17 "
                }
            ],
            "type": "tires",
            "isPromo": null,
            "amount": 3,
            "season": "Летние",
            "price": 27060,
            "name": "245/75 R17 121/118S BFGOODRICH All Terrain T/A KO2 TL",
            "sectionId": 7278,
            "sectionName": "Легковые",
            "sectionPath": [
                {
                    "ID": "7278",
                    "NAME": "Легковые"
                },
                {
                    "ID": "7267",
                    "NAME": "Шины"
                }
            ],
            "imgSrc": "/upload/resize_cache/rembg-image/cfd/275_275_1/3t752dkcxenyltpk1fjss5p6mkmj6rig.png",
            "url": "/catalog/legkovye/lt24575r17-121118s-lre-all-terrain-ta-ko2-tl-rwl/",
            "promo": [],
            "discountStores": [],
            "externalStores": [],
            "commonStores": [],
            "brand": "BFGOODRICH",
            "brandCode": "",
            "vendorCode": "893522",
            "model": "All Terrain T/A KO2",
            "raznItems": [
                {
                    "id": "101821",
                    "name": "265/70 R17",
                    "price": 26360,
                    "amount": "13",
                    "quantity": 1,
                    "url": "/catalog/legkovye/26570-r17-121118s-bfgoodrich-all-terrain-ta-ko2-tl69354/"
                },
                {
                    "id": "101822",
                    "name": "225/65 R17",
                    "price": 25180,
                    "amount": "20",
                    "quantity": 1,
                    "url": "/catalog/legkovye/22565-r17-107103s-bfgoodrich-all-terrain-ta-ko2-tl69355/"
                },
                {
                    "id": "101823",
                    "name": "245/65 R17",
                    "price": 22420,
                    "amount": "4",
                    "quantity": 1,
                    "url": "/catalog/legkovye/lt24565r17-111108s-lrd-all-terrain-ta-ko2-tl-rwl/"
                },
                {
                    "id": "102086",
                    "name": "265/65 R17",
                    "price": 25500,
                    "amount": "10",
                    "quantity": 1,
                    "url": "/catalog/legkovye/26565-r17-120117s-bfgoodrich-all-terrain-ta-ko2-tl70424/"
                },
                {
                    "id": "104201",
                    "name": "285/70 R17",
                    "price": 30920,
                    "amount": "4",
                    "quantity": 1,
                    "url": "/catalog/legkovye/28570-r17-121118r-bfgoodrich-all-terrain-ta-ko2-tl01776/"
                },
                {
                    "id": "125324",
                    "name": "245/70 R17",
                    "price": 26660,
                    "amount": "4",
                    "quantity": 1,
                    "url": "/catalog/legkovye/24570-r17-119116s-bfgoodrich-all-terrain-ta-ko2-tl87562/"
                },
                {
                    "id": "125325",
                    "name": "245/75 R17",
                    "price": 27060,
                    "amount": "3",
                    "quantity": 1,
                    "url": "/catalog/legkovye/lt24575r17-121118s-lre-all-terrain-ta-ko2-tl-rwl/"
                },
                {
                    "id": "135331",
                    "name": "285/70 R17",
                    "price": 28720,
                    "amount": "3",
                    "quantity": 1,
                    "url": "/catalog/legkovye/28570-r17-116113s-bfgoodrich-all-terrain-ta-ko2-tl65104/"
                }
            ]
        },
        {
            "id": 142776,
            "isNew": false,
            "EDIT_LINK": null,
            "DELETE_LINK": null,
            "props": [
                {
                    "name": "Ширина",
                    "value": "255 "
                },
                {
                    "name": "Диаметр",
                    "value": "19 "
                }
            ],
            "type": "tires",
            "isPromo": null,
            "amount": 1,
            "season": "Летние",
            "price": 27140,
            "name": "255/45 R19 104Y GOODYEAR Eagle F1 Asymmetric 3 TL",
            "sectionId": 7278,
            "sectionName": "Легковые",
            "sectionPath": [
                {
                    "ID": "7278",
                    "NAME": "Легковые"
                },
                {
                    "ID": "7267",
                    "NAME": "Шины"
                }
            ],
            "imgSrc": "/upload/resize_cache/rembg-image/6da/275_275_1/lu9k1grxbgs4umpj535riprbpb6u6f0c.png",
            "url": "/catalog/legkovye/25545r19-104y-xl-eagle-f1-asymmetric-3-ao1-tl-fp/",
            "promo": [],
            "discountStores": [],
            "externalStores": [],
            "commonStores": [],
            "brand": "GOODYEAR",
            "brandCode": "",
            "vendorCode": "544173",
            "model": "Eagle F1 Asymmetric 3",
            "raznItems": [
                {
                    "id": "142776",
                    "name": "255/45 R19",
                    "price": 27140,
                    "amount": "1",
                    "quantity": 1,
                    "url": "/catalog/legkovye/25545r19-104y-xl-eagle-f1-asymmetric-3-ao1-tl-fp/"
                }
            ]
        },
        {
            "id": 105483,
            "isNew": false,
            "EDIT_LINK": null,
            "DELETE_LINK": null,
            "props": [
                {
                    "name": "Ширина",
                    "value": "275 "
                },
                {
                    "name": "Диаметр",
                    "value": "18 "
                }
            ],
            "type": "tires",
            "isPromo": null,
            "amount": 2,
            "season": "Летние",
            "price": 27160,
            "name": "275/40 R18 103Y HANKOOK Ventus V12 Evo 2 K120 TL",
            "sectionId": 7278,
            "sectionName": "Легковые",
            "sectionPath": [
                {
                    "ID": "7278",
                    "NAME": "Легковые"
                },
                {
                    "ID": "7267",
                    "NAME": "Шины"
                }
            ],
            "imgSrc": "/upload/resize_cache/rembg-image/078/275_275_1/f5fgyebb75skld1rwfn0dit7fuxbituc.png",
            "url": "/catalog/legkovye/27540r18-103y-xl-ventus-v12-evo-2-k120-tl/",
            "promo": [],
            "discountStores": [],
            "externalStores": [],
            "commonStores": [],
            "brand": "HANKOOK",
            "brandCode": "",
            "vendorCode": "1015257",
            "model": "Ventus V12 Evo 2 K120",
            "raznItems": [
                {
                    "id": "105483",
                    "name": "275/40 R18",
                    "price": 27160,
                    "amount": "2",
                    "quantity": 1,
                    "url": "/catalog/legkovye/27540r18-103y-xl-ventus-v12-evo-2-k120-tl/"
                }
            ]
        },
        {
            "id": 105462,
            "isNew": false,
            "EDIT_LINK": null,
            "DELETE_LINK": null,
            "props": [
                {
                    "name": "Ширина",
                    "value": "275 "
                },
                {
                    "name": "Диаметр",
                    "value": "19 "
                }
            ],
            "type": "tires",
            "isPromo": null,
            "amount": 17,
            "season": "Летние",
            "price": 27160,
            "name": "275/35 R19 100Y HANKOOK K120 Ventus V12 Evo2 TL",
            "sectionId": 7278,
            "sectionName": "Легковые",
            "sectionPath": [
                {
                    "ID": "7278",
                    "NAME": "Легковые"
                },
                {
                    "ID": "7267",
                    "NAME": "Шины"
                }
            ],
            "imgSrc": "/upload/resize_cache/rembg-image/e4d/275_275_1/hwg1pvqf8t3lyzacgaxn0v1rj9qwtjm2.png",
            "url": "/catalog/legkovye/27535-r19-100y-hankook-k120-ventus-v12-evo2-tl58247/",
            "promo": [],
            "discountStores": [],
            "externalStores": [],
            "commonStores": [
                {
                    "STORE_ID": "158",
                    "PRODUCT_ID": "105462",
                    "AMOUNT": "17",
                    "PRODUCT_XML_ID": "58247",
                    "STORE_XML_ID": "351",
                    "STORE_NAME": "Оптовый Склад",
                    "PRICE": "27160.00",
                    "PRICE_ID": "9"
                }
            ],
            "brand": "HANKOOK",
            "brandCode": "359",
            "vendorCode": "1015295",
            "model": "K120 Ventus V12 Evo2",
            "raznItems": [
                {
                    "id": "105462",
                    "name": "275/35 R19",
                    "price": 27160,
                    "amount": "17",
                    "quantity": 1,
                    "url": "/catalog/legkovye/27535-r19-100y-hankook-k120-ventus-v12-evo2-tl58247/"
                }
            ]
        },
        {
            "id": 100352,
            "isNew": false,
            "EDIT_LINK": null,
            "DELETE_LINK": null,
            "props": [
                {
                    "name": "Ширина",
                    "value": "255 "
                },
                {
                    "name": "Диаметр",
                    "value": "19 "
                }
            ],
            "type": "tires",
            "isPromo": null,
            "amount": 4,
            "season": "Летние",
            "price": 27160,
            "name": "255/55 R18  VIATTI Bosco S/T (V-526) TL",
            "sectionId": 7278,
            "sectionName": "Легковые",
            "sectionPath": [
                {
                    "ID": "7278",
                    "NAME": "Легковые"
                },
                {
                    "ID": "7267",
                    "NAME": "Шины"
                }
            ],
            "imgSrc": "/upload/resize_cache/rembg-image/95c/275_275_1/v4a7v8x867lcjjv9s0wec39vb0ch21n2.png",
            "url": "/catalog/legkovye/25555-r18-viatti-bosco-st-v-526-tl59013/",
            "promo": [],
            "discountStores": [],
            "externalStores": [],
            "commonStores": [],
            "brand": "PIRELLI",
            "brandCode": "",
            "vendorCode": "3150100",
            "model": "Cinturato P7 (P7C2)",
            "raznItems": [
                {
                    "id": "100352",
                    "name": "255/45 R19",
                    "price": 27160,
                    "amount": "4",
                    "quantity": 1,
                    "url": "/catalog/legkovye/25555-r18-viatti-bosco-st-v-526-tl59013/"
                }
            ]
        }
    ],
    "filter": {
        "0": {
            "LOGIC": "OR",
            ">STORE_AMOUNT_156": 0,
            ">STORE_AMOUNT_158": 0,
            ">STORE_AMOUNT_159": 0,
            ">STORE_AMOUNT_160": 0,
            ">STORE_AMOUNT_161": 0,
            ">STORE_AMOUNT_164": 0,
            ">STORE_AMOUNT_165": 0,
            ">STORE_AMOUNT_168": 0,
            ">STORE_AMOUNT_169": 0,
            ">STORE_AMOUNT_174": 0,
            ">STORE_AMOUNT_180": 0,
            ">STORE_AMOUNT_184": 0,
            ">STORE_AMOUNT_185": 0,
            ">STORE_AMOUNT_191": 0,
            ">STORE_AMOUNT_192": 0,
            ">STORE_AMOUNT_194": 0,
            ">STORE_AMOUNT_6087": 0
        },
        "1": {
            "LOGIC": "OR",
            ">CATALOG_CATALOG_GROUP_ID_33": 0,
            ">CATALOG_CATALOG_GROUP_ID_90": 0,
            ">CATALOG_CATALOG_GROUP_ID_96": 0,
            ">CATALOG_CATALOG_GROUP_ID_97": 0,
            ">CATALOG_CATALOG_GROUP_ID_98": 0
        },
        "2": {
            "LOGIC": "OR",
            ">STORE_AMOUNT_156": 0,
            ">STORE_AMOUNT_158": 0,
            ">STORE_AMOUNT_159": 0,
            ">STORE_AMOUNT_160": 0,
            ">STORE_AMOUNT_161": 0,
            ">STORE_AMOUNT_164": 0,
            ">STORE_AMOUNT_165": 0,
            ">STORE_AMOUNT_168": 0,
            ">STORE_AMOUNT_169": 0,
            ">STORE_AMOUNT_174": 0,
            ">STORE_AMOUNT_180": 0,
            ">STORE_AMOUNT_184": 0,
            ">STORE_AMOUNT_185": 0,
            ">STORE_AMOUNT_191": 0,
            ">STORE_AMOUNT_192": 0,
            ">STORE_AMOUNT_194": 0,
            ">STORE_AMOUNT_6087": 0
        },
        "3": {
            "LOGIC": "OR",
            ">CATALOG_CATALOG_GROUP_ID_33": 0,
            ">CATALOG_CATALOG_GROUP_ID_90": 0,
            ">CATALOG_CATALOG_GROUP_ID_96": 0,
            ">CATALOG_CATALOG_GROUP_ID_97": 0,
            ">CATALOG_CATALOG_GROUP_ID_98": 0
        },
        "=PROPERTY_458": [
            "154"
        ]
    },
    "promo": {
        "id": "165954",
        "url": "/promo/shiny-v-rassrochku/",
        "name": "Покупки в рассрочку",
        "text": "Теперь вы можете купить зимние шины, или диски в рассрочку быстро и легко: без первоначального взноса и без переплаты!",
        "imgSrc": "/upload/resize_cache/iblock/356/1075_613_1/8iiw8xmv2bzky9euo9mn57dqx6dk3xa9.jpg",
        "videoSrc": null
    },
    "promoFilter": {
        "IBLOCK_ID": 10,
        "ACTIVE": "Y",
        "=PROPERTY_SECTION": 206,
        "=PROPERTY_CATALOG_SEASON": [
            false,
            204
        ],
        "=PROPERTY_CATALOG_BRAND": [
            false
        ]
    },
    "navNum": 1,
    "pagesCount": 111,
    "pageNum": 99
}