{
    "pageUrl": "/catalog/legkovye/?arCatalogFilter_458_1500340406=Y&set_filter=Y&sort%5Brecommendations%5D=asc&PAGEN_1=102",
    "items": [
        {
            "id": 113975,
            "isNew": false,
            "EDIT_LINK": null,
            "DELETE_LINK": null,
            "props": [
                {
                    "name": "Ширина",
                    "value": "275 "
                },
                {
                    "name": "Диаметр",
                    "value": "20 "
                }
            ],
            "type": "tires",
            "isPromo": null,
            "amount": 1,
            "season": "Летние",
            "price": 28650,
            "name": "275/45 R20 110Y BRIDGESTONE Alenza 001 TL",
            "sectionId": 7278,
            "sectionName": "Легковые",
            "sectionPath": [
                {
                    "ID": "7278",
                    "NAME": "Легковые"
                },
                {
                    "ID": "7267",
                    "NAME": "Шины"
                }
            ],
            "imgSrc": "/upload/resize_cache/rembg-image/050/275_275_1/ak8xxbanpajq8mnt5jk92q45zkup3ms3.png",
            "url": "/catalog/legkovye/27545-r20-110y-bridgestone-alenza-001-tl61141/",
            "promo": [],
            "discountStores": [],
            "externalStores": [],
            "commonStores": [
                {
                    "STORE_ID": "158",
                    "PRODUCT_ID": "113975",
                    "AMOUNT": "1",
                    "PRODUCT_XML_ID": "61141",
                    "STORE_XML_ID": "351",
                    "STORE_NAME": "Оптовый Склад",
                    "PRICE": "28650.00",
                    "PRICE_ID": "9"
                }
            ],
            "brand": "BRIDGESTONE",
            "brandCode": "250",
            "vendorCode": "12903",
            "model": "Alenza 001",
            "raznItems": [
                {
                    "id": "104262",
                    "name": "265/50 R20",
                    "price": 31960,
                    "amount": "25",
                    "quantity": 1,
                    "url": "/catalog/legkovye/26550-r20-111v-bridgestone-alenza-001-tl04956/"
                },
                {
                    "id": "113972",
                    "name": "245/45 R20",
                    "price": 28650,
                    "amount": "6",
                    "quantity": 1,
                    "url": "/catalog/legkovye/24545-r20-99v-bridgestone-alenza-001-tl09412/"
                },
                {
                    "id": "113974",
                    "name": "265/45 R20",
                    "price": 28650,
                    "amount": "1",
                    "quantity": 1,
                    "url": "/catalog/legkovye/26545-r20-104y-bridgestone-alenza-001-tl09415/"
                },
                {
                    "id": "113975",
                    "name": "275/45 R20",
                    "price": 28650,
                    "amount": "1",
                    "quantity": 1,
                    "url": "/catalog/legkovye/27545-r20-110y-bridgestone-alenza-001-tl61141/"
                },
                {
                    "id": "113976",
                    "name": "275/50 R20",
                    "price": 33060,
                    "amount": "6",
                    "quantity": 1,
                    "url": "/catalog/legkovye/27550-r20-109w-bridgestone-alenza-001-tl09422/"
                }
            ]
        },
        {
            "id": 113974,
            "isNew": false,
            "EDIT_LINK": null,
            "DELETE_LINK": null,
            "props": [
                {
                    "name": "Ширина",
                    "value": "265 "
                },
                {
                    "name": "Диаметр",
                    "value": "20 "
                }
            ],
            "type": "tires",
            "isPromo": null,
            "amount": 1,
            "season": "Летние",
            "price": 28650,
            "name": "265/45 R20 104Y BRIDGESTONE Alenza 001 TL",
            "sectionId": 7278,
            "sectionName": "Легковые",
            "sectionPath": [
                {
                    "ID": "7278",
                    "NAME": "Легковые"
                },
                {
                    "ID": "7267",
                    "NAME": "Шины"
                }
            ],
            "imgSrc": "/upload/resize_cache/rembg-image/0a9/275_275_1/dayh05wtcy6x65f8dg3mq97ycezkf9t5.png",
            "url": "/catalog/legkovye/26545-r20-104y-bridgestone-alenza-001-tl09415/",
            "promo": [],
            "discountStores": [],
            "externalStores": [],
            "commonStores": [
                {
                    "STORE_ID": "158",
                    "PRODUCT_ID": "113974",
                    "AMOUNT": "1",
                    "PRODUCT_XML_ID": "09415",
                    "STORE_XML_ID": "351",
                    "STORE_NAME": "Оптовый Склад",
                    "PRICE": "28650.00",
                    "PRICE_ID": "9"
                }
            ],
            "brand": "BRIDGESTONE",
            "brandCode": "250",
            "vendorCode": "14243",
            "model": "Alenza 001",
            "raznItems": [
                {
                    "id": "104262",
                    "name": "265/50 R20",
                    "price": 31960,
                    "amount": "25",
                    "quantity": 1,
                    "url": "/catalog/legkovye/26550-r20-111v-bridgestone-alenza-001-tl04956/"
                },
                {
                    "id": "113972",
                    "name": "245/45 R20",
                    "price": 28650,
                    "amount": "6",
                    "quantity": 1,
                    "url": "/catalog/legkovye/24545-r20-99v-bridgestone-alenza-001-tl09412/"
                },
                {
                    "id": "113974",
                    "name": "265/45 R20",
                    "price": 28650,
                    "amount": "1",
                    "quantity": 1,
                    "url": "/catalog/legkovye/26545-r20-104y-bridgestone-alenza-001-tl09415/"
                },
                {
                    "id": "113975",
                    "name": "275/45 R20",
                    "price": 28650,
                    "amount": "1",
                    "quantity": 1,
                    "url": "/catalog/legkovye/27545-r20-110y-bridgestone-alenza-001-tl61141/"
                },
                {
                    "id": "113976",
                    "name": "275/50 R20",
                    "price": 33060,
                    "amount": "6",
                    "quantity": 1,
                    "url": "/catalog/legkovye/27550-r20-109w-bridgestone-alenza-001-tl09422/"
                }
            ]
        },
        {
            "id": 113972,
            "isNew": false,
            "EDIT_LINK": null,
            "DELETE_LINK": null,
            "props": [
                {
                    "name": "Ширина",
                    "value": "245 "
                },
                {
                    "name": "Диаметр",
                    "value": "20 "
                }
            ],
            "type": "tires",
            "isPromo": null,
            "amount": 6,
            "season": "Летние",
            "price": 28650,
            "name": "245/45 R20 99V BRIDGESTONE Alenza 001 TL",
            "sectionId": 7278,
            "sectionName": "Легковые",
            "sectionPath": [
                {
                    "ID": "7278",
                    "NAME": "Легковые"
                },
                {
                    "ID": "7267",
                    "NAME": "Шины"
                }
            ],
            "imgSrc": "/upload/resize_cache/rembg-image/14c/275_275_1/2rw7iscvahua6y9e301ffp9uvd5e39qm.png",
            "url": "/catalog/legkovye/24545-r20-99v-bridgestone-alenza-001-tl09412/",
            "promo": [],
            "discountStores": [],
            "externalStores": [],
            "commonStores": [
                {
                    "STORE_ID": "158",
                    "PRODUCT_ID": "113972",
                    "AMOUNT": "6",
                    "PRODUCT_XML_ID": "09412",
                    "STORE_XML_ID": "351",
                    "STORE_NAME": "Оптовый Склад",
                    "PRICE": "28650.00",
                    "PRICE_ID": "9"
                }
            ],
            "brand": "BRIDGESTONE",
            "brandCode": "250",
            "vendorCode": "12906",
            "model": "Alenza 001",
            "raznItems": [
                {
                    "id": "104262",
                    "name": "265/50 R20",
                    "price": 31960,
                    "amount": "25",
                    "quantity": 1,
                    "url": "/catalog/legkovye/26550-r20-111v-bridgestone-alenza-001-tl04956/"
                },
                {
                    "id": "113972",
                    "name": "245/45 R20",
                    "price": 28650,
                    "amount": "6",
                    "quantity": 1,
                    "url": "/catalog/legkovye/24545-r20-99v-bridgestone-alenza-001-tl09412/"
                },
                {
                    "id": "113974",
                    "name": "265/45 R20",
                    "price": 28650,
                    "amount": "1",
                    "quantity": 1,
                    "url": "/catalog/legkovye/26545-r20-104y-bridgestone-alenza-001-tl09415/"
                },
                {
                    "id": "113975",
                    "name": "275/45 R20",
                    "price": 28650,
                    "amount": "1",
                    "quantity": 1,
                    "url": "/catalog/legkovye/27545-r20-110y-bridgestone-alenza-001-tl61141/"
                },
                {
                    "id": "113976",
                    "name": "275/50 R20",
                    "price": 33060,
                    "amount": "6",
                    "quantity": 1,
                    "url": "/catalog/legkovye/27550-r20-109w-bridgestone-alenza-001-tl09422/"
                }
            ]
        },
        {
            "id": 135200,
            "isNew": false,
            "EDIT_LINK": null,
            "DELETE_LINK": null,
            "props": [
                {
                    "name": "Ширина",
                    "value": "275 "
                },
                {
                    "name": "Диаметр",
                    "value": "21 "
                }
            ],
            "type": "tires",
            "isPromo": null,
            "amount": 4,
            "season": "Летние",
            "price": 28670,
            "name": "275/40 R21 107Y NOKIAN TYRES Hakka Black 2 SUV TL",
            "sectionId": 7278,
            "sectionName": "Легковые",
            "sectionPath": [
                {
                    "ID": "7278",
                    "NAME": "Легковые"
                },
                {
                    "ID": "7267",
                    "NAME": "Шины"
                }
            ],
            "imgSrc": "/upload/resize_cache/rembg-image/b78/275_275_1/i3ycqbprl8e30e9h93pmdagptfs9m9ip.png",
            "url": "/catalog/legkovye/27540-r21-107y-nokian-tyres-hakka-black-2-suv-tl65347/",
            "promo": [],
            "discountStores": [],
            "externalStores": [],
            "commonStores": [
                {
                    "STORE_ID": "158",
                    "PRODUCT_ID": "135200",
                    "AMOUNT": "4",
                    "PRODUCT_XML_ID": "65347",
                    "STORE_XML_ID": "351",
                    "STORE_NAME": "Оптовый Склад",
                    "PRICE": "28670.00",
                    "PRICE_ID": "9"
                }
            ],
            "brand": "NOKIAN TYRES",
            "brandCode": "277",
            "vendorCode": "T430583",
            "model": "Hakka Black 2 SUV",
            "raznItems": [
                {
                    "id": "135200",
                    "name": "275/40 R21",
                    "price": 28670,
                    "amount": "4",
                    "quantity": 1,
                    "url": "/catalog/legkovye/27540-r21-107y-nokian-tyres-hakka-black-2-suv-tl65347/"
                }
            ]
        },
        {
            "id": 135331,
            "isNew": false,
            "EDIT_LINK": null,
            "DELETE_LINK": null,
            "props": [
                {
                    "name": "Ширина",
                    "value": "285 "
                },
                {
                    "name": "Диаметр",
                    "value": "17 "
                }
            ],
            "type": "tires",
            "isPromo": null,
            "amount": 3,
            "season": "Летние",
            "price": 28720,
            "name": "285/70 R17 116/113S BFGOODRICH All-Terrain T/A KO2 TL",
            "sectionId": 7278,
            "sectionName": "Легковые",
            "sectionPath": [
                {
                    "ID": "7278",
                    "NAME": "Легковые"
                },
                {
                    "ID": "7267",
                    "NAME": "Шины"
                }
            ],
            "imgSrc": "/upload/resize_cache/rembg-image/d89/275_275_1/a6l8q964y9wtrvqt06m336kv06hp161d.png",
            "url": "/catalog/legkovye/28570-r17-116113s-bfgoodrich-all-terrain-ta-ko2-tl65104/",
            "promo": [],
            "discountStores": [],
            "externalStores": [],
            "commonStores": [
                {
                    "STORE_ID": "158",
                    "PRODUCT_ID": "135331",
                    "AMOUNT": "3",
                    "PRODUCT_XML_ID": "FORTOCHKI_505868",
                    "STORE_XML_ID": "351",
                    "STORE_NAME": "Оптовый Склад",
                    "PRICE": "28720.00",
                    "PRICE_ID": "9"
                }
            ],
            "brand": "BFGOODRICH",
            "brandCode": "",
            "vendorCode": "505868",
            "model": "All Terrain T/A KO2",
            "raznItems": [
                {
                    "id": "101821",
                    "name": "265/70 R17",
                    "price": 26360,
                    "amount": "13",
                    "quantity": 1,
                    "url": "/catalog/legkovye/26570-r17-121118s-bfgoodrich-all-terrain-ta-ko2-tl69354/"
                },
                {
                    "id": "101822",
                    "name": "225/65 R17",
                    "price": 25180,
                    "amount": "20",
                    "quantity": 1,
                    "url": "/catalog/legkovye/22565-r17-107103s-bfgoodrich-all-terrain-ta-ko2-tl69355/"
                },
                {
                    "id": "101823",
                    "name": "245/65 R17",
                    "price": 22420,
                    "amount": "4",
                    "quantity": 1,
                    "url": "/catalog/legkovye/lt24565r17-111108s-lrd-all-terrain-ta-ko2-tl-rwl/"
                },
                {
                    "id": "102086",
                    "name": "265/65 R17",
                    "price": 25500,
                    "amount": "10",
                    "quantity": 1,
                    "url": "/catalog/legkovye/26565-r17-120117s-bfgoodrich-all-terrain-ta-ko2-tl70424/"
                },
                {
                    "id": "104201",
                    "name": "285/70 R17",
                    "price": 30920,
                    "amount": "4",
                    "quantity": 1,
                    "url": "/catalog/legkovye/28570-r17-121118r-bfgoodrich-all-terrain-ta-ko2-tl01776/"
                },
                {
                    "id": "125324",
                    "name": "245/70 R17",
                    "price": 26660,
                    "amount": "4",
                    "quantity": 1,
                    "url": "/catalog/legkovye/24570-r17-119116s-bfgoodrich-all-terrain-ta-ko2-tl87562/"
                },
                {
                    "id": "125325",
                    "name": "245/75 R17",
                    "price": 27060,
                    "amount": "3",
                    "quantity": 1,
                    "url": "/catalog/legkovye/lt24575r17-121118s-lre-all-terrain-ta-ko2-tl-rwl/"
                },
                {
                    "id": "135331",
                    "name": "285/70 R17",
                    "price": 28720,
                    "amount": "3",
                    "quantity": 1,
                    "url": "/catalog/legkovye/28570-r17-116113s-bfgoodrich-all-terrain-ta-ko2-tl65104/"
                }
            ]
        },
        {
            "id": 113867,
            "isNew": false,
            "EDIT_LINK": null,
            "DELETE_LINK": null,
            "props": [
                {
                    "name": "Ширина",
                    "value": "275 "
                },
                {
                    "name": "Диаметр",
                    "value": "20 "
                }
            ],
            "type": "tires",
            "isPromo": null,
            "amount": 2,
            "season": "Летние",
            "price": 28750,
            "name": "275/40 R20 106Y CONTINENTAL PremiumContact 6 TL",
            "sectionId": 7278,
            "sectionName": "Легковые",
            "sectionPath": [
                {
                    "ID": "7278",
                    "NAME": "Легковые"
                },
                {
                    "ID": "7267",
                    "NAME": "Шины"
                }
            ],
            "imgSrc": "/upload/resize_cache/rembg-image/cbe/275_275_1/3oven5fchmpsxltl0nigoyyn6htkt3mb.png",
            "url": "/catalog/legkovye/27540-r20-106y-continental-premiumcontact-6-tl09236/",
            "promo": [],
            "discountStores": [],
            "externalStores": [],
            "commonStores": [
                {
                    "STORE_ID": "158",
                    "PRODUCT_ID": "113867",
                    "AMOUNT": "2",
                    "PRODUCT_XML_ID": "09236",
                    "STORE_XML_ID": "351",
                    "STORE_NAME": "Оптовый Склад",
                    "PRICE": "28750.00",
                    "PRICE_ID": "9"
                }
            ],
            "brand": "CONTINENTAL",
            "brandCode": "254",
            "vendorCode": "0359078",
            "model": "PremiumContact 6",
            "raznItems": [
                {
                    "id": "113867",
                    "name": "275/40 R20",
                    "price": 28750,
                    "amount": "2",
                    "quantity": 1,
                    "url": "/catalog/legkovye/27540-r20-106y-continental-premiumcontact-6-tl09236/"
                }
            ]
        },
        {
            "id": 167792,
            "isNew": false,
            "EDIT_LINK": null,
            "DELETE_LINK": null,
            "props": [
                {
                    "name": "Ширина",
                    "value": "255 "
                },
                {
                    "name": "Диаметр",
                    "value": "18 "
                }
            ],
            "type": "tires",
            "isPromo": null,
            "amount": 4,
            "season": "Летние",
            "price": 28770,
            "name": "255/70 R18 116Q GOODYEAR Wrangler DuraTrac TL",
            "sectionId": 7278,
            "sectionName": "Легковые",
            "sectionPath": [
                {
                    "ID": "7278",
                    "NAME": "Легковые"
                },
                {
                    "ID": "7267",
                    "NAME": "Шины"
                }
            ],
            "imgSrc": "/upload/resize_cache/iblock/2cc/275_275_1/4q6t7ho3tz0wvxhqhxlag2gn610pavvg.png",
            "url": "/catalog/legkovye/25570-r18-116q-goodyear-wrangler-duratrac-tl-577372/",
            "promo": [],
            "discountStores": [],
            "externalStores": [],
            "commonStores": [],
            "brand": "GOODYEAR",
            "brandCode": "",
            "vendorCode": "577372",
            "model": "Wrangler DuraTrac",
            "raznItems": [
                {
                    "id": "167792",
                    "name": "255/70 R18",
                    "price": 28770,
                    "amount": "4",
                    "quantity": 1,
                    "url": "/catalog/legkovye/25570-r18-116q-goodyear-wrangler-duratrac-tl-577372/"
                }
            ]
        },
        {
            "id": 144164,
            "isNew": false,
            "EDIT_LINK": null,
            "DELETE_LINK": null,
            "props": [
                {
                    "name": "Ширина",
                    "value": "245 "
                },
                {
                    "name": "Диаметр",
                    "value": "19 "
                }
            ],
            "type": "tires",
            "isPromo": null,
            "amount": 2,
            "season": "Летние",
            "price": 28800,
            "name": "245/50 R19 105W PIRELLI P Zero TL",
            "sectionId": 7278,
            "sectionName": "Легковые",
            "sectionPath": [
                {
                    "ID": "7278",
                    "NAME": "Легковые"
                },
                {
                    "ID": "7267",
                    "NAME": "Шины"
                }
            ],
            "imgSrc": "/upload/resize_cache/rembg-image/b6c/275_275_1/ab2hcheec0w1ivm04zk6ftfv3191jphm.png",
            "url": "/catalog/legkovye/24550r19-105w-p-zero--tl-lspz4/",
            "promo": [],
            "discountStores": [],
            "externalStores": [],
            "commonStores": [],
            "brand": "PIRELLI",
            "brandCode": "",
            "vendorCode": "2685200",
            "model": "P Zero",
            "raznItems": [
                {
                    "id": "93617",
                    "name": "255/45 R19",
                    "price": 29410,
                    "amount": "1",
                    "quantity": 1,
                    "url": "/catalog/legkovye/25545r19-100w-p-zero-mo-tl/"
                },
                {
                    "id": "102682",
                    "name": "255/45 R19",
                    "price": 31320,
                    "amount": "7",
                    "quantity": 1,
                    "url": "/catalog/legkovye/25545r19-104y-xl-p-zero-ao-tl/"
                },
                {
                    "id": "142721",
                    "name": "245/40 R19",
                    "price": 26360,
                    "amount": "2",
                    "quantity": 1,
                    "url": "/catalog/legkovye/24540r19-98y-xl-p-zero-mo-tl-scpz4/"
                },
                {
                    "id": "142737",
                    "name": "235/55 R19",
                    "price": 30170,
                    "amount": "4",
                    "quantity": 1,
                    "url": "/catalog/legkovye/23555r19-101y-p-zero-n1-tl/"
                },
                {
                    "id": "142973",
                    "name": "255/40 R19",
                    "price": 25470,
                    "amount": "7",
                    "quantity": 1,
                    "url": "/catalog/legkovye/25540r19-100y-xl-p-zero-ao-tl/"
                },
                {
                    "id": "143074",
                    "name": "255/40 R19",
                    "price": 25470,
                    "amount": "4",
                    "quantity": 1,
                    "url": "/catalog/legkovye/25540zr19-100y-xl-p-zero-mo-tl/"
                },
                {
                    "id": "144164",
                    "name": "245/50 R19",
                    "price": 28800,
                    "amount": "2",
                    "quantity": 1,
                    "url": "/catalog/legkovye/24550r19-105w-p-zero--tl-lspz4/"
                },
                {
                    "id": "146149",
                    "name": "255/40 R19",
                    "price": 24320,
                    "amount": "4",
                    "quantity": 1,
                    "url": "/catalog/legkovye/25540zr19-96y-p-zero-tl/"
                }
            ]
        },
        {
            "id": 136069,
            "isNew": false,
            "EDIT_LINK": null,
            "DELETE_LINK": null,
            "props": [
                {
                    "name": "Ширина",
                    "value": "305 "
                },
                {
                    "name": "Диаметр",
                    "value": "20 "
                }
            ],
            "type": "tires",
            "isPromo": null,
            "amount": 1,
            "season": "Летние",
            "price": 28810,
            "name": "305/40 R20 112V YOKOHAMA Avid GT S35A TL",
            "sectionId": 7278,
            "sectionName": "Легковые",
            "sectionPath": [
                {
                    "ID": "7278",
                    "NAME": "Легковые"
                },
                {
                    "ID": "7267",
                    "NAME": "Шины"
                }
            ],
            "imgSrc": "/upload/resize_cache/rembg-image/4c5/275_275_1/5hxhkaat84tn71lq1vipwq5roywol29t.png",
            "url": "/catalog/legkovye/30540-r20-112v-yokohama-avid-gt-s35a-tl62151/",
            "promo": [],
            "discountStores": [],
            "externalStores": [],
            "commonStores": [
                {
                    "STORE_ID": "158",
                    "PRODUCT_ID": "136069",
                    "AMOUNT": "1",
                    "PRODUCT_XML_ID": "62151",
                    "STORE_XML_ID": "351",
                    "STORE_NAME": "Оптовый Склад",
                    "PRICE": "28810.00",
                    "PRICE_ID": "9"
                }
            ],
            "brand": "YOKOHAMA",
            "brandCode": "393",
            "vendorCode": "R4106",
            "model": "Avid GT S35A",
            "raznItems": [
                {
                    "id": "136069",
                    "name": "305/40 R20",
                    "price": 28810,
                    "amount": "1",
                    "quantity": 1,
                    "url": "/catalog/legkovye/30540-r20-112v-yokohama-avid-gt-s35a-tl62151/"
                }
            ]
        },
        {
            "id": 101824,
            "isNew": false,
            "EDIT_LINK": null,
            "DELETE_LINK": null,
            "props": [
                {
                    "name": "Ширина",
                    "value": "12.5 "
                },
                {
                    "name": "Диаметр",
                    "value": "15 "
                }
            ],
            "type": "tires",
            "isPromo": null,
            "amount": 2,
            "season": "Летние",
            "price": 28880,
            "name": "12.5/ R15 108R BFGOODRICH All-Terrain T/A KO2 TL",
            "sectionId": 7278,
            "sectionName": "Легковые",
            "sectionPath": [
                {
                    "ID": "7278",
                    "NAME": "Легковые"
                },
                {
                    "ID": "7267",
                    "NAME": "Шины"
                }
            ],
            "imgSrc": "/upload/resize_cache/rembg-image/164/275_275_1/1hp9qjj7xc8cknkwfnr2su3owkzer94q.png",
            "url": "/catalog/legkovye/125-r15-108r-bfgoodrich-all-terrain-ta-ko2-tl69357/",
            "promo": [],
            "discountStores": [],
            "externalStores": [],
            "commonStores": [
                {
                    "STORE_ID": "158",
                    "PRODUCT_ID": "101824",
                    "AMOUNT": "2",
                    "PRODUCT_XML_ID": "69357",
                    "STORE_XML_ID": "351",
                    "STORE_NAME": "Оптовый Склад",
                    "PRICE": "28880.00",
                    "PRICE_ID": "9"
                }
            ],
            "brand": "BFGOODRICH",
            "brandCode": "268",
            "vendorCode": "836366",
            "model": "All-Terrain T/A KO2",
            "raznItems": [
                {
                    "id": "101824",
                    "name": "12.5 R15",
                    "price": 28880,
                    "amount": "2",
                    "quantity": 1,
                    "url": "/catalog/legkovye/125-r15-108r-bfgoodrich-all-terrain-ta-ko2-tl69357/"
                }
            ]
        },
        {
            "id": 125361,
            "isNew": false,
            "EDIT_LINK": null,
            "DELETE_LINK": null,
            "props": [
                {
                    "name": "Ширина",
                    "value": "245 "
                },
                {
                    "name": "Диаметр",
                    "value": "16 "
                }
            ],
            "type": "tires",
            "isPromo": null,
            "amount": 4,
            "season": "Летние",
            "price": 28960,
            "name": "245/70 R16 113/110Q BFGOODRICH Mud-Terrain T/A KM3 TL",
            "sectionId": 7278,
            "sectionName": "Легковые",
            "sectionPath": [
                {
                    "ID": "7278",
                    "NAME": "Легковые"
                },
                {
                    "ID": "7267",
                    "NAME": "Шины"
                }
            ],
            "imgSrc": "/upload/resize_cache/rembg-image/cae/275_275_1/7gtbodh1g2hcx6mhwx08o2alk95c0lvl.png",
            "url": "/catalog/legkovye/24570-r16-113110q-bfgoodrich-mud-terrain-ta-km3-tl87525/",
            "promo": [],
            "discountStores": [],
            "externalStores": [],
            "commonStores": [
                {
                    "STORE_ID": "158",
                    "PRODUCT_ID": "125361",
                    "AMOUNT": "4",
                    "PRODUCT_XML_ID": "87525",
                    "STORE_XML_ID": "351",
                    "STORE_NAME": "Оптовый Склад",
                    "PRICE": "28960.00",
                    "PRICE_ID": "9"
                }
            ],
            "brand": "BFGOODRICH",
            "brandCode": "268",
            "vendorCode": "75010",
            "model": "Mud-Terrain T/A KM3",
            "raznItems": [
                {
                    "id": "125361",
                    "name": "245/70 R16",
                    "price": 28960,
                    "amount": "4",
                    "quantity": 1,
                    "url": "/catalog/legkovye/24570-r16-113110q-bfgoodrich-mud-terrain-ta-km3-tl87525/"
                }
            ]
        },
        {
            "id": 143061,
            "isNew": false,
            "EDIT_LINK": null,
            "DELETE_LINK": null,
            "props": [
                {
                    "name": "Ширина",
                    "value": "225 "
                },
                {
                    "name": "Диаметр",
                    "value": "19 "
                }
            ],
            "type": "tires",
            "isPromo": null,
            "amount": 4,
            "season": "Летние",
            "price": 29230,
            "name": "225/40 R19 89Y BRIDGESTONE Potenza S001 TL",
            "sectionId": 7278,
            "sectionName": "Легковые",
            "sectionPath": [
                {
                    "ID": "7278",
                    "NAME": "Легковые"
                },
                {
                    "ID": "7267",
                    "NAME": "Шины"
                }
            ],
            "imgSrc": "/upload/resize_cache/rembg-image/a08/275_275_1/y0slaa76exz3p21vdd5gtcmzn9wflslj.png",
            "url": "/catalog/legkovye/22540r19-89y-potenza-s001-tl-rft/",
            "promo": [],
            "discountStores": [],
            "externalStores": [],
            "commonStores": [],
            "brand": "BRIDGESTONE",
            "brandCode": "",
            "vendorCode": "PSR0P19303",
            "model": "Potenza S001",
            "raznItems": [
                {
                    "id": "143061",
                    "name": "225/40 R19",
                    "price": 29230,
                    "amount": "4",
                    "quantity": 1,
                    "url": "/catalog/legkovye/22540r19-89y-potenza-s001-tl-rft/"
                }
            ]
        },
        {
            "id": 93084,
            "isNew": false,
            "EDIT_LINK": null,
            "DELETE_LINK": null,
            "props": [
                {
                    "name": "Ширина",
                    "value": "245 "
                },
                {
                    "name": "Диаметр",
                    "value": "20 "
                }
            ],
            "type": "tires",
            "isPromo": null,
            "amount": 16,
            "season": "Летние",
            "price": 29230,
            "name": "245/50 R20 102V BRIDGESTONE Dueler H/L D-400 TL",
            "sectionId": 7278,
            "sectionName": "Легковые",
            "sectionPath": [
                {
                    "ID": "7278",
                    "NAME": "Легковые"
                },
                {
                    "ID": "7267",
                    "NAME": "Шины"
                }
            ],
            "imgSrc": "/upload/resize_cache/rembg-image/937/275_275_1/s8vys9iz08lg18fe4xfejmypqdasvl36.png",
            "url": "/catalog/legkovye/24550-r20-102v-bridgestone-dueler-hl-d-400-tl09571/",
            "promo": [],
            "discountStores": [],
            "externalStores": [],
            "commonStores": [
                {
                    "STORE_ID": "158",
                    "PRODUCT_ID": "93084",
                    "AMOUNT": "16",
                    "PRODUCT_XML_ID": "09571",
                    "STORE_XML_ID": "351",
                    "STORE_NAME": "Оптовый Склад",
                    "PRICE": "29230.00",
                    "PRICE_ID": "9"
                }
            ],
            "brand": "BRIDGESTONE",
            "brandCode": "250",
            "vendorCode": "3604",
            "model": "Dueler H/L D-400",
            "raznItems": [
                {
                    "id": "93084",
                    "name": "245/50 R20",
                    "price": 29230,
                    "amount": "16",
                    "quantity": 1,
                    "url": "/catalog/legkovye/24550-r20-102v-bridgestone-dueler-hl-d-400-tl09571/"
                }
            ]
        },
        {
            "id": 93617,
            "isNew": false,
            "EDIT_LINK": null,
            "DELETE_LINK": null,
            "props": [
                {
                    "name": "Ширина",
                    "value": "255 "
                },
                {
                    "name": "Диаметр",
                    "value": "19 "
                }
            ],
            "type": "tires",
            "isPromo": null,
            "amount": 1,
            "season": "Летние",
            "price": 29410,
            "name": "255/45 R19 100W PIRELLI P Zero TL",
            "sectionId": 7278,
            "sectionName": "Легковые",
            "sectionPath": [
                {
                    "ID": "7278",
                    "NAME": "Легковые"
                },
                {
                    "ID": "7267",
                    "NAME": "Шины"
                }
            ],
            "imgSrc": "/upload/resize_cache/rembg-image/49e/275_275_1/xrllmt3ovy6v08rii18dx9bsl1go7xjg.png",
            "url": "/catalog/legkovye/25545r19-100w-p-zero-mo-tl/",
            "promo": [],
            "discountStores": [],
            "externalStores": [],
            "commonStores": [],
            "brand": "PIRELLI",
            "brandCode": "",
            "vendorCode": "1767200",
            "model": "P Zero",
            "raznItems": [
                {
                    "id": "93617",
                    "name": "255/45 R19",
                    "price": 29410,
                    "amount": "1",
                    "quantity": 1,
                    "url": "/catalog/legkovye/25545r19-100w-p-zero-mo-tl/"
                },
                {
                    "id": "102682",
                    "name": "255/45 R19",
                    "price": 31320,
                    "amount": "7",
                    "quantity": 1,
                    "url": "/catalog/legkovye/25545r19-104y-xl-p-zero-ao-tl/"
                },
                {
                    "id": "142721",
                    "name": "245/40 R19",
                    "price": 26360,
                    "amount": "2",
                    "quantity": 1,
                    "url": "/catalog/legkovye/24540r19-98y-xl-p-zero-mo-tl-scpz4/"
                },
                {
                    "id": "142737",
                    "name": "235/55 R19",
                    "price": 30170,
                    "amount": "4",
                    "quantity": 1,
                    "url": "/catalog/legkovye/23555r19-101y-p-zero-n1-tl/"
                },
                {
                    "id": "142973",
                    "name": "255/40 R19",
                    "price": 25470,
                    "amount": "7",
                    "quantity": 1,
                    "url": "/catalog/legkovye/25540r19-100y-xl-p-zero-ao-tl/"
                },
                {
                    "id": "143074",
                    "name": "255/40 R19",
                    "price": 25470,
                    "amount": "4",
                    "quantity": 1,
                    "url": "/catalog/legkovye/25540zr19-100y-xl-p-zero-mo-tl/"
                },
                {
                    "id": "144164",
                    "name": "245/50 R19",
                    "price": 28800,
                    "amount": "2",
                    "quantity": 1,
                    "url": "/catalog/legkovye/24550r19-105w-p-zero--tl-lspz4/"
                },
                {
                    "id": "146149",
                    "name": "255/40 R19",
                    "price": 24320,
                    "amount": "4",
                    "quantity": 1,
                    "url": "/catalog/legkovye/25540zr19-96y-p-zero-tl/"
                }
            ]
        }
    ],
    "filter": {
        "0": {
            "LOGIC": "OR",
            ">STORE_AMOUNT_156": 0,
            ">STORE_AMOUNT_158": 0,
            ">STORE_AMOUNT_159": 0,
            ">STORE_AMOUNT_160": 0,
            ">STORE_AMOUNT_161": 0,
            ">STORE_AMOUNT_164": 0,
            ">STORE_AMOUNT_165": 0,
            ">STORE_AMOUNT_168": 0,
            ">STORE_AMOUNT_169": 0,
            ">STORE_AMOUNT_174": 0,
            ">STORE_AMOUNT_180": 0,
            ">STORE_AMOUNT_184": 0,
            ">STORE_AMOUNT_185": 0,
            ">STORE_AMOUNT_191": 0,
            ">STORE_AMOUNT_192": 0,
            ">STORE_AMOUNT_194": 0,
            ">STORE_AMOUNT_6087": 0
        },
        "1": {
            "LOGIC": "OR",
            ">CATALOG_CATALOG_GROUP_ID_33": 0,
            ">CATALOG_CATALOG_GROUP_ID_90": 0,
            ">CATALOG_CATALOG_GROUP_ID_96": 0,
            ">CATALOG_CATALOG_GROUP_ID_97": 0,
            ">CATALOG_CATALOG_GROUP_ID_98": 0
        },
        "2": {
            "LOGIC": "OR",
            ">STORE_AMOUNT_156": 0,
            ">STORE_AMOUNT_158": 0,
            ">STORE_AMOUNT_159": 0,
            ">STORE_AMOUNT_160": 0,
            ">STORE_AMOUNT_161": 0,
            ">STORE_AMOUNT_164": 0,
            ">STORE_AMOUNT_165": 0,
            ">STORE_AMOUNT_168": 0,
            ">STORE_AMOUNT_169": 0,
            ">STORE_AMOUNT_174": 0,
            ">STORE_AMOUNT_180": 0,
            ">STORE_AMOUNT_184": 0,
            ">STORE_AMOUNT_185": 0,
            ">STORE_AMOUNT_191": 0,
            ">STORE_AMOUNT_192": 0,
            ">STORE_AMOUNT_194": 0,
            ">STORE_AMOUNT_6087": 0
        },
        "3": {
            "LOGIC": "OR",
            ">CATALOG_CATALOG_GROUP_ID_33": 0,
            ">CATALOG_CATALOG_GROUP_ID_90": 0,
            ">CATALOG_CATALOG_GROUP_ID_96": 0,
            ">CATALOG_CATALOG_GROUP_ID_97": 0,
            ">CATALOG_CATALOG_GROUP_ID_98": 0
        },
        "=PROPERTY_458": [
            "154"
        ]
    },
    "promo": {
        "id": "165954",
        "url": "/promo/shiny-v-rassrochku/",
        "name": "Покупки в рассрочку",
        "text": "Теперь вы можете купить зимние шины, или диски в рассрочку быстро и легко: без первоначального взноса и без переплаты!",
        "imgSrc": "/upload/resize_cache/iblock/356/1075_613_1/8iiw8xmv2bzky9euo9mn57dqx6dk3xa9.jpg",
        "videoSrc": null
    },
    "promoFilter": {
        "IBLOCK_ID": 10,
        "ACTIVE": "Y",
        "=PROPERTY_SECTION": 206,
        "=PROPERTY_CATALOG_SEASON": [
            false,
            204
        ],
        "=PROPERTY_CATALOG_BRAND": [
            false
        ]
    },
    "navNum": 1,
    "pagesCount": 111,
    "pageNum": 102
}