{
    "pageUrl": "/catalog/legkovye/?arCatalogFilter_458_1500340406=Y&set_filter=Y&sort%5Brecommendations%5D=asc&PAGEN_1=103",
    "items": [
        {
            "id": 162946,
            "isNew": false,
            "EDIT_LINK": null,
            "DELETE_LINK": null,
            "props": [
                {
                    "name": "Ширина",
                    "value": "275 "
                },
                {
                    "name": "Диаметр",
                    "value": "22 "
                }
            ],
            "type": "tires",
            "isPromo": null,
            "amount": 4,
            "season": "Летние",
            "price": 29700,
            "name": "275/40 R22 107Y GOODYEAR Eagle F1 Asymmetric 3 SUV TL",
            "sectionId": 7278,
            "sectionName": "Легковые",
            "sectionPath": [
                {
                    "ID": "7278",
                    "NAME": "Легковые"
                },
                {
                    "ID": "7267",
                    "NAME": "Шины"
                }
            ],
            "imgSrc": "/upload/resize_cache/rembg-image/99d/275_275_1/krey7vd1eojmvsux6by7fbckep5bmxgl.png",
            "url": "/catalog/legkovye/27540r22-107y-xl-eagle-f1-asymmetric-3-suv-tl-fp/",
            "promo": [],
            "discountStores": [],
            "externalStores": [],
            "commonStores": [],
            "brand": "GOODYEAR",
            "brandCode": "",
            "vendorCode": "582610",
            "model": "Eagle F1 Asymmetric 3 SUV",
            "raznItems": [
                {
                    "id": "162946",
                    "name": "275/40 R22",
                    "price": 29700,
                    "amount": "4",
                    "quantity": 1,
                    "url": "/catalog/legkovye/27540r22-107y-xl-eagle-f1-asymmetric-3-suv-tl-fp/"
                }
            ]
        },
        {
            "id": 145022,
            "isNew": false,
            "EDIT_LINK": null,
            "DELETE_LINK": null,
            "props": [
                {
                    "name": "Ширина",
                    "value": "255 "
                },
                {
                    "name": "Диаметр",
                    "value": "20 "
                }
            ],
            "type": "tires",
            "isPromo": null,
            "amount": 8,
            "season": "Летние",
            "price": 29720,
            "name": "255/55 R20 110Y MICHELIN Pilot Sport 4 SUV TL",
            "sectionId": 7278,
            "sectionName": "Легковые",
            "sectionPath": [
                {
                    "ID": "7278",
                    "NAME": "Легковые"
                },
                {
                    "ID": "7267",
                    "NAME": "Шины"
                }
            ],
            "imgSrc": "/upload/resize_cache/rembg-image/534/275_275_1/ntofob748x3q37ayri87tk2flwleno3k.png",
            "url": "/catalog/legkovye/25555-r20-110y-michelin-pilot-sport-4-suv-tl09600/",
            "promo": [],
            "discountStores": [],
            "externalStores": [],
            "commonStores": [
                {
                    "STORE_ID": "156",
                    "PRODUCT_ID": "145022",
                    "AMOUNT": "4",
                    "PRODUCT_XML_ID": "09600",
                    "STORE_XML_ID": "419",
                    "STORE_NAME": "г. Челябинск, Свердловский тракт, 12б",
                    "PRICE": "29720.00",
                    "PRICE_ID": "7"
                },
                {
                    "STORE_ID": "158",
                    "PRODUCT_ID": "145022",
                    "AMOUNT": "4",
                    "PRODUCT_XML_ID": "09600",
                    "STORE_XML_ID": "351",
                    "STORE_NAME": "Оптовый Склад",
                    "PRICE": "29720.00",
                    "PRICE_ID": "9"
                }
            ],
            "brand": "MICHELIN",
            "brandCode": "",
            "vendorCode": "770932",
            "model": "Pilot Sport 4 SUV",
            "raznItems": [
                {
                    "id": "117894",
                    "name": "295/40 R20",
                    "price": 30400,
                    "amount": "36",
                    "quantity": 1,
                    "url": "/catalog/legkovye/29540-r20-110y-michelin-pilot-sport-4-suv-tl21702/"
                },
                {
                    "id": "120046",
                    "name": "305/40 R20",
                    "price": 39570,
                    "amount": "38",
                    "quantity": 1,
                    "url": "/catalog/legkovye/30540-r20-112y-michelin-pilot-sport-4-suv-tl24171/"
                },
                {
                    "id": "125060",
                    "name": "235/45 R20",
                    "price": 31920,
                    "amount": "4",
                    "quantity": 1,
                    "url": "/catalog/legkovye/23545r20-100v-xl-pilot-sport-4-suv-tl/"
                },
                {
                    "id": "145022",
                    "name": "255/55 R20",
                    "price": 29720,
                    "amount": "4",
                    "quantity": 1,
                    "url": "/catalog/legkovye/25555-r20-110y-michelin-pilot-sport-4-suv-tl09600/"
                },
                {
                    "id": "145023",
                    "name": "265/50 R20",
                    "price": 40340,
                    "amount": "53",
                    "quantity": 1,
                    "url": "/catalog/legkovye/26550-r20-107v-michelin-pilot-sport-4-suv-tl09635/"
                }
            ]
        },
        {
            "id": 144028,
            "isNew": false,
            "EDIT_LINK": null,
            "DELETE_LINK": null,
            "props": [
                {
                    "name": "Ширина",
                    "value": "255 "
                },
                {
                    "name": "Диаметр",
                    "value": "20 "
                }
            ],
            "type": "tires",
            "isPromo": null,
            "amount": 4,
            "season": "Летние",
            "price": 30010,
            "name": "255/60 R20 113V PIRELLI Scorpion Zero All Season TL",
            "sectionId": 7278,
            "sectionName": "Легковые",
            "sectionPath": [
                {
                    "ID": "7278",
                    "NAME": "Легковые"
                },
                {
                    "ID": "7267",
                    "NAME": "Шины"
                }
            ],
            "imgSrc": "/upload/resize_cache/rembg-image/8f8/275_275_1/wdp17ic5vjzg955op0z1j25uxbu80cu4.png",
            "url": "/catalog/legkovye/25560r20-113v-xl-scorpion-zero-all-season-lr-tl/",
            "promo": [],
            "discountStores": [],
            "externalStores": [],
            "commonStores": [],
            "brand": "PIRELLI",
            "brandCode": "",
            "vendorCode": "3746200",
            "model": "Scorpion Zero All Season",
            "raznItems": [
                {
                    "id": "144028",
                    "name": "255/60 R20",
                    "price": 30010,
                    "amount": "4",
                    "quantity": 1,
                    "url": "/catalog/legkovye/25560r20-113v-xl-scorpion-zero-all-season-lr-tl/"
                }
            ]
        },
        {
            "id": 125371,
            "isNew": false,
            "EDIT_LINK": null,
            "DELETE_LINK": null,
            "props": [
                {
                    "name": "Ширина",
                    "value": "245 "
                },
                {
                    "name": "Диаметр",
                    "value": "17 "
                }
            ],
            "type": "tires",
            "isPromo": null,
            "amount": 8,
            "season": "Летние",
            "price": 30030,
            "name": "245/65 R17 111/108Q BFGOODRICH Mud-Terrain T/A KM3 TL",
            "sectionId": 7278,
            "sectionName": "Легковые",
            "sectionPath": [
                {
                    "ID": "7278",
                    "NAME": "Легковые"
                },
                {
                    "ID": "7267",
                    "NAME": "Шины"
                }
            ],
            "imgSrc": "/upload/resize_cache/rembg-image/a67/275_275_1/fjc3ou9p8h3px932z0y556ogenz88ij8.png",
            "url": "/catalog/legkovye/24565-r17-111108q-bfgoodrich-mud-terrain-ta-km3-tl87514/",
            "promo": [],
            "discountStores": [],
            "externalStores": [],
            "commonStores": [],
            "brand": "BFGOODRICH",
            "brandCode": "",
            "vendorCode": "194893",
            "model": "Mud-Terrain T/A KM3",
            "raznItems": [
                {
                    "id": "114292",
                    "name": "265/65 R17",
                    "price": 31460,
                    "amount": "12",
                    "quantity": 1,
                    "url": "/catalog/legkovye/26565-r17-120117q-bfgoodrich-mud-terrain-ta-km3-tl10080/"
                },
                {
                    "id": "125371",
                    "name": "245/65 R17",
                    "price": 30030,
                    "amount": "8",
                    "quantity": 1,
                    "url": "/catalog/legkovye/24565-r17-111108q-bfgoodrich-mud-terrain-ta-km3-tl87514/"
                },
                {
                    "id": "125373",
                    "name": "245/75 R17",
                    "price": 31800,
                    "amount": "4",
                    "quantity": 1,
                    "url": "/catalog/legkovye/lt24575r17-121118q-lrd-mud-terrain-ta-km3-tl/"
                },
                {
                    "id": "125376",
                    "name": "285/70 R17",
                    "price": 37110,
                    "amount": "12",
                    "quantity": 1,
                    "url": "/catalog/legkovye/28570-r17-121118q-bfgoodrich-mud-terrain-ta-km3-tl87509/"
                }
            ]
        },
        {
            "id": 142737,
            "isNew": false,
            "EDIT_LINK": null,
            "DELETE_LINK": null,
            "props": [
                {
                    "name": "Ширина",
                    "value": "235 "
                },
                {
                    "name": "Диаметр",
                    "value": "19 "
                }
            ],
            "type": "tires",
            "isPromo": null,
            "amount": 4,
            "season": "Летние",
            "price": 30170,
            "name": "235/55 R19 101Y PIRELLI P Zero TL",
            "sectionId": 7278,
            "sectionName": "Легковые",
            "sectionPath": [
                {
                    "ID": "7278",
                    "NAME": "Легковые"
                },
                {
                    "ID": "7267",
                    "NAME": "Шины"
                }
            ],
            "imgSrc": "/upload/resize_cache/rembg-image/084/275_275_1/nkbda35yz80ilsnuakomschd9xkvfe8w.png",
            "url": "/catalog/legkovye/23555r19-101y-p-zero-n1-tl/",
            "promo": [],
            "discountStores": [],
            "externalStores": [],
            "commonStores": [],
            "brand": "PIRELLI",
            "brandCode": "",
            "vendorCode": "2774800",
            "model": "P Zero",
            "raznItems": [
                {
                    "id": "93617",
                    "name": "255/45 R19",
                    "price": 29410,
                    "amount": "1",
                    "quantity": 1,
                    "url": "/catalog/legkovye/25545r19-100w-p-zero-mo-tl/"
                },
                {
                    "id": "102682",
                    "name": "255/45 R19",
                    "price": 31320,
                    "amount": "7",
                    "quantity": 1,
                    "url": "/catalog/legkovye/25545r19-104y-xl-p-zero-ao-tl/"
                },
                {
                    "id": "142721",
                    "name": "245/40 R19",
                    "price": 26360,
                    "amount": "2",
                    "quantity": 1,
                    "url": "/catalog/legkovye/24540r19-98y-xl-p-zero-mo-tl-scpz4/"
                },
                {
                    "id": "142737",
                    "name": "235/55 R19",
                    "price": 30170,
                    "amount": "4",
                    "quantity": 1,
                    "url": "/catalog/legkovye/23555r19-101y-p-zero-n1-tl/"
                },
                {
                    "id": "142973",
                    "name": "255/40 R19",
                    "price": 25470,
                    "amount": "7",
                    "quantity": 1,
                    "url": "/catalog/legkovye/25540r19-100y-xl-p-zero-ao-tl/"
                },
                {
                    "id": "143074",
                    "name": "255/40 R19",
                    "price": 25470,
                    "amount": "4",
                    "quantity": 1,
                    "url": "/catalog/legkovye/25540zr19-100y-xl-p-zero-mo-tl/"
                },
                {
                    "id": "144164",
                    "name": "245/50 R19",
                    "price": 28800,
                    "amount": "2",
                    "quantity": 1,
                    "url": "/catalog/legkovye/24550r19-105w-p-zero--tl-lspz4/"
                },
                {
                    "id": "146149",
                    "name": "255/40 R19",
                    "price": 24320,
                    "amount": "4",
                    "quantity": 1,
                    "url": "/catalog/legkovye/25540zr19-96y-p-zero-tl/"
                }
            ]
        },
        {
            "id": 101776,
            "isNew": false,
            "EDIT_LINK": null,
            "DELETE_LINK": null,
            "props": [
                {
                    "name": "Ширина",
                    "value": "275 "
                },
                {
                    "name": "Диаметр",
                    "value": "20 "
                }
            ],
            "type": "tires",
            "isPromo": null,
            "amount": 4,
            "season": "Летние",
            "price": 30380,
            "name": "275/50 R20 109W HANKOOK Ventus S1 Evo 2 K117A SUV TL",
            "sectionId": 7278,
            "sectionName": "Легковые",
            "sectionPath": [
                {
                    "ID": "7278",
                    "NAME": "Легковые"
                },
                {
                    "ID": "7267",
                    "NAME": "Шины"
                }
            ],
            "imgSrc": "/upload/resize_cache/rembg-image/f07/275_275_1/q77tuuuwpikgt5bilxmwki3lzmtu5u5g.png",
            "url": "/catalog/legkovye/27550r20-109w-ventus-s1-evo-2-k117a-suv-tl/",
            "promo": [],
            "discountStores": [],
            "externalStores": [],
            "commonStores": [],
            "brand": "HANKOOK",
            "brandCode": "",
            "vendorCode": "1015389",
            "model": "Ventus S1 Evo 2 K117A SUV",
            "raznItems": [
                {
                    "id": "101776",
                    "name": "275/50 R20",
                    "price": 30380,
                    "amount": "4",
                    "quantity": 1,
                    "url": "/catalog/legkovye/27550r20-109w-ventus-s1-evo-2-k117a-suv-tl/"
                }
            ]
        },
        {
            "id": 117894,
            "isNew": false,
            "EDIT_LINK": null,
            "DELETE_LINK": null,
            "props": [
                {
                    "name": "Ширина",
                    "value": "295 "
                },
                {
                    "name": "Диаметр",
                    "value": "20 "
                }
            ],
            "type": "tires",
            "isPromo": null,
            "amount": 36,
            "season": "Летние",
            "price": 30400,
            "name": "295/40 R20 110Y MICHELIN Pilot Sport 4 SUV TL",
            "sectionId": 7278,
            "sectionName": "Легковые",
            "sectionPath": [
                {
                    "ID": "7278",
                    "NAME": "Легковые"
                },
                {
                    "ID": "7267",
                    "NAME": "Шины"
                }
            ],
            "imgSrc": "/upload/resize_cache/rembg-image/017/275_275_1/3dz2fi9lw8nva96hzm3r1yr1ye9pmrxu.png",
            "url": "/catalog/legkovye/29540-r20-110y-michelin-pilot-sport-4-suv-tl21702/",
            "promo": [],
            "discountStores": [],
            "externalStores": [],
            "commonStores": [
                {
                    "STORE_ID": "158",
                    "PRODUCT_ID": "117894",
                    "AMOUNT": "36",
                    "PRODUCT_XML_ID": "FORTOCHKI_824985",
                    "STORE_XML_ID": "351",
                    "STORE_NAME": "Оптовый Склад",
                    "PRICE": "30400.00",
                    "PRICE_ID": "9"
                }
            ],
            "brand": "MICHELIN",
            "brandCode": "",
            "vendorCode": "824985",
            "model": "Pilot Sport 4 SUV",
            "raznItems": [
                {
                    "id": "117894",
                    "name": "295/40 R20",
                    "price": 30400,
                    "amount": "36",
                    "quantity": 1,
                    "url": "/catalog/legkovye/29540-r20-110y-michelin-pilot-sport-4-suv-tl21702/"
                },
                {
                    "id": "120046",
                    "name": "305/40 R20",
                    "price": 39570,
                    "amount": "38",
                    "quantity": 1,
                    "url": "/catalog/legkovye/30540-r20-112y-michelin-pilot-sport-4-suv-tl24171/"
                },
                {
                    "id": "125060",
                    "name": "235/45 R20",
                    "price": 31920,
                    "amount": "4",
                    "quantity": 1,
                    "url": "/catalog/legkovye/23545r20-100v-xl-pilot-sport-4-suv-tl/"
                },
                {
                    "id": "145022",
                    "name": "255/55 R20",
                    "price": 29720,
                    "amount": "4",
                    "quantity": 1,
                    "url": "/catalog/legkovye/25555-r20-110y-michelin-pilot-sport-4-suv-tl09600/"
                },
                {
                    "id": "145023",
                    "name": "265/50 R20",
                    "price": 40340,
                    "amount": "53",
                    "quantity": 1,
                    "url": "/catalog/legkovye/26550-r20-107v-michelin-pilot-sport-4-suv-tl09635/"
                }
            ]
        },
        {
            "id": 104696,
            "isNew": false,
            "EDIT_LINK": null,
            "DELETE_LINK": null,
            "props": [
                {
                    "name": "Ширина",
                    "value": "245 "
                },
                {
                    "name": "Диаметр",
                    "value": "19 "
                }
            ],
            "type": "tires",
            "isPromo": null,
            "amount": 4,
            "season": "Летние",
            "price": 30450,
            "name": "245/30 R19 89Y MICHELIN Pilot Sport 4 S TL",
            "sectionId": 7278,
            "sectionName": "Легковые",
            "sectionPath": [
                {
                    "ID": "7278",
                    "NAME": "Легковые"
                },
                {
                    "ID": "7267",
                    "NAME": "Шины"
                }
            ],
            "imgSrc": "/upload/resize_cache/rembg-image/896/275_275_1/62eif2jyc6rzirpv24ositll04d2nut3.png",
            "url": "/catalog/legkovye/24530-r19-89y-michelin-pilot-sport-4-s-tl01385/",
            "promo": [],
            "discountStores": [],
            "externalStores": [],
            "commonStores": [
                {
                    "STORE_ID": "158",
                    "PRODUCT_ID": "104696",
                    "AMOUNT": "4",
                    "PRODUCT_XML_ID": "01385",
                    "STORE_XML_ID": "351",
                    "STORE_NAME": "Оптовый Склад",
                    "PRICE": "30450.00",
                    "PRICE_ID": "9"
                }
            ],
            "brand": "MICHELIN",
            "brandCode": "273",
            "vendorCode": "377057",
            "model": "Pilot Sport 4 S",
            "raznItems": [
                {
                    "id": "104696",
                    "name": "245/30 R19",
                    "price": 30450,
                    "amount": "4",
                    "quantity": 1,
                    "url": "/catalog/legkovye/24530-r19-89y-michelin-pilot-sport-4-s-tl01385/"
                },
                {
                    "id": "120030",
                    "name": "255/30 R19",
                    "price": 33830,
                    "amount": "2",
                    "quantity": 1,
                    "url": "/catalog/legkovye/25530-r19-91y-michelin-pilot-sport-4-s-tl24150/"
                },
                {
                    "id": "124938",
                    "name": "225/45 R19",
                    "price": 26380,
                    "amount": "16",
                    "quantity": 1,
                    "url": "/catalog/legkovye/22545-r19-96y-michelin-pilot-sport-4-s-tl88185/"
                },
                {
                    "id": "144853",
                    "name": "275/30 R19",
                    "price": 28480,
                    "amount": "8",
                    "quantity": 1,
                    "url": "/catalog/legkovye/27530-r19-96y-michelin-pilot-sport-4-s-tl01387/"
                }
            ]
        },
        {
            "id": 92491,
            "isNew": false,
            "EDIT_LINK": null,
            "DELETE_LINK": null,
            "props": [
                {
                    "name": "Ширина",
                    "value": "275 "
                },
                {
                    "name": "Диаметр",
                    "value": "20 "
                }
            ],
            "type": "tires",
            "isPromo": null,
            "amount": 2,
            "season": "Летние",
            "price": 30450,
            "name": "275/55 R20 117V HANKOOK Ventus ST RH06 TL",
            "sectionId": 7278,
            "sectionName": "Легковые",
            "sectionPath": [
                {
                    "ID": "7278",
                    "NAME": "Легковые"
                },
                {
                    "ID": "7267",
                    "NAME": "Шины"
                }
            ],
            "imgSrc": "/upload/resize_cache/rembg-image/f49/275_275_1/x7cgz8x0ssbusa105omy0vk9ezbyl1wi.png",
            "url": "/catalog/legkovye/27555r20-117v-xl-ventus-st-rh06-tl/",
            "promo": [],
            "discountStores": [],
            "externalStores": [],
            "commonStores": [],
            "brand": "HANKOOK",
            "brandCode": "",
            "vendorCode": "1004295",
            "model": "Ventus ST RH06",
            "raznItems": [
                {
                    "id": "92491",
                    "name": "275/55 R20",
                    "price": 30450,
                    "amount": "2",
                    "quantity": 1,
                    "url": "/catalog/legkovye/27555r20-117v-xl-ventus-st-rh06-tl/"
                }
            ]
        },
        {
            "id": 113891,
            "isNew": false,
            "EDIT_LINK": null,
            "DELETE_LINK": null,
            "props": [
                {
                    "name": "Ширина",
                    "value": "265 "
                },
                {
                    "name": "Диаметр",
                    "value": "20 "
                }
            ],
            "type": "tires",
            "isPromo": null,
            "amount": 4,
            "season": "Летние",
            "price": 30590,
            "name": "265/45 R20 104H CONTINENTAL ContiCrossContact LX Sport TL",
            "sectionId": 7278,
            "sectionName": "Легковые",
            "sectionPath": [
                {
                    "ID": "7278",
                    "NAME": "Легковые"
                },
                {
                    "ID": "7267",
                    "NAME": "Шины"
                }
            ],
            "imgSrc": "/upload/resize_cache/rembg-image/350/275_275_1/8o91maz35stqx4wqqadr8pe9tvx00elp.png",
            "url": "/catalog/legkovye/26545-r20-104h-continental-conticrosscontact-lx-sport-tl09295/",
            "promo": [],
            "discountStores": [],
            "externalStores": [],
            "commonStores": [
                {
                    "STORE_ID": "158",
                    "PRODUCT_ID": "113891",
                    "AMOUNT": "4",
                    "PRODUCT_XML_ID": "09295",
                    "STORE_XML_ID": "351",
                    "STORE_NAME": "Оптовый Склад",
                    "PRICE": "30590.00",
                    "PRICE_ID": "9"
                }
            ],
            "brand": "CONTINENTAL",
            "brandCode": "254",
            "vendorCode": "0359036",
            "model": "ContiCrossContact LX Sport",
            "raznItems": [
                {
                    "id": "103930",
                    "name": "245/50 R20",
                    "price": 27660,
                    "amount": "12",
                    "quantity": 1,
                    "url": "/catalog/legkovye/24550-r20-102h-continental-conticrosscontact-lx-sport-tl91138/"
                },
                {
                    "id": "113891",
                    "name": "265/45 R20",
                    "price": 30590,
                    "amount": "4",
                    "quantity": 1,
                    "url": "/catalog/legkovye/26545-r20-104h-continental-conticrosscontact-lx-sport-tl09295/"
                }
            ]
        },
        {
            "id": 114288,
            "isNew": false,
            "EDIT_LINK": null,
            "DELETE_LINK": null,
            "props": [
                {
                    "name": "Ширина",
                    "value": "265 "
                },
                {
                    "name": "Диаметр",
                    "value": "16 "
                }
            ],
            "type": "tires",
            "isPromo": null,
            "amount": 6,
            "season": "Летние",
            "price": 30640,
            "name": "265/75 R16 119/116Q BFGOODRICH Mud-Terrain T/A KM3 TL",
            "sectionId": 7278,
            "sectionName": "Легковые",
            "sectionPath": [
                {
                    "ID": "7278",
                    "NAME": "Легковые"
                },
                {
                    "ID": "7267",
                    "NAME": "Шины"
                }
            ],
            "imgSrc": "/upload/resize_cache/rembg-image/b24/275_275_1/3vy2i90olqgj3fuzawkobb360gumxhtx.png",
            "url": "/catalog/legkovye/26575-r16-119116q-bfgoodrich-mud-terrain-ta-km3-tl10076/",
            "promo": [],
            "discountStores": [],
            "externalStores": [],
            "commonStores": [
                {
                    "STORE_ID": "158",
                    "PRODUCT_ID": "114288",
                    "AMOUNT": "6",
                    "PRODUCT_XML_ID": "10076",
                    "STORE_XML_ID": "351",
                    "STORE_NAME": "Оптовый Склад",
                    "PRICE": "30640.00",
                    "PRICE_ID": "9"
                }
            ],
            "brand": "BFGOODRICH",
            "brandCode": "268",
            "vendorCode": "47572",
            "model": "Mud-Terrain T/A KM3",
            "raznItems": [
                {
                    "id": "114288",
                    "name": "265/75 R16",
                    "price": 30640,
                    "amount": "6",
                    "quantity": 1,
                    "url": "/catalog/legkovye/26575-r16-119116q-bfgoodrich-mud-terrain-ta-km3-tl10076/"
                }
            ]
        },
        {
            "id": 125354,
            "isNew": false,
            "EDIT_LINK": null,
            "DELETE_LINK": null,
            "props": [
                {
                    "name": "Ширина",
                    "value": "10 "
                },
                {
                    "name": "Диаметр",
                    "value": "15 "
                }
            ],
            "type": "tires",
            "isPromo": null,
            "amount": 8,
            "season": "Летние",
            "price": 30660,
            "name": "10/ R15  BFGOODRICH Mud-Terrain T/A KM3 TL",
            "sectionId": 7278,
            "sectionName": "Легковые",
            "sectionPath": [
                {
                    "ID": "7278",
                    "NAME": "Легковые"
                },
                {
                    "ID": "7267",
                    "NAME": "Шины"
                }
            ],
            "imgSrc": "/upload/resize_cache/rembg-image/8d4/275_275_1/10zivdpfsmp64dkmglleby80tsuefcdw.png",
            "url": "/catalog/legkovye/10-r15-bfgoodrich-mud-terrain-ta-km3-tl87532/",
            "promo": [],
            "discountStores": [],
            "externalStores": [],
            "commonStores": [
                {
                    "STORE_ID": "158",
                    "PRODUCT_ID": "125354",
                    "AMOUNT": "8",
                    "PRODUCT_XML_ID": "87532",
                    "STORE_XML_ID": "351",
                    "STORE_NAME": "Оптовый Склад",
                    "PRICE": "30660.00",
                    "PRICE_ID": "9"
                }
            ],
            "brand": "BFGOODRICH",
            "brandCode": "268",
            "vendorCode": "737019",
            "model": "Mud-Terrain T/A KM3",
            "raznItems": [
                {
                    "id": "125354",
                    "name": "10 R15",
                    "price": 30660,
                    "amount": "8",
                    "quantity": 1,
                    "url": "/catalog/legkovye/10-r15-bfgoodrich-mud-terrain-ta-km3-tl87532/"
                }
            ]
        },
        {
            "id": 135390,
            "isNew": false,
            "EDIT_LINK": null,
            "DELETE_LINK": null,
            "props": [
                {
                    "name": "Ширина",
                    "value": "275 "
                },
                {
                    "name": "Диаметр",
                    "value": "19 "
                }
            ],
            "type": "tires",
            "isPromo": null,
            "amount": 4,
            "season": "Летние",
            "price": 30720,
            "name": "275/55 R19 111W MICHELIN Pilot Sport 4 SUV TL",
            "sectionId": 7278,
            "sectionName": "Легковые",
            "sectionPath": [
                {
                    "ID": "7278",
                    "NAME": "Легковые"
                },
                {
                    "ID": "7267",
                    "NAME": "Шины"
                }
            ],
            "imgSrc": "/upload/resize_cache/rembg-image/49b/275_275_1/6uzjpuwqvu2zo39dfut5yyg33c8g08ps.png",
            "url": "/catalog/legkovye/27555-r19-111w-michelin-pilot-sport-4-suv-tl65042/",
            "promo": [],
            "discountStores": [],
            "externalStores": [],
            "commonStores": [
                {
                    "STORE_ID": "158",
                    "PRODUCT_ID": "135390",
                    "AMOUNT": "4",
                    "PRODUCT_XML_ID": "FORTOCHKI_416781",
                    "STORE_XML_ID": "351",
                    "STORE_NAME": "Оптовый Склад",
                    "PRICE": "30720.00",
                    "PRICE_ID": "9"
                }
            ],
            "brand": "MICHELIN",
            "brandCode": "",
            "vendorCode": "416781",
            "model": "Pilot Sport 4 SUV",
            "raznItems": [
                {
                    "id": "116272",
                    "name": "225/55 R19",
                    "price": 19990,
                    "amount": "2",
                    "quantity": 1,
                    "url": "/catalog/legkovye/22555-r19-99v-michelin-pilot-sport-4-suv-tl14922/"
                },
                {
                    "id": "125057",
                    "name": "265/55 R19",
                    "price": 38810,
                    "amount": "8",
                    "quantity": 1,
                    "url": "/catalog/legkovye/26555-r19-113y-michelin-pilot-sport-4-suv-tl88010/"
                },
                {
                    "id": "135390",
                    "name": "275/55 R19",
                    "price": 30720,
                    "amount": "4",
                    "quantity": 1,
                    "url": "/catalog/legkovye/27555-r19-111w-michelin-pilot-sport-4-suv-tl65042/"
                },
                {
                    "id": "145018",
                    "name": "235/50 R19",
                    "price": 22300,
                    "amount": "3",
                    "quantity": 1,
                    "url": "/catalog/legkovye/23550-r19-99v-michelin-pilot-sport-4-suv-tl09557/"
                },
                {
                    "id": "145020",
                    "name": "255/45 R19",
                    "price": 26810,
                    "amount": "3",
                    "quantity": 1,
                    "url": "/catalog/legkovye/25545-r19-100v-michelin-pilot-sport-4-suv-tl09594/"
                }
            ]
        },
        {
            "id": 92435,
            "isNew": false,
            "EDIT_LINK": null,
            "DELETE_LINK": null,
            "props": [
                {
                    "name": "Ширина",
                    "value": "265 "
                },
                {
                    "name": "Диаметр",
                    "value": "19 "
                }
            ],
            "type": "tires",
            "isPromo": null,
            "amount": 6,
            "season": "Летние",
            "price": 30810,
            "name": "265/50 R19 110V MICHELIN Latitude Tour HP TL",
            "sectionId": 7278,
            "sectionName": "Легковые",
            "sectionPath": [
                {
                    "ID": "7278",
                    "NAME": "Легковые"
                },
                {
                    "ID": "7267",
                    "NAME": "Шины"
                }
            ],
            "imgSrc": "/upload/resize_cache/rembg-image/e5d/275_275_1/s69erq1dva79v1go1qsz8s0qzerggwjx.png",
            "url": "/catalog/legkovye/26550-r19-110v-michelin-latitude-tour-hp-tl94740/",
            "promo": [],
            "discountStores": [],
            "externalStores": [],
            "commonStores": [
                {
                    "STORE_ID": "158",
                    "PRODUCT_ID": "92435",
                    "AMOUNT": "6",
                    "PRODUCT_XML_ID": "FORTOCHKI_315703",
                    "STORE_XML_ID": "351",
                    "STORE_NAME": "Оптовый Склад",
                    "PRICE": "30810.00",
                    "PRICE_ID": "9"
                }
            ],
            "brand": "MICHELIN",
            "brandCode": "",
            "vendorCode": "315703",
            "model": "Latitude Tour HP",
            "raznItems": [
                {
                    "id": "92435",
                    "name": "265/50 R19",
                    "price": 30810,
                    "amount": "6",
                    "quantity": 1,
                    "url": "/catalog/legkovye/26550-r19-110v-michelin-latitude-tour-hp-tl94740/"
                }
            ]
        }
    ],
    "filter": {
        "0": {
            "LOGIC": "OR",
            ">STORE_AMOUNT_156": 0,
            ">STORE_AMOUNT_158": 0,
            ">STORE_AMOUNT_159": 0,
            ">STORE_AMOUNT_160": 0,
            ">STORE_AMOUNT_161": 0,
            ">STORE_AMOUNT_164": 0,
            ">STORE_AMOUNT_165": 0,
            ">STORE_AMOUNT_168": 0,
            ">STORE_AMOUNT_169": 0,
            ">STORE_AMOUNT_174": 0,
            ">STORE_AMOUNT_180": 0,
            ">STORE_AMOUNT_184": 0,
            ">STORE_AMOUNT_185": 0,
            ">STORE_AMOUNT_191": 0,
            ">STORE_AMOUNT_192": 0,
            ">STORE_AMOUNT_194": 0,
            ">STORE_AMOUNT_6087": 0
        },
        "1": {
            "LOGIC": "OR",
            ">CATALOG_CATALOG_GROUP_ID_33": 0,
            ">CATALOG_CATALOG_GROUP_ID_90": 0,
            ">CATALOG_CATALOG_GROUP_ID_96": 0,
            ">CATALOG_CATALOG_GROUP_ID_97": 0,
            ">CATALOG_CATALOG_GROUP_ID_98": 0
        },
        "2": {
            "LOGIC": "OR",
            ">STORE_AMOUNT_156": 0,
            ">STORE_AMOUNT_158": 0,
            ">STORE_AMOUNT_159": 0,
            ">STORE_AMOUNT_160": 0,
            ">STORE_AMOUNT_161": 0,
            ">STORE_AMOUNT_164": 0,
            ">STORE_AMOUNT_165": 0,
            ">STORE_AMOUNT_168": 0,
            ">STORE_AMOUNT_169": 0,
            ">STORE_AMOUNT_174": 0,
            ">STORE_AMOUNT_180": 0,
            ">STORE_AMOUNT_184": 0,
            ">STORE_AMOUNT_185": 0,
            ">STORE_AMOUNT_191": 0,
            ">STORE_AMOUNT_192": 0,
            ">STORE_AMOUNT_194": 0,
            ">STORE_AMOUNT_6087": 0
        },
        "3": {
            "LOGIC": "OR",
            ">CATALOG_CATALOG_GROUP_ID_33": 0,
            ">CATALOG_CATALOG_GROUP_ID_90": 0,
            ">CATALOG_CATALOG_GROUP_ID_96": 0,
            ">CATALOG_CATALOG_GROUP_ID_97": 0,
            ">CATALOG_CATALOG_GROUP_ID_98": 0
        },
        "=PROPERTY_458": [
            "154"
        ]
    },
    "promo": {
        "id": "165954",
        "url": "/promo/shiny-v-rassrochku/",
        "name": "Покупки в рассрочку",
        "text": "Теперь вы можете купить зимние шины, или диски в рассрочку быстро и легко: без первоначального взноса и без переплаты!",
        "imgSrc": "/upload/resize_cache/iblock/356/1075_613_1/8iiw8xmv2bzky9euo9mn57dqx6dk3xa9.jpg",
        "videoSrc": null
    },
    "promoFilter": {
        "IBLOCK_ID": 10,
        "ACTIVE": "Y",
        "=PROPERTY_SECTION": 206,
        "=PROPERTY_CATALOG_SEASON": [
            false,
            204
        ],
        "=PROPERTY_CATALOG_BRAND": [
            false
        ]
    },
    "navNum": 1,
    "pagesCount": 111,
    "pageNum": 103
}