{
    "pageUrl": "/catalog/legkovye/?arCatalogFilter_458_1500340406=Y&set_filter=Y&sort%5Brecommendations%5D=asc&PAGEN_1=107",
    "items": [
        {
            "id": 96886,
            "isNew": false,
            "EDIT_LINK": null,
            "DELETE_LINK": null,
            "props": [
                {
                    "name": "Ширина",
                    "value": "255 "
                },
                {
                    "name": "Диаметр",
                    "value": "20 "
                }
            ],
            "type": "tires",
            "isPromo": null,
            "amount": 26,
            "season": "Летние",
            "price": 34510,
            "name": "255/45 R20 101V MICHELIN Primacy 4 TL",
            "sectionId": 7278,
            "sectionName": "Легковые",
            "sectionPath": [
                {
                    "ID": "7278",
                    "NAME": "Легковые"
                },
                {
                    "ID": "7267",
                    "NAME": "Шины"
                }
            ],
            "imgSrc": "/upload/resize_cache/rembg-image/f61/275_275_1/ov9pomw2hpjm43z4o4nfuza6rbom4wfl.png",
            "url": "/catalog/legkovye/25545-r20-101v-michelin-primacy-4-tl20361/",
            "promo": [],
            "discountStores": [],
            "externalStores": [],
            "commonStores": [
                {
                    "STORE_ID": "158",
                    "PRODUCT_ID": "96886",
                    "AMOUNT": "26",
                    "PRODUCT_XML_ID": "20361",
                    "STORE_XML_ID": "351",
                    "STORE_NAME": "Оптовый Склад",
                    "PRICE": "34510.00",
                    "PRICE_ID": "9"
                }
            ],
            "brand": "MICHELIN",
            "brandCode": "273",
            "vendorCode": "42429",
            "model": "Primacy 4",
            "raznItems": [
                {
                    "id": "96886",
                    "name": "255/45 R20",
                    "price": 34510,
                    "amount": "26",
                    "quantity": 1,
                    "url": "/catalog/legkovye/25545-r20-101v-michelin-primacy-4-tl20361/"
                }
            ]
        },
        {
            "id": 144158,
            "isNew": false,
            "EDIT_LINK": null,
            "DELETE_LINK": null,
            "props": [
                {
                    "name": "Ширина",
                    "value": "295 "
                },
                {
                    "name": "Диаметр",
                    "value": "20 "
                }
            ],
            "type": "tires",
            "isPromo": null,
            "amount": 2,
            "season": "Летние",
            "price": 34560,
            "name": "295/30 R20 101Y BRIDGESTONE Potenza S007A TL",
            "sectionId": 7278,
            "sectionName": "Легковые",
            "sectionPath": [
                {
                    "ID": "7278",
                    "NAME": "Легковые"
                },
                {
                    "ID": "7267",
                    "NAME": "Шины"
                }
            ],
            "imgSrc": "/upload/resize_cache/rembg-image/bd8/275_275_1/jltusy7qc6z7tzwg1pef12uw5pcww6tb.png",
            "url": "/catalog/legkovye/29530r20-101y-xl-potenza-s007a-tl/",
            "promo": [],
            "discountStores": [],
            "externalStores": [],
            "commonStores": [],
            "brand": "BRIDGESTONE",
            "brandCode": "",
            "vendorCode": "BR015496",
            "model": "Potenza S007A",
            "raznItems": [
                {
                    "id": "144158",
                    "name": "295/30 R20",
                    "price": 34560,
                    "amount": "2",
                    "quantity": 1,
                    "url": "/catalog/legkovye/29530r20-101y-xl-potenza-s007a-tl/"
                }
            ]
        },
        {
            "id": 143207,
            "isNew": false,
            "EDIT_LINK": null,
            "DELETE_LINK": null,
            "props": [
                {
                    "name": "Ширина",
                    "value": "275 "
                },
                {
                    "name": "Диаметр",
                    "value": "20 "
                }
            ],
            "type": "tires",
            "isPromo": null,
            "amount": 2,
            "season": "Летние",
            "price": 34620,
            "name": "275/50 R20 113W Bridgestone Alenza 001 TL",
            "sectionId": 7278,
            "sectionName": "Легковые",
            "sectionPath": [
                {
                    "ID": "7278",
                    "NAME": "Легковые"
                },
                {
                    "ID": "7267",
                    "NAME": "Шины"
                }
            ],
            "imgSrc": "/upload/resize_cache/rembg-image/0fc/275_275_1/xyeegl230kg1c1ys7e1wvru4d02zaudw.png",
            "url": "/catalog/legkovye/27550r20-113w-xl-alenza-001-moe-tl-rft/",
            "promo": [],
            "discountStores": [],
            "externalStores": [],
            "commonStores": [],
            "brand": "BRIDGESTONE",
            "brandCode": "",
            "vendorCode": "BR011180",
            "model": "Alenza 001",
            "raznItems": [
                {
                    "id": "143207",
                    "name": "275/50 R20",
                    "price": 34620,
                    "amount": "2",
                    "quantity": 1,
                    "url": "/catalog/legkovye/27550r20-113w-xl-alenza-001-moe-tl-rft/"
                }
            ]
        },
        {
            "id": 120087,
            "isNew": false,
            "EDIT_LINK": null,
            "DELETE_LINK": null,
            "props": [
                {
                    "name": "Ширина",
                    "value": "12.5 "
                },
                {
                    "name": "Диаметр",
                    "value": "15 "
                }
            ],
            "type": "tires",
            "isPromo": null,
            "amount": 1,
            "season": "Летние",
            "price": 34700,
            "name": "12.5/ R15 113Q BFGOODRICH Mud-Terrain T/A KM3 TL",
            "sectionId": 7278,
            "sectionName": "Легковые",
            "sectionPath": [
                {
                    "ID": "7278",
                    "NAME": "Легковые"
                },
                {
                    "ID": "7267",
                    "NAME": "Шины"
                }
            ],
            "imgSrc": "/upload/resize_cache/rembg-image/47b/275_275_1/kqts355cqtvt2n9gi9efl36nx857f37l.png",
            "url": "/catalog/legkovye/125-r15-113q-bfgoodrich-mud-terrain-ta-km3-tl24259/",
            "promo": [],
            "discountStores": [],
            "externalStores": [],
            "commonStores": [
                {
                    "STORE_ID": "158",
                    "PRODUCT_ID": "120087",
                    "AMOUNT": "1",
                    "PRODUCT_XML_ID": "24259",
                    "STORE_XML_ID": "351",
                    "STORE_NAME": "Оптовый Склад",
                    "PRICE": "34700.00",
                    "PRICE_ID": "9"
                }
            ],
            "brand": "BFGOODRICH",
            "brandCode": "268",
            "vendorCode": "307672",
            "model": "Mud-Terrain T/A KM3",
            "raznItems": [
                {
                    "id": "120087",
                    "name": "12.5 R15",
                    "price": 34700,
                    "amount": "1",
                    "quantity": 1,
                    "url": "/catalog/legkovye/125-r15-113q-bfgoodrich-mud-terrain-ta-km3-tl24259/"
                }
            ]
        },
        {
            "id": 99898,
            "isNew": false,
            "EDIT_LINK": null,
            "DELETE_LINK": null,
            "props": [
                {
                    "name": "Ширина",
                    "value": "275 "
                },
                {
                    "name": "Диаметр",
                    "value": "20 "
                }
            ],
            "type": "tires",
            "isPromo": null,
            "amount": 1,
            "season": "Летние",
            "price": 34810,
            "name": "275/45 R20 110W PIRELLI Scorpion Verde TL",
            "sectionId": 7278,
            "sectionName": "Легковые",
            "sectionPath": [
                {
                    "ID": "7278",
                    "NAME": "Легковые"
                },
                {
                    "ID": "7267",
                    "NAME": "Шины"
                }
            ],
            "imgSrc": "/upload/resize_cache/rembg-image/dc0/275_275_1/ojkfadtkppto0fri26n24pmsiulmtt0i.png",
            "url": "/catalog/legkovye/27545r20-110w-xl-scorpion-verde-tl/",
            "promo": [],
            "discountStores": [],
            "externalStores": [],
            "commonStores": [],
            "brand": "PIRELLI",
            "brandCode": "",
            "vendorCode": "2468500",
            "model": "Scorpion Verde",
            "raznItems": [
                {
                    "id": "99898",
                    "name": "275/45 R20",
                    "price": 34810,
                    "amount": "1",
                    "quantity": 1,
                    "url": "/catalog/legkovye/27545r20-110w-xl-scorpion-verde-tl/"
                },
                {
                    "id": "145123",
                    "name": "235/55 R20",
                    "price": 21650,
                    "amount": "30",
                    "quantity": 1,
                    "url": "/catalog/legkovye/23555-r20-102v-pirelli-scorpion-verde-tl14259/"
                }
            ]
        },
        {
            "id": 119759,
            "isNew": false,
            "EDIT_LINK": null,
            "DELETE_LINK": null,
            "props": [
                {
                    "name": "Ширина",
                    "value": "12.5 "
                },
                {
                    "name": "Диаметр",
                    "value": "17 "
                }
            ],
            "type": "tires",
            "isPromo": null,
            "amount": 1,
            "season": "Летние",
            "price": 35060,
            "name": "12.5/ R17 121Q YOKOHAMA Geolandar M/T G003 TL",
            "sectionId": 7278,
            "sectionName": "Легковые",
            "sectionPath": [
                {
                    "ID": "7278",
                    "NAME": "Легковые"
                },
                {
                    "ID": "7267",
                    "NAME": "Шины"
                }
            ],
            "imgSrc": "/upload/resize_cache/rembg-image/fcd/275_275_1/xzjho6s27ctfcx5zjeg0yokafk61e3n8.png",
            "url": "/catalog/legkovye/35x125r17-121q-geolandar-mt-g003-tl/",
            "promo": [],
            "discountStores": [],
            "externalStores": [],
            "commonStores": [],
            "brand": "YOKOHAMA",
            "brandCode": "",
            "vendorCode": "E4651",
            "model": "Geolandar M/T G003",
            "raznItems": [
                {
                    "id": "119759",
                    "name": "12.5 R17",
                    "price": 35060,
                    "amount": "1",
                    "quantity": 1,
                    "url": "/catalog/legkovye/35x125r17-121q-geolandar-mt-g003-tl/"
                },
                {
                    "id": "119765",
                    "name": "265/70 R17",
                    "price": 24370,
                    "amount": "8",
                    "quantity": 1,
                    "url": "/catalog/legkovye/26570-r17-121q-yokohama-geolandar-g003-tl23722/"
                },
                {
                    "id": "119766",
                    "name": "285/70 R17",
                    "price": 26110,
                    "amount": "4",
                    "quantity": 1,
                    "url": "/catalog/legkovye/28570-r17-121q-yokohama-geolandar-g003-tl23723/"
                }
            ]
        },
        {
            "id": 114293,
            "isNew": false,
            "EDIT_LINK": null,
            "DELETE_LINK": null,
            "props": [
                {
                    "name": "Ширина",
                    "value": "265 "
                },
                {
                    "name": "Диаметр",
                    "value": "18 "
                }
            ],
            "type": "tires",
            "isPromo": null,
            "amount": 11,
            "season": "Летние",
            "price": 35290,
            "name": "265/60 R18 119/116Q BFGOODRICH Mud-Terrain T/A KM3 TL",
            "sectionId": 7278,
            "sectionName": "Легковые",
            "sectionPath": [
                {
                    "ID": "7278",
                    "NAME": "Легковые"
                },
                {
                    "ID": "7267",
                    "NAME": "Шины"
                }
            ],
            "imgSrc": "/upload/resize_cache/rembg-image/de9/275_275_1/4871waxoq9jhj0l99mpvh1iujn7lfc1q.png",
            "url": "/catalog/legkovye/26560-r18-119116q-bfgoodrich-mud-terrain-ta-km3-tl10081/",
            "promo": [],
            "discountStores": [],
            "externalStores": [],
            "commonStores": [],
            "brand": "BFGOODRICH",
            "brandCode": "",
            "vendorCode": "897613",
            "model": "Mud-Terrain T/A KM3",
            "raznItems": [
                {
                    "id": "114293",
                    "name": "265/60 R18",
                    "price": 35290,
                    "amount": "11",
                    "quantity": 1,
                    "url": "/catalog/legkovye/26560-r18-119116q-bfgoodrich-mud-terrain-ta-km3-tl10081/"
                }
            ]
        },
        {
            "id": 101408,
            "isNew": false,
            "EDIT_LINK": null,
            "DELETE_LINK": null,
            "props": [
                {
                    "name": "Ширина",
                    "value": "275 "
                },
                {
                    "name": "Диаметр",
                    "value": "20 "
                }
            ],
            "type": "tires",
            "isPromo": null,
            "amount": 3,
            "season": "Летние",
            "price": 35800,
            "name": "275/50 R20 109W PIRELLI Scorpion Verde TL",
            "sectionId": 7278,
            "sectionName": "Легковые",
            "sectionPath": [
                {
                    "ID": "7278",
                    "NAME": "Легковые"
                },
                {
                    "ID": "7267",
                    "NAME": "Шины"
                }
            ],
            "imgSrc": "/upload/resize_cache/rembg-image/f19/275_275_1/np4cnamofzww10n97r2agrh0nss6t1x8.png",
            "url": "/catalog/legkovye/27550-r20-109w-pirelli-scorpion-verde-tl64297/",
            "promo": [],
            "discountStores": [],
            "externalStores": [],
            "commonStores": [
                {
                    "STORE_ID": "158",
                    "PRODUCT_ID": "101408",
                    "AMOUNT": "3",
                    "PRODUCT_XML_ID": "64297",
                    "STORE_XML_ID": "351",
                    "STORE_NAME": "Оптовый Склад",
                    "PRICE": "35800.00",
                    "PRICE_ID": "9"
                }
            ],
            "brand": "PIRELLI",
            "brandCode": "375",
            "vendorCode": "2440300",
            "model": "Scorpion Verde",
            "raznItems": [
                {
                    "id": "101408",
                    "name": "275/50 R20",
                    "price": 35800,
                    "amount": "3",
                    "quantity": 1,
                    "url": "/catalog/legkovye/27550-r20-109w-pirelli-scorpion-verde-tl64297/"
                },
                {
                    "id": "103583",
                    "name": "285/45 R20",
                    "price": 42470,
                    "amount": "2",
                    "quantity": 1,
                    "url": "/catalog/legkovye/28545-r20-112y-pirelli-scorpion-verde-tl76894/"
                }
            ]
        },
        {
            "id": 159168,
            "isNew": false,
            "EDIT_LINK": null,
            "DELETE_LINK": null,
            "props": [
                {
                    "name": "Ширина",
                    "value": "265 "
                },
                {
                    "name": "Диаметр",
                    "value": "20 "
                }
            ],
            "type": "tires",
            "isPromo": null,
            "amount": 4,
            "season": "Летние",
            "price": 35970,
            "name": "265/45 R20 104Y BRIDGESTONE Dueler H/P Sport TL",
            "sectionId": 7278,
            "sectionName": "Легковые",
            "sectionPath": [
                {
                    "ID": "7278",
                    "NAME": "Легковые"
                },
                {
                    "ID": "7267",
                    "NAME": "Шины"
                }
            ],
            "imgSrc": "/upload/resize_cache/rembg-image/546/275_275_1/9e8tyls3j5er9evi4rjy1qrqzonn7fk0.png",
            "url": "/catalog/legkovye/26545r20-104y-dueler-hp-sport-moe-tl-rft/",
            "promo": [],
            "discountStores": [],
            "externalStores": [],
            "commonStores": [],
            "brand": "BRIDGESTONE",
            "brandCode": "",
            "vendorCode": "BR005541",
            "model": "Dueler H/P Sport",
            "raznItems": [
                {
                    "id": "159168",
                    "name": "265/45 R20",
                    "price": 35970,
                    "amount": "4",
                    "quantity": 1,
                    "url": "/catalog/legkovye/26545r20-104y-dueler-hp-sport-moe-tl-rft/"
                }
            ]
        },
        {
            "id": 104430,
            "isNew": false,
            "EDIT_LINK": null,
            "DELETE_LINK": null,
            "props": [
                {
                    "name": "Ширина",
                    "value": "275 "
                },
                {
                    "name": "Диаметр",
                    "value": "19 "
                }
            ],
            "type": "tires",
            "isPromo": null,
            "amount": 14,
            "season": "Летние",
            "price": 36160,
            "name": "275/35 R19 100Y MICHELIN Primacy 3 TL Run Flat",
            "sectionId": 7278,
            "sectionName": "Легковые",
            "sectionPath": [
                {
                    "ID": "7278",
                    "NAME": "Легковые"
                },
                {
                    "ID": "7267",
                    "NAME": "Шины"
                }
            ],
            "imgSrc": "/upload/resize_cache/rembg-image/d8e/275_275_1/squj2yn45znov676p0j5jya2eh1dlzdl.png",
            "url": "/catalog/legkovye/27535-r19-100y-michelin-primacy-3-tl-run-flat17512/",
            "promo": [],
            "discountStores": [],
            "externalStores": [],
            "commonStores": [
                {
                    "STORE_ID": "158",
                    "PRODUCT_ID": "104430",
                    "AMOUNT": "14",
                    "PRODUCT_XML_ID": "17512",
                    "STORE_XML_ID": "351",
                    "STORE_NAME": "Оптовый Склад",
                    "PRICE": "36160.00",
                    "PRICE_ID": "9"
                }
            ],
            "brand": "MICHELIN",
            "brandCode": "273",
            "vendorCode": "288543",
            "model": "Primacy 3",
            "raznItems": [
                {
                    "id": "104430",
                    "name": "275/35 R19",
                    "price": 36160,
                    "amount": "14",
                    "quantity": 1,
                    "url": "/catalog/legkovye/27535-r19-100y-michelin-primacy-3-tl-run-flat17512/"
                }
            ]
        },
        {
            "id": 144290,
            "isNew": false,
            "EDIT_LINK": null,
            "DELETE_LINK": null,
            "props": [
                {
                    "name": "Ширина",
                    "value": "275 "
                },
                {
                    "name": "Диаметр",
                    "value": "20 "
                }
            ],
            "type": "tires",
            "isPromo": null,
            "amount": 1,
            "season": "Летние",
            "price": 36270,
            "name": "275/35 R20 102Y PIRELLI P Zero Luxury Saloon TL",
            "sectionId": 7278,
            "sectionName": "Легковые",
            "sectionPath": [
                {
                    "ID": "7278",
                    "NAME": "Легковые"
                },
                {
                    "ID": "7267",
                    "NAME": "Шины"
                }
            ],
            "imgSrc": "/upload/resize_cache/rembg-image/ec2/275_275_1/o3gcjb88lw5g0a1bxjqemdmrhiw6p7bz.png",
            "url": "/catalog/legkovye/27535-r20-102y-pirelli-p-zero-luxury-saloon-tl25473/",
            "promo": [],
            "discountStores": [],
            "externalStores": [],
            "commonStores": [
                {
                    "STORE_ID": "158",
                    "PRODUCT_ID": "144290",
                    "AMOUNT": "1",
                    "PRODUCT_XML_ID": "25473",
                    "STORE_XML_ID": "351",
                    "STORE_NAME": "Оптовый Склад",
                    "PRICE": "36270.00",
                    "PRICE_ID": "9"
                }
            ],
            "brand": "PIRELLI",
            "brandCode": "375",
            "vendorCode": "2979700",
            "model": "P Zero Luxury Saloon",
            "raznItems": [
                {
                    "id": "144290",
                    "name": "275/35 R20",
                    "price": 36270,
                    "amount": "1",
                    "quantity": 1,
                    "url": "/catalog/legkovye/27535-r20-102y-pirelli-p-zero-luxury-saloon-tl25473/"
                }
            ]
        },
        {
            "id": 105519,
            "isNew": false,
            "EDIT_LINK": null,
            "DELETE_LINK": null,
            "props": [
                {
                    "name": "Ширина",
                    "value": "295 "
                },
                {
                    "name": "Диаметр",
                    "value": "22 "
                }
            ],
            "type": "tires",
            "isPromo": null,
            "amount": 1,
            "season": "Летние",
            "price": 36310,
            "name": "295/30 R22 HANKOOK K117A Ventus S1 Evo2 103Y TL",
            "sectionId": 7278,
            "sectionName": "Легковые",
            "sectionPath": [
                {
                    "ID": "7278",
                    "NAME": "Легковые"
                },
                {
                    "ID": "7267",
                    "NAME": "Шины"
                }
            ],
            "imgSrc": "/upload/resize_cache/rembg-image/5f0/275_275_1/wn8gr6bttsw71k0k0vqc3pvk0o5vnqh3.png",
            "url": "/catalog/legkovye/29530-r22-hankook-k117a-ventus-s1-evo2-103y-tl58547/",
            "promo": [],
            "discountStores": [],
            "externalStores": [],
            "commonStores": [],
            "brand": "HANKOOK",
            "brandCode": "",
            "vendorCode": "1015556",
            "model": "Ventus S1 Evo 2 K117A SUV",
            "raznItems": [
                {
                    "id": "105519",
                    "name": "295/30 R22",
                    "price": 36310,
                    "amount": "1",
                    "quantity": 1,
                    "url": "/catalog/legkovye/29530-r22-hankook-k117a-ventus-s1-evo2-103y-tl58547/"
                }
            ]
        },
        {
            "id": 90811,
            "isNew": false,
            "EDIT_LINK": null,
            "DELETE_LINK": null,
            "props": [
                {
                    "name": "Ширина",
                    "value": "265 "
                },
                {
                    "name": "Диаметр",
                    "value": "20 "
                }
            ],
            "type": "tires",
            "isPromo": null,
            "amount": 4,
            "season": "Летние",
            "price": 36410,
            "name": "265/45 R20 104Y PIRELLI P Zero Rosso Asimmetrico TL",
            "sectionId": 7278,
            "sectionName": "Легковые",
            "sectionPath": [
                {
                    "ID": "7278",
                    "NAME": "Легковые"
                },
                {
                    "ID": "7267",
                    "NAME": "Шины"
                }
            ],
            "imgSrc": "/upload/resize_cache/rembg-image/589/275_275_1/fy6wcrtaj3wfxqbrv0pesbroojctjb1c.png",
            "url": "/catalog/legkovye/26545zr20-104y-p-zero-rosso-asimmetrico-mo-tl/",
            "promo": [],
            "discountStores": [],
            "externalStores": [],
            "commonStores": [],
            "brand": "PIRELLI",
            "brandCode": "",
            "vendorCode": "1574200",
            "model": "P Zero Rosso Asimmetrico",
            "raznItems": [
                {
                    "id": "90811",
                    "name": "265/45 R20",
                    "price": 36410,
                    "amount": "4",
                    "quantity": 1,
                    "url": "/catalog/legkovye/26545zr20-104y-p-zero-rosso-asimmetrico-mo-tl/"
                }
            ]
        },
        {
            "id": 124986,
            "isNew": false,
            "EDIT_LINK": null,
            "DELETE_LINK": null,
            "props": [
                {
                    "name": "Ширина",
                    "value": "275 "
                },
                {
                    "name": "Диаметр",
                    "value": "20 "
                }
            ],
            "type": "tires",
            "isPromo": null,
            "amount": 2,
            "season": "Летние",
            "price": 36500,
            "name": "275/40 R20 106Y MICHELIN Pilot Sport 4 S TL",
            "sectionId": 7278,
            "sectionName": "Легковые",
            "sectionPath": [
                {
                    "ID": "7278",
                    "NAME": "Легковые"
                },
                {
                    "ID": "7267",
                    "NAME": "Шины"
                }
            ],
            "imgSrc": "/upload/resize_cache/rembg-image/b33/275_275_1/mr8wboc0slnghymbsi5f3yzml8hn4bqm.png",
            "url": "/catalog/legkovye/27540-r20-106y-michelin-pilot-sport-4-s-tl88122/",
            "promo": [],
            "discountStores": [],
            "externalStores": [],
            "commonStores": [
                {
                    "STORE_ID": "158",
                    "PRODUCT_ID": "124986",
                    "AMOUNT": "2",
                    "PRODUCT_XML_ID": "88122",
                    "STORE_XML_ID": "351",
                    "STORE_NAME": "Оптовый Склад",
                    "PRICE": "36500.00",
                    "PRICE_ID": "9"
                }
            ],
            "brand": "MICHELIN",
            "brandCode": "273",
            "vendorCode": "543603",
            "model": "Pilot Sport 4 S",
            "raznItems": [
                {
                    "id": "120036",
                    "name": "235/45 R20",
                    "price": 27750,
                    "amount": "22",
                    "quantity": 1,
                    "url": "/catalog/legkovye/23545-r20-100y-michelin-pilot-sport-4-s-tl24157/"
                },
                {
                    "id": "124986",
                    "name": "275/40 R20",
                    "price": 36500,
                    "amount": "2",
                    "quantity": 1,
                    "url": "/catalog/legkovye/27540-r20-106y-michelin-pilot-sport-4-s-tl88122/"
                },
                {
                    "id": "124987",
                    "name": "275/40 R20",
                    "price": 38200,
                    "amount": "2",
                    "quantity": 1,
                    "url": "/catalog/legkovye/27540-r20-106y-michelin-pilot-sport-4-s-tl88121/"
                }
            ]
        }
    ],
    "filter": {
        "0": {
            "LOGIC": "OR",
            ">STORE_AMOUNT_156": 0,
            ">STORE_AMOUNT_158": 0,
            ">STORE_AMOUNT_159": 0,
            ">STORE_AMOUNT_160": 0,
            ">STORE_AMOUNT_161": 0,
            ">STORE_AMOUNT_164": 0,
            ">STORE_AMOUNT_165": 0,
            ">STORE_AMOUNT_168": 0,
            ">STORE_AMOUNT_169": 0,
            ">STORE_AMOUNT_174": 0,
            ">STORE_AMOUNT_180": 0,
            ">STORE_AMOUNT_184": 0,
            ">STORE_AMOUNT_185": 0,
            ">STORE_AMOUNT_191": 0,
            ">STORE_AMOUNT_192": 0,
            ">STORE_AMOUNT_194": 0,
            ">STORE_AMOUNT_6087": 0
        },
        "1": {
            "LOGIC": "OR",
            ">CATALOG_CATALOG_GROUP_ID_33": 0,
            ">CATALOG_CATALOG_GROUP_ID_90": 0,
            ">CATALOG_CATALOG_GROUP_ID_96": 0,
            ">CATALOG_CATALOG_GROUP_ID_97": 0,
            ">CATALOG_CATALOG_GROUP_ID_98": 0
        },
        "2": {
            "LOGIC": "OR",
            ">STORE_AMOUNT_156": 0,
            ">STORE_AMOUNT_158": 0,
            ">STORE_AMOUNT_159": 0,
            ">STORE_AMOUNT_160": 0,
            ">STORE_AMOUNT_161": 0,
            ">STORE_AMOUNT_164": 0,
            ">STORE_AMOUNT_165": 0,
            ">STORE_AMOUNT_168": 0,
            ">STORE_AMOUNT_169": 0,
            ">STORE_AMOUNT_174": 0,
            ">STORE_AMOUNT_180": 0,
            ">STORE_AMOUNT_184": 0,
            ">STORE_AMOUNT_185": 0,
            ">STORE_AMOUNT_191": 0,
            ">STORE_AMOUNT_192": 0,
            ">STORE_AMOUNT_194": 0,
            ">STORE_AMOUNT_6087": 0
        },
        "3": {
            "LOGIC": "OR",
            ">CATALOG_CATALOG_GROUP_ID_33": 0,
            ">CATALOG_CATALOG_GROUP_ID_90": 0,
            ">CATALOG_CATALOG_GROUP_ID_96": 0,
            ">CATALOG_CATALOG_GROUP_ID_97": 0,
            ">CATALOG_CATALOG_GROUP_ID_98": 0
        },
        "=PROPERTY_458": [
            "154"
        ]
    },
    "promo": {
        "id": "165954",
        "url": "/promo/shiny-v-rassrochku/",
        "name": "Покупки в рассрочку",
        "text": "Теперь вы можете купить зимние шины, или диски в рассрочку быстро и легко: без первоначального взноса и без переплаты!",
        "imgSrc": "/upload/resize_cache/iblock/356/1075_613_1/8iiw8xmv2bzky9euo9mn57dqx6dk3xa9.jpg",
        "videoSrc": null
    },
    "promoFilter": {
        "IBLOCK_ID": 10,
        "ACTIVE": "Y",
        "=PROPERTY_SECTION": 206,
        "=PROPERTY_CATALOG_SEASON": [
            false,
            204
        ],
        "=PROPERTY_CATALOG_BRAND": [
            false
        ]
    },
    "navNum": 1,
    "pagesCount": 111,
    "pageNum": 107
}