{
    "pageUrl": "/catalog/legkovye/?arCatalogFilter_458_1500340406=Y&set_filter=Y&sort%5Brecommendations%5D=asc&PAGEN_1=109",
    "items": [
        {
            "id": 124921,
            "isNew": false,
            "EDIT_LINK": null,
            "DELETE_LINK": null,
            "props": [
                {
                    "name": "Ширина",
                    "value": "245 "
                },
                {
                    "name": "Диаметр",
                    "value": "20 "
                }
            ],
            "type": "tires",
            "isPromo": null,
            "amount": 2,
            "season": "Летние",
            "price": 38270,
            "name": "245/45 R20 103Y MICHELIN Pilot Sport 4 TL",
            "sectionId": 7278,
            "sectionName": "Легковые",
            "sectionPath": [
                {
                    "ID": "7278",
                    "NAME": "Легковые"
                },
                {
                    "ID": "7267",
                    "NAME": "Шины"
                }
            ],
            "imgSrc": "/upload/resize_cache/rembg-image/053/275_275_1/5gq6v0wua2b3296p30qkg7ptf2von76e.png",
            "url": "/catalog/legkovye/24545-r20-103y-michelin-pilot-sport-4-tl88204/",
            "promo": [],
            "discountStores": [],
            "externalStores": [],
            "commonStores": [
                {
                    "STORE_ID": "158",
                    "PRODUCT_ID": "124921",
                    "AMOUNT": "2",
                    "PRODUCT_XML_ID": "88204",
                    "STORE_XML_ID": "351",
                    "STORE_NAME": "Оптовый Склад",
                    "PRICE": "38270.00",
                    "PRICE_ID": "9"
                }
            ],
            "brand": "MICHELIN",
            "brandCode": "273",
            "vendorCode": "261545",
            "model": "Pilot Sport 4",
            "raznItems": [
                {
                    "id": "114060",
                    "name": "275/40 R20",
                    "price": 31900,
                    "amount": "6",
                    "quantity": 1,
                    "url": "/catalog/legkovye/27540-r20-106y-michelin-pilot-sport-4-tl09636/"
                },
                {
                    "id": "114062",
                    "name": "315/35 R20",
                    "price": 50580,
                    "amount": "1",
                    "quantity": 1,
                    "url": "/catalog/legkovye/31535-r20-110y-michelin-pilot-sport-4-tl09638/"
                },
                {
                    "id": "124921",
                    "name": "245/45 R20",
                    "price": 38270,
                    "amount": "2",
                    "quantity": 1,
                    "url": "/catalog/legkovye/24545-r20-103y-michelin-pilot-sport-4-tl88204/"
                }
            ]
        },
        {
            "id": 103839,
            "isNew": false,
            "EDIT_LINK": null,
            "DELETE_LINK": null,
            "props": [
                {
                    "name": "Ширина",
                    "value": "265 "
                },
                {
                    "name": "Диаметр",
                    "value": "20 "
                }
            ],
            "type": "tires",
            "isPromo": null,
            "amount": 2,
            "season": "Летние",
            "price": 38410,
            "name": "265/35 R20 99(Y) MICHELIN Pilot Sport 4 S TL",
            "sectionId": 7278,
            "sectionName": "Легковые",
            "sectionPath": [
                {
                    "ID": "7278",
                    "NAME": "Легковые"
                },
                {
                    "ID": "7267",
                    "NAME": "Шины"
                }
            ],
            "imgSrc": "/upload/resize_cache/rembg-image/446/275_275_1/xf2olb3aqsh4he3mo708cspqwhr7t8ts.png",
            "url": "/catalog/legkovye/26535zr20-99y-xl-pilot-sport-4-s-tl/",
            "promo": [],
            "discountStores": [],
            "externalStores": [],
            "commonStores": [],
            "brand": "MICHELIN",
            "brandCode": "",
            "vendorCode": "463058",
            "model": "Pilot Sport 4 S",
            "raznItems": [
                {
                    "id": "103839",
                    "name": "265/35 R20",
                    "price": 38410,
                    "amount": "2",
                    "quantity": 1,
                    "url": "/catalog/legkovye/26535zr20-99y-xl-pilot-sport-4-s-tl/"
                },
                {
                    "id": "124968",
                    "name": "245/35 R20",
                    "price": 28430,
                    "amount": "7",
                    "quantity": 1,
                    "url": "/catalog/legkovye/24535-r20-95y-michelin-pilot-sport-4-s-tl88144/"
                }
            ]
        },
        {
            "id": 125334,
            "isNew": false,
            "EDIT_LINK": null,
            "DELETE_LINK": null,
            "props": [
                {
                    "name": "Ширина",
                    "value": "275 "
                },
                {
                    "name": "Диаметр",
                    "value": "20 "
                }
            ],
            "type": "tires",
            "isPromo": null,
            "amount": 23,
            "season": "Летние",
            "price": 38500,
            "name": "275/55 R20 115/112S BFGOODRICH All-Terrain T/A KO2 TL",
            "sectionId": 7278,
            "sectionName": "Легковые",
            "sectionPath": [
                {
                    "ID": "7278",
                    "NAME": "Легковые"
                },
                {
                    "ID": "7267",
                    "NAME": "Шины"
                }
            ],
            "imgSrc": "/upload/resize_cache/rembg-image/5cc/275_275_1/m4q7ya7hni8g0ukd8ynhy5ugb1bbimjv.png",
            "url": "/catalog/legkovye/27555-r20-115112s-bfgoodrich-all-terrain-ta-ko2-tl87552/",
            "promo": [],
            "discountStores": [],
            "externalStores": [],
            "commonStores": [
                {
                    "STORE_ID": "158",
                    "PRODUCT_ID": "125334",
                    "AMOUNT": "23",
                    "PRODUCT_XML_ID": "87552",
                    "STORE_XML_ID": "351",
                    "STORE_NAME": "Оптовый Склад",
                    "PRICE": "38500.00",
                    "PRICE_ID": "9"
                }
            ],
            "brand": "BFGOODRICH",
            "brandCode": "268",
            "vendorCode": "86474",
            "model": "All-Terrain T/A KO2",
            "raznItems": [
                {
                    "id": "125334",
                    "name": "275/55 R20",
                    "price": 38500,
                    "amount": "23",
                    "quantity": 1,
                    "url": "/catalog/legkovye/27555-r20-115112s-bfgoodrich-all-terrain-ta-ko2-tl87552/"
                }
            ]
        },
        {
            "id": 125057,
            "isNew": false,
            "EDIT_LINK": null,
            "DELETE_LINK": null,
            "props": [
                {
                    "name": "Ширина",
                    "value": "265 "
                },
                {
                    "name": "Диаметр",
                    "value": "19 "
                }
            ],
            "type": "tires",
            "isPromo": null,
            "amount": 8,
            "season": "Летние",
            "price": 38810,
            "name": "265/55 R19 113Y MICHELIN Pilot Sport 4 SUV TL",
            "sectionId": 7278,
            "sectionName": "Легковые",
            "sectionPath": [
                {
                    "ID": "7278",
                    "NAME": "Легковые"
                },
                {
                    "ID": "7267",
                    "NAME": "Шины"
                }
            ],
            "imgSrc": "/upload/resize_cache/rembg-image/23a/275_275_1/bnbuj44r48j7n6p6o5sz51fod3nvmukk.png",
            "url": "/catalog/legkovye/26555-r19-113y-michelin-pilot-sport-4-suv-tl88010/",
            "promo": [],
            "discountStores": [],
            "externalStores": [],
            "commonStores": [
                {
                    "STORE_ID": "158",
                    "PRODUCT_ID": "125057",
                    "AMOUNT": "8",
                    "PRODUCT_XML_ID": "FORTOCHKI_897953",
                    "STORE_XML_ID": "351",
                    "STORE_NAME": "Оптовый Склад",
                    "PRICE": "38810.00",
                    "PRICE_ID": "9"
                }
            ],
            "brand": "MICHELIN",
            "brandCode": "",
            "vendorCode": "897953",
            "model": "Pilot Sport 4 SUV",
            "raznItems": [
                {
                    "id": "116272",
                    "name": "225/55 R19",
                    "price": 19990,
                    "amount": "2",
                    "quantity": 1,
                    "url": "/catalog/legkovye/22555-r19-99v-michelin-pilot-sport-4-suv-tl14922/"
                },
                {
                    "id": "125057",
                    "name": "265/55 R19",
                    "price": 38810,
                    "amount": "8",
                    "quantity": 1,
                    "url": "/catalog/legkovye/26555-r19-113y-michelin-pilot-sport-4-suv-tl88010/"
                },
                {
                    "id": "135390",
                    "name": "275/55 R19",
                    "price": 30720,
                    "amount": "4",
                    "quantity": 1,
                    "url": "/catalog/legkovye/27555-r19-111w-michelin-pilot-sport-4-suv-tl65042/"
                },
                {
                    "id": "145018",
                    "name": "235/50 R19",
                    "price": 22300,
                    "amount": "3",
                    "quantity": 1,
                    "url": "/catalog/legkovye/23550-r19-99v-michelin-pilot-sport-4-suv-tl09557/"
                },
                {
                    "id": "145020",
                    "name": "255/45 R19",
                    "price": 26810,
                    "amount": "3",
                    "quantity": 1,
                    "url": "/catalog/legkovye/25545-r19-100v-michelin-pilot-sport-4-suv-tl09594/"
                }
            ]
        },
        {
            "id": 92332,
            "isNew": false,
            "EDIT_LINK": null,
            "DELETE_LINK": null,
            "props": [
                {
                    "name": "Ширина",
                    "value": "255 "
                },
                {
                    "name": "Диаметр",
                    "value": "20 "
                }
            ],
            "type": "tires",
            "isPromo": null,
            "amount": 1,
            "season": "Летние",
            "price": 38820,
            "name": "255/50 R20 109Y PIRELLI Scorpion Zero TL",
            "sectionId": 7278,
            "sectionName": "Легковые",
            "sectionPath": [
                {
                    "ID": "7278",
                    "NAME": "Легковые"
                },
                {
                    "ID": "7267",
                    "NAME": "Шины"
                }
            ],
            "imgSrc": "/upload/resize_cache/rembg-image/4b0/275_275_1/z25f3630ymoa29un48skcrexqvlda35x.png",
            "url": "/catalog/legkovye/25550r20-109y-xl-scorpion-zero-tl-m-s/",
            "promo": [],
            "discountStores": [],
            "externalStores": [],
            "commonStores": [],
            "brand": "PIRELLI",
            "brandCode": "",
            "vendorCode": "1780500",
            "model": "Scorpion Zero",
            "raznItems": [
                {
                    "id": "92332",
                    "name": "255/50 R20",
                    "price": 38820,
                    "amount": "1",
                    "quantity": 1,
                    "url": "/catalog/legkovye/25550r20-109y-xl-scorpion-zero-tl-m-s/"
                }
            ]
        },
        {
            "id": 122186,
            "isNew": false,
            "EDIT_LINK": null,
            "DELETE_LINK": null,
            "props": [
                {
                    "name": "Ширина",
                    "value": "275 "
                },
                {
                    "name": "Диаметр",
                    "value": "21 "
                }
            ],
            "type": "tires",
            "isPromo": null,
            "amount": 82,
            "season": "Летние",
            "price": 39040,
            "name": "275/40 R21 107Y MICHELIN Pilot Sport 4 SUV TL",
            "sectionId": 7278,
            "sectionName": "Легковые",
            "sectionPath": [
                {
                    "ID": "7278",
                    "NAME": "Легковые"
                },
                {
                    "ID": "7267",
                    "NAME": "Шины"
                }
            ],
            "imgSrc": "/upload/resize_cache/rembg-image/66a/275_275_1/tcczy083w3kx2elb80axiamhx9mcxz0l.png",
            "url": "/catalog/legkovye/27540-r21-107y-michelin-pilot-sport-4-suv-tl91122/",
            "promo": [],
            "discountStores": [],
            "externalStores": [],
            "commonStores": [
                {
                    "STORE_ID": "158",
                    "PRODUCT_ID": "122186",
                    "AMOUNT": "82",
                    "PRODUCT_XML_ID": "91122",
                    "STORE_XML_ID": "351",
                    "STORE_NAME": "Оптовый Склад",
                    "PRICE": "39040.00",
                    "PRICE_ID": "9"
                }
            ],
            "brand": "MICHELIN",
            "brandCode": "273",
            "vendorCode": "406617",
            "model": "Pilot Sport 4 SUV",
            "raznItems": [
                {
                    "id": "122186",
                    "name": "275/40 R21",
                    "price": 39040,
                    "amount": "82",
                    "quantity": 1,
                    "url": "/catalog/legkovye/27540-r21-107y-michelin-pilot-sport-4-suv-tl91122/"
                },
                {
                    "id": "125067",
                    "name": "255/40 R21",
                    "price": 32130,
                    "amount": "1",
                    "quantity": 1,
                    "url": "/catalog/legkovye/25540-r21-102y-michelin-pilot-sport-4-suv-tl87997/"
                }
            ]
        },
        {
            "id": 120088,
            "isNew": false,
            "EDIT_LINK": null,
            "DELETE_LINK": null,
            "props": [
                {
                    "name": "Ширина",
                    "value": "285 "
                },
                {
                    "name": "Диаметр",
                    "value": "17 "
                }
            ],
            "type": "tires",
            "isPromo": null,
            "amount": 1,
            "season": "Летние",
            "price": 39190,
            "name": "285/75 R17 121/118Q BFGOODRICH Mud-Terrain T/A KM3 TL",
            "sectionId": 7278,
            "sectionName": "Легковые",
            "sectionPath": [
                {
                    "ID": "7278",
                    "NAME": "Легковые"
                },
                {
                    "ID": "7267",
                    "NAME": "Шины"
                }
            ],
            "imgSrc": "/upload/resize_cache/rembg-image/0e9/275_275_1/0voub1uxs19pv3nq3ypqq0jvr0yu6517.png",
            "url": "/catalog/legkovye/28575-r17-121118q-bfgoodrich-mud-terrain-ta-km3-tl24260/",
            "promo": [],
            "discountStores": [],
            "externalStores": [],
            "commonStores": [
                {
                    "STORE_ID": "158",
                    "PRODUCT_ID": "120088",
                    "AMOUNT": "1",
                    "PRODUCT_XML_ID": "24260",
                    "STORE_XML_ID": "351",
                    "STORE_NAME": "Оптовый Склад",
                    "PRICE": "39190.00",
                    "PRICE_ID": "9"
                }
            ],
            "brand": "BFGOODRICH",
            "brandCode": "268",
            "vendorCode": "168077",
            "model": "Mud-Terrain T/A KM3",
            "raznItems": [
                {
                    "id": "120088",
                    "name": "285/75 R17",
                    "price": 39190,
                    "amount": "1",
                    "quantity": 1,
                    "url": "/catalog/legkovye/28575-r17-121118q-bfgoodrich-mud-terrain-ta-km3-tl24260/"
                }
            ]
        },
        {
            "id": 123135,
            "isNew": false,
            "EDIT_LINK": null,
            "DELETE_LINK": null,
            "props": [
                {
                    "name": "Ширина",
                    "value": "305 "
                },
                {
                    "name": "Диаметр",
                    "value": "20 "
                }
            ],
            "type": "tires",
            "isPromo": null,
            "amount": 1,
            "season": "Летние",
            "price": 39360,
            "name": "305/40 R20 112Y CONTINENTAL ContiSportContact 5P TL",
            "sectionId": 7278,
            "sectionName": "Легковые",
            "sectionPath": [
                {
                    "ID": "7278",
                    "NAME": "Легковые"
                },
                {
                    "ID": "7267",
                    "NAME": "Шины"
                }
            ],
            "imgSrc": "/upload/resize_cache/rembg-image/d85/275_275_1/3imjn6br8u7aj6ur11kb6eafo7e0jvco.png",
            "url": "/catalog/legkovye/30540-r20-112y-continental-contisportcontact-5p-tl90167/",
            "promo": [],
            "discountStores": [],
            "externalStores": [],
            "commonStores": [
                {
                    "STORE_ID": "158",
                    "PRODUCT_ID": "123135",
                    "AMOUNT": "1",
                    "PRODUCT_XML_ID": "90167",
                    "STORE_XML_ID": "351",
                    "STORE_NAME": "Оптовый Склад",
                    "PRICE": "39360.00",
                    "PRICE_ID": "9"
                }
            ],
            "brand": "CONTINENTAL",
            "brandCode": "254",
            "vendorCode": "0357269",
            "model": "ContiSportContact 5P",
            "raznItems": [
                {
                    "id": "123135",
                    "name": "305/40 R20",
                    "price": 39360,
                    "amount": "1",
                    "quantity": 1,
                    "url": "/catalog/legkovye/30540-r20-112y-continental-contisportcontact-5p-tl90167/"
                }
            ]
        },
        {
            "id": 142636,
            "isNew": false,
            "EDIT_LINK": null,
            "DELETE_LINK": null,
            "props": [
                {
                    "name": "Ширина",
                    "value": "275 "
                },
                {
                    "name": "Диаметр",
                    "value": "20 "
                }
            ],
            "type": "tires",
            "isPromo": null,
            "amount": 1,
            "season": "Летние",
            "price": 39470,
            "name": "275/50 R20 109W MICHELIN Latitude Sport TL",
            "sectionId": 7278,
            "sectionName": "Легковые",
            "sectionPath": [
                {
                    "ID": "7278",
                    "NAME": "Легковые"
                },
                {
                    "ID": "7267",
                    "NAME": "Шины"
                }
            ],
            "imgSrc": "/upload/resize_cache/rembg-image/e4e/275_275_1/5x4wv6ohuzw8xsk4vt2vu2ov3bqonitq.png",
            "url": "/catalog/legkovye/27550r20-109w-latitude-sport-mo-tl/",
            "promo": [],
            "discountStores": [],
            "externalStores": [],
            "commonStores": [],
            "brand": "MICHELIN",
            "brandCode": "",
            "vendorCode": "058138",
            "model": "Latitude Sport",
            "raznItems": [
                {
                    "id": "142636",
                    "name": "275/50 R20",
                    "price": 39470,
                    "amount": "1",
                    "quantity": 1,
                    "url": "/catalog/legkovye/27550r20-109w-latitude-sport-mo-tl/"
                }
            ]
        },
        {
            "id": 120046,
            "isNew": false,
            "EDIT_LINK": null,
            "DELETE_LINK": null,
            "props": [
                {
                    "name": "Ширина",
                    "value": "305 "
                },
                {
                    "name": "Диаметр",
                    "value": "20 "
                }
            ],
            "type": "tires",
            "isPromo": null,
            "amount": 38,
            "season": "Летние",
            "price": 39570,
            "name": "305/40 R20 112Y MICHELIN Pilot Sport 4 SUV TL",
            "sectionId": 7278,
            "sectionName": "Легковые",
            "sectionPath": [
                {
                    "ID": "7278",
                    "NAME": "Легковые"
                },
                {
                    "ID": "7267",
                    "NAME": "Шины"
                }
            ],
            "imgSrc": "/upload/resize_cache/rembg-image/a01/275_275_1/0uweo1qy7glw1149j7pfz0wubwvmucdp.png",
            "url": "/catalog/legkovye/30540-r20-112y-michelin-pilot-sport-4-suv-tl24171/",
            "promo": [],
            "discountStores": [],
            "externalStores": [],
            "commonStores": [
                {
                    "STORE_ID": "158",
                    "PRODUCT_ID": "120046",
                    "AMOUNT": "38",
                    "PRODUCT_XML_ID": "FORTOCHKI_632600",
                    "STORE_XML_ID": "351",
                    "STORE_NAME": "Оптовый Склад",
                    "PRICE": "39570.00",
                    "PRICE_ID": "9"
                }
            ],
            "brand": "MICHELIN",
            "brandCode": "",
            "vendorCode": "632600",
            "model": "Pilot Sport 4 SUV",
            "raznItems": [
                {
                    "id": "117894",
                    "name": "295/40 R20",
                    "price": 30400,
                    "amount": "36",
                    "quantity": 1,
                    "url": "/catalog/legkovye/29540-r20-110y-michelin-pilot-sport-4-suv-tl21702/"
                },
                {
                    "id": "120046",
                    "name": "305/40 R20",
                    "price": 39570,
                    "amount": "38",
                    "quantity": 1,
                    "url": "/catalog/legkovye/30540-r20-112y-michelin-pilot-sport-4-suv-tl24171/"
                },
                {
                    "id": "125060",
                    "name": "235/45 R20",
                    "price": 31920,
                    "amount": "4",
                    "quantity": 1,
                    "url": "/catalog/legkovye/23545r20-100v-xl-pilot-sport-4-suv-tl/"
                },
                {
                    "id": "145022",
                    "name": "255/55 R20",
                    "price": 29720,
                    "amount": "4",
                    "quantity": 1,
                    "url": "/catalog/legkovye/25555-r20-110y-michelin-pilot-sport-4-suv-tl09600/"
                },
                {
                    "id": "145023",
                    "name": "265/50 R20",
                    "price": 40340,
                    "amount": "53",
                    "quantity": 1,
                    "url": "/catalog/legkovye/26550-r20-107v-michelin-pilot-sport-4-suv-tl09635/"
                }
            ]
        },
        {
            "id": 145023,
            "isNew": false,
            "EDIT_LINK": null,
            "DELETE_LINK": null,
            "props": [
                {
                    "name": "Ширина",
                    "value": "265 "
                },
                {
                    "name": "Диаметр",
                    "value": "20 "
                }
            ],
            "type": "tires",
            "isPromo": null,
            "amount": 53,
            "season": "Летние",
            "price": 40340,
            "name": "265/50 R20 107V MICHELIN Pilot Sport 4 SUV TL",
            "sectionId": 7278,
            "sectionName": "Легковые",
            "sectionPath": [
                {
                    "ID": "7278",
                    "NAME": "Легковые"
                },
                {
                    "ID": "7267",
                    "NAME": "Шины"
                }
            ],
            "imgSrc": "/upload/resize_cache/rembg-image/1bc/275_275_1/t4z2v15e0kpqdocjljft8bf29qx5yhzi.png",
            "url": "/catalog/legkovye/26550-r20-107v-michelin-pilot-sport-4-suv-tl09635/",
            "promo": [],
            "discountStores": [],
            "externalStores": [],
            "commonStores": [
                {
                    "STORE_ID": "158",
                    "PRODUCT_ID": "145023",
                    "AMOUNT": "53",
                    "PRODUCT_XML_ID": "FORTOCHKI_633987",
                    "STORE_XML_ID": "351",
                    "STORE_NAME": "Оптовый Склад",
                    "PRICE": "40340.00",
                    "PRICE_ID": "9"
                }
            ],
            "brand": "MICHELIN",
            "brandCode": "",
            "vendorCode": "633987",
            "model": "Pilot Sport 4 SUV",
            "raznItems": [
                {
                    "id": "117894",
                    "name": "295/40 R20",
                    "price": 30400,
                    "amount": "36",
                    "quantity": 1,
                    "url": "/catalog/legkovye/29540-r20-110y-michelin-pilot-sport-4-suv-tl21702/"
                },
                {
                    "id": "120046",
                    "name": "305/40 R20",
                    "price": 39570,
                    "amount": "38",
                    "quantity": 1,
                    "url": "/catalog/legkovye/30540-r20-112y-michelin-pilot-sport-4-suv-tl24171/"
                },
                {
                    "id": "125060",
                    "name": "235/45 R20",
                    "price": 31920,
                    "amount": "4",
                    "quantity": 1,
                    "url": "/catalog/legkovye/23545r20-100v-xl-pilot-sport-4-suv-tl/"
                },
                {
                    "id": "145022",
                    "name": "255/55 R20",
                    "price": 29720,
                    "amount": "4",
                    "quantity": 1,
                    "url": "/catalog/legkovye/25555-r20-110y-michelin-pilot-sport-4-suv-tl09600/"
                },
                {
                    "id": "145023",
                    "name": "265/50 R20",
                    "price": 40340,
                    "amount": "53",
                    "quantity": 1,
                    "url": "/catalog/legkovye/26550-r20-107v-michelin-pilot-sport-4-suv-tl09635/"
                }
            ]
        },
        {
            "id": 156730,
            "isNew": false,
            "EDIT_LINK": null,
            "DELETE_LINK": null,
            "props": [
                {
                    "name": "Ширина",
                    "value": "275 "
                },
                {
                    "name": "Диаметр",
                    "value": "22 "
                }
            ],
            "type": "tires",
            "isPromo": null,
            "amount": 1,
            "season": "Летние",
            "price": 40470,
            "name": "275/40 R22 107Y BRIDGESTONE Alenza 001 TL",
            "sectionId": 7278,
            "sectionName": "Легковые",
            "sectionPath": [
                {
                    "ID": "7278",
                    "NAME": "Легковые"
                },
                {
                    "ID": "7267",
                    "NAME": "Шины"
                }
            ],
            "imgSrc": "/upload/resize_cache/rembg-image/dd9/275_275_1/8kwu1cnp8kpz5tyzpqxymhfdmma7qbyo.png",
            "url": "/catalog/legkovye/27540-r22-107y-bridgestone-alenza-001-tl25592/",
            "promo": [],
            "discountStores": [],
            "externalStores": [],
            "commonStores": [
                {
                    "STORE_ID": "158",
                    "PRODUCT_ID": "156730",
                    "AMOUNT": "1",
                    "PRODUCT_XML_ID": "25592",
                    "STORE_XML_ID": "351",
                    "STORE_NAME": "Оптовый Склад",
                    "PRICE": "40470.00",
                    "PRICE_ID": "9"
                }
            ],
            "brand": "BRIDGESTONE",
            "brandCode": "250",
            "vendorCode": "24816",
            "model": "Alenza 001",
            "raznItems": [
                {
                    "id": "156730",
                    "name": "275/40 R22",
                    "price": 40470,
                    "amount": "1",
                    "quantity": 1,
                    "url": "/catalog/legkovye/27540-r22-107y-bridgestone-alenza-001-tl25592/"
                }
            ]
        },
        {
            "id": 120054,
            "isNew": false,
            "EDIT_LINK": null,
            "DELETE_LINK": null,
            "props": [
                {
                    "name": "Ширина",
                    "value": "265 "
                },
                {
                    "name": "Диаметр",
                    "value": "21 "
                }
            ],
            "type": "tires",
            "isPromo": null,
            "amount": 1,
            "season": "Летние",
            "price": 40590,
            "name": "265/40 R21 105(Y) MICHELIN Pilot Sport 4 S TL",
            "sectionId": 7278,
            "sectionName": "Легковые",
            "sectionPath": [
                {
                    "ID": "7278",
                    "NAME": "Легковые"
                },
                {
                    "ID": "7267",
                    "NAME": "Шины"
                }
            ],
            "imgSrc": "/upload/resize_cache/rembg-image/b6e/275_275_1/vl668zza9tv9jgh0w36rtx4y86vkwlfc.png",
            "url": "/catalog/legkovye/26540zr21-105y-xl-pilot-sport-4-s-mo1-tl/",
            "promo": [],
            "discountStores": [],
            "externalStores": [],
            "commonStores": [],
            "brand": "MICHELIN",
            "brandCode": "",
            "vendorCode": "759726",
            "model": "Pilot Sport 4 S",
            "raznItems": [
                {
                    "id": "120054",
                    "name": "265/40 R21",
                    "price": 40590,
                    "amount": "1",
                    "quantity": 1,
                    "url": "/catalog/legkovye/26540zr21-105y-xl-pilot-sport-4-s-mo1-tl/"
                }
            ]
        },
        {
            "id": 120083,
            "isNew": false,
            "EDIT_LINK": null,
            "DELETE_LINK": null,
            "props": [
                {
                    "name": "Ширина",
                    "value": "245 "
                },
                {
                    "name": "Диаметр",
                    "value": "21 "
                }
            ],
            "type": "tires",
            "isPromo": null,
            "amount": 2,
            "season": "Летние",
            "price": 41040,
            "name": "245/35 R21 96Y MICHELIN Pilot Super Sport TL",
            "sectionId": 7278,
            "sectionName": "Легковые",
            "sectionPath": [
                {
                    "ID": "7278",
                    "NAME": "Легковые"
                },
                {
                    "ID": "7267",
                    "NAME": "Шины"
                }
            ],
            "imgSrc": "/upload/resize_cache/rembg-image/942/275_275_1/zas9ayj2ir134dubsioxaoic1f69x0r2.png",
            "url": "/catalog/legkovye/24535-r21-96y-michelin-pilot-super-sport-tl24237/",
            "promo": [],
            "discountStores": [],
            "externalStores": [],
            "commonStores": [],
            "brand": "MICHELIN",
            "brandCode": "",
            "vendorCode": "500689",
            "model": "Pilot Super Sport",
            "raznItems": [
                {
                    "id": "120083",
                    "name": "245/35 R21",
                    "price": 41040,
                    "amount": "2",
                    "quantity": 1,
                    "url": "/catalog/legkovye/24535-r21-96y-michelin-pilot-super-sport-tl24237/"
                }
            ]
        }
    ],
    "filter": {
        "0": {
            "LOGIC": "OR",
            ">STORE_AMOUNT_156": 0,
            ">STORE_AMOUNT_158": 0,
            ">STORE_AMOUNT_159": 0,
            ">STORE_AMOUNT_160": 0,
            ">STORE_AMOUNT_161": 0,
            ">STORE_AMOUNT_164": 0,
            ">STORE_AMOUNT_165": 0,
            ">STORE_AMOUNT_168": 0,
            ">STORE_AMOUNT_169": 0,
            ">STORE_AMOUNT_174": 0,
            ">STORE_AMOUNT_180": 0,
            ">STORE_AMOUNT_184": 0,
            ">STORE_AMOUNT_185": 0,
            ">STORE_AMOUNT_191": 0,
            ">STORE_AMOUNT_192": 0,
            ">STORE_AMOUNT_194": 0,
            ">STORE_AMOUNT_6087": 0
        },
        "1": {
            "LOGIC": "OR",
            ">CATALOG_CATALOG_GROUP_ID_33": 0,
            ">CATALOG_CATALOG_GROUP_ID_90": 0,
            ">CATALOG_CATALOG_GROUP_ID_96": 0,
            ">CATALOG_CATALOG_GROUP_ID_97": 0,
            ">CATALOG_CATALOG_GROUP_ID_98": 0
        },
        "2": {
            "LOGIC": "OR",
            ">STORE_AMOUNT_156": 0,
            ">STORE_AMOUNT_158": 0,
            ">STORE_AMOUNT_159": 0,
            ">STORE_AMOUNT_160": 0,
            ">STORE_AMOUNT_161": 0,
            ">STORE_AMOUNT_164": 0,
            ">STORE_AMOUNT_165": 0,
            ">STORE_AMOUNT_168": 0,
            ">STORE_AMOUNT_169": 0,
            ">STORE_AMOUNT_174": 0,
            ">STORE_AMOUNT_180": 0,
            ">STORE_AMOUNT_184": 0,
            ">STORE_AMOUNT_185": 0,
            ">STORE_AMOUNT_191": 0,
            ">STORE_AMOUNT_192": 0,
            ">STORE_AMOUNT_194": 0,
            ">STORE_AMOUNT_6087": 0
        },
        "3": {
            "LOGIC": "OR",
            ">CATALOG_CATALOG_GROUP_ID_33": 0,
            ">CATALOG_CATALOG_GROUP_ID_90": 0,
            ">CATALOG_CATALOG_GROUP_ID_96": 0,
            ">CATALOG_CATALOG_GROUP_ID_97": 0,
            ">CATALOG_CATALOG_GROUP_ID_98": 0
        },
        "=PROPERTY_458": [
            "154"
        ]
    },
    "promo": {
        "id": "165954",
        "url": "/promo/shiny-v-rassrochku/",
        "name": "Покупки в рассрочку",
        "text": "Теперь вы можете купить зимние шины, или диски в рассрочку быстро и легко: без первоначального взноса и без переплаты!",
        "imgSrc": "/upload/resize_cache/iblock/356/1075_613_1/8iiw8xmv2bzky9euo9mn57dqx6dk3xa9.jpg",
        "videoSrc": null
    },
    "promoFilter": {
        "IBLOCK_ID": 10,
        "ACTIVE": "Y",
        "=PROPERTY_SECTION": 206,
        "=PROPERTY_CATALOG_SEASON": [
            false,
            204
        ],
        "=PROPERTY_CATALOG_BRAND": [
            false
        ]
    },
    "navNum": 1,
    "pagesCount": 111,
    "pageNum": 109
}