{
    "pageUrl": "/catalog/legkovye/?arCatalogFilter_458_1500340406=Y&set_filter=Y&sort%5Brecommendations%5D=asc&PAGEN_1=110",
    "items": [
        {
            "id": 122182,
            "isNew": false,
            "EDIT_LINK": null,
            "DELETE_LINK": null,
            "props": [
                {
                    "name": "Ширина",
                    "value": "305 "
                },
                {
                    "name": "Диаметр",
                    "value": "20 "
                }
            ],
            "type": "tires",
            "isPromo": null,
            "amount": 2,
            "season": "Летние",
            "price": 41460,
            "name": "305/40 R20 112(Y) PIRELLI P Zero TL",
            "sectionId": 7278,
            "sectionName": "Легковые",
            "sectionPath": [
                {
                    "ID": "7278",
                    "NAME": "Легковые"
                },
                {
                    "ID": "7267",
                    "NAME": "Шины"
                }
            ],
            "imgSrc": "/upload/resize_cache/rembg-image/a88/275_275_1/uajozmhh913oa73btg252oui1x9gc8cv.png",
            "url": "/catalog/legkovye/30540zr20-112y-xl-p-zero-n0-tl/",
            "promo": [],
            "discountStores": [],
            "externalStores": [],
            "commonStores": [],
            "brand": "PIRELLI",
            "brandCode": "",
            "vendorCode": "2634200",
            "model": "P Zero",
            "raznItems": [
                {
                    "id": "122182",
                    "name": "305/40 R20",
                    "price": 41460,
                    "amount": "2",
                    "quantity": 1,
                    "url": "/catalog/legkovye/30540zr20-112y-xl-p-zero-n0-tl/"
                },
                {
                    "id": "146544",
                    "name": "265/35 R20",
                    "price": 37940,
                    "amount": "2",
                    "quantity": 1,
                    "url": "/catalog/legkovye/26535zr20-99y-xl-p-zero--tl/"
                },
                {
                    "id": "146549",
                    "name": "255/35 R20",
                    "price": 25460,
                    "amount": "1",
                    "quantity": 1,
                    "url": "/catalog/legkovye/25535r20-97y-xl-p-zero-ao-tl/"
                },
                {
                    "id": "159220",
                    "name": "275/50 R20",
                    "price": 36750,
                    "amount": "8",
                    "quantity": 1,
                    "url": "/catalog/legkovye/27550-r20-113w-pirelli-p-zero-tl28574/"
                }
            ]
        },
        {
            "id": 155825,
            "isNew": false,
            "EDIT_LINK": null,
            "DELETE_LINK": null,
            "props": [
                {
                    "name": "Ширина",
                    "value": "275 "
                },
                {
                    "name": "Диаметр",
                    "value": "22 "
                }
            ],
            "type": "tires",
            "isPromo": null,
            "amount": 28,
            "season": "Летние",
            "price": 41830,
            "name": "275/40 R22 107Y CONTINENTAL SportContact 7 TL",
            "sectionId": 7278,
            "sectionName": "Легковые",
            "sectionPath": [
                {
                    "ID": "7278",
                    "NAME": "Легковые"
                },
                {
                    "ID": "7267",
                    "NAME": "Шины"
                }
            ],
            "imgSrc": "/upload/resize_cache/rembg-image/ac9/275_275_1/xhqbeahfjpji06as6kvvfcg4djnntmwr.png",
            "url": "/catalog/legkovye/27540-r22-107y-continental-sportcontact-7-tl24751/",
            "promo": [],
            "discountStores": [],
            "externalStores": [],
            "commonStores": [
                {
                    "STORE_ID": "158",
                    "PRODUCT_ID": "155825",
                    "AMOUNT": "28",
                    "PRODUCT_XML_ID": "24751",
                    "STORE_XML_ID": "351",
                    "STORE_NAME": "Оптовый Склад",
                    "PRICE": "41830.00",
                    "PRICE_ID": "9"
                }
            ],
            "brand": "CONTINENTAL",
            "brandCode": "254",
            "vendorCode": "0311409",
            "model": "SportContact 7",
            "raznItems": [
                {
                    "id": "155825",
                    "name": "275/40 R22",
                    "price": 41830,
                    "amount": "28",
                    "quantity": 1,
                    "url": "/catalog/legkovye/27540-r22-107y-continental-sportcontact-7-tl24751/"
                }
            ]
        },
        {
            "id": 103583,
            "isNew": false,
            "EDIT_LINK": null,
            "DELETE_LINK": null,
            "props": [
                {
                    "name": "Ширина",
                    "value": "285 "
                },
                {
                    "name": "Диаметр",
                    "value": "20 "
                }
            ],
            "type": "tires",
            "isPromo": null,
            "amount": 2,
            "season": "Летние",
            "price": 42470,
            "name": "285/45 R20 112Y PIRELLI Scorpion Verde TL",
            "sectionId": 7278,
            "sectionName": "Легковые",
            "sectionPath": [
                {
                    "ID": "7278",
                    "NAME": "Легковые"
                },
                {
                    "ID": "7267",
                    "NAME": "Шины"
                }
            ],
            "imgSrc": "/upload/resize_cache/rembg-image/50b/275_275_1/03g4agwilpuicr4xmrhdu4ibmpvvkr3p.png",
            "url": "/catalog/legkovye/28545-r20-112y-pirelli-scorpion-verde-tl76894/",
            "promo": [],
            "discountStores": [],
            "externalStores": [],
            "commonStores": [
                {
                    "STORE_ID": "158",
                    "PRODUCT_ID": "103583",
                    "AMOUNT": "2",
                    "PRODUCT_XML_ID": "76894",
                    "STORE_XML_ID": "351",
                    "STORE_NAME": "Оптовый Склад",
                    "PRICE": "42470.00",
                    "PRICE_ID": "9"
                }
            ],
            "brand": "PIRELLI",
            "brandCode": "375",
            "vendorCode": "2323200",
            "model": "Scorpion Verde",
            "raznItems": [
                {
                    "id": "101408",
                    "name": "275/50 R20",
                    "price": 35800,
                    "amount": "3",
                    "quantity": 1,
                    "url": "/catalog/legkovye/27550-r20-109w-pirelli-scorpion-verde-tl64297/"
                },
                {
                    "id": "103583",
                    "name": "285/45 R20",
                    "price": 42470,
                    "amount": "2",
                    "quantity": 1,
                    "url": "/catalog/legkovye/28545-r20-112y-pirelli-scorpion-verde-tl76894/"
                }
            ]
        },
        {
            "id": 125333,
            "isNew": false,
            "EDIT_LINK": null,
            "DELETE_LINK": null,
            "props": [
                {
                    "name": "Ширина",
                    "value": "265 "
                },
                {
                    "name": "Диаметр",
                    "value": "20 "
                }
            ],
            "type": "tires",
            "isPromo": null,
            "amount": 4,
            "season": "Летние",
            "price": 42510,
            "name": "265/60 R20 121/118S BFGOODRICH All-Terrain T/A KO2 TL",
            "sectionId": 7278,
            "sectionName": "Легковые",
            "sectionPath": [
                {
                    "ID": "7278",
                    "NAME": "Легковые"
                },
                {
                    "ID": "7267",
                    "NAME": "Шины"
                }
            ],
            "imgSrc": "/upload/resize_cache/rembg-image/572/275_275_1/5o0if7iqon3935jm0r6pr1doddx2ntud.png",
            "url": "/catalog/legkovye/26560-r20-121118s-bfgoodrich-all-terrain-ta-ko2-tl87553/",
            "promo": [],
            "discountStores": [],
            "externalStores": [],
            "commonStores": [
                {
                    "STORE_ID": "158",
                    "PRODUCT_ID": "125333",
                    "AMOUNT": "4",
                    "PRODUCT_XML_ID": "87553",
                    "STORE_XML_ID": "351",
                    "STORE_NAME": "Оптовый Склад",
                    "PRICE": "42510.00",
                    "PRICE_ID": "9"
                }
            ],
            "brand": "BFGOODRICH",
            "brandCode": "268",
            "vendorCode": "381987",
            "model": "All-Terrain T/A KO2",
            "raznItems": [
                {
                    "id": "125333",
                    "name": "265/60 R20",
                    "price": 42510,
                    "amount": "4",
                    "quantity": 1,
                    "url": "/catalog/legkovye/26560-r20-121118s-bfgoodrich-all-terrain-ta-ko2-tl87553/"
                }
            ]
        },
        {
            "id": 136799,
            "isNew": false,
            "EDIT_LINK": null,
            "DELETE_LINK": null,
            "props": [
                {
                    "name": "Ширина",
                    "value": "285 "
                },
                {
                    "name": "Диаметр",
                    "value": "22 "
                }
            ],
            "type": "tires",
            "isPromo": null,
            "amount": 4,
            "season": "Летние",
            "price": 42630,
            "name": "285/40 R22 110H HANKOOK Dynapro HP2 RA33D TL",
            "sectionId": 7278,
            "sectionName": "Легковые",
            "sectionPath": [
                {
                    "ID": "7278",
                    "NAME": "Легковые"
                },
                {
                    "ID": "7267",
                    "NAME": "Шины"
                }
            ],
            "imgSrc": "/upload/resize_cache/rembg-image/89b/275_275_1/o35r0a0rmc3u688fbsw9l31me7q8usun.png",
            "url": "/catalog/legkovye/28540r22-110h-dynapro-hp2-ra33d-tl/",
            "promo": [],
            "discountStores": [],
            "externalStores": [],
            "commonStores": [],
            "brand": "HANKOOK",
            "brandCode": "",
            "vendorCode": "1021938",
            "model": "Dynapro HP2 RA33D",
            "raznItems": [
                {
                    "id": "136799",
                    "name": "285/40 R22",
                    "price": 42630,
                    "amount": "4",
                    "quantity": 1,
                    "url": "/catalog/legkovye/28540r22-110h-dynapro-hp2-ra33d-tl/"
                }
            ]
        },
        {
            "id": 125094,
            "isNew": false,
            "EDIT_LINK": null,
            "DELETE_LINK": null,
            "props": [
                {
                    "name": "Ширина",
                    "value": "245 "
                },
                {
                    "name": "Диаметр",
                    "value": "19 "
                }
            ],
            "type": "tires",
            "isPromo": null,
            "amount": 2,
            "season": "Летние",
            "price": 42740,
            "name": "245/40 R19 98(Y) MICHELIN Pilot Sport Cup 2 TL",
            "sectionId": 7278,
            "sectionName": "Легковые",
            "sectionPath": [
                {
                    "ID": "7278",
                    "NAME": "Легковые"
                },
                {
                    "ID": "7267",
                    "NAME": "Шины"
                }
            ],
            "imgSrc": "/upload/resize_cache/rembg-image/16d/275_275_1/pgboifkfnn3fyb4f8o6zkjvmdht79qe9.png",
            "url": "/catalog/legkovye/24540zr19-98y-xl-pilot-sport-cup-2-cn-tl/",
            "promo": [],
            "discountStores": [],
            "externalStores": [],
            "commonStores": [],
            "brand": "MICHELIN",
            "brandCode": "",
            "vendorCode": "502383",
            "model": "Pilot Sport CUP 2",
            "raznItems": [
                {
                    "id": "125094",
                    "name": "245/40 R19",
                    "price": 42740,
                    "amount": "2",
                    "quantity": 1,
                    "url": "/catalog/legkovye/24540zr19-98y-xl-pilot-sport-cup-2-cn-tl/"
                }
            ]
        },
        {
            "id": 166872,
            "isNew": false,
            "EDIT_LINK": null,
            "DELETE_LINK": null,
            "props": [
                {
                    "name": "Ширина",
                    "value": "275 "
                },
                {
                    "name": "Диаметр",
                    "value": "20 "
                }
            ],
            "type": "tires",
            "isPromo": null,
            "amount": 4,
            "season": "Летние",
            "price": 44210,
            "name": "275/40 R20 102Y MICHELIN Pilot Sport 4 TL",
            "sectionId": 7278,
            "sectionName": "Легковые",
            "sectionPath": [
                {
                    "ID": "7278",
                    "NAME": "Легковые"
                },
                {
                    "ID": "7267",
                    "NAME": "Шины"
                }
            ],
            "imgSrc": "/upload/resize_cache/rembg-image/2ed/275_275_1/calvgjcqff5bq1t0qoafn2cyamsv4qi9.png",
            "url": "/catalog/legkovye/27540-r20-102y-michelin-pilot-sport-4-tl-045065/",
            "promo": [],
            "discountStores": [],
            "externalStores": [],
            "commonStores": [],
            "brand": "MICHELIN",
            "brandCode": "",
            "vendorCode": "045065",
            "model": "Pilot Sport 4",
            "raznItems": [
                {
                    "id": "166872",
                    "name": "275/40 R20",
                    "price": 44210,
                    "amount": "4",
                    "quantity": 1,
                    "url": "/catalog/legkovye/27540-r20-102y-michelin-pilot-sport-4-tl-045065/"
                }
            ]
        },
        {
            "id": 104106,
            "isNew": false,
            "EDIT_LINK": null,
            "DELETE_LINK": null,
            "props": [
                {
                    "name": "Ширина",
                    "value": "265 "
                },
                {
                    "name": "Диаметр",
                    "value": "21 "
                }
            ],
            "type": "tires",
            "isPromo": null,
            "amount": 2,
            "season": "Летние",
            "price": 45120,
            "name": "265/45 R21 104W MICHELIN Latitude Tour HP TL",
            "sectionId": 7278,
            "sectionName": "Легковые",
            "sectionPath": [
                {
                    "ID": "7278",
                    "NAME": "Легковые"
                },
                {
                    "ID": "7267",
                    "NAME": "Шины"
                }
            ],
            "imgSrc": "/upload/resize_cache/rembg-image/7aa/275_275_1/mpbmlmzv9v5ev9iniric5pfsm1zwwhc2.png",
            "url": "/catalog/legkovye/26545-r21-104w-michelin-latitude-tour-hp-tl91493/",
            "promo": [],
            "discountStores": [],
            "externalStores": [],
            "commonStores": [],
            "brand": "MICHELIN",
            "brandCode": "",
            "vendorCode": "579679",
            "model": "Latitude Tour HP",
            "raznItems": [
                {
                    "id": "104106",
                    "name": "265/45 R21",
                    "price": 45120,
                    "amount": "2",
                    "quantity": 1,
                    "url": "/catalog/legkovye/26545-r21-104w-michelin-latitude-tour-hp-tl91493/"
                }
            ]
        },
        {
            "id": 158916,
            "isNew": false,
            "EDIT_LINK": null,
            "DELETE_LINK": null,
            "props": [
                {
                    "name": "Ширина",
                    "value": "315 "
                },
                {
                    "name": "Диаметр",
                    "value": "21 "
                }
            ],
            "type": "tires",
            "isPromo": null,
            "amount": 5,
            "season": "Летние",
            "price": 46730,
            "name": "315/40 R21 111Y PIRELLI P Zero TL",
            "sectionId": 7278,
            "sectionName": "Легковые",
            "sectionPath": [
                {
                    "ID": "7278",
                    "NAME": "Легковые"
                },
                {
                    "ID": "7267",
                    "NAME": "Шины"
                }
            ],
            "imgSrc": "/upload/resize_cache/rembg-image/be2/275_275_1/fxwrphm592vj21c39r9x53y61xcudfyp.png",
            "url": "/catalog/legkovye/31540-r21-111y-pirelli-p-zero-tl28179/",
            "promo": [],
            "discountStores": [],
            "externalStores": [],
            "commonStores": [
                {
                    "STORE_ID": "158",
                    "PRODUCT_ID": "158916",
                    "AMOUNT": "5",
                    "PRODUCT_XML_ID": "28179",
                    "STORE_XML_ID": "351",
                    "STORE_NAME": "Оптовый Склад",
                    "PRICE": "46730.00",
                    "PRICE_ID": "9"
                }
            ],
            "brand": "PIRELLI",
            "brandCode": "375",
            "vendorCode": "3967800",
            "model": "P Zero",
            "raznItems": [
                {
                    "id": "158916",
                    "name": "315/40 R21",
                    "price": 46730,
                    "amount": "5",
                    "quantity": 1,
                    "url": "/catalog/legkovye/31540-r21-111y-pirelli-p-zero-tl28179/"
                }
            ]
        },
        {
            "id": 124813,
            "isNew": false,
            "EDIT_LINK": null,
            "DELETE_LINK": null,
            "props": [
                {
                    "name": "Ширина",
                    "value": "285 "
                },
                {
                    "name": "Диаметр",
                    "value": "20 "
                }
            ],
            "type": "tires",
            "isPromo": null,
            "amount": 2,
            "season": "Летние",
            "price": 47470,
            "name": "285/40 R20 108Y Michelin Latitude Sport 3 TL",
            "sectionId": 7278,
            "sectionName": "Легковые",
            "sectionPath": [
                {
                    "ID": "7278",
                    "NAME": "Легковые"
                },
                {
                    "ID": "7267",
                    "NAME": "Шины"
                }
            ],
            "imgSrc": "/upload/resize_cache/rembg-image/740/275_275_1/rdckn7foh106u0y4vwgxssiuzb2iyu2y.png",
            "url": "/catalog/legkovye/28540zr20-108y-xl-latitude-sport-3-mo-tl/",
            "promo": [],
            "discountStores": [],
            "externalStores": [],
            "commonStores": [],
            "brand": "MICHELIN",
            "brandCode": "",
            "vendorCode": "712106",
            "model": "Latitude Sport 3",
            "raznItems": [
                {
                    "id": "120068",
                    "name": "295/40 R20",
                    "price": 32380,
                    "amount": "4",
                    "quantity": 1,
                    "url": "/catalog/legkovye/29540r20-106y-latitude-sport-3-n0-tl/"
                },
                {
                    "id": "124807",
                    "name": "255/45 R20",
                    "price": 38140,
                    "amount": "1",
                    "quantity": 1,
                    "url": "/catalog/legkovye/25545r20-101w-latitude-sport-3-ao-tl/"
                },
                {
                    "id": "124813",
                    "name": "285/40 R20",
                    "price": 47470,
                    "amount": "2",
                    "quantity": 1,
                    "url": "/catalog/legkovye/28540zr20-108y-xl-latitude-sport-3-mo-tl/"
                }
            ]
        },
        {
            "id": 144621,
            "isNew": false,
            "EDIT_LINK": null,
            "DELETE_LINK": null,
            "props": [
                {
                    "name": "Ширина",
                    "value": "305 "
                },
                {
                    "name": "Диаметр",
                    "value": "20 "
                }
            ],
            "type": "tires",
            "isPromo": null,
            "amount": 2,
            "season": "Летние",
            "price": 48770,
            "name": "305/40 R20 112Y PIRELLI P Zero Luxury Saloon TL Run Flat",
            "sectionId": 7278,
            "sectionName": "Легковые",
            "sectionPath": [
                {
                    "ID": "7278",
                    "NAME": "Легковые"
                },
                {
                    "ID": "7267",
                    "NAME": "Шины"
                }
            ],
            "imgSrc": "/upload/resize_cache/rembg-image/dbb/275_275_1/9odc2f9z7xueqivt2l29jbahl7ih28sp.png",
            "url": "/catalog/legkovye/30540-r20-112y-pirelli-p-zero-luxury-saloon-tl-run-flat51740/",
            "promo": [],
            "discountStores": [],
            "externalStores": [],
            "commonStores": [
                {
                    "STORE_ID": "158",
                    "PRODUCT_ID": "144621",
                    "AMOUNT": "2",
                    "PRODUCT_XML_ID": "51740",
                    "STORE_XML_ID": "351",
                    "STORE_NAME": "Оптовый Склад",
                    "PRICE": "48770.00",
                    "PRICE_ID": "9"
                }
            ],
            "brand": "PIRELLI",
            "brandCode": "375",
            "vendorCode": "2751500",
            "model": "P Zero Luxury Saloon",
            "raznItems": [
                {
                    "id": "144621",
                    "name": "305/40 R20",
                    "price": 48770,
                    "amount": "2",
                    "quantity": 1,
                    "url": "/catalog/legkovye/30540-r20-112y-pirelli-p-zero-luxury-saloon-tl-run-flat51740/"
                }
            ]
        },
        {
            "id": 122538,
            "isNew": false,
            "EDIT_LINK": null,
            "DELETE_LINK": null,
            "props": [
                {
                    "name": "Ширина",
                    "value": "315 "
                },
                {
                    "name": "Диаметр",
                    "value": "20 "
                }
            ],
            "type": "tires",
            "isPromo": null,
            "amount": 24,
            "season": "Летние",
            "price": 49130,
            "name": "315/35 R20 110W PIRELLI P Zero Luxury Saloon TL",
            "sectionId": 7278,
            "sectionName": "Легковые",
            "sectionPath": [
                {
                    "ID": "7278",
                    "NAME": "Легковые"
                },
                {
                    "ID": "7267",
                    "NAME": "Шины"
                }
            ],
            "imgSrc": "/upload/resize_cache/rembg-image/fab/275_275_1/upgr0525ayv6on0mw7b3piuzokr0o0zi.png",
            "url": "/catalog/legkovye/31535-r20-110w-pirelli-p-zero-luxury-saloon-tl90747/",
            "promo": [],
            "discountStores": [],
            "externalStores": [],
            "commonStores": [
                {
                    "STORE_ID": "158",
                    "PRODUCT_ID": "122538",
                    "AMOUNT": "24",
                    "PRODUCT_XML_ID": "90747",
                    "STORE_XML_ID": "351",
                    "STORE_NAME": "Оптовый Склад",
                    "PRICE": "49130.00",
                    "PRICE_ID": "9"
                }
            ],
            "brand": "PIRELLI",
            "brandCode": "",
            "vendorCode": "2645200",
            "model": "P Zero",
            "raznItems": [
                {
                    "id": "122538",
                    "name": "315/35 R20",
                    "price": 49130,
                    "amount": "24",
                    "quantity": 1,
                    "url": "/catalog/legkovye/31535-r20-110w-pirelli-p-zero-luxury-saloon-tl90747/"
                }
            ]
        },
        {
            "id": 103132,
            "isNew": false,
            "EDIT_LINK": null,
            "DELETE_LINK": null,
            "props": [
                {
                    "name": "Ширина",
                    "value": "315 "
                },
                {
                    "name": "Диаметр",
                    "value": "20 "
                }
            ],
            "type": "tires",
            "isPromo": null,
            "amount": 1,
            "season": "Летние",
            "price": 49190,
            "name": "315/35 R20 110Y MICHELIN Latitude Sport 3 TL",
            "sectionId": 7278,
            "sectionName": "Легковые",
            "sectionPath": [
                {
                    "ID": "7278",
                    "NAME": "Легковые"
                },
                {
                    "ID": "7267",
                    "NAME": "Шины"
                }
            ],
            "imgSrc": "/upload/resize_cache/rembg-image/e87/275_275_1/9lcrvol22v5gs28rnqx6d6p4fqjuzydr.png",
            "url": "/catalog/legkovye/31535-r20-110y-michelin-latitude-sport-3-tl75176/",
            "promo": [],
            "discountStores": [],
            "externalStores": [],
            "commonStores": [
                {
                    "STORE_ID": "158",
                    "PRODUCT_ID": "103132",
                    "AMOUNT": "1",
                    "PRODUCT_XML_ID": "75176",
                    "STORE_XML_ID": "351",
                    "STORE_NAME": "Оптовый Склад",
                    "PRICE": "49190.00",
                    "PRICE_ID": "9"
                }
            ],
            "brand": "MICHELIN",
            "brandCode": "273",
            "vendorCode": "146108",
            "model": "Latitude Sport 3",
            "raznItems": [
                {
                    "id": "103132",
                    "name": "315/35 R20",
                    "price": 49190,
                    "amount": "1",
                    "quantity": 1,
                    "url": "/catalog/legkovye/31535-r20-110y-michelin-latitude-sport-3-tl75176/"
                }
            ]
        },
        {
            "id": 114062,
            "isNew": false,
            "EDIT_LINK": null,
            "DELETE_LINK": null,
            "props": [
                {
                    "name": "Ширина",
                    "value": "315 "
                },
                {
                    "name": "Диаметр",
                    "value": "20 "
                }
            ],
            "type": "tires",
            "isPromo": null,
            "amount": 1,
            "season": "Летние",
            "price": 50580,
            "name": "315/35 R20 110Y MICHELIN Pilot Sport 4 TL",
            "sectionId": 7278,
            "sectionName": "Легковые",
            "sectionPath": [
                {
                    "ID": "7278",
                    "NAME": "Легковые"
                },
                {
                    "ID": "7267",
                    "NAME": "Шины"
                }
            ],
            "imgSrc": "/upload/resize_cache/rembg-image/ae5/275_275_1/uptdbevkqutbi2rgh0fsdh11rdyogbtn.png",
            "url": "/catalog/legkovye/31535-r20-110y-michelin-pilot-sport-4-tl09638/",
            "promo": [],
            "discountStores": [],
            "externalStores": [],
            "commonStores": [
                {
                    "STORE_ID": "158",
                    "PRODUCT_ID": "114062",
                    "AMOUNT": "1",
                    "PRODUCT_XML_ID": "09638",
                    "STORE_XML_ID": "351",
                    "STORE_NAME": "Оптовый Склад",
                    "PRICE": "50580.00",
                    "PRICE_ID": "9"
                }
            ],
            "brand": "MICHELIN",
            "brandCode": "273",
            "vendorCode": "981884",
            "model": "Pilot Sport 4",
            "raznItems": [
                {
                    "id": "114060",
                    "name": "275/40 R20",
                    "price": 31900,
                    "amount": "6",
                    "quantity": 1,
                    "url": "/catalog/legkovye/27540-r20-106y-michelin-pilot-sport-4-tl09636/"
                },
                {
                    "id": "114062",
                    "name": "315/35 R20",
                    "price": 50580,
                    "amount": "1",
                    "quantity": 1,
                    "url": "/catalog/legkovye/31535-r20-110y-michelin-pilot-sport-4-tl09638/"
                },
                {
                    "id": "124921",
                    "name": "245/45 R20",
                    "price": 38270,
                    "amount": "2",
                    "quantity": 1,
                    "url": "/catalog/legkovye/24545-r20-103y-michelin-pilot-sport-4-tl88204/"
                }
            ]
        }
    ],
    "filter": {
        "0": {
            "LOGIC": "OR",
            ">STORE_AMOUNT_156": 0,
            ">STORE_AMOUNT_158": 0,
            ">STORE_AMOUNT_159": 0,
            ">STORE_AMOUNT_160": 0,
            ">STORE_AMOUNT_161": 0,
            ">STORE_AMOUNT_164": 0,
            ">STORE_AMOUNT_165": 0,
            ">STORE_AMOUNT_168": 0,
            ">STORE_AMOUNT_169": 0,
            ">STORE_AMOUNT_174": 0,
            ">STORE_AMOUNT_180": 0,
            ">STORE_AMOUNT_184": 0,
            ">STORE_AMOUNT_185": 0,
            ">STORE_AMOUNT_191": 0,
            ">STORE_AMOUNT_192": 0,
            ">STORE_AMOUNT_194": 0,
            ">STORE_AMOUNT_6087": 0
        },
        "1": {
            "LOGIC": "OR",
            ">CATALOG_CATALOG_GROUP_ID_33": 0,
            ">CATALOG_CATALOG_GROUP_ID_90": 0,
            ">CATALOG_CATALOG_GROUP_ID_96": 0,
            ">CATALOG_CATALOG_GROUP_ID_97": 0,
            ">CATALOG_CATALOG_GROUP_ID_98": 0
        },
        "2": {
            "LOGIC": "OR",
            ">STORE_AMOUNT_156": 0,
            ">STORE_AMOUNT_158": 0,
            ">STORE_AMOUNT_159": 0,
            ">STORE_AMOUNT_160": 0,
            ">STORE_AMOUNT_161": 0,
            ">STORE_AMOUNT_164": 0,
            ">STORE_AMOUNT_165": 0,
            ">STORE_AMOUNT_168": 0,
            ">STORE_AMOUNT_169": 0,
            ">STORE_AMOUNT_174": 0,
            ">STORE_AMOUNT_180": 0,
            ">STORE_AMOUNT_184": 0,
            ">STORE_AMOUNT_185": 0,
            ">STORE_AMOUNT_191": 0,
            ">STORE_AMOUNT_192": 0,
            ">STORE_AMOUNT_194": 0,
            ">STORE_AMOUNT_6087": 0
        },
        "3": {
            "LOGIC": "OR",
            ">CATALOG_CATALOG_GROUP_ID_33": 0,
            ">CATALOG_CATALOG_GROUP_ID_90": 0,
            ">CATALOG_CATALOG_GROUP_ID_96": 0,
            ">CATALOG_CATALOG_GROUP_ID_97": 0,
            ">CATALOG_CATALOG_GROUP_ID_98": 0
        },
        "=PROPERTY_458": [
            "154"
        ]
    },
    "promo": {
        "id": "165954",
        "url": "/promo/shiny-v-rassrochku/",
        "name": "Покупки в рассрочку",
        "text": "Теперь вы можете купить зимние шины, или диски в рассрочку быстро и легко: без первоначального взноса и без переплаты!",
        "imgSrc": "/upload/resize_cache/iblock/356/1075_613_1/8iiw8xmv2bzky9euo9mn57dqx6dk3xa9.jpg",
        "videoSrc": null
    },
    "promoFilter": {
        "IBLOCK_ID": 10,
        "ACTIVE": "Y",
        "=PROPERTY_SECTION": 206,
        "=PROPERTY_CATALOG_SEASON": [
            false,
            204
        ],
        "=PROPERTY_CATALOG_BRAND": [
            false
        ]
    },
    "navNum": 1,
    "pagesCount": 111,
    "pageNum": 110
}