{
    "pageUrl": "/catalog/legkovye/?arCatalogFilter_458_1500340406=Y&set_filter=Y&sort%5Brecommendations%5D=asc&PAGEN_1=1",
    "items": [
        {
            "id": 90240,
            "isNew": false,
            "EDIT_LINK": null,
            "DELETE_LINK": null,
            "props": [
                {
                    "name": "Ширина",
                    "value": "175 "
                },
                {
                    "name": "Диаметр",
                    "value": "14 "
                }
            ],
            "type": "tires",
            "isPromo": null,
            "amount": 319,
            "season": "Летние",
            "price": 2520,
            "name": "175/65 R14 82H КАМА Breeze (НК-132) TL",
            "sectionId": 7278,
            "sectionName": "Легковые",
            "sectionPath": [
                {
                    "ID": "7278",
                    "NAME": "Легковые"
                },
                {
                    "ID": "7267",
                    "NAME": "Шины"
                }
            ],
            "imgSrc": "/upload/resize_cache/rembg-image/9c4/275_275_1/y9qqzxgajazc5c3nrfl2is32q53sw2c1.png",
            "url": "/catalog/legkovye/17565-r14-82h-kama-breeze-nk-132-tl22157/",
            "promo": [],
            "discountStores": [],
            "externalStores": [],
            "commonStores": [
                {
                    "STORE_ID": "158",
                    "PRODUCT_ID": "90240",
                    "AMOUNT": "313",
                    "PRODUCT_XML_ID": "FORTOCHKI_1110002",
                    "STORE_XML_ID": "351",
                    "STORE_NAME": "Оптовый Склад",
                    "PRICE": "2520.00",
                    "PRICE_ID": "9"
                },
                {
                    "STORE_ID": "161",
                    "PRODUCT_ID": "90240",
                    "AMOUNT": "2",
                    "PRODUCT_XML_ID": "FORTOCHKI_1110002",
                    "STORE_XML_ID": "383",
                    "STORE_NAME": "г. Челябинск, ул. Федорова 2а",
                    "PRICE": null,
                    "PRICE_ID": null
                },
                {
                    "STORE_ID": "174",
                    "PRODUCT_ID": "90240",
                    "AMOUNT": "4",
                    "PRODUCT_XML_ID": "FORTOCHKI_1110002",
                    "STORE_XML_ID": "423",
                    "STORE_NAME": "г. Челябинск, ул. Комарова, 34",
                    "PRICE": null,
                    "PRICE_ID": null
                }
            ],
            "brand": "КАМА",
            "brandCode": "",
            "vendorCode": "1110002",
            "model": "Breeze (НК-132)",
            "raznItems": [
                {
                    "id": "90240",
                    "name": "175/65 R14",
                    "price": 2520,
                    "amount": "4",
                    "quantity": 1,
                    "url": "/catalog/legkovye/17565-r14-82h-kama-breeze-nk-132-tl22157/"
                },
                {
                    "id": "91964",
                    "name": "185/70 R14",
                    "price": 2940,
                    "amount": "392",
                    "quantity": 1,
                    "url": "/catalog/legkovye/18570-r14-88t-kama-breeze-nk-132-tl87380/"
                },
                {
                    "id": "161745",
                    "name": "185/65 R14",
                    "price": 2610,
                    "amount": "4",
                    "quantity": 1,
                    "url": "/catalog/legkovye/18565-r14-86h-kama-breeze-nk-132-tl87379/"
                }
            ]
        },
        {
            "id": 161745,
            "isNew": false,
            "EDIT_LINK": null,
            "DELETE_LINK": null,
            "props": [
                {
                    "name": "Ширина",
                    "value": "185 "
                },
                {
                    "name": "Диаметр",
                    "value": "14 "
                }
            ],
            "type": "tires",
            "isPromo": null,
            "amount": 45,
            "season": "Летние",
            "price": 2610,
            "name": "185/65 R14 86H КАМА Breeze (НК-132) TL",
            "sectionId": 7278,
            "sectionName": "Легковые",
            "sectionPath": [
                {
                    "ID": "7278",
                    "NAME": "Легковые"
                },
                {
                    "ID": "7267",
                    "NAME": "Шины"
                }
            ],
            "imgSrc": "/upload/resize_cache/rembg-image/4db/275_275_1/2zz5bemb0uc9kakjtn512owvqkgha0ka.png",
            "url": "/catalog/legkovye/18565-r14-86h-kama-breeze-nk-132-tl87379/",
            "promo": [],
            "discountStores": [],
            "externalStores": [],
            "commonStores": [
                {
                    "STORE_ID": "158",
                    "PRODUCT_ID": "161745",
                    "AMOUNT": "41",
                    "PRODUCT_XML_ID": "87379",
                    "STORE_XML_ID": "351",
                    "STORE_NAME": "Оптовый Склад",
                    "PRICE": "2610.00",
                    "PRICE_ID": "9"
                },
                {
                    "STORE_ID": "159",
                    "PRODUCT_ID": "161745",
                    "AMOUNT": "4",
                    "PRODUCT_XML_ID": "87379",
                    "STORE_XML_ID": "387",
                    "STORE_NAME": "г. Челябинск, ул. Бр.Кашириных, 134б",
                    "PRICE": "2610.00",
                    "PRICE_ID": "10"
                }
            ],
            "brand": "KAMA",
            "brandCode": "",
            "vendorCode": "1110005",
            "model": "Breeze (НК-132)",
            "raznItems": [
                {
                    "id": "90240",
                    "name": "175/65 R14",
                    "price": 2520,
                    "amount": "4",
                    "quantity": 1,
                    "url": "/catalog/legkovye/17565-r14-82h-kama-breeze-nk-132-tl22157/"
                },
                {
                    "id": "91964",
                    "name": "185/70 R14",
                    "price": 2940,
                    "amount": "392",
                    "quantity": 1,
                    "url": "/catalog/legkovye/18570-r14-88t-kama-breeze-nk-132-tl87380/"
                },
                {
                    "id": "161745",
                    "name": "185/65 R14",
                    "price": 2610,
                    "amount": "4",
                    "quantity": 1,
                    "url": "/catalog/legkovye/18565-r14-86h-kama-breeze-nk-132-tl87379/"
                }
            ]
        },
        {
            "id": 92175,
            "isNew": false,
            "EDIT_LINK": null,
            "DELETE_LINK": null,
            "props": [
                {
                    "name": "Ширина",
                    "value": "175 "
                },
                {
                    "name": "Диаметр",
                    "value": "14 "
                }
            ],
            "type": "tires",
            "isPromo": null,
            "amount": 121,
            "season": "Летние",
            "price": 2650,
            "name": "175/70 R14 84T КАМА Breeze (НК-132) TL",
            "sectionId": 7278,
            "sectionName": "Легковые",
            "sectionPath": [
                {
                    "ID": "7278",
                    "NAME": "Легковые"
                },
                {
                    "ID": "7267",
                    "NAME": "Шины"
                }
            ],
            "imgSrc": "/upload/resize_cache/rembg-image/450/275_275_1/pscuw8gt38ckw0gf38vws6twbgzsa2de.png",
            "url": "/catalog/legkovye/17570-r14-84t-kama-breeze-nk-132-tl92777/",
            "promo": [],
            "discountStores": [],
            "externalStores": [],
            "commonStores": [
                {
                    "STORE_ID": "158",
                    "PRODUCT_ID": "92175",
                    "AMOUNT": "121",
                    "PRODUCT_XML_ID": "92777",
                    "STORE_XML_ID": "351",
                    "STORE_NAME": "Оптовый Склад",
                    "PRICE": "2650.00",
                    "PRICE_ID": "9"
                }
            ],
            "brand": "КАМА",
            "brandCode": "420",
            "vendorCode": "1110003",
            "model": "Breeze (НК-132)",
            "raznItems": [
                {
                    "id": "92170",
                    "name": "185/60 R14",
                    "price": 2610,
                    "amount": "30",
                    "quantity": 1,
                    "url": "/catalog/legkovye/18560-r14-82h-kama-breeze-nk-132-tl92763/"
                },
                {
                    "id": "92175",
                    "name": "175/70 R14",
                    "price": 2650,
                    "amount": "121",
                    "quantity": 1,
                    "url": "/catalog/legkovye/17570-r14-84t-kama-breeze-nk-132-tl92777/"
                }
            ]
        },
        {
            "id": 150821,
            "isNew": false,
            "EDIT_LINK": null,
            "DELETE_LINK": null,
            "props": [
                {
                    "name": "Ширина",
                    "value": "185 "
                },
                {
                    "name": "Диаметр",
                    "value": "14 "
                }
            ],
            "type": "tires",
            "isPromo": null,
            "amount": 1356,
            "season": "Летние",
            "price": 2660,
            "name": "185/60 R14 82H КАМА Grant (НК-241) TL",
            "sectionId": 7278,
            "sectionName": "Легковые",
            "sectionPath": [
                {
                    "ID": "7278",
                    "NAME": "Легковые"
                },
                {
                    "ID": "7267",
                    "NAME": "Шины"
                }
            ],
            "imgSrc": "/upload/resize_cache/rembg-image/08d/275_275_1/mjyz75xaeogsv5q5zrqzq6welr046sii.png",
            "url": "/catalog/legkovye/18560-r14-82h-kama-grant-nk-241-tl25811/",
            "promo": [],
            "discountStores": [],
            "externalStores": [],
            "commonStores": [
                {
                    "STORE_ID": "156",
                    "PRODUCT_ID": "150821",
                    "AMOUNT": "4",
                    "PRODUCT_XML_ID": "25811",
                    "STORE_XML_ID": "419",
                    "STORE_NAME": "г. Челябинск, Свердловский тракт, 12б",
                    "PRICE": "2660.00",
                    "PRICE_ID": "7"
                },
                {
                    "STORE_ID": "158",
                    "PRODUCT_ID": "150821",
                    "AMOUNT": "1352",
                    "PRODUCT_XML_ID": "25811",
                    "STORE_XML_ID": "351",
                    "STORE_NAME": "Оптовый Склад",
                    "PRICE": "2660.00",
                    "PRICE_ID": "9"
                }
            ],
            "brand": "KAMA",
            "brandCode": "",
            "vendorCode": "1110010",
            "model": "Grant (НК-241)",
            "raznItems": [
                {
                    "id": "150821",
                    "name": "185/60 R14",
                    "price": 2660,
                    "amount": "1352",
                    "quantity": 1,
                    "url": "/catalog/legkovye/18560-r14-82h-kama-grant-nk-241-tl25811/"
                },
                {
                    "id": "154992",
                    "name": "175/65 R14",
                    "price": 2770,
                    "amount": "1118",
                    "quantity": 1,
                    "url": "/catalog/legkovye/17565-r14-82h-kama-grant-nk-241-tl25810/"
                }
            ]
        },
        {
            "id": 93654,
            "isNew": false,
            "EDIT_LINK": null,
            "DELETE_LINK": null,
            "props": [
                {
                    "name": "Ширина",
                    "value": "175 "
                },
                {
                    "name": "Диаметр",
                    "value": "14 "
                }
            ],
            "type": "tires",
            "isPromo": null,
            "amount": 56,
            "season": "Летние",
            "price": 2860,
            "name": "175/65 R14 82H VIATTI Strada Asimmetrico (V-130) TL",
            "sectionId": 7278,
            "sectionName": "Легковые",
            "sectionPath": [
                {
                    "ID": "7278",
                    "NAME": "Легковые"
                },
                {
                    "ID": "7267",
                    "NAME": "Шины"
                }
            ],
            "imgSrc": "/upload/resize_cache/rembg-image/de7/275_275_1/i124c7mke6j9pypnfo7wowd24xk6xkw2.png",
            "url": "/catalog/legkovye/17565-r14-82h-viatti-strada-asimmetrico-v-130-tl42455/",
            "promo": [],
            "discountStores": [],
            "externalStores": [],
            "commonStores": [
                {
                    "STORE_ID": "158",
                    "PRODUCT_ID": "93654",
                    "AMOUNT": "56",
                    "PRODUCT_XML_ID": "FORTOCHKI_3110002",
                    "STORE_XML_ID": "351",
                    "STORE_NAME": "Оптовый Склад",
                    "PRICE": "2860.00",
                    "PRICE_ID": "9"
                }
            ],
            "brand": "VIATTI",
            "brandCode": "",
            "vendorCode": "3110002",
            "model": "Strada Asimmetrico V-130",
            "raznItems": [
                {
                    "id": "93654",
                    "name": "175/65 R14",
                    "price": 2860,
                    "amount": "56",
                    "quantity": 1,
                    "url": "/catalog/legkovye/17565-r14-82h-viatti-strada-asimmetrico-v-130-tl42455/"
                },
                {
                    "id": "100055",
                    "name": "185/60 R14",
                    "price": 2960,
                    "amount": "1",
                    "quantity": 1,
                    "url": "/catalog/legkovye/18560-r14-82h-viatti-strada-asimmetrico-v-130-tl55719/"
                },
                {
                    "id": "100056",
                    "name": "185/65 R14",
                    "price": 3100,
                    "amount": "40",
                    "quantity": 1,
                    "url": "/catalog/legkovye/18565-r14-86h-viatti-strada-asimmetrico-v-130-tl55720/"
                },
                {
                    "id": "100057",
                    "name": "185/70 R14",
                    "price": 3330,
                    "amount": "4",
                    "quantity": 1,
                    "url": "/catalog/legkovye/18570-r14-88h-viatti-strada-asimmetrico-v-130-tl55721/"
                }
            ]
        },
        {
            "id": 91964,
            "isNew": false,
            "EDIT_LINK": null,
            "DELETE_LINK": null,
            "props": [
                {
                    "name": "Ширина",
                    "value": "185 "
                },
                {
                    "name": "Диаметр",
                    "value": "14 "
                }
            ],
            "type": "tires",
            "isPromo": null,
            "amount": 392,
            "season": "Летние",
            "price": 2940,
            "name": "185/70 R14 88T КАМА Breeze (НК-132) TL",
            "sectionId": 7278,
            "sectionName": "Легковые",
            "sectionPath": [
                {
                    "ID": "7278",
                    "NAME": "Легковые"
                },
                {
                    "ID": "7267",
                    "NAME": "Шины"
                }
            ],
            "imgSrc": "/upload/resize_cache/rembg-image/a98/275_275_1/ocnvwty8z3xh35of56n86xk05w1ab78v.png",
            "url": "/catalog/legkovye/18570-r14-88t-kama-breeze-nk-132-tl87380/",
            "promo": [],
            "discountStores": [],
            "externalStores": [],
            "commonStores": [
                {
                    "STORE_ID": "158",
                    "PRODUCT_ID": "91964",
                    "AMOUNT": "392",
                    "PRODUCT_XML_ID": "FORTOCHKI_1110006",
                    "STORE_XML_ID": "351",
                    "STORE_NAME": "Оптовый Склад",
                    "PRICE": "2940.00",
                    "PRICE_ID": "9"
                }
            ],
            "brand": "КАМА",
            "brandCode": "",
            "vendorCode": "1110006",
            "model": "Breeze (НК-132)",
            "raznItems": [
                {
                    "id": "90240",
                    "name": "175/65 R14",
                    "price": 2520,
                    "amount": "4",
                    "quantity": 1,
                    "url": "/catalog/legkovye/17565-r14-82h-kama-breeze-nk-132-tl22157/"
                },
                {
                    "id": "91964",
                    "name": "185/70 R14",
                    "price": 2940,
                    "amount": "392",
                    "quantity": 1,
                    "url": "/catalog/legkovye/18570-r14-88t-kama-breeze-nk-132-tl87380/"
                },
                {
                    "id": "161745",
                    "name": "185/65 R14",
                    "price": 2610,
                    "amount": "4",
                    "quantity": 1,
                    "url": "/catalog/legkovye/18565-r14-86h-kama-breeze-nk-132-tl87379/"
                }
            ]
        },
        {
            "id": 100055,
            "isNew": false,
            "EDIT_LINK": null,
            "DELETE_LINK": null,
            "props": [
                {
                    "name": "Ширина",
                    "value": "185 "
                },
                {
                    "name": "Диаметр",
                    "value": "14 "
                }
            ],
            "type": "tires",
            "isPromo": null,
            "amount": 971,
            "season": "Летние",
            "price": 2960,
            "name": "185/60 R14 82H VIATTI Strada Asimmetrico (V-130) TL",
            "sectionId": 7278,
            "sectionName": "Легковые",
            "sectionPath": [
                {
                    "ID": "7278",
                    "NAME": "Легковые"
                },
                {
                    "ID": "7267",
                    "NAME": "Шины"
                }
            ],
            "imgSrc": "/upload/resize_cache/rembg-image/9c8/275_275_1/m56x18p5rsjmi8io8ny6q6qzo3srspbp.png",
            "url": "/catalog/legkovye/18560-r14-82h-viatti-strada-asimmetrico-v-130-tl55719/",
            "promo": [],
            "discountStores": [],
            "externalStores": [],
            "commonStores": [
                {
                    "STORE_ID": "158",
                    "PRODUCT_ID": "100055",
                    "AMOUNT": "970",
                    "PRODUCT_XML_ID": "55719",
                    "STORE_XML_ID": "351",
                    "STORE_NAME": "Оптовый Склад",
                    "PRICE": "2960.00",
                    "PRICE_ID": "9"
                },
                {
                    "STORE_ID": "161",
                    "PRODUCT_ID": "100055",
                    "AMOUNT": "1",
                    "PRODUCT_XML_ID": "55719",
                    "STORE_XML_ID": "383",
                    "STORE_NAME": "г. Челябинск, ул. Федорова 2а",
                    "PRICE": "2960.00",
                    "PRICE_ID": "12"
                }
            ],
            "brand": "VIATTI",
            "brandCode": "",
            "vendorCode": "3110004",
            "model": "Strada Asimmetrico V-130",
            "raznItems": [
                {
                    "id": "93654",
                    "name": "175/65 R14",
                    "price": 2860,
                    "amount": "56",
                    "quantity": 1,
                    "url": "/catalog/legkovye/17565-r14-82h-viatti-strada-asimmetrico-v-130-tl42455/"
                },
                {
                    "id": "100055",
                    "name": "185/60 R14",
                    "price": 2960,
                    "amount": "1",
                    "quantity": 1,
                    "url": "/catalog/legkovye/18560-r14-82h-viatti-strada-asimmetrico-v-130-tl55719/"
                },
                {
                    "id": "100056",
                    "name": "185/65 R14",
                    "price": 3100,
                    "amount": "40",
                    "quantity": 1,
                    "url": "/catalog/legkovye/18565-r14-86h-viatti-strada-asimmetrico-v-130-tl55720/"
                },
                {
                    "id": "100057",
                    "name": "185/70 R14",
                    "price": 3330,
                    "amount": "4",
                    "quantity": 1,
                    "url": "/catalog/legkovye/18570-r14-88h-viatti-strada-asimmetrico-v-130-tl55721/"
                }
            ]
        },
        {
            "id": 109457,
            "isNew": false,
            "EDIT_LINK": null,
            "DELETE_LINK": null,
            "props": [
                {
                    "name": "Ширина",
                    "value": "185 "
                },
                {
                    "name": "Диаметр",
                    "value": "14 "
                }
            ],
            "type": "tires",
            "isPromo": null,
            "amount": 127,
            "season": "Летние",
            "price": 3000,
            "name": "185/70 R14 88T КАМА Кама-365 (НК-241) TL",
            "sectionId": 7278,
            "sectionName": "Легковые",
            "sectionPath": [
                {
                    "ID": "7278",
                    "NAME": "Легковые"
                },
                {
                    "ID": "7267",
                    "NAME": "Шины"
                }
            ],
            "imgSrc": "/upload/resize_cache/rembg-image/de0/275_275_1/wz838505d00umcsw5fo19na4x2ophj5j.png",
            "url": "/catalog/legkovye/18570-r14-88t-kama-kama-365-nk-241-tl06869/",
            "promo": [],
            "discountStores": [],
            "externalStores": [],
            "commonStores": [
                {
                    "STORE_ID": "158",
                    "PRODUCT_ID": "109457",
                    "AMOUNT": "121",
                    "PRODUCT_XML_ID": "06869",
                    "STORE_XML_ID": "351",
                    "STORE_NAME": "Оптовый Склад",
                    "PRICE": "3000.00",
                    "PRICE_ID": "9"
                },
                {
                    "STORE_ID": "161",
                    "PRODUCT_ID": "109457",
                    "AMOUNT": "2",
                    "PRODUCT_XML_ID": "06869",
                    "STORE_XML_ID": "383",
                    "STORE_NAME": "г. Челябинск, ул. Федорова 2а",
                    "PRICE": null,
                    "PRICE_ID": null
                },
                {
                    "STORE_ID": "174",
                    "PRODUCT_ID": "109457",
                    "AMOUNT": "4",
                    "PRODUCT_XML_ID": "06869",
                    "STORE_XML_ID": "423",
                    "STORE_NAME": "г. Челябинск, ул. Комарова, 34",
                    "PRICE": null,
                    "PRICE_ID": null
                }
            ],
            "brand": "KAMA",
            "brandCode": "",
            "vendorCode": "1150015",
            "model": "Кама-365 (НК-241)",
            "raznItems": [
                {
                    "id": "109454",
                    "name": "175/65 R14",
                    "price": 2700,
                    "amount": "1688",
                    "quantity": 1,
                    "url": "/catalog/legkovye/17565-r14-82h-kama-kama-365-nk-241-tl06862/"
                },
                {
                    "id": "109456",
                    "name": "185/65 R14",
                    "price": 2870,
                    "amount": "4",
                    "quantity": 1,
                    "url": "/catalog/legkovye/18565-r14-86h-kama-kama-365-nk-241-tl06867/"
                },
                {
                    "id": "109457",
                    "name": "185/70 R14",
                    "price": 3000,
                    "amount": "4",
                    "quantity": 1,
                    "url": "/catalog/legkovye/18570-r14-88t-kama-kama-365-nk-241-tl06869/"
                }
            ]
        },
        {
            "id": 100054,
            "isNew": false,
            "EDIT_LINK": null,
            "DELETE_LINK": null,
            "props": [
                {
                    "name": "Ширина",
                    "value": "175 "
                },
                {
                    "name": "Диаметр",
                    "value": "14 "
                }
            ],
            "type": "tires",
            "isPromo": null,
            "amount": 5,
            "season": "Летние",
            "price": 3000,
            "name": "175/70 R14 84H VIATTI Strada Asimmetrico (V-130) TL",
            "sectionId": 7278,
            "sectionName": "Легковые",
            "sectionPath": [
                {
                    "ID": "7278",
                    "NAME": "Легковые"
                },
                {
                    "ID": "7267",
                    "NAME": "Шины"
                }
            ],
            "imgSrc": "/upload/resize_cache/rembg-image/732/275_275_1/0b7867pi7her8rejxlps0no3juvycbsp.png",
            "url": "/catalog/legkovye/17570-r14-84h-viatti-strada-asimmetrico-v-130-tl55718/",
            "promo": [],
            "discountStores": [],
            "externalStores": [],
            "commonStores": [
                {
                    "STORE_ID": "156",
                    "PRODUCT_ID": "100054",
                    "AMOUNT": "4",
                    "PRODUCT_XML_ID": "55718",
                    "STORE_XML_ID": "419",
                    "STORE_NAME": "г. Челябинск, Свердловский тракт, 12б",
                    "PRICE": "3000.00",
                    "PRICE_ID": "7"
                },
                {
                    "STORE_ID": "169",
                    "PRODUCT_ID": "100054",
                    "AMOUNT": "1",
                    "PRODUCT_XML_ID": "55718",
                    "STORE_XML_ID": "403",
                    "STORE_NAME": "г. Челябинск, Копейское шоссе, 35д",
                    "PRICE": "3000.00",
                    "PRICE_ID": "20"
                }
            ],
            "brand": "VIATTI",
            "brandCode": "389",
            "vendorCode": "3110003",
            "model": "Strada Asimmetrico (V-130)",
            "raznItems": [
                {
                    "id": "100054",
                    "name": "175/70 R14",
                    "price": 3000,
                    "amount": "1",
                    "quantity": 1,
                    "url": "/catalog/legkovye/17570-r14-84h-viatti-strada-asimmetrico-v-130-tl55718/"
                }
            ]
        },
        {
            "id": 168238,
            "isNew": false,
            "EDIT_LINK": null,
            "DELETE_LINK": null,
            "props": [
                {
                    "name": "Ширина",
                    "value": "185 "
                },
                {
                    "name": "Диаметр",
                    "value": "15 "
                }
            ],
            "type": "tires",
            "isPromo": null,
            "amount": 41,
            "season": "Летние",
            "price": 3010,
            "name": "185/60 R15 84H HIFLY HF201 TL",
            "sectionId": 7278,
            "sectionName": "Легковые",
            "sectionPath": [
                {
                    "ID": "7278",
                    "NAME": "Легковые"
                },
                {
                    "ID": "7267",
                    "NAME": "Шины"
                }
            ],
            "imgSrc": "/upload/resize_cache/iblock/ec4/275_275_1/l23js3w4st9uidaod637oal3lqx5d5hp.png",
            "url": "/catalog/legkovye/18560-r15-84h-hifly-hf201-tl-200h2024/",
            "promo": [],
            "discountStores": [],
            "externalStores": [],
            "commonStores": [],
            "brand": "HIFLY",
            "brandCode": "",
            "vendorCode": "200H2024",
            "model": "HF201",
            "raznItems": [
                {
                    "id": "167935",
                    "name": "195/60 R15",
                    "price": 3520,
                    "amount": "41",
                    "quantity": 1,
                    "url": "/catalog/legkovye/19560-r15-88v-hifly-hf201-tl-200h2027/"
                },
                {
                    "id": "168238",
                    "name": "185/60 R15",
                    "price": 3010,
                    "amount": "41",
                    "quantity": 1,
                    "url": "/catalog/legkovye/18560-r15-84h-hifly-hf201-tl-200h2024/"
                }
            ]
        },
        {
            "id": 159998,
            "isNew": false,
            "EDIT_LINK": null,
            "DELETE_LINK": null,
            "props": [
                {
                    "name": "Ширина",
                    "value": "185 "
                },
                {
                    "name": "Диаметр",
                    "value": "14 "
                }
            ],
            "type": "tires",
            "isPromo": null,
            "amount": 4,
            "season": "Летние",
            "price": 3160,
            "name": "185/55 R14 80H CACHLAND CH-268 TL",
            "sectionId": 7278,
            "sectionName": "Легковые",
            "sectionPath": [
                {
                    "ID": "7278",
                    "NAME": "Легковые"
                },
                {
                    "ID": "7267",
                    "NAME": "Шины"
                }
            ],
            "imgSrc": "/upload/resize_cache/rembg-image/124/275_275_1/jwjnkgcif5v6hiqtf5e0j3gierjvu7ic.png",
            "url": "/catalog/legkovye/18555r14-80h-ch-268-tl/",
            "promo": [],
            "discountStores": [],
            "externalStores": [],
            "commonStores": [],
            "brand": "CACHLAND",
            "brandCode": "",
            "vendorCode": "6970005590391",
            "model": "CH-268",
            "raznItems": [
                {
                    "id": "159998",
                    "name": "185/55 R14",
                    "price": 3160,
                    "amount": "4",
                    "quantity": 1,
                    "url": "/catalog/legkovye/18555r14-80h-ch-268-tl/"
                }
            ]
        },
        {
            "id": 160370,
            "isNew": false,
            "EDIT_LINK": null,
            "DELETE_LINK": null,
            "props": [
                {
                    "name": "Ширина",
                    "value": "205 "
                },
                {
                    "name": "Диаметр",
                    "value": "16 "
                }
            ],
            "type": "tires",
            "isPromo": null,
            "amount": 2,
            "season": "Летние",
            "price": 3220,
            "name": "205/55 R16 94V CACHLAND CH-AS2005 TL",
            "sectionId": 7278,
            "sectionName": "Легковые",
            "sectionPath": [
                {
                    "ID": "7278",
                    "NAME": "Легковые"
                },
                {
                    "ID": "7267",
                    "NAME": "Шины"
                }
            ],
            "imgSrc": "/upload/resize_cache/rembg-image/5d4/275_275_1/gxqas8myq82gb6h1pank1xc3gou6zvnl.png",
            "url": "/catalog/legkovye/20555r16-94v-xl-ch-as2005-tl/",
            "promo": [],
            "discountStores": [],
            "externalStores": [],
            "commonStores": [],
            "brand": "CACHLAND",
            "brandCode": "",
            "vendorCode": "6970005593620",
            "model": "CH-AS2005",
            "raznItems": [
                {
                    "id": "160370",
                    "name": "205/55 R16",
                    "price": 3220,
                    "amount": "2",
                    "quantity": 1,
                    "url": "/catalog/legkovye/20555r16-94v-xl-ch-as2005-tl/"
                }
            ]
        },
        {
            "id": 93656,
            "isNew": false,
            "EDIT_LINK": null,
            "DELETE_LINK": null,
            "props": [
                {
                    "name": "Ширина",
                    "value": "185 "
                },
                {
                    "name": "Диаметр",
                    "value": "15 "
                }
            ],
            "type": "tires",
            "isPromo": null,
            "amount": 1835,
            "season": "Летние",
            "price": 3260,
            "name": "185/65 R15 88H VIATTI Strada Asimmetrico (V-130) TL",
            "sectionId": 7278,
            "sectionName": "Легковые",
            "sectionPath": [
                {
                    "ID": "7278",
                    "NAME": "Легковые"
                },
                {
                    "ID": "7267",
                    "NAME": "Шины"
                }
            ],
            "imgSrc": "/upload/resize_cache/rembg-image/c67/275_275_1/831jv640kjk8a65ubq2k3eiw4wgvn3rx.png",
            "url": "/catalog/legkovye/18565-r15-88h-viatti-strada-asimmetrico-v-130-tl42459/",
            "promo": [],
            "discountStores": [],
            "externalStores": [],
            "commonStores": [
                {
                    "STORE_ID": "158",
                    "PRODUCT_ID": "93656",
                    "AMOUNT": "1835",
                    "PRODUCT_XML_ID": "42459",
                    "STORE_XML_ID": "351",
                    "STORE_NAME": "Оптовый Склад",
                    "PRICE": "3260.00",
                    "PRICE_ID": "9"
                }
            ],
            "brand": "VIATTI",
            "brandCode": "389",
            "vendorCode": "3110009",
            "model": "Strada Asimmetrico (V-130)",
            "raznItems": [
                {
                    "id": "92768",
                    "name": "185/60 R15",
                    "price": 3020,
                    "amount": "824",
                    "quantity": 1,
                    "url": "/catalog/legkovye/18560-r15-84h-viatti-strada-asimmetrico-v-130-tl07060/"
                },
                {
                    "id": "93656",
                    "name": "185/65 R15",
                    "price": 3260,
                    "amount": "1835",
                    "quantity": 1,
                    "url": "/catalog/legkovye/18565-r15-88h-viatti-strada-asimmetrico-v-130-tl42459/"
                },
                {
                    "id": "100058",
                    "name": "185/55 R15",
                    "price": 3410,
                    "amount": "4",
                    "quantity": 1,
                    "url": "/catalog/legkovye/18555-r15-82h-viatti-strada-asimmetrico-v-130-tl55722/"
                },
                {
                    "id": "100060",
                    "name": "195/60 R15",
                    "price": 3770,
                    "amount": "1",
                    "quantity": 1,
                    "url": "/catalog/legkovye/19560-r15-88v-viatti-strada-asimmetrico-v-130-tl55724/"
                },
                {
                    "id": "102503",
                    "name": "205/65 R15",
                    "price": 3960,
                    "amount": "9",
                    "quantity": 1,
                    "url": "/catalog/legkovye/20565-r15-94v-viatti-strada-asimmetrico-v-130-tl73488/"
                }
            ]
        },
        {
            "id": 155348,
            "isNew": false,
            "EDIT_LINK": null,
            "DELETE_LINK": null,
            "props": [
                {
                    "name": "Ширина",
                    "value": "165 "
                },
                {
                    "name": "Диаметр",
                    "value": "14 "
                }
            ],
            "type": "tires",
            "isPromo": null,
            "amount": 1,
            "season": "Летние",
            "price": 3310,
            "name": "165/65 R14 79T NOKIAN TYRES Nordman SX 3 TL",
            "sectionId": 7278,
            "sectionName": "Легковые",
            "sectionPath": [
                {
                    "ID": "7278",
                    "NAME": "Легковые"
                },
                {
                    "ID": "7267",
                    "NAME": "Шины"
                }
            ],
            "imgSrc": "/upload/resize_cache/rembg-image/cd4/275_275_1/c8ywwpdvaht5n217akj05rpmxh9pm1i0.png",
            "url": "/catalog/legkovye/16565-r14-79t-nokian-tyres-nordman-sx-3-tl22251/",
            "promo": [],
            "discountStores": [],
            "externalStores": [],
            "commonStores": [
                {
                    "STORE_ID": "158",
                    "PRODUCT_ID": "155348",
                    "AMOUNT": "1",
                    "PRODUCT_XML_ID": "22251",
                    "STORE_XML_ID": "351",
                    "STORE_NAME": "Оптовый Склад",
                    "PRICE": "3310.00",
                    "PRICE_ID": "9"
                }
            ],
            "brand": "NOKIAN TYRES",
            "brandCode": "277",
            "vendorCode": "T432318",
            "model": "Nordman SX 3",
            "raznItems": [
                {
                    "id": "96919",
                    "name": "185/60 R14",
                    "price": 3630,
                    "amount": "4",
                    "quantity": 1,
                    "url": "/catalog/legkovye/18560-r14-82t-nokian-tyres-nordman-sx-3-tl22497/"
                },
                {
                    "id": "155348",
                    "name": "165/65 R14",
                    "price": 3310,
                    "amount": "1",
                    "quantity": 1,
                    "url": "/catalog/legkovye/16565-r14-79t-nokian-tyres-nordman-sx-3-tl22251/"
                }
            ]
        }
    ],
    "filter": {
        "0": {
            "LOGIC": "OR",
            ">STORE_AMOUNT_156": 0,
            ">STORE_AMOUNT_158": 0,
            ">STORE_AMOUNT_159": 0,
            ">STORE_AMOUNT_160": 0,
            ">STORE_AMOUNT_161": 0,
            ">STORE_AMOUNT_164": 0,
            ">STORE_AMOUNT_165": 0,
            ">STORE_AMOUNT_168": 0,
            ">STORE_AMOUNT_169": 0,
            ">STORE_AMOUNT_174": 0,
            ">STORE_AMOUNT_180": 0,
            ">STORE_AMOUNT_184": 0,
            ">STORE_AMOUNT_185": 0,
            ">STORE_AMOUNT_191": 0,
            ">STORE_AMOUNT_192": 0,
            ">STORE_AMOUNT_194": 0,
            ">STORE_AMOUNT_6087": 0
        },
        "1": {
            "LOGIC": "OR",
            ">CATALOG_CATALOG_GROUP_ID_33": 0,
            ">CATALOG_CATALOG_GROUP_ID_90": 0,
            ">CATALOG_CATALOG_GROUP_ID_96": 0,
            ">CATALOG_CATALOG_GROUP_ID_97": 0,
            ">CATALOG_CATALOG_GROUP_ID_98": 0
        },
        "2": {
            "LOGIC": "OR",
            ">STORE_AMOUNT_156": 0,
            ">STORE_AMOUNT_158": 0,
            ">STORE_AMOUNT_159": 0,
            ">STORE_AMOUNT_160": 0,
            ">STORE_AMOUNT_161": 0,
            ">STORE_AMOUNT_164": 0,
            ">STORE_AMOUNT_165": 0,
            ">STORE_AMOUNT_168": 0,
            ">STORE_AMOUNT_169": 0,
            ">STORE_AMOUNT_174": 0,
            ">STORE_AMOUNT_180": 0,
            ">STORE_AMOUNT_184": 0,
            ">STORE_AMOUNT_185": 0,
            ">STORE_AMOUNT_191": 0,
            ">STORE_AMOUNT_192": 0,
            ">STORE_AMOUNT_194": 0,
            ">STORE_AMOUNT_6087": 0
        },
        "3": {
            "LOGIC": "OR",
            ">CATALOG_CATALOG_GROUP_ID_33": 0,
            ">CATALOG_CATALOG_GROUP_ID_90": 0,
            ">CATALOG_CATALOG_GROUP_ID_96": 0,
            ">CATALOG_CATALOG_GROUP_ID_97": 0,
            ">CATALOG_CATALOG_GROUP_ID_98": 0
        },
        "=PROPERTY_458": [
            "154"
        ]
    },
    "promo": {
        "id": "165954",
        "url": "/promo/shiny-v-rassrochku/",
        "name": "Покупки в рассрочку",
        "text": "Теперь вы можете купить зимние шины, или диски в рассрочку быстро и легко: без первоначального взноса и без переплаты!",
        "imgSrc": "/upload/resize_cache/iblock/356/1075_613_1/8iiw8xmv2bzky9euo9mn57dqx6dk3xa9.jpg",
        "videoSrc": null
    },
    "promoFilter": {
        "IBLOCK_ID": 10,
        "ACTIVE": "Y",
        "=PROPERTY_SECTION": 206,
        "=PROPERTY_CATALOG_SEASON": [
            false,
            204
        ],
        "=PROPERTY_CATALOG_BRAND": [
            false
        ]
    },
    "navNum": 1,
    "pagesCount": 110,
    "pageNum": 1
}