{
    "Баранина и дичь": "http://health-diet.ru/base_of_food/food_24507/",
    "Бобовые": "http://health-diet.ru/base_of_food/food_24523/",
    "Вода и напитки": "http://health-diet.ru/base_of_food/food_24509/",
    "Говядина и телятина": "http://health-diet.ru/base_of_food/food_24502/",
    "Грибы": "http://health-diet.ru/base_of_food/food_24513/",
    "Детское питание": "http://health-diet.ru/base_of_food/food_24526/",
    "Жиры и масла": "http://health-diet.ru/base_of_food/food_24515/",
    "Кондитерские изделия": "http://health-diet.ru/base_of_food/food_24525/",
    "Крупы, мука, макароны": "http://health-diet.ru/base_of_food/food_24522/",
    "Молочные продукты": "http://health-diet.ru/base_of_food/food_24519/",
    "Напитки алкогольные": "http://health-diet.ru/base_of_food/food_24508/",
    "Овощи и зелень": "http://health-diet.ru/base_of_food/food_24512/",
    "Орехи и семена": "http://health-diet.ru/base_of_food/food_24517/",
    "Полуфабрикаты": "http://health-diet.ru/base_of_meals/meals_21253/",
    "Птица": "http://health-diet.ru/base_of_food/food_24501/",
    "Ресторанная еда": "http://health-diet.ru/base_of_food/food_24527/",
    "Рыба и морепродукты": "http://health-diet.ru/base_of_food/food_24518/",
    "Свинина": "http://health-diet.ru/base_of_food/food_24503/",
    "Снеки": "http://health-diet.ru/base_of_food/food_24528/",
    "Соки": "http://health-diet.ru/base_of_food/food_24511/",
    "Сосиски и колбаса": "http://health-diet.ru/base_of_food/food_24504/",
    "Травы, специи и соусы": "http://health-diet.ru/base_of_food/food_24514/",
    "Фаст-фуд": "http://health-diet.ru/base_of_food/food_24529/",
    "Фрукты и ягоды": "http://health-diet.ru/base_of_food/food_24516/",
    "Хлеб и выпечка": "http://health-diet.ru/base_of_food/food_24524/",
    "Яйца и продукты из яиц": "http://health-diet.ru/base_of_food/food_24520/",
    "Варенье и джемы": "http://health-diet.ru/base_of_meals/meals_21252/",
    "Вторые блюда": "http://health-diet.ru/base_of_meals/meals_21243/",
    "Выпечка": "http://health-diet.ru/base_of_meals/meals_21249/",
    "Гарниры": "http://health-diet.ru/base_of_meals/meals_21244/",
    "Десерты": "http://health-diet.ru/base_of_meals/meals_21245/",
    "Заготовки": "http://health-diet.ru/base_of_meals/meals_21254/",
    "Закуски": "http://health-diet.ru/base_of_meals/meals_21250/",
    "Каши": "http://health-diet.ru/base_of_meals/meals_21247/",
    "Напитки": "http://health-diet.ru/base_of_meals/meals_21248/",
    "Первые блюда": "http://health-diet.ru/base_of_meals/meals_21242/",
    "Салаты": "http://health-diet.ru/base_of_meals/meals_21241/",
    "Соусы и заправки": "http://health-diet.ru/base_of_meals/meals_21251/",
    "Campina": "http://health-diet.ru/base_of_food/food_108930/",
    "Coca-Cola": "http://health-diet.ru/base_of_food/food_103503/",
    "Danone": "http://health-diet.ru/base_of_food/food_120438/",
    "KFC Ростик'c": "http://health-diet.ru/base_of_food/food_120566/",
    "Lay's": "http://health-diet.ru/base_of_food/food_111530/",
    "Mars": "http://health-diet.ru/base_of_food/food_109145/",
    "Nestle": "http://health-diet.ru/base_of_food/food_107024/",
    "Subway": "http://health-diet.ru/base_of_food/food_120802/",
    "Ашан": "http://health-diet.ru/base_of_food/food_100481/",
    "Бондюэль": "http://health-diet.ru/base_of_food/food_102398/",
    "Крошка-Картошка": "http://health-diet.ru/base_of_food/food_120310/",
    "Макдоналдс (McDonalds)": "http://health-diet.ru/base_of_food/food_124912/",
    "Пятерочка": "http://health-diet.ru/base_of_food/food_121338/",
    "Роллтон": "http://health-diet.ru/base_of_food/food_114851/",
    "Черкизово": "http://health-diet.ru/base_of_food/food_124180/",
    "Яшкино": "http://health-diet.ru/base_of_food/food_117741/"
}