{
    "0": "https://www.skiddle.com/festivals/frazier-presents-concept/",
    "1": "https://www.skiddle.com/festivals/hammerfest/",
    "2": "https://www.skiddle.com/festivals/country-to-country-festival-glasgow/",
    "3": "https://www.skiddle.com/festivals/country-to-country-festival/",
    "4": "https://www.skiddle.com/festivals/the-jungle-weekender---amsterdam/",
    "5": "https://www.skiddle.com/festivals/terminal-v-festival/",
    "6": "https://www.skiddle.com/festivals/distortions-festival/",
    "7": "https://www.skiddle.com/festivals/land-beyond/",
    "8": "https://www.skiddle.com/festivals/liverpool-sound-city/",
    "9": "https://www.skiddle.com/festivals/lost-minds-festival/",
    "10": "https://www.skiddle.com/festivals/restricted-rocks/",
    "11": "https://www.skiddle.com/festivals/sounds-from-the-other-city/",
    "12": "https://www.skiddle.com/festivals/the-great-escape/",
    "13": "https://www.skiddle.com/festivals/highest-point-festival/",
    "14": "https://www.skiddle.com/festivals/cultivate-rave-revival/",
    "15": "https://www.skiddle.com/festivals/cafe-mambo-ibiza-classics-at-warwick-castle/",
    "16": "https://www.skiddle.com/festivals/sick-new-world/",
    "17": "https://www.skiddle.com/festivals/thebigfamilydayout/",
    "18": "https://www.skiddle.com/festivals/fly-open-air/",
    "19": "https://www.skiddle.com/festivals/lets-rock-the-moor/",
    "20": "https://www.skiddle.com/festivals/Bearded-Theory/",
    "21": "https://www.skiddle.com/festivals/Knockengorroch/",
    "22": "https://www.skiddle.com/festivals/shindig-festival/",
    "23": "https://www.skiddle.com/festivals/spring-classic/",
    "24": "https://www.skiddle.com/festivals/In-It-Together/",
    "25": "https://www.skiddle.com/festivals/this-is-tomorrow-/",
    "26": "https://www.skiddle.com/festivals/Midstock/",
    "27": "https://www.skiddle.com/festivals/Creamfields-South/",
    "28": "https://www.skiddle.com/festivals/wide-awake-festival/",
    "29": "https://www.skiddle.com/festivals/summer-love/",
    "30": "https://www.skiddle.com/festivals/lets-rock-wales/",
    "31": "https://www.skiddle.com/festivals/leestock/",
    "32": "https://www.skiddle.com/festivals/live-at-leeds/",
    "33": "https://www.skiddle.com/festivals/noughty-90s-festival-brighton/",
    "34": "https://www.skiddle.com/festivals/neighbourhood-weekender/",
    "35": "https://www.skiddle.com/festivals/retro-in-the-park/",
    "36": "https://www.skiddle.com/festivals/thegathering/",
    "37": "https://www.skiddle.com/festivals/love-saves-the-day/",
    "38": "https://www.skiddle.com/festivals/groovebox-festival/",
    "39": "https://www.skiddle.com/festivals/lets-love-life/",
    "40": "https://www.skiddle.com/festivals/made-in-manchester/",
    "41": "https://www.skiddle.com/festivals/slam-dunk-festival-south/",
    "42": "https://www.skiddle.com/festivals/slam-dunk-festival-north/",
    "43": "https://www.skiddle.com/festivals/parked-out/",
    "44": "https://www.skiddle.com/festivals/city-splash-festival/",
    "45": "https://www.skiddle.com/festivals/primavera-sound-barcelona/",
    "46": "https://www.skiddle.com/festivals/Baltic-Weekender/",
    "47": "https://www.skiddle.com/festivals/funk-and-soul-weekender/",
    "48": "https://www.skiddle.com/festivals/wychwood/",
    "49": "https://www.skiddle.com/festivals/riverside-festival/",
    "50": "https://www.skiddle.com/festivals/goodgreef-pres-trance-in-the-woods-2023/",
    "51": "https://www.skiddle.com/festivals/mighty-hoopla/",
    "52": "https://www.skiddle.com/festivals/download-festival/",
    "53": "https://www.skiddle.com/festivals/gottwood/",
    "54": "https://www.skiddle.com/festivals/inside-out/",
    "55": "https://www.skiddle.com/festivals/kite/",
    "56": "https://www.skiddle.com/festivals/the-gathering-fest/",
    "57": "https://www.skiddle.com/festivals/Detonate/",
    "58": "https://www.skiddle.com/festivals/lets-rock-north-east/",
    "59": "https://www.skiddle.com/festivals/Parklife2/",
    "60": "https://www.skiddle.com/festivals/soultasia--essex/",
    "61": "https://www.skiddle.com/festivals/Isle-Of-Wight/",
    "62": "https://www.skiddle.com/festivals/black-deer/",
    "63": "https://www.skiddle.com/festivals/goldcoast-oceanfest/",
    "64": "https://www.skiddle.com/festivals/belsonic/",
    "65": "https://www.skiddle.com/festivals/lets-rock-leeds/",
    "66": "https://www.skiddle.com/festivals/outbreak-fest/",
    "67": "https://www.skiddle.com/festivals/restricted-forest/",
    "68": "https://www.skiddle.com/festivals/bstlondon/",
    "69": "https://www.skiddle.com/festivals/beyond-festival/",
    "70": "https://www.skiddle.com/festivals/lets-rock-scotland/",
    "71": "https://www.skiddle.com/festivals/lytham-prom/",
    "72": "https://www.skiddle.com/festivals/sounds-of-the-city/",
    "73": "https://www.skiddle.com/festivals/kelburn-garden-party/",
    "74": "https://www.skiddle.com/festivals/love-supreme-festival/",
    "75": "https://www.skiddle.com/festivals/maverick-festival/",
    "76": "https://www.skiddle.com/festivals/the-Modcast-Mallorca/",
    "77": "https://www.skiddle.com/festivals/lets-rock-exeter/",
    "78": "https://www.skiddle.com/festivals/Henley-festival/",
    "79": "https://www.skiddle.com/festivals/mad-cool-festival/",
    "80": "https://www.skiddle.com/festivals/nass-festival/",
    "81": "https://www.skiddle.com/festivals/el-dorado/",
    "82": "https://www.skiddle.com/festivals/2000trees-Festival/",
    "83": "https://www.skiddle.com/festivals/noisily-festival/",
    "84": "https://www.skiddle.com/festivals/TRNSMT-Festival/",
    "85": "https://www.skiddle.com/festivals/tidyland-weekender/",
    "86": "https://www.skiddle.com/festivals/lets-rock-southampton/",
    "87": "https://www.skiddle.com/festivals/beatherder/",
    "88": "https://www.skiddle.com/festivals/lets-rock-shrewsbury/",
    "89": "https://www.skiddle.com/festivals/colour-clash/",
    "90": "https://www.skiddle.com/festivals/kubix-festival/",
    "91": "https://www.skiddle.com/festivals/bluedot-festival/",
    "92": "https://www.skiddle.com/festivals/latitude-festival/",
    "93": "https://www.skiddle.com/festivals/suncebeat/",
    "94": "https://www.skiddle.com/festivals/craic-by-the-creek/",
    "95": "https://www.skiddle.com/festivals/save-the-rave-90s/",
    "96": "https://www.skiddle.com/festivals/Kubix-Rock-Festival/",
    "97": "https://www.skiddle.com/festivals/hideout/",
    "98": "https://www.skiddle.com/festivals/camp-bestival/",
    "99": "https://www.skiddle.com/festivals/app-fest-uk-tewkesbury/",
    "100": "https://www.skiddle.com/festivals/belladrum/",
    "101": "https://www.skiddle.com/festivals/Y-Not-Festival/",
    "102": "https://www.skiddle.com/festivals/north-east-summer-sound/",
    "103": "https://www.skiddle.com/festivals/Hastings-Reggae-Festival/",
    "104": "https://www.skiddle.com/festivals/Loosefest/",
    "105": "https://www.skiddle.com/festivals/MADE-Birmingham/",
    "106": "https://www.skiddle.com/festivals/southern-sunset-festival/",
    "107": "https://www.skiddle.com/festivals/rebellion-punk-music-festival/",
    "108": "https://www.skiddle.com/festivals/lollapalooza-chicago/",
    "109": "https://www.skiddle.com/festivals/big-family-festival/",
    "110": "https://www.skiddle.com/festivals/good-vibrations-society/",
    "111": "https://www.skiddle.com/festivals/rock-the-mote/",
    "112": "https://www.skiddle.com/festivals/51st-state-festival/",
    "113": "https://www.skiddle.com/festivals/outeast/",
    "114": "https://www.skiddle.com/festivals/Reggae-Land/",
    "115": "https://www.skiddle.com/festivals/Coloursfest/",
    "116": "https://www.skiddle.com/festivals/anomaly-summer-of-love-festival/",
    "117": "https://www.skiddle.com/festivals/lets-rock-northern-ireland/",
    "118": "https://www.skiddle.com/festivals/boardmasters/",
    "119": "https://www.skiddle.com/festivals/110-above-festival/",
    "120": "https://www.skiddle.com/festivals/bloodstock-open-air/",
    "121": "https://www.skiddle.com/festivals/we-out-here/",
    "122": "https://www.skiddle.com/festivals/boom-town/",
    "123": "https://www.skiddle.com/festivals/party-at-the-palace/",
    "124": "https://www.skiddle.com/festivals/arctangent/",
    "125": "https://www.skiddle.com/festivals/camp-bestival-shropshire/",
    "126": "https://www.skiddle.com/festivals/Weyfest/",
    "127": "https://www.skiddle.com/festivals/escape/",
    "128": "https://www.skiddle.com/festivals/wile-out-festival/",
    "129": "https://www.skiddle.com/festivals/towneley-park-tribute-festival/",
    "130": "https://www.skiddle.com/festivals/creamfields/",
    "131": "https://www.skiddle.com/festivals/solfest/",
    "132": "https://www.skiddle.com/festivals/Shambala/",
    "133": "https://www.skiddle.com/festivals/Reading/",
    "134": "https://www.skiddle.com/festivals/Victorious-Festival/",
    "135": "https://www.skiddle.com/festivals/moovin-festival/",
    "136": "https://www.skiddle.com/festivals/Leeds/",
    "137": "https://www.skiddle.com/festivals/maui-waui-festival/",
    "138": "https://www.skiddle.com/festivals/emerge-music-festival-belfast/",
    "139": "https://www.skiddle.com/festivals/south-east-dance-fest/",
    "140": "https://www.skiddle.com/festivals/festiva/",
    "141": "https://www.skiddle.com/festivals/crooked-house-in-the-park/",
    "142": "https://www.skiddle.com/festivals/lindisfarne-festival/",
    "143": "https://www.skiddle.com/festivals/fields-of-gold/",
    "144": "https://www.skiddle.com/festivals/manchester-psych-fest/",
    "145": "https://www.skiddle.com/festivals/burn-it-down-festival/",
    "146": "https://www.skiddle.com/festivals/boogietown/",
    "147": "https://www.skiddle.com/festivals/fifefest/",
    "148": "https://www.skiddle.com/festivals/feastyfest/",
    "149": "https://www.skiddle.com/festivals/equinox-festival/",
    "150": "https://www.skiddle.com/festivals/one-out/",
    "151": "https://www.skiddle.com/festivals/soultasia-kent/",
    "152": "https://www.skiddle.com/festivals/mint-festival/",
    "153": "https://www.skiddle.com/festivals/boundary-brighton/",
    "154": "https://www.skiddle.com/festivals/just-a-tribute-festival/",
    "155": "https://www.skiddle.com/festivals/the-modcast-weekender/",
    "156": "https://www.skiddle.com/festivals/when-we-were-young/",
    "157": "https://www.skiddle.com/festivals/hard-rock-hell/",
    "158": "https://www.skiddle.com/festivals/damnation/"
}